statement_id,source_artifact_id,source_representation_id,location,location_detail,source_wording,status,repetition_class,repetition_basis,repetition_peer_statement_ids,evidence_strength,notes
STMT-HN-0001,SRC-HN-002,SREP-HN-002,paragraph:0,style=Normal,HAIR FOLLICLE OPTIMIZATION RESEARCH,requires_classification,unclear,,,not_assigned,intake_only; wording preserved; no interpretation
STMT-HN-0002,SRC-HN-002,SREP-HN-002,paragraph:1,style=Title,Wnt/β-Catenin • Nutrition • Mitochondria • Laboratory Evaluation • Food Strategy,requires_classification,unclear,,,not_assigned,intake_only; wording preserved; no interpretation
STMT-HN-0003,SRC-HN-002,SREP-HN-002,paragraph:2,style=Normal,"Working research document | Updated August 25, 2026",requires_classification,unclear,,,not_assigned,intake_only; wording preserved; no interpretation
STMT-HN-0004,SRC-HN-002,SREP-HN-002,paragraph:3,style=Heading 1,Executive Summary,requires_classification,unclear,,,not_assigned,intake_only; wording preserved; no interpretation
STMT-HN-0005,SRC-HN-002,SREP-HN-002,paragraph:4,style=Normal,"The hair follicle is a regenerative mini-organ whose stem cells and dermal papilla are coordinated by multiple signaling systems. Wnt/β-catenin is a central pathway in follicular stem-cell activation and anagen entry. Nutritional status does not simply 'make β-catenin'; rather, adequate energy, protein, micronutrient cofactors, endocrine function and redox balance help the follicle execute regenerative signals.",requires_classification,unclear,,,not_assigned,intake_only; wording preserved; no interpretation
STMT-HN-0006,SRC-HN-002,SREP-HN-002,paragraph:5,style=Normal,"The strongest practical strategy is therefore: identify demonstrable deficiencies or metabolic bottlenecks; correct them; provide adequate protein and energy; and use a diverse whole-food diet rich in seafood, eggs, legumes, meat as appropriate, mushrooms, vegetables, fruit, nuts/seeds and olive oil. Direct pharmacologic manipulation of β-catenin is not a nutritional goal because excessive Wnt/β-catenin signaling can be pathological.",requires_classification,unclear,,,not_assigned,intake_only; wording preserved; no interpretation
STMT-HN-0007,SRC-HN-002,SREP-HN-002,paragraph:6,style=Heading 1,1. Core Biological Model,requires_classification,unclear,,,not_assigned,intake_only; wording preserved; no interpretation
STMT-HN-0008,SRC-HN-002,SREP-HN-002,paragraph:7,style=Normal,Canonical pathway:,requires_classification,unclear,,,not_assigned,intake_only; wording preserved; no interpretation
STMT-HN-0009,SRC-HN-002,SREP-HN-002,paragraph:8,style=Normal,WNT ligand → Frizzled/LRP5/6 → Dishevelled → reduced β-catenin destruction → β-catenin accumulation → nuclear TCF/LEF signaling → follicular stem-cell activation → anagen → matrix proliferation → hair shaft production.,requires_classification,unclear,,,not_assigned,intake_only; wording preserved; no interpretation
STMT-HN-0010,SRC-HN-002,SREP-HN-002,paragraph:9,style=Normal,"Hair-follicle stem cells reside in a specialized niche, while dermal papilla cells act as a signaling hub. Wnt/β-catenin signaling is central to follicular regeneration and activation. Recent reviews continue to describe WNT, BMP and SHH as major regulators of follicle formation and cycling. (PubMed: 31100937; 32664659; 32163945; 2026 JAAD review.)",requires_classification,unclear,,,not_assigned,intake_only; wording preserved; no interpretation
STMT-HN-0011,SRC-HN-002,SREP-HN-002,paragraph:10,style=Heading 1,2. Nutritional / Metabolic Bottlenecks,requires_classification,unclear,,,not_assigned,intake_only; wording preserved; no interpretation
STMT-HN-0012,SRC-HN-002,SREP-HN-002,paragraph:11,style=Heading 1,3. Recommended Laboratory Framework,requires_classification,unclear,,,not_assigned,intake_only; wording preserved; no interpretation
STMT-HN-0013,SRC-HN-002,SREP-HN-002,paragraph:12,style=Normal,Use a tiered approach. The goal is to identify actionable bottlenecks rather than order every possible biomarker.,requires_classification,unclear,,,not_assigned,intake_only; wording preserved; no interpretation
STMT-HN-0014,SRC-HN-002,SREP-HN-002,paragraph:13,style=Normal,Important: a serum β-catenin measurement is not a reliable proxy for what is happening inside hair-follicle stem cells. Tissue localization and downstream transcription are much closer to pathway activity.,requires_classification,unclear,,,not_assigned,intake_only; wording preserved; no interpretation
STMT-HN-0015,SRC-HN-002,SREP-HN-002,paragraph:14,style=Heading 1,4. How the B1 → Mitochondria Axis Fits,requires_classification,unclear,,,not_assigned,intake_only; wording preserved; no interpretation
STMT-HN-0016,SRC-HN-002,SREP-HN-002,paragraph:15,style=Normal,"Thiamine diphosphate is the active B1 form and a cofactor for the pyruvate dehydrogenase complex, which converts pyruvate to acetyl-CoA. That connects carbohydrate metabolism to the TCA cycle and downstream oxidative phosphorylation. The hypothesis is not 'B1 directly raises β-catenin'; rather, impaired energy/redox metabolism may reduce the follicle's ability to execute a regenerative program.",requires_classification,unclear,,,not_assigned,intake_only; wording preserved; no interpretation
STMT-HN-0017,SRC-HN-002,SREP-HN-002,paragraph:16,style=Normal,Conceptual chain: B1/ThDP → PDH → acetyl-CoA → TCA → NADH/FADH₂ → electron transport → ATP/redox → cellular proliferation and signaling.,requires_classification,unclear,,,not_assigned,intake_only; wording preserved; no interpretation
STMT-HN-0018,SRC-HN-002,SREP-HN-002,paragraph:17,style=Heading 1,5. Food Architecture,requires_classification,unclear,,,not_assigned,intake_only; wording preserved; no interpretation
STMT-HN-0019,SRC-HN-002,SREP-HN-002,paragraph:18,style=Normal,Build meals around five objectives:,requires_classification,unclear,,,not_assigned,intake_only; wording preserved; no interpretation
STMT-HN-0020,SRC-HN-002,SREP-HN-002,paragraph:19,style=List Bullet,"Protein and essential amino acids: fish, eggs, poultry, lean meat, Greek yogurt, legumes and soy foods as tolerated.",requires_classification,unclear,,,not_assigned,intake_only; wording preserved; no interpretation
STMT-HN-0021,SRC-HN-002,SREP-HN-002,paragraph:20,style=List Bullet,"Mineral density: seafood, lean beef, legumes, pumpkin seeds, nuts, eggs and leafy vegetables.",requires_classification,unclear,,,not_assigned,intake_only; wording preserved; no interpretation
STMT-HN-0022,SRC-HN-002,SREP-HN-002,paragraph:21,style=List Bullet,"B-vitamin/mitochondrial support: meat/fish/eggs, legumes, whole grains or tubers, mushrooms, nuts/seeds.",requires_classification,unclear,,,not_assigned,intake_only; wording preserved; no interpretation
STMT-HN-0023,SRC-HN-002,SREP-HN-002,paragraph:22,style=List Bullet,"Redox support: colorful vegetables and fruit, sulfur-containing vegetables, adequate protein, olive oil, nuts/seeds and selenium-containing foods.",requires_classification,unclear,,,not_assigned,intake_only; wording preserved; no interpretation
STMT-HN-0024,SRC-HN-002,SREP-HN-002,paragraph:23,style=List Bullet,"Metabolic stability: minimally processed foods, fiber, diverse plants, adequate energy and appropriate carbohydrate portions.",requires_classification,unclear,,,not_assigned,intake_only; wording preserved; no interpretation
STMT-HN-0025,SRC-HN-002,SREP-HN-002,paragraph:24,style=Heading 1,6. High-Value Meal Templates,requires_classification,unclear,,,not_assigned,intake_only; wording preserved; no interpretation
STMT-HN-0026,SRC-HN-002,SREP-HN-002,paragraph:25,style=Heading 1,7. Meal-Prep Company Selection Framework,requires_classification,unclear,,,not_assigned,intake_only; wording preserved; no interpretation
STMT-HN-0027,SRC-HN-002,SREP-HN-002,paragraph:26,style=Normal,"Instead of choosing meals marketed as 'hair health,' select meals that repeatedly satisfy the nutritional architecture above. Prioritize seafood, eggs, lean meat, legumes, mushrooms and vegetables; favor olive-oil-forward sauces; and avoid chronically under-caloried plans.",requires_classification,unclear,,,not_assigned,intake_only; wording preserved; no interpretation
STMT-HN-0028,SRC-HN-002,SREP-HN-002,paragraph:27,style=Normal,"The company recommendations are a starting shortlist, not clinical endorsements. Menus and formulations change; inspect the current ingredient list and nutrition panel before ordering.",requires_classification,unclear,,,not_assigned,intake_only; wording preserved; no interpretation
STMT-HN-0029,SRC-HN-002,SREP-HN-002,paragraph:28,style=Heading 1,8. Practical Weekly Rotation,requires_classification,unclear,,,not_assigned,intake_only; wording preserved; no interpretation
STMT-HN-0030,SRC-HN-002,SREP-HN-002,paragraph:29,style=Heading 1,9. Evidence Guardrails,requires_classification,unclear,,,not_assigned,intake_only; wording preserved; no interpretation
STMT-HN-0031,SRC-HN-002,SREP-HN-002,paragraph:30,style=List Bullet,"Wnt/β-catenin is a central hair-follicle regenerative pathway, but it is not a simple 'more is better' target.",requires_classification,unclear,,,not_assigned,intake_only; wording preserved; no interpretation
STMT-HN-0032,SRC-HN-002,SREP-HN-002,paragraph:31,style=List Bullet,"Micronutrient deficiencies can contribute to hair abnormalities, but evidence for supplementation in people without deficiency is inconsistent.",requires_classification,unclear,,,not_assigned,intake_only; wording preserved; no interpretation
STMT-HN-0033,SRC-HN-002,SREP-HN-002,paragraph:32,style=List Bullet,"Recent 2026 experimental work provides a particularly interesting mechanistic link between iron deficiency, oxidative stress and reduced Wnt/β-catenin signaling, but the study used mice and cultured human follicular dermal papilla cells; it should not be interpreted as proof that iron supplementation regrows hair in humans.",requires_classification,unclear,,,not_assigned,intake_only; wording preserved; no interpretation
STMT-HN-0034,SRC-HN-002,SREP-HN-002,paragraph:33,style=List Bullet,"Vitamin D receptor biology has a direct mechanistic connection to canonical Wnt/β-catenin signaling in follicular stem-cell biology, but serum vitamin D correction should be individualized.",requires_classification,unclear,,,not_assigned,intake_only; wording preserved; no interpretation
STMT-HN-0035,SRC-HN-002,SREP-HN-002,paragraph:34,style=List Bullet,"Routine clinical care should also distinguish androgenetic alopecia, telogen effluvium, alopecia areata, scarring alopecia, thyroid disease, medication effects and other causes. Nutrition is one layer, not the entire diagnosis.",requires_classification,unclear,,,not_assigned,intake_only; wording preserved; no interpretation
STMT-HN-0036,SRC-HN-002,SREP-HN-002,paragraph:35,style=Heading 1,10. Research References,requires_classification,unclear,,,not_assigned,intake_only; wording preserved; no interpretation
STMT-HN-0037,SRC-HN-002,SREP-HN-002,paragraph:36,style=List Bullet,Targeting Wnt/β-Catenin Pathway for Developing Therapies for Hair Loss. PubMed PMID 32664659.  https://pubmed.ncbi.nlm.nih.gov/32664659/,requires_classification,unclear,,,not_assigned,intake_only; wording preserved; no interpretation
STMT-HN-0038,SRC-HN-002,SREP-HN-002,paragraph:37,style=List Bullet,Advances in Regenerative Stem Cell Therapy in Androgenic Alopecia and Hair Loss. PubMed PMID 31100937.  https://pubmed.ncbi.nlm.nih.gov/31100937/,requires_classification,unclear,,,not_assigned,intake_only; wording preserved; no interpretation
STMT-HN-0039,SRC-HN-002,SREP-HN-002,paragraph:38,style=List Bullet,Molecular Mechanisms of Hair Growth and Regeneration. PubMed PMID 32163945.  https://pubmed.ncbi.nlm.nih.gov/32163945/,requires_classification,unclear,,,not_assigned,intake_only; wording preserved; no interpretation
STMT-HN-0040,SRC-HN-002,SREP-HN-002,paragraph:39,style=List Bullet,The Role of Vitamins and Minerals in Hair Loss: A Review. PubMed PMID 30547302.  https://pubmed.ncbi.nlm.nih.gov/30547302/,requires_classification,unclear,,,not_assigned,intake_only; wording preserved; no interpretation
STMT-HN-0041,SRC-HN-002,SREP-HN-002,paragraph:40,style=List Bullet,Micronutrients and Androgenetic Alopecia: A Systematic Review. PubMed PMID 39440586.  https://pubmed.ncbi.nlm.nih.gov/39440586/,requires_classification,unclear,,,not_assigned,intake_only; wording preserved; no interpretation
STMT-HN-0042,SRC-HN-002,SREP-HN-002,paragraph:41,style=List Bullet,"Iron Deficiency-Induced Hair Loss Is Associated with ROS-Mediated Disruption of Wnt/β-Catenin Signaling. Nutrients, 2026;18(14):2321. PubMed PMID 42514390.  https://pubmed.ncbi.nlm.nih.gov/42514390/",requires_classification,unclear,,,not_assigned,intake_only; wording preserved; no interpretation
STMT-HN-0043,SRC-HN-002,SREP-HN-002,paragraph:42,style=List Bullet,Vitamin D receptor is essential for normal keratinocyte stem cell function. PubMed PMID 17517646.  https://pubmed.ncbi.nlm.nih.gov/17517646/,requires_classification,unclear,,,not_assigned,intake_only; wording preserved; no interpretation
STMT-HN-0044,SRC-HN-002,SREP-HN-002,paragraph:43,style=List Bullet,NIH ODS: Dietary Supplements for Primary Mitochondrial Disorders — thiamin and energy metabolism.  https://ods.od.nih.gov/factsheets/PrimaryMitochondrialDisorders-HealthProfessional/,requires_classification,unclear,,,not_assigned,intake_only; wording preserved; no interpretation
STMT-HN-0045,SRC-HN-002,SREP-HN-002,paragraph:44,style=Heading 1,11. Next Research Phase,requires_classification,unclear,,,not_assigned,intake_only; wording preserved; no interpretation
STMT-HN-0046,SRC-HN-002,SREP-HN-002,paragraph:45,style=Normal,"The next useful step is to convert this framework into a quantitative 'Hair Follicle Optimization Matrix': each laboratory marker is mapped to its physiological bottleneck, food sources, meal-prep menu items and follow-up interval. The same matrix can score meals for protein, iron, zinc, selenium, copper, magnesium, B vitamins, vitamin D, omega-3s, sulfur amino acids, fiber and plant diversity.",requires_classification,unclear,,,not_assigned,intake_only; wording preserved; no interpretation
STMT-HN-0047,SRC-HN-002,SREP-HN-002,paragraph:46,style=Normal,"Clinical note: This document is an evidence-informed research framework, not a diagnosis or individualized treatment plan. Abnormal laboratory results should be interpreted in clinical context, and iron, zinc, selenium, vitamin A and other high-dose supplements should not be started solely to pursue hair growth without appropriate assessment.",requires_classification,unclear,,,not_assigned,intake_only; wording preserved; no interpretation
STMT-HN-0048,SRC-HN-002,SREP-HN-002,table:0|row:0|col:0,table_cell,Factor,requires_classification,repetition,identical_normalized_wording_across_distinct_sha256; independence_not_established,STMT-HN-0266,not_assigned,intake_only; wording preserved; no interpretation
STMT-HN-0049,SRC-HN-002,SREP-HN-002,table:0|row:0|col:1,table_cell,Why it matters,requires_classification,repetition,identical_normalized_wording_across_distinct_sha256; independence_not_established,STMT-HN-0267,not_assigned,intake_only; wording preserved; no interpretation
STMT-HN-0050,SRC-HN-002,SREP-HN-002,table:0|row:0|col:2,table_cell,Evidence / interpretation,requires_classification,unclear,,,not_assigned,intake_only; wording preserved; no interpretation
STMT-HN-0051,SRC-HN-002,SREP-HN-002,table:0|row:1|col:0,table_cell,Energy availability,requires_classification,unclear,,,not_assigned,intake_only; wording preserved; no interpretation
STMT-HN-0052,SRC-HN-002,SREP-HN-002,table:0|row:1|col:1,table_cell,Follicles are highly proliferative during anagen; chronic energy restriction can impair growth.,requires_classification,unclear,,,not_assigned,intake_only; wording preserved; no interpretation
STMT-HN-0053,SRC-HN-002,SREP-HN-002,table:0|row:1|col:2,table_cell,Strong biological rationale; hair shedding is not specific to Wnt.,requires_classification,unclear,,,not_assigned,intake_only; wording preserved; no interpretation
STMT-HN-0054,SRC-HN-002,SREP-HN-002,table:0|row:2|col:0,table_cell,Protein / essential amino acids,requires_classification,repetition,identical_normalized_wording_across_distinct_sha256; independence_not_established,STMT-HN-0272,not_assigned,intake_only; wording preserved; no interpretation
STMT-HN-0055,SRC-HN-002,SREP-HN-002,table:0|row:2|col:1,table_cell,Provides substrate for keratin and cellular protein synthesis; sulfur amino acids support keratin and glutathione.,requires_classification,unclear,,,not_assigned,intake_only; wording preserved; no interpretation
STMT-HN-0056,SRC-HN-002,SREP-HN-002,table:0|row:2|col:2,table_cell,High practical importance; deficiency is more relevant than excess.,requires_classification,unclear,,,not_assigned,intake_only; wording preserved; no interpretation
STMT-HN-0057,SRC-HN-002,SREP-HN-002,table:0|row:3|col:0,table_cell,Iron,requires_classification,repetition,identical_normalized_wording_across_distinct_sha256; independence_not_established,STMT-HN-0275,not_assigned,intake_only; wording preserved; no interpretation
STMT-HN-0058,SRC-HN-002,SREP-HN-002,table:0|row:3|col:1,table_cell,"Required for oxygen handling, mitochondrial enzymes and DNA synthesis. Iron deficiency can impair follicular biology.",requires_classification,unclear,,,not_assigned,intake_only; wording preserved; no interpretation
STMT-HN-0059,SRC-HN-002,SREP-HN-002,table:0|row:3|col:2,table_cell,High relevance. A 2026 mouse/cell study linked iron deficiency with oxidative stress and reduced Wnt/β-catenin signaling; human extrapolation remains limited.,requires_classification,unclear,,,not_assigned,intake_only; wording preserved; no interpretation
STMT-HN-0060,SRC-HN-002,SREP-HN-002,table:0|row:4|col:0,table_cell,Zinc,requires_classification,repetition,identical_normalized_wording_across_distinct_sha256; independence_not_established,STMT-HN-0208;STMT-HN-0278;STMT-HN-0449,not_assigned,intake_only; wording preserved; no interpretation
STMT-HN-0061,SRC-HN-002,SREP-HN-002,table:0|row:4|col:1,table_cell,"Supports transcription, DNA/protein synthesis, epithelial biology and immune function.",requires_classification,unclear,,,not_assigned,intake_only; wording preserved; no interpretation
STMT-HN-0062,SRC-HN-002,SREP-HN-002,table:0|row:4|col:2,table_cell,Deficiency is associated with hair abnormalities; supplementation should be deficiency-directed.,requires_classification,unclear,,,not_assigned,intake_only; wording preserved; no interpretation
STMT-HN-0063,SRC-HN-002,SREP-HN-002,table:0|row:5|col:0,table_cell,Vitamin D / VDR,requires_classification,unclear,,,not_assigned,intake_only; wording preserved; no interpretation
STMT-HN-0064,SRC-HN-002,SREP-HN-002,table:0|row:5|col:1,table_cell,VDR is important for normal follicular stem-cell function and interacts with canonical Wnt signaling.,requires_classification,unclear,,,not_assigned,intake_only; wording preserved; no interpretation
STMT-HN-0065,SRC-HN-002,SREP-HN-002,table:0|row:5|col:2,table_cell,Mechanistic evidence is strong; serum vitamin D is not a direct Wnt assay.,requires_classification,unclear,,,not_assigned,intake_only; wording preserved; no interpretation
STMT-HN-0066,SRC-HN-002,SREP-HN-002,table:0|row:6|col:0,table_cell,B1 / thiamine,requires_classification,repetition,identical_normalized_wording_across_distinct_sha256; independence_not_established,STMT-HN-0284,not_assigned,intake_only; wording preserved; no interpretation
STMT-HN-0067,SRC-HN-002,SREP-HN-002,table:0|row:6|col:1,table_cell,ThDP is a cofactor for pyruvate dehydrogenase and other energy-metabolism enzymes.,requires_classification,unclear,,,not_assigned,intake_only; wording preserved; no interpretation
STMT-HN-0068,SRC-HN-002,SREP-HN-002,table:0|row:6|col:2,table_cell,Important if deficiency or metabolic dysfunction is suspected; not proven as a direct hair-growth treatment.,requires_classification,unclear,,,not_assigned,intake_only; wording preserved; no interpretation
STMT-HN-0069,SRC-HN-002,SREP-HN-002,table:0|row:7|col:0,table_cell,B2/B3/B5/B6/B12/folate,requires_classification,unclear,,,not_assigned,intake_only; wording preserved; no interpretation
STMT-HN-0070,SRC-HN-002,SREP-HN-002,table:0|row:7|col:1,table_cell,"Support flavoproteins, NAD metabolism, CoA, amino-acid metabolism and DNA synthesis.",requires_classification,unclear,,,not_assigned,intake_only; wording preserved; no interpretation
STMT-HN-0071,SRC-HN-002,SREP-HN-002,table:0|row:7|col:2,table_cell,Correct deficiency; avoid assuming high-dose supplementation improves hair.,requires_classification,unclear,,,not_assigned,intake_only; wording preserved; no interpretation
STMT-HN-0072,SRC-HN-002,SREP-HN-002,table:0|row:8|col:0,table_cell,Magnesium,requires_classification,repetition,identical_normalized_wording_across_distinct_sha256; independence_not_established,STMT-HN-0210;STMT-HN-0290;STMT-HN-0455,not_assigned,intake_only; wording preserved; no interpretation
STMT-HN-0073,SRC-HN-002,SREP-HN-002,table:0|row:8|col:1,table_cell,Supports ATP-dependent reactions and numerous enzymes.,requires_classification,unclear,,,not_assigned,intake_only; wording preserved; no interpretation
STMT-HN-0074,SRC-HN-002,SREP-HN-002,table:0|row:8|col:2,table_cell,Useful nutritional adequacy target; serum magnesium is an imperfect status marker.,requires_classification,unclear,,,not_assigned,intake_only; wording preserved; no interpretation
STMT-HN-0075,SRC-HN-002,SREP-HN-002,table:0|row:9|col:0,table_cell,Selenium,requires_classification,repetition,identical_normalized_wording_across_distinct_sha256; independence_not_established,STMT-HN-0293,not_assigned,intake_only; wording preserved; no interpretation
STMT-HN-0076,SRC-HN-002,SREP-HN-002,table:0|row:9|col:1,table_cell,Required for selenoproteins involved in redox and thyroid physiology.,requires_classification,unclear,,,not_assigned,intake_only; wording preserved; no interpretation
STMT-HN-0077,SRC-HN-002,SREP-HN-002,table:0|row:9|col:2,table_cell,Deficiency and excess can both be harmful.,requires_classification,unclear,,,not_assigned,intake_only; wording preserved; no interpretation
STMT-HN-0078,SRC-HN-002,SREP-HN-002,table:0|row:10|col:0,table_cell,Copper,requires_classification,repetition,identical_normalized_wording_across_distinct_sha256; independence_not_established,STMT-HN-0296,not_assigned,intake_only; wording preserved; no interpretation
STMT-HN-0079,SRC-HN-002,SREP-HN-002,table:0|row:10|col:1,table_cell,"Important for connective tissue, iron handling and enzymes.",requires_classification,unclear,,,not_assigned,intake_only; wording preserved; no interpretation
STMT-HN-0080,SRC-HN-002,SREP-HN-002,table:0|row:10|col:2,table_cell,Especially important when zinc intake is high; test if clinically indicated.,requires_classification,unclear,,,not_assigned,intake_only; wording preserved; no interpretation
STMT-HN-0081,SRC-HN-002,SREP-HN-002,table:0|row:11|col:0,table_cell,Omega-3 fatty acids,requires_classification,repetition,identical_normalized_wording_across_distinct_sha256; independence_not_established,STMT-HN-0299,not_assigned,intake_only; wording preserved; no interpretation
STMT-HN-0082,SRC-HN-002,SREP-HN-002,table:0|row:11|col:1,table_cell,Support membrane composition and inflammatory signaling.,requires_classification,unclear,,,not_assigned,intake_only; wording preserved; no interpretation
STMT-HN-0083,SRC-HN-002,SREP-HN-002,table:0|row:11|col:2,table_cell,Good dietary target; direct Wnt effects in human hair are not established.,requires_classification,unclear,,,not_assigned,intake_only; wording preserved; no interpretation
STMT-HN-0084,SRC-HN-002,SREP-HN-002,table:0|row:12|col:0,table_cell,Redox balance,requires_classification,unclear,,,not_assigned,intake_only; wording preserved; no interpretation
STMT-HN-0085,SRC-HN-002,SREP-HN-002,table:0|row:12|col:1,table_cell,"ROS participate in signaling, but excessive oxidative stress can damage mitochondria and cells.",requires_classification,unclear,,,not_assigned,intake_only; wording preserved; no interpretation
STMT-HN-0086,SRC-HN-002,SREP-HN-002,table:0|row:12|col:2,table_cell,Treat underlying deficiency/inflammation rather than megadosing antioxidants.,requires_classification,unclear,,,not_assigned,intake_only; wording preserved; no interpretation
STMT-HN-0087,SRC-HN-002,SREP-HN-002,table:0|row:13|col:0,table_cell,Thyroid physiology,requires_classification,unclear,,,not_assigned,intake_only; wording preserved; no interpretation
STMT-HN-0088,SRC-HN-002,SREP-HN-002,table:0|row:13|col:1,table_cell,Thyroid hormones affect metabolic and follicular biology.,requires_classification,unclear,,,not_assigned,intake_only; wording preserved; no interpretation
STMT-HN-0089,SRC-HN-002,SREP-HN-002,table:0|row:13|col:2,table_cell,Evaluate when symptoms/history or diffuse shedding suggests endocrine involvement.,requires_classification,unclear,,,not_assigned,intake_only; wording preserved; no interpretation
STMT-HN-0090,SRC-HN-002,SREP-HN-002,table:1|row:0|col:0,table_cell,Tier,requires_classification,unclear,,,not_assigned,intake_only; wording preserved; no interpretation
STMT-HN-0091,SRC-HN-002,SREP-HN-002,table:1|row:0|col:1,table_cell,Tests,requires_classification,unclear,,,not_assigned,intake_only; wording preserved; no interpretation
STMT-HN-0092,SRC-HN-002,SREP-HN-002,table:1|row:0|col:2,table_cell,Purpose,requires_classification,unclear,,,not_assigned,intake_only; wording preserved; no interpretation
STMT-HN-0093,SRC-HN-002,SREP-HN-002,table:1|row:1|col:0,table_cell,Core,requires_classification,repetition,identical_normalized_wording_across_distinct_sha256; independence_not_established,STMT-HN-0433;STMT-HN-0436;STMT-HN-0439;STMT-HN-0442,not_assigned,intake_only; wording preserved; no interpretation
STMT-HN-0094,SRC-HN-002,SREP-HN-002,table:1|row:1|col:1,table_cell,CBC; ferritin; serum iron; TIBC/transferrin; transferrin saturation; CMP; TSH; free T4; 25-OH vitamin D,requires_classification,unclear,,,not_assigned,intake_only; wording preserved; no interpretation
STMT-HN-0095,SRC-HN-002,SREP-HN-002,table:1|row:1|col:2,table_cell,"Anemia/iron status, organ function, thyroid screening and vitamin-D status.",requires_classification,unclear,,,not_assigned,intake_only; wording preserved; no interpretation
STMT-HN-0096,SRC-HN-002,SREP-HN-002,table:1|row:2|col:0,table_cell,Micronutrients,requires_classification,unclear,,,not_assigned,intake_only; wording preserved; no interpretation
STMT-HN-0097,SRC-HN-002,SREP-HN-002,table:1|row:2|col:1,table_cell,Zinc; copper; ceruloplasmin; magnesium; B12; folate,requires_classification,unclear,,,not_assigned,intake_only; wording preserved; no interpretation
STMT-HN-0098,SRC-HN-002,SREP-HN-002,table:1|row:2|col:2,table_cell,Identify plausible nutritional/cofactor problems.,requires_classification,unclear,,,not_assigned,intake_only; wording preserved; no interpretation
STMT-HN-0099,SRC-HN-002,SREP-HN-002,table:1|row:3|col:0,table_cell,Thyroid expansion,requires_classification,unclear,,,not_assigned,intake_only; wording preserved; no interpretation
STMT-HN-0100,SRC-HN-002,SREP-HN-002,table:1|row:3|col:1,table_cell,Free T3; TPO antibody; thyroglobulin antibody when clinically indicated,requires_classification,unclear,,,not_assigned,intake_only; wording preserved; no interpretation
STMT-HN-0101,SRC-HN-002,SREP-HN-002,table:1|row:3|col:2,table_cell,Clarify thyroid physiology/autoimmunity when appropriate.,requires_classification,unclear,,,not_assigned,intake_only; wording preserved; no interpretation
STMT-HN-0102,SRC-HN-002,SREP-HN-002,table:1|row:4|col:0,table_cell,Metabolic,requires_classification,unclear,,,not_assigned,intake_only; wording preserved; no interpretation
STMT-HN-0103,SRC-HN-002,SREP-HN-002,table:1|row:4|col:1,table_cell,Fasting glucose; HbA1c; fasting insulin; lipid panel,requires_classification,unclear,,,not_assigned,intake_only; wording preserved; no interpretation
STMT-HN-0104,SRC-HN-002,SREP-HN-002,table:1|row:4|col:2,table_cell,"Context for insulin/IGF-1, metabolic health and nutrient signaling.",requires_classification,unclear,,,not_assigned,intake_only; wording preserved; no interpretation
STMT-HN-0105,SRC-HN-002,SREP-HN-002,table:1|row:5|col:0,table_cell,B1/mitochondrial hypothesis,requires_classification,unclear,,,not_assigned,intake_only; wording preserved; no interpretation
STMT-HN-0106,SRC-HN-002,SREP-HN-002,table:1|row:5|col:1,table_cell,Whole-blood thiamine diphosphate (ThDP/TDP); lactate; pyruvate; MMA; homocysteine,requires_classification,unclear,,,not_assigned,intake_only; wording preserved; no interpretation
STMT-HN-0107,SRC-HN-002,SREP-HN-002,table:1|row:5|col:2,table_cell,Investigate specific B1/B-vitamin/energy-metabolism hypotheses.,requires_classification,unclear,,,not_assigned,intake_only; wording preserved; no interpretation
STMT-HN-0108,SRC-HN-002,SREP-HN-002,table:1|row:6|col:0,table_cell,Specialized / research,requires_classification,unclear,,,not_assigned,intake_only; wording preserved; no interpretation
STMT-HN-0109,SRC-HN-002,SREP-HN-002,table:1|row:6|col:1,table_cell,Plasma amino acids; acylcarnitine profile; urine organic acids; CoQ10; carnitine,requires_classification,unclear,,,not_assigned,intake_only; wording preserved; no interpretation
STMT-HN-0110,SRC-HN-002,SREP-HN-002,table:1|row:6|col:2,table_cell,Reserve for a clinician-directed metabolic workup; not routine hair-loss tests.,requires_classification,unclear,,,not_assigned,intake_only; wording preserved; no interpretation
STMT-HN-0111,SRC-HN-002,SREP-HN-002,table:1|row:7|col:0,table_cell,Research Wnt,requires_classification,unclear,,,not_assigned,intake_only; wording preserved; no interpretation
STMT-HN-0112,SRC-HN-002,SREP-HN-002,table:1|row:7|col:1,table_cell,Active/non-phosphorylated β-catenin; nuclear localization; AXIN2; LEF1/TCF and pathway components,requires_classification,unclear,,,not_assigned,intake_only; wording preserved; no interpretation
STMT-HN-0113,SRC-HN-002,SREP-HN-002,table:1|row:7|col:2,table_cell,Research-level assessment of pathway activity; not a routine blood panel.,requires_classification,unclear,,,not_assigned,intake_only; wording preserved; no interpretation
STMT-HN-0114,SRC-HN-002,SREP-HN-002,table:2|row:0|col:0,table_cell,Meal,requires_classification,repetition,identical_normalized_wording_across_distinct_sha256; independence_not_established,STMT-HN-0305,not_assigned,intake_only; wording preserved; no interpretation
STMT-HN-0115,SRC-HN-002,SREP-HN-002,table:2|row:0|col:1,table_cell,Core ingredients,requires_classification,unclear,,,not_assigned,intake_only; wording preserved; no interpretation
STMT-HN-0116,SRC-HN-002,SREP-HN-002,table:2|row:0|col:2,table_cell,Primary nutritional role,requires_classification,unclear,,,not_assigned,intake_only; wording preserved; no interpretation
STMT-HN-0117,SRC-HN-002,SREP-HN-002,table:2|row:1|col:0,table_cell,Salmon + lentils bowl,requires_classification,unclear,,,not_assigned,intake_only; wording preserved; no interpretation
STMT-HN-0118,SRC-HN-002,SREP-HN-002,table:2|row:1|col:1,table_cell,Salmon; lentils; broccoli; mushrooms; olive oil; lemon; herbs,requires_classification,unclear,,,not_assigned,intake_only; wording preserved; no interpretation
STMT-HN-0119,SRC-HN-002,SREP-HN-002,table:2|row:1|col:2,table_cell,Protein + EPA/DHA + selenium + B12 + iron/folate + fiber,requires_classification,unclear,,,not_assigned,intake_only; wording preserved; no interpretation
STMT-HN-0120,SRC-HN-002,SREP-HN-002,table:2|row:2|col:0,table_cell,Beef + lentil mushroom bowl,requires_classification,repetition,identical_normalized_wording_within_same_artifact; independence_not_applicable,STMT-HN-0182,not_assigned,intake_only; wording preserved; no interpretation
STMT-HN-0121,SRC-HN-002,SREP-HN-002,table:2|row:2|col:1,table_cell,Lean beef; lentils; mushrooms; carrots; broccoli; olive oil,requires_classification,unclear,,,not_assigned,intake_only; wording preserved; no interpretation
STMT-HN-0122,SRC-HN-002,SREP-HN-002,table:2|row:2|col:2,table_cell,Iron + zinc + B12 + protein + B vitamins,requires_classification,unclear,,,not_assigned,intake_only; wording preserved; no interpretation
STMT-HN-0123,SRC-HN-002,SREP-HN-002,table:2|row:3|col:0,table_cell,Egg/mushroom breakfast,requires_classification,repetition,identical_normalized_wording_within_same_artifact; independence_not_applicable,STMT-HN-0172,not_assigned,intake_only; wording preserved; no interpretation
STMT-HN-0124,SRC-HN-002,SREP-HN-002,table:2|row:3|col:1,table_cell,Eggs; mushrooms; spinach; sweet potato; avocado; pumpkin seeds,requires_classification,unclear,,,not_assigned,intake_only; wording preserved; no interpretation
STMT-HN-0125,SRC-HN-002,SREP-HN-002,table:2|row:3|col:2,table_cell,Protein + choline + B vitamins + magnesium + zinc,requires_classification,unclear,,,not_assigned,intake_only; wording preserved; no interpretation
STMT-HN-0126,SRC-HN-002,SREP-HN-002,table:2|row:4|col:0,table_cell,Sardine Mediterranean plate,requires_classification,repetition,identical_normalized_wording_across_distinct_sha256; independence_not_established,STMT-HN-0178;STMT-HN-0317;STMT-HN-0485,not_assigned,intake_only; wording preserved; no interpretation
STMT-HN-0127,SRC-HN-002,SREP-HN-002,table:2|row:4|col:1,table_cell,Sardines; potato/sweet potato; broccoli; arugula; olives; lemon,requires_classification,unclear,,,not_assigned,intake_only; wording preserved; no interpretation
STMT-HN-0128,SRC-HN-002,SREP-HN-002,table:2|row:4|col:2,table_cell,Protein + omega-3 + B12 + selenium + vitamin D + calcium,requires_classification,unclear,,,not_assigned,intake_only; wording preserved; no interpretation
STMT-HN-0129,SRC-HN-002,SREP-HN-002,table:2|row:5|col:0,table_cell,Moroccan chicken + chickpeas,requires_classification,repetition,identical_normalized_wording_across_distinct_sha256; independence_not_established,STMT-HN-0175;STMT-HN-0320;STMT-HN-0488,not_assigned,intake_only; wording preserved; no interpretation
STMT-HN-0130,SRC-HN-002,SREP-HN-002,table:2|row:5|col:1,table_cell,Chicken; chickpeas; carrots; greens; cumin; coriander; lemon; olive oil,requires_classification,unclear,,,not_assigned,intake_only; wording preserved; no interpretation
STMT-HN-0131,SRC-HN-002,SREP-HN-002,table:2|row:5|col:2,table_cell,Protein + folate + magnesium + fiber + polyphenols,requires_classification,unclear,,,not_assigned,intake_only; wording preserved; no interpretation
STMT-HN-0132,SRC-HN-002,SREP-HN-002,table:2|row:6|col:0,table_cell,Shrimp + quinoa bowl,requires_classification,unclear,,,not_assigned,intake_only; wording preserved; no interpretation
STMT-HN-0133,SRC-HN-002,SREP-HN-002,table:2|row:6|col:1,table_cell,Shrimp; quinoa; broccoli; mushrooms; avocado; herbs/citrus,requires_classification,unclear,,,not_assigned,intake_only; wording preserved; no interpretation
STMT-HN-0134,SRC-HN-002,SREP-HN-002,table:2|row:6|col:2,table_cell,Protein + minerals + fiber,requires_classification,unclear,,,not_assigned,intake_only; wording preserved; no interpretation
STMT-HN-0135,SRC-HN-002,SREP-HN-002,table:2|row:7|col:0,table_cell,Greek yogurt bowl,requires_classification,unclear,,,not_assigned,intake_only; wording preserved; no interpretation
STMT-HN-0136,SRC-HN-002,SREP-HN-002,table:2|row:7|col:1,table_cell,Greek yogurt; berries; walnuts; pumpkin seeds; chia; cinnamon,requires_classification,unclear,,,not_assigned,intake_only; wording preserved; no interpretation
STMT-HN-0137,SRC-HN-002,SREP-HN-002,table:2|row:7|col:2,table_cell,Protein + polyphenols + magnesium + zinc + healthy fats,requires_classification,unclear,,,not_assigned,intake_only; wording preserved; no interpretation
STMT-HN-0138,SRC-HN-002,SREP-HN-002,table:3|row:0|col:0,table_cell,Service / type,requires_classification,unclear,,,not_assigned,intake_only; wording preserved; no interpretation
STMT-HN-0139,SRC-HN-002,SREP-HN-002,table:3|row:0|col:1,table_cell,Best use,requires_classification,unclear,,,not_assigned,intake_only; wording preserved; no interpretation
STMT-HN-0140,SRC-HN-002,SREP-HN-002,table:3|row:0|col:2,table_cell,What to select,requires_classification,unclear,,,not_assigned,intake_only; wording preserved; no interpretation
STMT-HN-0141,SRC-HN-002,SREP-HN-002,table:3|row:1|col:0,table_cell,Sunbasket,requires_classification,unclear,,,not_assigned,intake_only; wording preserved; no interpretation
STMT-HN-0142,SRC-HN-002,SREP-HN-002,table:3|row:1|col:1,table_cell,Strong national fit for Mediterranean-style meal structure,requires_classification,unclear,,,not_assigned,intake_only; wording preserved; no interpretation
STMT-HN-0143,SRC-HN-002,SREP-HN-002,table:3|row:1|col:2,table_cell,Salmon/seafood + lentils/beans + vegetables; chicken + legumes/whole-food sides.,requires_classification,unclear,,,not_assigned,intake_only; wording preserved; no interpretation
STMT-HN-0144,SRC-HN-002,SREP-HN-002,table:3|row:2|col:0,table_cell,CookUnity,requires_classification,unclear,,,not_assigned,intake_only; wording preserved; no interpretation
STMT-HN-0145,SRC-HN-002,SREP-HN-002,table:3|row:2|col:1,table_cell,Chef-driven prepared meals and variety,requires_classification,unclear,,,not_assigned,intake_only; wording preserved; no interpretation
STMT-HN-0146,SRC-HN-002,SREP-HN-002,table:3|row:2|col:2,table_cell,"High-protein seafood, chicken or beef meals with substantial vegetables.",requires_classification,unclear,,,not_assigned,intake_only; wording preserved; no interpretation
STMT-HN-0147,SRC-HN-002,SREP-HN-002,table:3|row:3|col:0,table_cell,Local high-protein meal prep,requires_classification,unclear,,,not_assigned,intake_only; wording preserved; no interpretation
STMT-HN-0148,SRC-HN-002,SREP-HN-002,table:3|row:3|col:1,table_cell,Freshness and customization,requires_classification,unclear,,,not_assigned,intake_only; wording preserved; no interpretation
STMT-HN-0149,SRC-HN-002,SREP-HN-002,table:3|row:3|col:2,table_cell,"Request salmon/fish, chicken or lean beef + vegetables + legumes/tubers; specify desired protein target.",requires_classification,unclear,,,not_assigned,intake_only; wording preserved; no interpretation
STMT-HN-0150,SRC-HN-002,SREP-HN-002,table:3|row:4|col:0,table_cell,Mediterranean-focused local prep,requires_classification,unclear,,,not_assigned,intake_only; wording preserved; no interpretation
STMT-HN-0151,SRC-HN-002,SREP-HN-002,table:3|row:4|col:1,table_cell,Culinary adherence,requires_classification,unclear,,,not_assigned,intake_only; wording preserved; no interpretation
STMT-HN-0152,SRC-HN-002,SREP-HN-002,table:3|row:4|col:2,table_cell,"Fish, legumes, vegetables, olive oil, herbs, yogurt/tahini-based meals.",requires_classification,unclear,,,not_assigned,intake_only; wording preserved; no interpretation
STMT-HN-0153,SRC-HN-002,SREP-HN-002,table:4|row:0|col:0,table_cell,Day,requires_classification,unclear,,,not_assigned,intake_only; wording preserved; no interpretation
STMT-HN-0154,SRC-HN-002,SREP-HN-002,table:4|row:0|col:1,table_cell,Lunch,requires_classification,unclear,,,not_assigned,intake_only; wording preserved; no interpretation
STMT-HN-0155,SRC-HN-002,SREP-HN-002,table:4|row:0|col:2,table_cell,Dinner,requires_classification,unclear,,,not_assigned,intake_only; wording preserved; no interpretation
STMT-HN-0156,SRC-HN-002,SREP-HN-002,table:4|row:0|col:3,table_cell,Optional breakfast/snack,requires_classification,unclear,,,not_assigned,intake_only; wording preserved; no interpretation
STMT-HN-0157,SRC-HN-002,SREP-HN-002,table:4|row:1|col:0,table_cell,Mon,requires_classification,unclear,,,not_assigned,intake_only; wording preserved; no interpretation
STMT-HN-0158,SRC-HN-002,SREP-HN-002,table:4|row:1|col:1,table_cell,Salmon + lentils + broccoli,requires_classification,repetition,identical_normalized_wording_across_distinct_sha256; independence_not_established,STMT-HN-0308;STMT-HN-0476,not_assigned,intake_only; wording preserved; no interpretation
STMT-HN-0159,SRC-HN-002,SREP-HN-002,table:4|row:1|col:2,table_cell,Chicken + chickpeas + greens,requires_classification,unclear,,,not_assigned,intake_only; wording preserved; no interpretation
STMT-HN-0160,SRC-HN-002,SREP-HN-002,table:4|row:1|col:3,table_cell,Greek yogurt + berries + seeds,requires_classification,repetition,identical_normalized_wording_across_distinct_sha256; independence_not_established,STMT-HN-0323;STMT-HN-0491,not_assigned,intake_only; wording preserved; no interpretation
STMT-HN-0161,SRC-HN-002,SREP-HN-002,table:4|row:2|col:0,table_cell,Tue,requires_classification,unclear,,,not_assigned,intake_only; wording preserved; no interpretation
STMT-HN-0162,SRC-HN-002,SREP-HN-002,table:4|row:2|col:1,table_cell,Beef + mushroom + lentil bowl,requires_classification,unclear,,,not_assigned,intake_only; wording preserved; no interpretation
STMT-HN-0163,SRC-HN-002,SREP-HN-002,table:4|row:2|col:2,table_cell,Shrimp + quinoa + vegetables,requires_classification,unclear,,,not_assigned,intake_only; wording preserved; no interpretation
STMT-HN-0164,SRC-HN-002,SREP-HN-002,table:4|row:2|col:3,table_cell,Eggs + mushrooms + sweet potato,requires_classification,unclear,,,not_assigned,intake_only; wording preserved; no interpretation
STMT-HN-0165,SRC-HN-002,SREP-HN-002,table:4|row:3|col:0,table_cell,Wed,requires_classification,unclear,,,not_assigned,intake_only; wording preserved; no interpretation
STMT-HN-0166,SRC-HN-002,SREP-HN-002,table:4|row:3|col:1,table_cell,Sardines + potato + broccoli,requires_classification,unclear,,,not_assigned,intake_only; wording preserved; no interpretation
STMT-HN-0167,SRC-HN-002,SREP-HN-002,table:4|row:3|col:2,table_cell,Salmon + vegetables + beans,requires_classification,unclear,,,not_assigned,intake_only; wording preserved; no interpretation
STMT-HN-0168,SRC-HN-002,SREP-HN-002,table:4|row:3|col:3,table_cell,Greek yogurt + walnuts,requires_classification,unclear,,,not_assigned,intake_only; wording preserved; no interpretation
STMT-HN-0169,SRC-HN-002,SREP-HN-002,table:4|row:4|col:0,table_cell,Thu,requires_classification,unclear,,,not_assigned,intake_only; wording preserved; no interpretation
STMT-HN-0170,SRC-HN-002,SREP-HN-002,table:4|row:4|col:1,table_cell,Chicken + lentils + roasted vegetables,requires_classification,unclear,,,not_assigned,intake_only; wording preserved; no interpretation
STMT-HN-0171,SRC-HN-002,SREP-HN-002,table:4|row:4|col:2,table_cell,Lean beef + mushrooms + greens,requires_classification,unclear,,,not_assigned,intake_only; wording preserved; no interpretation
STMT-HN-0172,SRC-HN-002,SREP-HN-002,table:4|row:4|col:3,table_cell,Egg/mushroom breakfast,requires_classification,repetition,identical_normalized_wording_within_same_artifact; independence_not_applicable,STMT-HN-0123,not_assigned,intake_only; wording preserved; no interpretation
STMT-HN-0173,SRC-HN-002,SREP-HN-002,table:4|row:5|col:0,table_cell,Fri,requires_classification,unclear,,,not_assigned,intake_only; wording preserved; no interpretation
STMT-HN-0174,SRC-HN-002,SREP-HN-002,table:4|row:5|col:1,table_cell,Salmon + quinoa + vegetables,requires_classification,unclear,,,not_assigned,intake_only; wording preserved; no interpretation
STMT-HN-0175,SRC-HN-002,SREP-HN-002,table:4|row:5|col:2,table_cell,Moroccan chicken + chickpeas,requires_classification,repetition,identical_normalized_wording_across_distinct_sha256; independence_not_established,STMT-HN-0129;STMT-HN-0320;STMT-HN-0488,not_assigned,intake_only; wording preserved; no interpretation
STMT-HN-0176,SRC-HN-002,SREP-HN-002,table:4|row:5|col:3,table_cell,Greek yogurt + berries,requires_classification,unclear,,,not_assigned,intake_only; wording preserved; no interpretation
STMT-HN-0177,SRC-HN-002,SREP-HN-002,table:4|row:6|col:0,table_cell,Sat,requires_classification,unclear,,,not_assigned,intake_only; wording preserved; no interpretation
STMT-HN-0178,SRC-HN-002,SREP-HN-002,table:4|row:6|col:1,table_cell,Sardine Mediterranean plate,requires_classification,repetition,identical_normalized_wording_across_distinct_sha256; independence_not_established,STMT-HN-0126;STMT-HN-0317;STMT-HN-0485,not_assigned,intake_only; wording preserved; no interpretation
STMT-HN-0179,SRC-HN-002,SREP-HN-002,table:4|row:6|col:2,table_cell,Shrimp + vegetables + legumes,requires_classification,unclear,,,not_assigned,intake_only; wording preserved; no interpretation
STMT-HN-0180,SRC-HN-002,SREP-HN-002,table:4|row:6|col:3,table_cell,Eggs + avocado + seeds,requires_classification,unclear,,,not_assigned,intake_only; wording preserved; no interpretation
STMT-HN-0181,SRC-HN-002,SREP-HN-002,table:4|row:7|col:0,table_cell,Sun,requires_classification,unclear,,,not_assigned,intake_only; wording preserved; no interpretation
STMT-HN-0182,SRC-HN-002,SREP-HN-002,table:4|row:7|col:1,table_cell,Beef + lentil mushroom bowl,requires_classification,repetition,identical_normalized_wording_within_same_artifact; independence_not_applicable,STMT-HN-0120,not_assigned,intake_only; wording preserved; no interpretation
STMT-HN-0183,SRC-HN-002,SREP-HN-002,table:4|row:7|col:2,table_cell,Salmon + roasted vegetables,requires_classification,unclear,,,not_assigned,intake_only; wording preserved; no interpretation
STMT-HN-0184,SRC-HN-002,SREP-HN-002,table:4|row:7|col:3,table_cell,Greek yogurt + berries + chia,requires_classification,unclear,,,not_assigned,intake_only; wording preserved; no interpretation
STMT-HN-0185,SRC-HN-003,SREP-HN-003,paragraph:0,style=Normal,Hair Follicle Optimization Research Document,requires_classification,unclear,,,not_assigned,intake_only; wording preserved; no interpretation
STMT-HN-0186,SRC-HN-003,SREP-HN-003,paragraph:1,style=Normal,Wnt/β-catenin signaling • nutritional/metabolic bottlenecks • laboratory framework • food strategy • meal-prep research,requires_classification,unclear,,,not_assigned,intake_only; wording preserved; no interpretation
STMT-HN-0187,SRC-HN-003,SREP-HN-003,paragraph:2,style=Normal,"Scope: This document consolidates the research developed in this conversation. It is a physiological/nutritional framework, not a diagnosis or a recommendation to manipulate β-catenin pharmacologically.",requires_classification,unclear,,,not_assigned,intake_only; wording preserved; no interpretation
STMT-HN-0188,SRC-HN-003,SREP-HN-003,paragraph:3,style=Heading 1,1. Executive Summary,requires_classification,unclear,,,not_assigned,intake_only; wording preserved; no interpretation
STMT-HN-0189,SRC-HN-003,SREP-HN-003,paragraph:4,style=Normal,"β-catenin is a central effector of canonical Wnt signaling and participates in hair-follicle development, stem-cell activation, and anagen entry. For nutrition, the most defensible objective is not to maximize β-catenin, but to remove nutritional, energetic, endocrine, mitochondrial, and inflammatory constraints that could impair normal follicular signaling.",requires_classification,unclear,,,not_assigned,intake_only; wording preserved; no interpretation
STMT-HN-0190,SRC-HN-003,SREP-HN-003,paragraph:5,style=Normal,The practical model is: adequate energy + protein/amino acids + iron/zinc/copper/magnesium + B-vitamin cofactors + vitamin D/thyroid sufficiency + essential fatty acids + redox support → better cellular capacity to execute regenerative signaling.,requires_classification,unclear,,,not_assigned,intake_only; wording preserved; no interpretation
STMT-HN-0191,SRC-HN-003,SREP-HN-003,paragraph:6,style=Heading 1,2. Wnt/β-catenin and the Hair Follicle,requires_classification,unclear,,,not_assigned,intake_only; wording preserved; no interpretation
STMT-HN-0192,SRC-HN-003,SREP-HN-003,paragraph:7,style=Normal,"Canonical Wnt signaling stabilizes β-catenin by inhibiting its normal destruction machinery. Stabilized β-catenin can enter the nucleus and interact with TCF/LEF transcription factors. In hair follicles, Wnt/β-catenin signaling is a major component of follicular development and the transition into active growth.",requires_classification,unclear,,,not_assigned,intake_only; wording preserved; no interpretation
STMT-HN-0193,SRC-HN-003,SREP-HN-003,paragraph:8,style=List Bullet,Wnt ligand → Frizzled/LRP5/6 → Dishevelled,requires_classification,unclear,,,not_assigned,intake_only; wording preserved; no interpretation
STMT-HN-0194,SRC-HN-003,SREP-HN-003,paragraph:9,style=List Bullet,Destruction-complex activity falls → β-catenin becomes more stable,requires_classification,unclear,,,not_assigned,intake_only; wording preserved; no interpretation
STMT-HN-0195,SRC-HN-003,SREP-HN-003,paragraph:10,style=List Bullet,Nuclear β-catenin → TCF/LEF-dependent transcription,requires_classification,unclear,,,not_assigned,intake_only; wording preserved; no interpretation
STMT-HN-0196,SRC-HN-003,SREP-HN-003,paragraph:11,style=List Bullet,Follicular stem/progenitor-cell activation → anagen-associated growth,requires_classification,unclear,,,not_assigned,intake_only; wording preserved; no interpretation
STMT-HN-0197,SRC-HN-003,SREP-HN-003,paragraph:12,style=Normal,"Important nuance: more β-catenin is not automatically better. Chronic or inappropriate Wnt/β-catenin activation can be pathological. The physiological goal is appropriate timing, localization, and magnitude of signaling.",requires_classification,unclear,,,not_assigned,intake_only; wording preserved; no interpretation
STMT-HN-0198,SRC-HN-003,SREP-HN-003,paragraph:13,style=Heading 1,3. Nutritional/Metabolic Bottleneck Map,requires_classification,unclear,,,not_assigned,intake_only; wording preserved; no interpretation
STMT-HN-0199,SRC-HN-003,SREP-HN-003,paragraph:14,style=Heading 1,4. Laboratory Framework,requires_classification,unclear,,,not_assigned,intake_only; wording preserved; no interpretation
STMT-HN-0200,SRC-HN-003,SREP-HN-003,paragraph:15,style=Normal,Tier 1 — highest-yield baseline:,requires_classification,unclear,,,not_assigned,intake_only; wording preserved; no interpretation
STMT-HN-0201,SRC-HN-003,SREP-HN-003,paragraph:16,style=List Bullet,CBC with indices,requires_classification,unclear,,,not_assigned,intake_only; wording preserved; no interpretation
STMT-HN-0202,SRC-HN-003,SREP-HN-003,paragraph:17,style=List Bullet,Ferritin,requires_classification,unclear,,,not_assigned,intake_only; wording preserved; no interpretation
STMT-HN-0203,SRC-HN-003,SREP-HN-003,paragraph:18,style=List Bullet,"Serum iron, TIBC/transferrin, transferrin saturation",requires_classification,unclear,,,not_assigned,intake_only; wording preserved; no interpretation
STMT-HN-0204,SRC-HN-003,SREP-HN-003,paragraph:19,style=List Bullet,"CMP (including albumin, liver/kidney function and electrolytes)",requires_classification,unclear,,,not_assigned,intake_only; wording preserved; no interpretation
STMT-HN-0205,SRC-HN-003,SREP-HN-003,paragraph:20,style=List Bullet,TSH and free T4,requires_classification,unclear,,,not_assigned,intake_only; wording preserved; no interpretation
STMT-HN-0206,SRC-HN-003,SREP-HN-003,paragraph:21,style=List Bullet,25-OH vitamin D,requires_classification,repetition,identical_normalized_wording_across_distinct_sha256; independence_not_established,STMT-HN-0443,not_assigned,intake_only; wording preserved; no interpretation
STMT-HN-0207,SRC-HN-003,SREP-HN-003,paragraph:22,style=List Bullet,Vitamin B12 and folate,requires_classification,unclear,,,not_assigned,intake_only; wording preserved; no interpretation
STMT-HN-0208,SRC-HN-003,SREP-HN-003,paragraph:23,style=List Bullet,Zinc,requires_classification,repetition,identical_normalized_wording_across_distinct_sha256; independence_not_established,STMT-HN-0060;STMT-HN-0278;STMT-HN-0449,not_assigned,intake_only; wording preserved; no interpretation
STMT-HN-0209,SRC-HN-003,SREP-HN-003,paragraph:24,style=List Bullet,Copper and ceruloplasmin,requires_classification,unclear,,,not_assigned,intake_only; wording preserved; no interpretation
STMT-HN-0210,SRC-HN-003,SREP-HN-003,paragraph:25,style=List Bullet,Magnesium,requires_classification,repetition,identical_normalized_wording_across_distinct_sha256; independence_not_established,STMT-HN-0072;STMT-HN-0290;STMT-HN-0455,not_assigned,intake_only; wording preserved; no interpretation
STMT-HN-0211,SRC-HN-003,SREP-HN-003,paragraph:26,style=Normal,Tier 2 — targeted metabolic/endocrine follow-up when clinically indicated:,requires_classification,unclear,,,not_assigned,intake_only; wording preserved; no interpretation
STMT-HN-0212,SRC-HN-003,SREP-HN-003,paragraph:27,style=List Bullet,Free T3; thyroid peroxidase antibody and thyroglobulin antibody when thyroid autoimmunity is a clinical question,requires_classification,unclear,,,not_assigned,intake_only; wording preserved; no interpretation
STMT-HN-0213,SRC-HN-003,SREP-HN-003,paragraph:28,style=List Bullet,Whole-blood thiamine diphosphate (ThDP/TDP) when thiamine status is specifically being investigated,requires_classification,unclear,,,not_assigned,intake_only; wording preserved; no interpretation
STMT-HN-0214,SRC-HN-003,SREP-HN-003,paragraph:29,style=List Bullet,Methylmalonic acid and homocysteine for selected B12/folate questions,requires_classification,unclear,,,not_assigned,intake_only; wording preserved; no interpretation
STMT-HN-0215,SRC-HN-003,SREP-HN-003,paragraph:30,style=List Bullet,"Fasting glucose, HbA1c, fasting insulin and lipid profile to characterize metabolic context",requires_classification,unclear,,,not_assigned,intake_only; wording preserved; no interpretation
STMT-HN-0216,SRC-HN-003,SREP-HN-003,paragraph:31,style=List Bullet,Lactate and pyruvate when a specific mitochondrial/energy-metabolism hypothesis exists,requires_classification,unclear,,,not_assigned,intake_only; wording preserved; no interpretation
STMT-HN-0217,SRC-HN-003,SREP-HN-003,paragraph:32,style=Normal,"Tier 3 — research/specialty testing, not routine hair-loss screening:",requires_classification,unclear,,,not_assigned,intake_only; wording preserved; no interpretation
STMT-HN-0218,SRC-HN-003,SREP-HN-003,paragraph:33,style=List Bullet,Plasma amino acids,requires_classification,unclear,,,not_assigned,intake_only; wording preserved; no interpretation
STMT-HN-0219,SRC-HN-003,SREP-HN-003,paragraph:34,style=List Bullet,Acylcarnitine profile,requires_classification,unclear,,,not_assigned,intake_only; wording preserved; no interpretation
STMT-HN-0220,SRC-HN-003,SREP-HN-003,paragraph:35,style=List Bullet,Urine organic acids,requires_classification,unclear,,,not_assigned,intake_only; wording preserved; no interpretation
STMT-HN-0221,SRC-HN-003,SREP-HN-003,paragraph:36,style=List Bullet,CoQ10/carnitine or other specialized metabolic markers,requires_classification,unclear,,,not_assigned,intake_only; wording preserved; no interpretation
STMT-HN-0222,SRC-HN-003,SREP-HN-003,paragraph:37,style=List Bullet,"Follicular research measurements such as active/non-phosphorylated β-catenin, nuclear localization, AXIN2 and LEF1 expression",requires_classification,unclear,,,not_assigned,intake_only; wording preserved; no interpretation
STMT-HN-0223,SRC-HN-003,SREP-HN-003,paragraph:38,style=Normal,A serum β-catenin measurement is not a validated routine clinical test for determining whether a person's hair follicle has inadequate Wnt signaling. Follicular localization and downstream pathway activity are much more informative in research settings.,requires_classification,unclear,,,not_assigned,intake_only; wording preserved; no interpretation
STMT-HN-0224,SRC-HN-003,SREP-HN-003,paragraph:39,style=Heading 1,5. Nutritional Architecture,requires_classification,unclear,,,not_assigned,intake_only; wording preserved; no interpretation
STMT-HN-0225,SRC-HN-003,SREP-HN-003,paragraph:40,style=Heading 2,Building materials,requires_classification,unclear,,,not_assigned,intake_only; wording preserved; no interpretation
STMT-HN-0226,SRC-HN-003,SREP-HN-003,paragraph:41,style=Normal,Protein; leucine-rich complete proteins; methionine/cysteine; glycine; adequate total energy.,requires_classification,unclear,,,not_assigned,intake_only; wording preserved; no interpretation
STMT-HN-0227,SRC-HN-003,SREP-HN-003,paragraph:42,style=Heading 2,Mitochondrial cofactors,requires_classification,unclear,,,not_assigned,intake_only; wording preserved; no interpretation
STMT-HN-0228,SRC-HN-003,SREP-HN-003,paragraph:43,style=Normal,"B1, B2, B3, B5, magnesium, iron and other micronutrients required by oxidative metabolism.",requires_classification,unclear,,,not_assigned,intake_only; wording preserved; no interpretation
STMT-HN-0229,SRC-HN-003,SREP-HN-003,paragraph:44,style=Heading 2,Redox support,requires_classification,unclear,,,not_assigned,intake_only; wording preserved; no interpretation
STMT-HN-0230,SRC-HN-003,SREP-HN-003,paragraph:45,style=Normal,"Protein/sulfur amino acids, selenium, zinc, copper, vitamins C/E and a diverse plant-food pattern.",requires_classification,unclear,,,not_assigned,intake_only; wording preserved; no interpretation
STMT-HN-0231,SRC-HN-003,SREP-HN-003,paragraph:46,style=Heading 2,Follicular signaling environment,requires_classification,unclear,,,not_assigned,intake_only; wording preserved; no interpretation
STMT-HN-0232,SRC-HN-003,SREP-HN-003,paragraph:47,style=Normal,"Adequate vitamin D, protein/energy, omega-3 intake and normal endocrine/metabolic physiology.",requires_classification,unclear,,,not_assigned,intake_only; wording preserved; no interpretation
STMT-HN-0233,SRC-HN-003,SREP-HN-003,paragraph:48,style=Heading 2,Metabolic flexibility,requires_classification,unclear,,,not_assigned,intake_only; wording preserved; no interpretation
STMT-HN-0234,SRC-HN-003,SREP-HN-003,paragraph:49,style=Normal,"High-quality carbohydrates as tolerated, fiber-rich plants, legumes/whole foods, healthy fats and avoidance of chronic severe energy restriction.",requires_classification,unclear,,,not_assigned,intake_only; wording preserved; no interpretation
STMT-HN-0235,SRC-HN-003,SREP-HN-003,paragraph:50,style=Heading 1,6. Meal Design Rules,requires_classification,unclear,,,not_assigned,intake_only; wording preserved; no interpretation
STMT-HN-0236,SRC-HN-003,SREP-HN-003,paragraph:51,style=List Bullet,Make protein the anchor of each substantial meal.,requires_classification,unclear,,,not_assigned,intake_only; wording preserved; no interpretation
STMT-HN-0237,SRC-HN-003,SREP-HN-003,paragraph:52,style=List Bullet,"Rotate salmon, sardines, other seafood, eggs, poultry, lean beef, Greek yogurt and legumes.",requires_classification,unclear,,,not_assigned,intake_only; wording preserved; no interpretation
STMT-HN-0238,SRC-HN-003,SREP-HN-003,paragraph:53,style=List Bullet,Pair iron-rich foods with vitamin-C-rich vegetables or citrus to improve non-heme iron absorption.,requires_classification,unclear,,,not_assigned,intake_only; wording preserved; no interpretation
STMT-HN-0239,SRC-HN-003,SREP-HN-003,paragraph:54,style=List Bullet,"Use mushrooms, leafy greens, legumes, seeds, colorful vegetables and herbs for micronutrient and phytochemical diversity.",requires_classification,unclear,,,not_assigned,intake_only; wording preserved; no interpretation
STMT-HN-0240,SRC-HN-003,SREP-HN-003,paragraph:55,style=List Bullet,"Use extra-virgin olive oil, avocado, nuts/seeds and fatty fish as primary fat sources.",requires_classification,unclear,,,not_assigned,intake_only; wording preserved; no interpretation
STMT-HN-0241,SRC-HN-003,SREP-HN-003,paragraph:56,style=List Bullet,Avoid chronic under-eating; the follicle is an energetically expensive regenerative tissue.,requires_classification,unclear,,,not_assigned,intake_only; wording preserved; no interpretation
STMT-HN-0242,SRC-HN-003,SREP-HN-003,paragraph:57,style=List Bullet,"Do not use high-dose zinc, selenium, iron or vitamin A simply because hair is thinning; excess can be harmful.",requires_classification,unclear,,,not_assigned,intake_only; wording preserved; no interpretation
STMT-HN-0243,SRC-HN-003,SREP-HN-003,paragraph:58,style=Heading 1,7. High-Value Meal Archetypes,requires_classification,unclear,,,not_assigned,intake_only; wording preserved; no interpretation
STMT-HN-0244,SRC-HN-003,SREP-HN-003,paragraph:59,style=Heading 1,8. Meal-Prep Company Research,requires_classification,unclear,,,not_assigned,intake_only; wording preserved; no interpretation
STMT-HN-0245,SRC-HN-003,SREP-HN-003,paragraph:60,style=Normal,"The strongest fit identified in the earlier research was Sunbasket because its menu structure supports Mediterranean, pescatarian, carb-conscious and prepared-meal patterns. CookUnity was a strong chef-driven alternative. Local NJ services were identified as potentially useful for customization and freshness, but their menus should be screened meal-by-meal against the matrix above.",requires_classification,unclear,,,not_assigned,intake_only; wording preserved; no interpretation
STMT-HN-0246,SRC-HN-003,SREP-HN-003,paragraph:61,style=List Bullet,"Sunbasket: Best overall national fit for a Mediterranean/seafood/whole-food framework; select salmon, legumes, vegetables and olive-oil-forward meals.",requires_classification,unclear,,,not_assigned,intake_only; wording preserved; no interpretation
STMT-HN-0247,SRC-HN-003,SREP-HN-003,paragraph:62,style=List Bullet,"CookUnity: Best chef-driven convenience option; prioritize seafood, poultry, lean beef and vegetable-heavy meals.",requires_classification,unclear,,,not_assigned,intake_only; wording preserved; no interpretation
STMT-HN-0248,SRC-HN-003,SREP-HN-003,paragraph:63,style=List Bullet,Ready Strong Meals: Local high-protein meal-prep candidate; request whole-food protein + vegetable + legume/root-vegetable combinations.,requires_classification,unclear,,,not_assigned,intake_only; wording preserved; no interpretation
STMT-HN-0249,SRC-HN-003,SREP-HN-003,paragraph:64,style=List Bullet,"LovEat For You: Mediterranean-oriented local candidate; useful culinary fit for olive oil, vegetables, legumes and seafood.",requires_classification,unclear,,,not_assigned,intake_only; wording preserved; no interpretation
STMT-HN-0250,SRC-HN-003,SREP-HN-003,paragraph:65,style=List Bullet,Ambrosia Meals: Premium whole-food/food-as-medicine candidate; assess current menu and nutrition labels before selecting.,requires_classification,unclear,,,not_assigned,intake_only; wording preserved; no interpretation
STMT-HN-0251,SRC-HN-003,SREP-HN-003,paragraph:66,style=Heading 1,9. Evidence Boundaries,requires_classification,unclear,,,not_assigned,intake_only; wording preserved; no interpretation
STMT-HN-0252,SRC-HN-003,SREP-HN-003,paragraph:67,style=List Bullet,Strong biological evidence supports Wnt/β-catenin as an important hair-follicle signaling pathway.,requires_classification,unclear,,,not_assigned,intake_only; wording preserved; no interpretation
STMT-HN-0253,SRC-HN-003,SREP-HN-003,paragraph:68,style=List Bullet,"Nutritional deficiencies can contribute to hair abnormalities or shedding, but the evidence differs substantially by nutrient and clinical context.",requires_classification,unclear,,,not_assigned,intake_only; wording preserved; no interpretation
STMT-HN-0254,SRC-HN-003,SREP-HN-003,paragraph:69,style=List Bullet,The specific human claim 'correcting nutrient X increases follicular β-catenin and regrows hair' is generally not established.,requires_classification,unclear,,,not_assigned,intake_only; wording preserved; no interpretation
STMT-HN-0255,SRC-HN-003,SREP-HN-003,paragraph:70,style=List Bullet,Correcting a documented deficiency is more evidence-based than deliberately forcing Wnt/β-catenin signaling upward.,requires_classification,unclear,,,not_assigned,intake_only; wording preserved; no interpretation
STMT-HN-0256,SRC-HN-003,SREP-HN-003,paragraph:71,style=List Bullet,"Hair loss has many causes, including androgenetic alopecia, telogen effluvium, alopecia areata, thyroid disease, medication effects and inflammatory/scarring disorders; laboratory optimization should not substitute for diagnosis.",requires_classification,unclear,,,not_assigned,intake_only; wording preserved; no interpretation
STMT-HN-0257,SRC-HN-003,SREP-HN-003,paragraph:72,style=Heading 1,10. Research Source / Conversation Provenance,requires_classification,unclear,,,not_assigned,intake_only; wording preserved; no interpretation
STMT-HN-0258,SRC-HN-003,SREP-HN-003,paragraph:73,style=Normal,Primary conversation: the current ChatGPT thread in which we developed the Wnt/β-catenin → hair follicle → nutritional/metabolic bottleneck → laboratory → meal-prep framework.,requires_classification,unclear,,,not_assigned,intake_only; wording preserved; no interpretation
STMT-HN-0259,SRC-HN-003,SREP-HN-003,paragraph:74,style=Normal,Additional conversation supplied by the user: https://chatgpt.com/c/898bdae1-2b70-4de9-ae41-81a3211afc7f,requires_classification,unclear,,,not_assigned,intake_only; wording preserved; no interpretation
STMT-HN-0260,SRC-HN-003,SREP-HN-003,paragraph:75,style=Normal,"Important: the supplied URL is a normal /c/ ChatGPT conversation URL, not a publicly accessible /share/ link. I could open the URL, but it only exposed the ChatGPT login shell rather than the conversation contents, so I could NOT reliably incorporate that second conversation's substantive content into this document. OpenAI's current documentation states that shared links use the /share/<conversation-ID> format and that anyone with access to a shared link can view its snapshot.",requires_classification,unclear,,,not_assigned,intake_only; wording preserved; no interpretation
STMT-HN-0261,SRC-HN-003,SREP-HN-003,paragraph:76,style=Heading 1,11. Recommended Next Research Phase,requires_classification,unclear,,,not_assigned,intake_only; wording preserved; no interpretation
STMT-HN-0262,SRC-HN-003,SREP-HN-003,paragraph:77,style=List Number,Build a lab-to-food decision matrix: abnormal marker → likely bottleneck → food intervention → retest interval.,requires_classification,unclear,,,not_assigned,intake_only; wording preserved; no interpretation
STMT-HN-0263,SRC-HN-003,SREP-HN-003,paragraph:78,style=List Number,"Score current Sunbasket/CookUnity/local meal menus for protein, iron, zinc, selenium, copper, magnesium, B vitamins, vitamin D, omega-3, fiber and plant diversity.",requires_classification,unclear,,,not_assigned,intake_only; wording preserved; no interpretation
STMT-HN-0264,SRC-HN-003,SREP-HN-003,paragraph:79,style=List Number,Construct a 7-day rotation that meets protein and micronutrient targets without excessive supplementation.,requires_classification,unclear,,,not_assigned,intake_only; wording preserved; no interpretation
STMT-HN-0265,SRC-HN-003,SREP-HN-003,paragraph:80,style=List Number,Separate evidence-supported clinical interventions from mechanistic hypotheses about Wnt/β-catenin.,requires_classification,unclear,,,not_assigned,intake_only; wording preserved; no interpretation
STMT-HN-0266,SRC-HN-003,SREP-HN-003,table:0|row:0|col:0,table_cell,Factor,requires_classification,repetition,identical_normalized_wording_across_distinct_sha256; independence_not_established,STMT-HN-0048,not_assigned,intake_only; wording preserved; no interpretation
STMT-HN-0267,SRC-HN-003,SREP-HN-003,table:0|row:0|col:1,table_cell,Why it matters,requires_classification,repetition,identical_normalized_wording_across_distinct_sha256; independence_not_established,STMT-HN-0049,not_assigned,intake_only; wording preserved; no interpretation
STMT-HN-0268,SRC-HN-003,SREP-HN-003,table:0|row:0|col:2,table_cell,Evidence / priority,requires_classification,unclear,,,not_assigned,intake_only; wording preserved; no interpretation
STMT-HN-0269,SRC-HN-003,SREP-HN-003,table:0|row:1|col:0,table_cell,Energy/calorie adequacy,requires_classification,unclear,,,not_assigned,intake_only; wording preserved; no interpretation
STMT-HN-0270,SRC-HN-003,SREP-HN-003,table:0|row:1|col:1,table_cell,Insufficient energy can shift hair follicles toward resting/shedding states and limit proliferative capacity.,requires_classification,unclear,,,not_assigned,intake_only; wording preserved; no interpretation
STMT-HN-0271,SRC-HN-003,SREP-HN-003,table:0|row:1|col:2,table_cell,High,requires_classification,repetition,identical_normalized_wording_within_same_artifact; independence_not_applicable,STMT-HN-0274;STMT-HN-0277,not_assigned,intake_only; wording preserved; no interpretation
STMT-HN-0272,SRC-HN-003,SREP-HN-003,table:0|row:2|col:0,table_cell,Protein / essential amino acids,requires_classification,repetition,identical_normalized_wording_across_distinct_sha256; independence_not_established,STMT-HN-0054,not_assigned,intake_only; wording preserved; no interpretation
STMT-HN-0273,SRC-HN-003,SREP-HN-003,table:0|row:2|col:1,table_cell,Provides substrates for matrix-cell proliferation and keratin synthesis.,requires_classification,unclear,,,not_assigned,intake_only; wording preserved; no interpretation
STMT-HN-0274,SRC-HN-003,SREP-HN-003,table:0|row:2|col:2,table_cell,High,requires_classification,repetition,identical_normalized_wording_within_same_artifact; independence_not_applicable,STMT-HN-0271;STMT-HN-0277,not_assigned,intake_only; wording preserved; no interpretation
STMT-HN-0275,SRC-HN-003,SREP-HN-003,table:0|row:3|col:0,table_cell,Iron,requires_classification,repetition,identical_normalized_wording_across_distinct_sha256; independence_not_established,STMT-HN-0057,not_assigned,intake_only; wording preserved; no interpretation
STMT-HN-0276,SRC-HN-003,SREP-HN-003,table:0|row:3|col:1,table_cell,"Required for oxygen handling, mitochondrial processes and DNA synthesis in rapidly dividing cells; deficiency is associated with shedding.",requires_classification,unclear,,,not_assigned,intake_only; wording preserved; no interpretation
STMT-HN-0277,SRC-HN-003,SREP-HN-003,table:0|row:3|col:2,table_cell,High,requires_classification,repetition,identical_normalized_wording_within_same_artifact; independence_not_applicable,STMT-HN-0271;STMT-HN-0274,not_assigned,intake_only; wording preserved; no interpretation
STMT-HN-0278,SRC-HN-003,SREP-HN-003,table:0|row:4|col:0,table_cell,Zinc,requires_classification,repetition,identical_normalized_wording_across_distinct_sha256; independence_not_established,STMT-HN-0060;STMT-HN-0208;STMT-HN-0449,not_assigned,intake_only; wording preserved; no interpretation
STMT-HN-0279,SRC-HN-003,SREP-HN-003,table:0|row:4|col:1,table_cell,"Supports transcription, protein synthesis, epithelial biology and numerous enzymes; deficiency can affect hair.",requires_classification,unclear,,,not_assigned,intake_only; wording preserved; no interpretation
STMT-HN-0280,SRC-HN-003,SREP-HN-003,table:0|row:4|col:2,table_cell,Moderate–high,requires_classification,repetition,identical_normalized_wording_within_same_artifact; independence_not_applicable,STMT-HN-0283,not_assigned,intake_only; wording preserved; no interpretation
STMT-HN-0281,SRC-HN-003,SREP-HN-003,table:0|row:5|col:0,table_cell,Vitamin D/VDR,requires_classification,unclear,,,not_assigned,intake_only; wording preserved; no interpretation
STMT-HN-0282,SRC-HN-003,SREP-HN-003,table:0|row:5|col:1,table_cell,Hair follicles express VDR; VDR signaling participates in follicular cycling and interacts with Wnt biology.,requires_classification,unclear,,,not_assigned,intake_only; wording preserved; no interpretation
STMT-HN-0283,SRC-HN-003,SREP-HN-003,table:0|row:5|col:2,table_cell,Moderate–high,requires_classification,repetition,identical_normalized_wording_within_same_artifact; independence_not_applicable,STMT-HN-0280,not_assigned,intake_only; wording preserved; no interpretation
STMT-HN-0284,SRC-HN-003,SREP-HN-003,table:0|row:6|col:0,table_cell,B1 / thiamine,requires_classification,repetition,identical_normalized_wording_across_distinct_sha256; independence_not_established,STMT-HN-0066,not_assigned,intake_only; wording preserved; no interpretation
STMT-HN-0285,SRC-HN-003,SREP-HN-003,table:0|row:6|col:1,table_cell,Supports pyruvate dehydrogenase and mitochondrial carbohydrate oxidation; a plausible metabolic bottleneck when deficient.,requires_classification,unclear,,,not_assigned,intake_only; wording preserved; no interpretation
STMT-HN-0286,SRC-HN-003,SREP-HN-003,table:0|row:6|col:2,table_cell,Moderate,requires_classification,repetition,identical_normalized_wording_within_same_artifact; independence_not_applicable,STMT-HN-0289;STMT-HN-0292;STMT-HN-0295;STMT-HN-0298,not_assigned,intake_only; wording preserved; no interpretation
STMT-HN-0287,SRC-HN-003,SREP-HN-003,table:0|row:7|col:0,table_cell,B2/B3/B5,requires_classification,unclear,,,not_assigned,intake_only; wording preserved; no interpretation
STMT-HN-0288,SRC-HN-003,SREP-HN-003,table:0|row:7|col:1,table_cell,Cofactors in mitochondrial redox and CoA/NAD/FAD-dependent metabolism.,requires_classification,unclear,,,not_assigned,intake_only; wording preserved; no interpretation
STMT-HN-0289,SRC-HN-003,SREP-HN-003,table:0|row:7|col:2,table_cell,Moderate,requires_classification,repetition,identical_normalized_wording_within_same_artifact; independence_not_applicable,STMT-HN-0286;STMT-HN-0292;STMT-HN-0295;STMT-HN-0298,not_assigned,intake_only; wording preserved; no interpretation
STMT-HN-0290,SRC-HN-003,SREP-HN-003,table:0|row:8|col:0,table_cell,Magnesium,requires_classification,repetition,identical_normalized_wording_across_distinct_sha256; independence_not_established,STMT-HN-0072;STMT-HN-0210;STMT-HN-0455,not_assigned,intake_only; wording preserved; no interpretation
STMT-HN-0291,SRC-HN-003,SREP-HN-003,table:0|row:8|col:1,table_cell,Supports ATP-dependent reactions and many enzymes.,requires_classification,unclear,,,not_assigned,intake_only; wording preserved; no interpretation
STMT-HN-0292,SRC-HN-003,SREP-HN-003,table:0|row:8|col:2,table_cell,Moderate,requires_classification,repetition,identical_normalized_wording_within_same_artifact; independence_not_applicable,STMT-HN-0286;STMT-HN-0289;STMT-HN-0295;STMT-HN-0298,not_assigned,intake_only; wording preserved; no interpretation
STMT-HN-0293,SRC-HN-003,SREP-HN-003,table:0|row:9|col:0,table_cell,Selenium,requires_classification,repetition,identical_normalized_wording_across_distinct_sha256; independence_not_established,STMT-HN-0075,not_assigned,intake_only; wording preserved; no interpretation
STMT-HN-0294,SRC-HN-003,SREP-HN-003,table:0|row:9|col:1,table_cell,Supports selenoproteins and thyroid/redox biology; deficiency and excess are both undesirable.,requires_classification,unclear,,,not_assigned,intake_only; wording preserved; no interpretation
STMT-HN-0295,SRC-HN-003,SREP-HN-003,table:0|row:9|col:2,table_cell,Moderate,requires_classification,repetition,identical_normalized_wording_within_same_artifact; independence_not_applicable,STMT-HN-0286;STMT-HN-0289;STMT-HN-0292;STMT-HN-0298,not_assigned,intake_only; wording preserved; no interpretation
STMT-HN-0296,SRC-HN-003,SREP-HN-003,table:0|row:10|col:0,table_cell,Copper,requires_classification,repetition,identical_normalized_wording_across_distinct_sha256; independence_not_established,STMT-HN-0078,not_assigned,intake_only; wording preserved; no interpretation
STMT-HN-0297,SRC-HN-003,SREP-HN-003,table:0|row:10|col:1,table_cell,"Needed for enzymes, connective-tissue biology and iron handling; excess zinc can cause copper deficiency.",requires_classification,unclear,,,not_assigned,intake_only; wording preserved; no interpretation
STMT-HN-0298,SRC-HN-003,SREP-HN-003,table:0|row:10|col:2,table_cell,Moderate,requires_classification,repetition,identical_normalized_wording_within_same_artifact; independence_not_applicable,STMT-HN-0286;STMT-HN-0289;STMT-HN-0292;STMT-HN-0295,not_assigned,intake_only; wording preserved; no interpretation
STMT-HN-0299,SRC-HN-003,SREP-HN-003,table:0|row:11|col:0,table_cell,Omega-3 fatty acids,requires_classification,repetition,identical_normalized_wording_across_distinct_sha256; independence_not_established,STMT-HN-0081,not_assigned,intake_only; wording preserved; no interpretation
STMT-HN-0300,SRC-HN-003,SREP-HN-003,table:0|row:11|col:1,table_cell,Support membrane biology and inflammatory balance; direct hair/Wnt effects in humans are not established.,requires_classification,unclear,,,not_assigned,intake_only; wording preserved; no interpretation
STMT-HN-0301,SRC-HN-003,SREP-HN-003,table:0|row:11|col:2,table_cell,Lower/indirect,requires_classification,unclear,,,not_assigned,intake_only; wording preserved; no interpretation
STMT-HN-0302,SRC-HN-003,SREP-HN-003,table:0|row:12|col:0,table_cell,Thyroid status,requires_classification,unclear,,,not_assigned,intake_only; wording preserved; no interpretation
STMT-HN-0303,SRC-HN-003,SREP-HN-003,table:0|row:12|col:1,table_cell,"Thyroid dysfunction can produce diffuse hair changes and interacts with iron, selenium, zinc and mitochondrial metabolism.",requires_classification,unclear,,,not_assigned,intake_only; wording preserved; no interpretation
STMT-HN-0304,SRC-HN-003,SREP-HN-003,table:0|row:12|col:2,table_cell,High clinical relevance,requires_classification,unclear,,,not_assigned,intake_only; wording preserved; no interpretation
STMT-HN-0305,SRC-HN-003,SREP-HN-003,table:1|row:0|col:0,table_cell,Meal,requires_classification,repetition,identical_normalized_wording_across_distinct_sha256; independence_not_established,STMT-HN-0114,not_assigned,intake_only; wording preserved; no interpretation
STMT-HN-0306,SRC-HN-003,SREP-HN-003,table:1|row:0|col:1,table_cell,Recipe pattern,requires_classification,unclear,,,not_assigned,intake_only; wording preserved; no interpretation
STMT-HN-0307,SRC-HN-003,SREP-HN-003,table:1|row:0|col:2,table_cell,Primary physiological targets,requires_classification,unclear,,,not_assigned,intake_only; wording preserved; no interpretation
STMT-HN-0308,SRC-HN-003,SREP-HN-003,table:1|row:1|col:0,table_cell,Salmon + lentils + broccoli,requires_classification,repetition,identical_normalized_wording_across_distinct_sha256; independence_not_established,STMT-HN-0158;STMT-HN-0476,not_assigned,intake_only; wording preserved; no interpretation
STMT-HN-0309,SRC-HN-003,SREP-HN-003,table:1|row:1|col:1,table_cell,"Salmon, lentils, broccoli, olive oil, lemon, herbs.",requires_classification,unclear,,,not_assigned,intake_only; wording preserved; no interpretation
STMT-HN-0310,SRC-HN-003,SREP-HN-003,table:1|row:1|col:2,table_cell,Protein + EPA/DHA + selenium/B12 + iron/folate/fiber + vitamin C.,requires_classification,unclear,,,not_assigned,intake_only; wording preserved; no interpretation
STMT-HN-0311,SRC-HN-003,SREP-HN-003,table:1|row:2|col:0,table_cell,Beef + lentil + mushroom bowl,requires_classification,unclear,,,not_assigned,intake_only; wording preserved; no interpretation
STMT-HN-0312,SRC-HN-003,SREP-HN-003,table:1|row:2|col:1,table_cell,"Lean beef, lentils, mushrooms, carrots, broccoli, olive oil.",requires_classification,unclear,,,not_assigned,intake_only; wording preserved; no interpretation
STMT-HN-0313,SRC-HN-003,SREP-HN-003,table:1|row:2|col:2,table_cell,Iron + zinc + B12 + protein + folate + magnesium.,requires_classification,unclear,,,not_assigned,intake_only; wording preserved; no interpretation
STMT-HN-0314,SRC-HN-003,SREP-HN-003,table:1|row:3|col:0,table_cell,Egg + mushroom + sweet potato,requires_classification,repetition,identical_normalized_wording_across_distinct_sha256; independence_not_established,STMT-HN-0482,not_assigned,intake_only; wording preserved; no interpretation
STMT-HN-0315,SRC-HN-003,SREP-HN-003,table:1|row:3|col:1,table_cell,"Eggs, mushrooms, spinach, sweet potato, avocado, pumpkin seeds.",requires_classification,unclear,,,not_assigned,intake_only; wording preserved; no interpretation
STMT-HN-0316,SRC-HN-003,SREP-HN-003,table:1|row:3|col:2,table_cell,Protein + choline + B vitamins + magnesium + zinc + potassium.,requires_classification,unclear,,,not_assigned,intake_only; wording preserved; no interpretation
STMT-HN-0317,SRC-HN-003,SREP-HN-003,table:1|row:4|col:0,table_cell,Sardine Mediterranean plate,requires_classification,repetition,identical_normalized_wording_across_distinct_sha256; independence_not_established,STMT-HN-0126;STMT-HN-0178;STMT-HN-0485,not_assigned,intake_only; wording preserved; no interpretation
STMT-HN-0318,SRC-HN-003,SREP-HN-003,table:1|row:4|col:1,table_cell,"Sardines, potato/sweet potato, broccoli, greens, olives, lemon, olive oil.",requires_classification,unclear,,,not_assigned,intake_only; wording preserved; no interpretation
STMT-HN-0319,SRC-HN-003,SREP-HN-003,table:1|row:4|col:2,table_cell,Protein + omega-3 + B12 + selenium + vitamin D + calcium.,requires_classification,unclear,,,not_assigned,intake_only; wording preserved; no interpretation
STMT-HN-0320,SRC-HN-003,SREP-HN-003,table:1|row:5|col:0,table_cell,Moroccan chicken + chickpeas,requires_classification,repetition,identical_normalized_wording_across_distinct_sha256; independence_not_established,STMT-HN-0129;STMT-HN-0175;STMT-HN-0488,not_assigned,intake_only; wording preserved; no interpretation
STMT-HN-0321,SRC-HN-003,SREP-HN-003,table:1|row:5|col:1,table_cell,"Chicken, chickpeas, carrots, greens, cumin, coriander, turmeric, lemon, olive oil.",requires_classification,unclear,,,not_assigned,intake_only; wording preserved; no interpretation
STMT-HN-0322,SRC-HN-003,SREP-HN-003,table:1|row:5|col:2,table_cell,Protein + folate + magnesium + fiber + polyphenols.,requires_classification,unclear,,,not_assigned,intake_only; wording preserved; no interpretation
STMT-HN-0323,SRC-HN-003,SREP-HN-003,table:1|row:6|col:0,table_cell,Greek yogurt + berries + seeds,requires_classification,repetition,identical_normalized_wording_across_distinct_sha256; independence_not_established,STMT-HN-0160;STMT-HN-0491,not_assigned,intake_only; wording preserved; no interpretation
STMT-HN-0324,SRC-HN-003,SREP-HN-003,table:1|row:6|col:1,table_cell,"Greek yogurt, berries, walnuts, pumpkin seeds, chia, cinnamon.",requires_classification,unclear,,,not_assigned,intake_only; wording preserved; no interpretation
STMT-HN-0325,SRC-HN-003,SREP-HN-003,table:1|row:6|col:2,table_cell,Protein + polyphenols + magnesium + zinc + healthy fats.,requires_classification,unclear,,,not_assigned,intake_only; wording preserved; no interpretation
STMT-HN-0326,SRC-HN-001,SREP-HN-001,paragraph:0,style=Normal,Hair Follicle Optimization — Master Research Document v0.2,requires_classification,unclear,,,not_assigned,intake_only; wording preserved; no interpretation
STMT-HN-0327,SRC-HN-001,SREP-HN-001,paragraph:1,style=Normal,Wnt/β-catenin • Zinc/metallothionein • mitochondrial metabolism • laboratory strategy • food • topical botanicals,requires_classification,unclear,,,not_assigned,intake_only; wording preserved; no interpretation
STMT-HN-0328,SRC-HN-001,SREP-HN-001,paragraph:2,style=Heading 1,Document purpose,requires_classification,unclear,,,not_assigned,intake_only; wording preserved; no interpretation
STMT-HN-0329,SRC-HN-001,SREP-HN-001,paragraph:3,style=Normal,This revised master document consolidates the current hair-follicle research thread and explicitly incorporates the earlier zinc-and-hair research stream and the separate ylang-ylang/TCM/Ayurvedic botanical stream. The two streams are connected conceptually but are kept analytically separate: nutrition/metabolism addresses systemic support of follicular physiology; topical botanicals address the scalp/follicular microenvironment.,requires_classification,unclear,,,not_assigned,intake_only; wording preserved; no interpretation
STMT-HN-0330,SRC-HN-001,SREP-HN-001,paragraph:4,style=Heading 1,1. Executive synthesis,requires_classification,unclear,,,not_assigned,intake_only; wording preserved; no interpretation
STMT-HN-0331,SRC-HN-001,SREP-HN-001,paragraph:5,style=Normal,"Canonical Wnt/β-catenin signaling is a central regulator of hair-follicle development, regeneration and hair-cycle behavior. Hair-follicle stem cells and their dermal papilla niche integrate Wnt/β-catenin with BMP, TGF-β, Notch, Hedgehog, androgen and other signals. Current literature supports Wnt/β-catenin as a major mechanistic target in hair-regeneration research, but clinical manipulation of this pathway remains an emerging area rather than a routine nutritional treatment. [PubMed: Wnt/β-catenin and hair loss; 2020, 2025 reviews]",requires_classification,unclear,,,not_assigned,intake_only; wording preserved; no interpretation
STMT-HN-0332,SRC-HN-001,SREP-HN-001,paragraph:6,style=Normal,"The nutritional question is therefore framed as: what deficiencies or metabolic bottlenecks could reduce the follicle's ability to respond to normal regenerative signals or to execute anagen growth? The strongest practical candidates are energy/protein inadequacy, iron deficiency, zinc deficiency, vitamin-D/thyroid abnormalities, and selected micronutrient deficiencies. The B1/PDH/TCA hypothesis is mechanistically plausible but should not be presented as a proven direct β-catenin mechanism.",requires_classification,unclear,,,not_assigned,intake_only; wording preserved; no interpretation
STMT-HN-0333,SRC-HN-001,SREP-HN-001,paragraph:7,style=Heading 1,2. Hair follicle signaling architecture,requires_classification,unclear,,,not_assigned,intake_only; wording preserved; no interpretation
STMT-HN-0334,SRC-HN-001,SREP-HN-001,paragraph:8,style=List Bullet,Wnt ligand → Frizzled/LRP5/6 → Dishevelled → inhibition of β-catenin destruction machinery.,requires_classification,unclear,,,not_assigned,intake_only; wording preserved; no interpretation
STMT-HN-0335,SRC-HN-001,SREP-HN-001,paragraph:9,style=List Bullet,β-catenin stabilization → nuclear translocation → TCF/LEF transcriptional activity.,requires_classification,unclear,,,not_assigned,intake_only; wording preserved; no interpretation
STMT-HN-0336,SRC-HN-001,SREP-HN-001,paragraph:10,style=List Bullet,Wnt/β-catenin signaling participates in hair-follicle stem-cell activation and the resting-to-growth transition.,requires_classification,unclear,,,not_assigned,intake_only; wording preserved; no interpretation
STMT-HN-0337,SRC-HN-001,SREP-HN-001,paragraph:11,style=List Bullet,Wnt10b is a particularly studied canonical Wnt ligand in hair-follicle development/regeneration.,requires_classification,unclear,,,not_assigned,intake_only; wording preserved; no interpretation
STMT-HN-0338,SRC-HN-001,SREP-HN-001,paragraph:12,style=List Bullet,Androgen signaling can interact with Wnt/β-catenin in androgenetic alopecia.,requires_classification,unclear,,,not_assigned,intake_only; wording preserved; no interpretation
STMT-HN-0339,SRC-HN-001,SREP-HN-001,paragraph:13,style=List Bullet,The pathway is tightly regulated; excessive or constitutive β-catenin activation is not a desirable nutritional target.,requires_classification,unclear,,,not_assigned,intake_only; wording preserved; no interpretation
STMT-HN-0340,SRC-HN-001,SREP-HN-001,paragraph:14,style=Normal,"Evidence anchors: Wnt/β-catenin signaling is repeatedly identified as central to follicular regeneration and hair cycling; recent reviews discuss Wnt10b, DKK/CXXC5, Axin and GSK-3β as important pathway nodes.",requires_classification,unclear,,,not_assigned,intake_only; wording preserved; no interpretation
STMT-HN-0341,SRC-HN-001,SREP-HN-001,paragraph:15,style=Heading 1,3. Zinc + hair: integrated module,requires_classification,unclear,,,not_assigned,intake_only; wording preserved; no interpretation
STMT-HN-0342,SRC-HN-001,SREP-HN-001,paragraph:16,style=Normal,"Zinc is not simply a 'hair vitamin.' It is a structural/catalytic component of many proteins and transcriptional systems, and zinc deficiency can produce alopecia. NIH notes that zinc deficiency can cause hair loss, while excessive zinc can reduce copper status. The adult tolerable upper intake level is 40 mg/day from all sources; sustained supplemental doses around 50 mg/day or more can interfere with copper absorption. Food sources include oysters/seafood, meat, poultry, beans, nuts, whole grains and dairy. [NIH ODS Zinc]",requires_classification,unclear,,,not_assigned,intake_only; wording preserved; no interpretation
STMT-HN-0343,SRC-HN-001,SREP-HN-001,paragraph:17,style=Heading 2,3.1 Zinc → metallothionein → redox/copper interface,requires_classification,unclear,,,not_assigned,intake_only; wording preserved; no interpretation
STMT-HN-0344,SRC-HN-001,SREP-HN-001,paragraph:18,style=Normal,Metallothioneins are cysteine-rich intracellular proteins that bind metals and participate in metal homeostasis and cellular stress responses. Zinc can induce metallothionein expression. The important systems-level implication is that zinc status cannot be evaluated independently from copper and sulfur-amino-acid availability.,requires_classification,unclear,,,not_assigned,intake_only; wording preserved; no interpretation
STMT-HN-0345,SRC-HN-001,SREP-HN-001,paragraph:19,style=List Bullet,Zinc availability → metallothionein induction and zinc buffering.,requires_classification,unclear,,,not_assigned,intake_only; wording preserved; no interpretation
STMT-HN-0346,SRC-HN-001,SREP-HN-001,paragraph:20,style=List Bullet,Metallothionein synthesis requires protein synthesis and a cysteine-rich substrate environment.,requires_classification,unclear,,,not_assigned,intake_only; wording preserved; no interpretation
STMT-HN-0347,SRC-HN-001,SREP-HN-001,paragraph:21,style=List Bullet,Methionine can contribute to cysteine availability through the transsulfuration pathway.,requires_classification,unclear,,,not_assigned,intake_only; wording preserved; no interpretation
STMT-HN-0348,SRC-HN-001,SREP-HN-001,paragraph:22,style=List Bullet,"Cysteine also feeds glutathione synthesis, connecting sulfur metabolism with redox control.",requires_classification,unclear,,,not_assigned,intake_only; wording preserved; no interpretation
STMT-HN-0349,SRC-HN-001,SREP-HN-001,paragraph:23,style=List Bullet,Excess zinc → reduced copper absorption → potential copper deficiency → additional hematologic/neurologic and tissue problems.,requires_classification,unclear,,,not_assigned,intake_only; wording preserved; no interpretation
STMT-HN-0350,SRC-HN-001,SREP-HN-001,paragraph:24,style=Normal,This makes the clinically useful question 'Is zinc adequate and balanced with copper?' rather than 'How much zinc can we take?',requires_classification,unclear,,,not_assigned,intake_only; wording preserved; no interpretation
STMT-HN-0351,SRC-HN-001,SREP-HN-001,paragraph:25,style=Heading 2,3.2 Zinc laboratory strategy,requires_classification,unclear,,,not_assigned,intake_only; wording preserved; no interpretation
STMT-HN-0352,SRC-HN-001,SREP-HN-001,paragraph:26,style=List Bullet,"Serum or plasma zinc: useful but imperfect; interpret with clinical context, inflammation, timing and fasting status as appropriate.",requires_classification,unclear,,,not_assigned,intake_only; wording preserved; no interpretation
STMT-HN-0353,SRC-HN-001,SREP-HN-001,paragraph:27,style=List Bullet,Copper and ceruloplasmin: particularly important when zinc intake is high or zinc supplementation is prolonged.,requires_classification,unclear,,,not_assigned,intake_only; wording preserved; no interpretation
STMT-HN-0354,SRC-HN-001,SREP-HN-001,paragraph:28,style=List Bullet,CBC: helps detect anemia or cytopenias that may accompany nutritional problems.,requires_classification,unclear,,,not_assigned,intake_only; wording preserved; no interpretation
STMT-HN-0355,SRC-HN-001,SREP-HN-001,paragraph:29,style=List Bullet,Iron studies: zinc and iron problems can coexist but should be distinguished.,requires_classification,unclear,,,not_assigned,intake_only; wording preserved; no interpretation
STMT-HN-0356,SRC-HN-001,SREP-HN-001,paragraph:30,style=List Bullet,Diet/supplement review: calculate total zinc from food + supplements + fortified products.,requires_classification,unclear,,,not_assigned,intake_only; wording preserved; no interpretation
STMT-HN-0357,SRC-HN-001,SREP-HN-001,paragraph:31,style=Heading 2,3.3 Zinc-rich food strategy,requires_classification,unclear,,,not_assigned,intake_only; wording preserved; no interpretation
STMT-HN-0358,SRC-HN-001,SREP-HN-001,paragraph:32,style=Normal,"Highest-value food patterns: oysters and other shellfish; beef; poultry; fish; eggs/dairy; pumpkin seeds; legumes; nuts; whole grains. Plant zinc is less bioavailable when phytate is high, so soaking, sprouting, fermenting and cooking can improve mineral bioavailability.",requires_classification,unclear,,,not_assigned,intake_only; wording preserved; no interpretation
STMT-HN-0359,SRC-HN-001,SREP-HN-001,paragraph:33,style=Normal,"Avoid treating a low-normal serum zinc result as proof of deficiency without context. Conversely, do not use high-dose zinc empirically for hair growth; NIH specifically notes that correcting deficiency is different from taking extra zinc to make hair thicker.",requires_classification,unclear,,,not_assigned,intake_only; wording preserved; no interpretation
STMT-HN-0360,SRC-HN-001,SREP-HN-001,paragraph:34,style=Heading 1,4. Sulfur amino acids and glutathione,requires_classification,unclear,,,not_assigned,intake_only; wording preserved; no interpretation
STMT-HN-0361,SRC-HN-001,SREP-HN-001,paragraph:35,style=Normal,"Hair keratin is sulfur-rich, particularly through cysteine and disulfide bonding. Methionine can contribute to cysteine production through transsulfuration. Cysteine, together with glutamate and glycine, is also a substrate for glutathione. This creates a useful bridge between hair-shaft construction and cellular redox physiology.",requires_classification,unclear,,,not_assigned,intake_only; wording preserved; no interpretation
STMT-HN-0362,SRC-HN-001,SREP-HN-001,paragraph:36,style=Normal,"Food sources to rotate: eggs, fish, poultry, lean meat, dairy, legumes, sesame/sunflower/pumpkin seeds, nuts and mushrooms.",requires_classification,unclear,,,not_assigned,intake_only; wording preserved; no interpretation
STMT-HN-0363,SRC-HN-001,SREP-HN-001,paragraph:37,style=Heading 1,5. Mitochondrial/B1 → PDH → TCA framework,requires_classification,unclear,,,not_assigned,intake_only; wording preserved; no interpretation
STMT-HN-0364,SRC-HN-001,SREP-HN-001,paragraph:38,style=Normal,"A growing follicle has high biosynthetic and energetic demand. Thiamine diphosphate is a cofactor for pyruvate dehydrogenase, which connects glycolysis-derived pyruvate to acetyl-CoA and the TCA cycle. This supports the hypothesis that severe B1 deficiency or broader mitochondrial dysfunction could impair follicular growth capacity. However, current evidence does not justify the claim that B1 supplementation directly raises β-catenin in human follicles.",requires_classification,unclear,,,not_assigned,intake_only; wording preserved; no interpretation
STMT-HN-0365,SRC-HN-001,SREP-HN-001,paragraph:39,style=List Bullet,B1/ThDP → PDH → acetyl-CoA → TCA → NADH/FADH2 → ETC → ATP.,requires_classification,unclear,,,not_assigned,intake_only; wording preserved; no interpretation
STMT-HN-0366,SRC-HN-001,SREP-HN-001,paragraph:40,style=List Bullet,B2 → FAD-dependent enzymes; B3 → NAD/NADP; B5 → CoA; magnesium → many ATP-dependent enzymes.,requires_classification,unclear,,,not_assigned,intake_only; wording preserved; no interpretation
STMT-HN-0367,SRC-HN-001,SREP-HN-001,paragraph:41,style=List Bullet,"Energy status interfaces with AMPK, mTOR and PI3K/AKT; these pathways can intersect with GSK-3β and Wnt signaling.",requires_classification,unclear,,,not_assigned,intake_only; wording preserved; no interpretation
STMT-HN-0368,SRC-HN-001,SREP-HN-001,paragraph:42,style=Heading 1,6. Core laboratory panel,requires_classification,unclear,,,not_assigned,intake_only; wording preserved; no interpretation
STMT-HN-0369,SRC-HN-001,SREP-HN-001,paragraph:43,style=Heading 1,7. Food intervention architecture,requires_classification,unclear,,,not_assigned,intake_only; wording preserved; no interpretation
STMT-HN-0370,SRC-HN-001,SREP-HN-001,paragraph:44,style=List Bullet,"Protein anchor: aim for substantial protein at each major meal, individualized to body size, activity and clinical context.",requires_classification,unclear,,,not_assigned,intake_only; wording preserved; no interpretation
STMT-HN-0371,SRC-HN-001,SREP-HN-001,paragraph:45,style=List Bullet,"Iron/zinc anchor: rotate seafood, shellfish, lean beef, poultry and legumes.",requires_classification,unclear,,,not_assigned,intake_only; wording preserved; no interpretation
STMT-HN-0372,SRC-HN-001,SREP-HN-001,paragraph:46,style=List Bullet,"Sulfur/redox anchor: eggs, fish, poultry, legumes, seeds and adequate protein.",requires_classification,unclear,,,not_assigned,intake_only; wording preserved; no interpretation
STMT-HN-0373,SRC-HN-001,SREP-HN-001,paragraph:47,style=List Bullet,"B-vitamin/mitochondrial anchor: whole grains/legumes as tolerated, eggs, meat, fish, mushrooms, nuts/seeds and leafy vegetables.",requires_classification,unclear,,,not_assigned,intake_only; wording preserved; no interpretation
STMT-HN-0374,SRC-HN-001,SREP-HN-001,paragraph:48,style=List Bullet,"Selenium/omega-3 anchor: seafood, especially fatty fish; use Brazil nuts cautiously because selenium content is highly variable.",requires_classification,unclear,,,not_assigned,intake_only; wording preserved; no interpretation
STMT-HN-0375,SRC-HN-001,SREP-HN-001,paragraph:49,style=List Bullet,"Plant-diversity anchor: mushrooms, cruciferous vegetables, berries, herbs, colorful vegetables and legumes.",requires_classification,unclear,,,not_assigned,intake_only; wording preserved; no interpretation
STMT-HN-0376,SRC-HN-001,SREP-HN-001,paragraph:50,style=List Bullet,"Fat anchor: extra-virgin olive oil, avocado, nuts/seeds and fatty fish.",requires_classification,unclear,,,not_assigned,intake_only; wording preserved; no interpretation
STMT-HN-0377,SRC-HN-001,SREP-HN-001,paragraph:51,style=Heading 1,8. High-value meal templates,requires_classification,unclear,,,not_assigned,intake_only; wording preserved; no interpretation
STMT-HN-0378,SRC-HN-001,SREP-HN-001,paragraph:52,style=Heading 1,9. Meal-prep company framework,requires_classification,unclear,,,not_assigned,intake_only; wording preserved; no interpretation
STMT-HN-0379,SRC-HN-001,SREP-HN-001,paragraph:53,style=List Bullet,"Sunbasket: strongest national fit for Mediterranean/pescatarian/whole-food patterns; screen current menus for salmon, legumes, vegetables and olive-oil-forward meals.",requires_classification,unclear,,,not_assigned,intake_only; wording preserved; no interpretation
STMT-HN-0380,SRC-HN-001,SREP-HN-001,paragraph:54,style=List Bullet,"CookUnity: strong chef-driven convenience option; choose seafood, poultry, lean beef and vegetable-heavy meals.",requires_classification,unclear,,,not_assigned,intake_only; wording preserved; no interpretation
STMT-HN-0381,SRC-HN-001,SREP-HN-001,paragraph:55,style=List Bullet,Local meal-prep services: prioritize customizable protein + vegetable + legume/root-vegetable combinations and check nutrition labels.,requires_classification,unclear,,,not_assigned,intake_only; wording preserved; no interpretation
STMT-HN-0382,SRC-HN-001,SREP-HN-001,paragraph:56,style=Normal,"The correct scoring system is meal-by-meal: protein + iron + zinc + selenium + copper + magnesium + B vitamins + vitamin D + omega-3 + fiber + plant diversity, rather than simply 'healthy' or 'low calorie.'",requires_classification,unclear,,,not_assigned,intake_only; wording preserved; no interpretation
STMT-HN-0383,SRC-HN-001,SREP-HN-001,paragraph:57,style=Heading 1,10. Topical caffeine and botanical layer,requires_classification,unclear,,,not_assigned,intake_only; wording preserved; no interpretation
STMT-HN-0384,SRC-HN-001,SREP-HN-001,paragraph:58,style=Normal,"Topical interventions should be analyzed separately from nutritional signaling. Caffeine has a preclinical/experimental hair-growth literature, while ylang-ylang has a much weaker direct hair-regrowth evidence base. The distinction between scalp-care effects and true follicular regrowth is essential.",requires_classification,unclear,,,not_assigned,intake_only; wording preserved; no interpretation
STMT-HN-0385,SRC-HN-001,SREP-HN-001,paragraph:59,style=Heading 1,11. Ylang-ylang (Cananga odorata) — TCM/Ayurvedic/ethnomedical module,requires_classification,unclear,,,not_assigned,intake_only; wording preserved; no interpretation
STMT-HN-0386,SRC-HN-001,SREP-HN-001,paragraph:60,style=Normal,"Cananga odorata is an accepted botanical species native to tropical regions from South Indo-China through Queensland. The literature documents substantial traditional and cosmetic use, but the historical record is geographically broader than a simple 'TCM herb' classification.",requires_classification,unclear,,,not_assigned,intake_only; wording preserved; no interpretation
STMT-HN-0387,SRC-HN-001,SREP-HN-001,paragraph:61,style=Normal,"The 2015 review of C. odorata documents traditional uses and a broad phytochemical/biological literature, including antimicrobial, anti-inflammatory and other activities. A 2024 ethnomedical study documented 42 traditional applications among 36 traditional healers from 28 ethnic groups across 16 Indonesian provinces, with external use and skin disease prominent.",requires_classification,unclear,,,not_assigned,intake_only; wording preserved; no interpretation
STMT-HN-0388,SRC-HN-001,SREP-HN-001,paragraph:62,style=Normal,"An Ayurveda institutional herb-garden source lists Cananga odorata and reports traditional applications including anxiety, insomnia, skin irritation and scalp/hair use; it describes infused oil as being applied to scalp and hair to improve lustre. This is evidence of traditional/institutional Ayurvedic use, not proof of clinical hair regrowth.",requires_classification,unclear,,,not_assigned,intake_only; wording preserved; no interpretation
STMT-HN-0389,SRC-HN-001,SREP-HN-001,paragraph:63,style=Normal,"Current literature also contains animal/preclinical hair-tonic research and patents describing cosmetic/hair-growth applications. However, direct high-quality human clinical trials demonstrating ylang-ylang essential oil as a hair-regrowth treatment are lacking.",requires_classification,unclear,,,not_assigned,intake_only; wording preserved; no interpretation
STMT-HN-0390,SRC-HN-001,SREP-HN-001,paragraph:64,style=Heading 2,11.1 Ylang-ylang evidence hierarchy,requires_classification,unclear,,,not_assigned,intake_only; wording preserved; no interpretation
STMT-HN-0391,SRC-HN-001,SREP-HN-001,paragraph:65,style=Heading 2,11.2 Practical topical safety principle,requires_classification,unclear,,,not_assigned,intake_only; wording preserved; no interpretation
STMT-HN-0392,SRC-HN-001,SREP-HN-001,paragraph:66,style=Normal,"Essential oils are concentrated preparations and can cause irritant or allergic contact dermatitis. A formulation should use an appropriate dilution and patch-testing/dermatologic caution, especially on compromised scalp skin. The research question should be 'does this formulation improve scalp environment or hair parameters?' rather than assuming essential oil equals follicular regeneration.",requires_classification,unclear,,,not_assigned,intake_only; wording preserved; no interpretation
STMT-HN-0393,SRC-HN-001,SREP-HN-001,paragraph:67,style=Heading 1,12. Integrated systems model,requires_classification,unclear,,,not_assigned,intake_only; wording preserved; no interpretation
STMT-HN-0394,SRC-HN-001,SREP-HN-001,paragraph:68,style=Normal,"The working hypothesis is a network, not a single nutrient:",requires_classification,unclear,,,not_assigned,intake_only; wording preserved; no interpretation
STMT-HN-0395,SRC-HN-001,SREP-HN-001,paragraph:69,style=Normal,FOOD / ENERGY → protein + Zn/Fe/Cu/Mg + B vitamins + sulfur amino acids + vitamin D + omega-3 → mitochondrial ATP/redox + endocrine/metabolic environment → PI3K/AKT + AMPK + GSK-3β and related signaling → Wnt/β-catenin responsiveness → follicular stem-cell/dermal-papilla signaling → anagen growth → hair-shaft production.,requires_classification,unclear,,,not_assigned,intake_only; wording preserved; no interpretation
STMT-HN-0396,SRC-HN-001,SREP-HN-001,paragraph:70,style=Normal,Zinc has a parallel metal-homeostasis/redox branch: zinc → metallothionein ↔ copper balance; sulfur amino acids → cysteine → glutathione. Topical botanicals such as ylang-ylang are placed outside this systemic chain and evaluated as scalp-microenvironment interventions.,requires_classification,unclear,,,not_assigned,intake_only; wording preserved; no interpretation
STMT-HN-0397,SRC-HN-001,SREP-HN-001,paragraph:71,style=Heading 1,13. What should NOT be inferred,requires_classification,unclear,,,not_assigned,intake_only; wording preserved; no interpretation
STMT-HN-0398,SRC-HN-001,SREP-HN-001,paragraph:72,style=List Bullet,A low hair count does not establish a β-catenin deficiency.,requires_classification,unclear,,,not_assigned,intake_only; wording preserved; no interpretation
STMT-HN-0399,SRC-HN-001,SREP-HN-001,paragraph:73,style=List Bullet,A serum β-catenin measurement does not diagnose follicular Wnt activity.,requires_classification,unclear,,,not_assigned,intake_only; wording preserved; no interpretation
STMT-HN-0400,SRC-HN-001,SREP-HN-001,paragraph:74,style=List Bullet,A low-normal nutrient level does not automatically justify high-dose supplementation.,requires_classification,unclear,,,not_assigned,intake_only; wording preserved; no interpretation
STMT-HN-0401,SRC-HN-001,SREP-HN-001,paragraph:75,style=List Bullet,More zinc is not better; chronic excessive zinc can cause copper deficiency.,requires_classification,unclear,,,not_assigned,intake_only; wording preserved; no interpretation
STMT-HN-0402,SRC-HN-001,SREP-HN-001,paragraph:76,style=List Bullet,Ylang-ylang traditional use does not establish human hair-regrowth efficacy.,requires_classification,unclear,,,not_assigned,intake_only; wording preserved; no interpretation
STMT-HN-0403,SRC-HN-001,SREP-HN-001,paragraph:77,style=List Bullet,"Correcting a nutritional deficiency can support hair physiology but may not reverse androgenetic, autoimmune, scarring or other primary alopecias.",requires_classification,unclear,,,not_assigned,intake_only; wording preserved; no interpretation
STMT-HN-0404,SRC-HN-001,SREP-HN-001,paragraph:78,style=List Bullet,Deliberate pharmacologic activation of Wnt/β-catenin should not be attempted as a nutritional self-treatment because pathway overactivation has pathological consequences.,requires_classification,unclear,,,not_assigned,intake_only; wording preserved; no interpretation
STMT-HN-0405,SRC-HN-001,SREP-HN-001,paragraph:79,style=Heading 1,14. Primary research references / evidence anchors,requires_classification,unclear,,,not_assigned,intake_only; wording preserved; no interpretation
STMT-HN-0406,SRC-HN-001,SREP-HN-001,paragraph:80,style=List Bullet,Wnt/β-catenin signaling and hair loss: PubMed PMID 32664659 — Targeting Wnt/β-Catenin Pathway for Developing Therapies for Hair Loss.,requires_classification,unclear,,,not_assigned,intake_only; wording preserved; no interpretation
STMT-HN-0407,SRC-HN-001,SREP-HN-001,paragraph:81,style=List Bullet,Hair-follicle stem-cell signaling: PubMed PMID 35795256 — Regulation of signaling pathways in hair follicle stem cells.,requires_classification,unclear,,,not_assigned,intake_only; wording preserved; no interpretation
STMT-HN-0408,SRC-HN-001,SREP-HN-001,paragraph:82,style=List Bullet,"Wnt10b and follicular regeneration: PubMed PMID 40512432 — Wnt10b Regulation of Hair Follicle Development, Regeneration, and Skin Diseases.",requires_classification,unclear,,,not_assigned,intake_only; wording preserved; no interpretation
STMT-HN-0409,SRC-HN-001,SREP-HN-001,paragraph:83,style=List Bullet,Wnt/β-catenin and androgenetic alopecia: PubMed PMID 29549490 — Androgen modulation of Wnt/β-catenin signaling in androgenetic alopecia.,requires_classification,unclear,,,not_assigned,intake_only; wording preserved; no interpretation
STMT-HN-0410,SRC-HN-001,SREP-HN-001,paragraph:84,style=List Bullet,Recent Wnt therapeutic review: PubMed PMID 40924915 — Wnt/β-Catenin Signaling Pathway Targeting Androgenetic Alopecia.,requires_classification,unclear,,,not_assigned,intake_only; wording preserved; no interpretation
STMT-HN-0411,SRC-HN-001,SREP-HN-001,paragraph:85,style=List Bullet,NIH Office of Dietary Supplements — Zinc Health Professional Fact Sheet.,requires_classification,unclear,,,not_assigned,intake_only; wording preserved; no interpretation
STMT-HN-0412,SRC-HN-001,SREP-HN-001,paragraph:86,style=List Bullet,NIH Office of Dietary Supplements — Zinc Consumer Fact Sheet.,requires_classification,unclear,,,not_assigned,intake_only; wording preserved; no interpretation
STMT-HN-0413,SRC-HN-001,SREP-HN-001,paragraph:87,style=List Bullet,NIH Office of Dietary Supplements — Copper Consumer Fact Sheet.,requires_classification,unclear,,,not_assigned,intake_only; wording preserved; no interpretation
STMT-HN-0414,SRC-HN-001,SREP-HN-001,paragraph:88,style=List Bullet,"Tan et al., 2015 — Traditional Uses, Phytochemistry, and Bioactivities of Cananga odorata (Ylang-Ylang), Evidence-Based Complementary and Alternative Medicine.",requires_classification,unclear,,,not_assigned,intake_only; wording preserved; no interpretation
STMT-HN-0415,SRC-HN-001,SREP-HN-001,paragraph:89,style=List Bullet,"Rahmawati et al., 2024 — Ethnomedical uses of Cananga odorata among Indonesian ethnic groups.",requires_classification,unclear,,,not_assigned,intake_only; wording preserved; no interpretation
STMT-HN-0416,SRC-HN-001,SREP-HN-001,paragraph:90,style=List Bullet,Amrita School of Ayurveda — Cananga odorata entry documenting traditional scalp/hair oil use.,requires_classification,unclear,,,not_assigned,intake_only; wording preserved; no interpretation
STMT-HN-0417,SRC-HN-001,SREP-HN-001,paragraph:91,style=Heading 1,15. Provenance and the second ChatGPT conversation,requires_classification,unclear,,,not_assigned,intake_only; wording preserved; no interpretation
STMT-HN-0418,SRC-HN-001,SREP-HN-001,paragraph:92,style=Normal,"The user identified the inaccessible second conversation as the earlier zinc-and-hair research stream, while the ylang-ylang discussion was a separate TCM/Ayurvedic botanical research stream. This v0.2 revision incorporates those topics conceptually and supplements them with current source verification.",requires_classification,unclear,,,not_assigned,intake_only; wording preserved; no interpretation
STMT-HN-0419,SRC-HN-001,SREP-HN-001,paragraph:93,style=Normal,The supplied ChatGPT /c/ URL could not be read as a conversation transcript in the current environment. Therefore this document does not claim to reproduce any unseen text from that conversation verbatim. The zinc material is reconstructed from the available prior context and strengthened with current NIH evidence; the ylang-ylang module is strengthened with current literature and an Ayurveda institutional source.,requires_classification,unclear,,,not_assigned,intake_only; wording preserved; no interpretation
STMT-HN-0420,SRC-HN-001,SREP-HN-001,paragraph:94,style=Heading 1,16. Next-stage build,requires_classification,unclear,,,not_assigned,intake_only; wording preserved; no interpretation
STMT-HN-0421,SRC-HN-001,SREP-HN-001,paragraph:95,style=List Number,Create a lab → interpretation → food → follow-up matrix.,requires_classification,unclear,,,not_assigned,intake_only; wording preserved; no interpretation
STMT-HN-0422,SRC-HN-001,SREP-HN-001,paragraph:96,style=List Number,Create a nutrient-density scoring algorithm for meal-prep menus.,requires_classification,unclear,,,not_assigned,intake_only; wording preserved; no interpretation
STMT-HN-0423,SRC-HN-001,SREP-HN-001,paragraph:97,style=List Number,Score current Sunbasket/CookUnity/local menus against the matrix.,requires_classification,unclear,,,not_assigned,intake_only; wording preserved; no interpretation
STMT-HN-0424,SRC-HN-001,SREP-HN-001,paragraph:98,style=List Number,Build a 7-day meal rotation with protein and micronutrient targets.,requires_classification,unclear,,,not_assigned,intake_only; wording preserved; no interpretation
STMT-HN-0425,SRC-HN-001,SREP-HN-001,paragraph:99,style=List Number,"Create a separate topical formulation/evidence matrix for caffeine, ylang-ylang and other botanicals.",requires_classification,unclear,,,not_assigned,intake_only; wording preserved; no interpretation
STMT-HN-0426,SRC-HN-001,SREP-HN-001,paragraph:100,style=List Number,Add a formal evidence grade (human RCT / human observational / animal / in vitro / traditional use) to every intervention.,requires_classification,unclear,,,not_assigned,intake_only; wording preserved; no interpretation
STMT-HN-0427,SRC-HN-001,SREP-HN-001,paragraph:102,style=Normal,"Clinical note: laboratory testing and supplementation decisions should be interpreted with a qualified clinician, particularly iron, zinc, copper, selenium, thyroid and high-dose vitamin supplementation.",requires_classification,unclear,,,not_assigned,intake_only; wording preserved; no interpretation
STMT-HN-0428,SRC-HN-001,SREP-HN-001,table:0|row:0|col:0,table_cell,Laboratory,requires_classification,unclear,,,not_assigned,intake_only; wording preserved; no interpretation
STMT-HN-0429,SRC-HN-001,SREP-HN-001,table:0|row:0|col:1,table_cell,Question answered,requires_classification,unclear,,,not_assigned,intake_only; wording preserved; no interpretation
STMT-HN-0430,SRC-HN-001,SREP-HN-001,table:0|row:0|col:2,table_cell,Priority,requires_classification,unclear,,,not_assigned,intake_only; wording preserved; no interpretation
STMT-HN-0431,SRC-HN-001,SREP-HN-001,table:0|row:1|col:0,table_cell,CBC,requires_classification,unclear,,,not_assigned,intake_only; wording preserved; no interpretation
STMT-HN-0432,SRC-HN-001,SREP-HN-001,table:0|row:1|col:1,table_cell,"Anemia, macrocytosis/cytopenias",requires_classification,unclear,,,not_assigned,intake_only; wording preserved; no interpretation
STMT-HN-0433,SRC-HN-001,SREP-HN-001,table:0|row:1|col:2,table_cell,Core,requires_classification,repetition,identical_normalized_wording_across_distinct_sha256; independence_not_established,STMT-HN-0093;STMT-HN-0436;STMT-HN-0439;STMT-HN-0442,not_assigned,intake_only; wording preserved; no interpretation
STMT-HN-0434,SRC-HN-001,SREP-HN-001,table:0|row:2|col:0,table_cell,Ferritin + iron + TIBC/transferrin + transferrin saturation,requires_classification,unclear,,,not_assigned,intake_only; wording preserved; no interpretation
STMT-HN-0435,SRC-HN-001,SREP-HN-001,table:0|row:2|col:1,table_cell,Iron stores/availability,requires_classification,unclear,,,not_assigned,intake_only; wording preserved; no interpretation
STMT-HN-0436,SRC-HN-001,SREP-HN-001,table:0|row:2|col:2,table_cell,Core,requires_classification,repetition,identical_normalized_wording_across_distinct_sha256; independence_not_established,STMT-HN-0093;STMT-HN-0433;STMT-HN-0439;STMT-HN-0442,not_assigned,intake_only; wording preserved; no interpretation
STMT-HN-0437,SRC-HN-001,SREP-HN-001,table:0|row:3|col:0,table_cell,CMP + albumin/total protein,requires_classification,unclear,,,not_assigned,intake_only; wording preserved; no interpretation
STMT-HN-0438,SRC-HN-001,SREP-HN-001,table:0|row:3|col:1,table_cell,"Organ function, protein context, electrolytes",requires_classification,unclear,,,not_assigned,intake_only; wording preserved; no interpretation
STMT-HN-0439,SRC-HN-001,SREP-HN-001,table:0|row:3|col:2,table_cell,Core,requires_classification,repetition,identical_normalized_wording_across_distinct_sha256; independence_not_established,STMT-HN-0093;STMT-HN-0433;STMT-HN-0436;STMT-HN-0442,not_assigned,intake_only; wording preserved; no interpretation
STMT-HN-0440,SRC-HN-001,SREP-HN-001,table:0|row:4|col:0,table_cell,TSH + free T4,requires_classification,unclear,,,not_assigned,intake_only; wording preserved; no interpretation
STMT-HN-0441,SRC-HN-001,SREP-HN-001,table:0|row:4|col:1,table_cell,Thyroid screening,requires_classification,unclear,,,not_assigned,intake_only; wording preserved; no interpretation
STMT-HN-0442,SRC-HN-001,SREP-HN-001,table:0|row:4|col:2,table_cell,Core,requires_classification,repetition,identical_normalized_wording_across_distinct_sha256; independence_not_established,STMT-HN-0093;STMT-HN-0433;STMT-HN-0436;STMT-HN-0439,not_assigned,intake_only; wording preserved; no interpretation
STMT-HN-0443,SRC-HN-001,SREP-HN-001,table:0|row:5|col:0,table_cell,25-OH vitamin D,requires_classification,repetition,identical_normalized_wording_across_distinct_sha256; independence_not_established,STMT-HN-0206,not_assigned,intake_only; wording preserved; no interpretation
STMT-HN-0444,SRC-HN-001,SREP-HN-001,table:0|row:5|col:1,table_cell,Vitamin-D status,requires_classification,unclear,,,not_assigned,intake_only; wording preserved; no interpretation
STMT-HN-0445,SRC-HN-001,SREP-HN-001,table:0|row:5|col:2,table_cell,Core/targeted,requires_classification,repetition,identical_normalized_wording_within_same_artifact; independence_not_applicable,STMT-HN-0448;STMT-HN-0451,not_assigned,intake_only; wording preserved; no interpretation
STMT-HN-0446,SRC-HN-001,SREP-HN-001,table:0|row:6|col:0,table_cell,B12 + folate,requires_classification,unclear,,,not_assigned,intake_only; wording preserved; no interpretation
STMT-HN-0447,SRC-HN-001,SREP-HN-001,table:0|row:6|col:1,table_cell,Cell proliferation/hematologic context,requires_classification,unclear,,,not_assigned,intake_only; wording preserved; no interpretation
STMT-HN-0448,SRC-HN-001,SREP-HN-001,table:0|row:6|col:2,table_cell,Core/targeted,requires_classification,repetition,identical_normalized_wording_within_same_artifact; independence_not_applicable,STMT-HN-0445;STMT-HN-0451,not_assigned,intake_only; wording preserved; no interpretation
STMT-HN-0449,SRC-HN-001,SREP-HN-001,table:0|row:7|col:0,table_cell,Zinc,requires_classification,repetition,identical_normalized_wording_across_distinct_sha256; independence_not_established,STMT-HN-0060;STMT-HN-0208;STMT-HN-0278,not_assigned,intake_only; wording preserved; no interpretation
STMT-HN-0450,SRC-HN-001,SREP-HN-001,table:0|row:7|col:1,table_cell,Zinc status,requires_classification,unclear,,,not_assigned,intake_only; wording preserved; no interpretation
STMT-HN-0451,SRC-HN-001,SREP-HN-001,table:0|row:7|col:2,table_cell,Core/targeted,requires_classification,repetition,identical_normalized_wording_within_same_artifact; independence_not_applicable,STMT-HN-0445;STMT-HN-0448,not_assigned,intake_only; wording preserved; no interpretation
STMT-HN-0452,SRC-HN-001,SREP-HN-001,table:0|row:8|col:0,table_cell,Copper + ceruloplasmin,requires_classification,unclear,,,not_assigned,intake_only; wording preserved; no interpretation
STMT-HN-0453,SRC-HN-001,SREP-HN-001,table:0|row:8|col:1,table_cell,"Copper balance, especially with zinc exposure",requires_classification,unclear,,,not_assigned,intake_only; wording preserved; no interpretation
STMT-HN-0454,SRC-HN-001,SREP-HN-001,table:0|row:8|col:2,table_cell,Core when zinc is a concern,requires_classification,unclear,,,not_assigned,intake_only; wording preserved; no interpretation
STMT-HN-0455,SRC-HN-001,SREP-HN-001,table:0|row:9|col:0,table_cell,Magnesium,requires_classification,repetition,identical_normalized_wording_across_distinct_sha256; independence_not_established,STMT-HN-0072;STMT-HN-0210;STMT-HN-0290,not_assigned,intake_only; wording preserved; no interpretation
STMT-HN-0456,SRC-HN-001,SREP-HN-001,table:0|row:9|col:1,table_cell,Mineral/ATP context,requires_classification,unclear,,,not_assigned,intake_only; wording preserved; no interpretation
STMT-HN-0457,SRC-HN-001,SREP-HN-001,table:0|row:9|col:2,table_cell,Targeted,requires_classification,repetition,identical_normalized_wording_within_same_artifact; independence_not_applicable,STMT-HN-0460;STMT-HN-0463;STMT-HN-0466;STMT-HN-0469,not_assigned,intake_only; wording preserved; no interpretation
STMT-HN-0458,SRC-HN-001,SREP-HN-001,table:0|row:10|col:0,table_cell,Fasting glucose + HbA1c + lipids,requires_classification,unclear,,,not_assigned,intake_only; wording preserved; no interpretation
STMT-HN-0459,SRC-HN-001,SREP-HN-001,table:0|row:10|col:1,table_cell,Metabolic context,requires_classification,unclear,,,not_assigned,intake_only; wording preserved; no interpretation
STMT-HN-0460,SRC-HN-001,SREP-HN-001,table:0|row:10|col:2,table_cell,Targeted,requires_classification,repetition,identical_normalized_wording_within_same_artifact; independence_not_applicable,STMT-HN-0457;STMT-HN-0463;STMT-HN-0466;STMT-HN-0469,not_assigned,intake_only; wording preserved; no interpretation
STMT-HN-0461,SRC-HN-001,SREP-HN-001,table:0|row:11|col:0,table_cell,Free T3 + thyroid antibodies,requires_classification,unclear,,,not_assigned,intake_only; wording preserved; no interpretation
STMT-HN-0462,SRC-HN-001,SREP-HN-001,table:0|row:11|col:1,table_cell,Further thyroid characterization when indicated,requires_classification,unclear,,,not_assigned,intake_only; wording preserved; no interpretation
STMT-HN-0463,SRC-HN-001,SREP-HN-001,table:0|row:11|col:2,table_cell,Targeted,requires_classification,repetition,identical_normalized_wording_within_same_artifact; independence_not_applicable,STMT-HN-0457;STMT-HN-0460;STMT-HN-0466;STMT-HN-0469,not_assigned,intake_only; wording preserved; no interpretation
STMT-HN-0464,SRC-HN-001,SREP-HN-001,table:0|row:12|col:0,table_cell,Whole-blood thiamine diphosphate,requires_classification,unclear,,,not_assigned,intake_only; wording preserved; no interpretation
STMT-HN-0465,SRC-HN-001,SREP-HN-001,table:0|row:12|col:1,table_cell,B1 status,requires_classification,unclear,,,not_assigned,intake_only; wording preserved; no interpretation
STMT-HN-0466,SRC-HN-001,SREP-HN-001,table:0|row:12|col:2,table_cell,Targeted,requires_classification,repetition,identical_normalized_wording_within_same_artifact; independence_not_applicable,STMT-HN-0457;STMT-HN-0460;STMT-HN-0463;STMT-HN-0469,not_assigned,intake_only; wording preserved; no interpretation
STMT-HN-0467,SRC-HN-001,SREP-HN-001,table:0|row:13|col:0,table_cell,MMA + homocysteine,requires_classification,unclear,,,not_assigned,intake_only; wording preserved; no interpretation
STMT-HN-0468,SRC-HN-001,SREP-HN-001,table:0|row:13|col:1,table_cell,Selected B12/folate questions,requires_classification,unclear,,,not_assigned,intake_only; wording preserved; no interpretation
STMT-HN-0469,SRC-HN-001,SREP-HN-001,table:0|row:13|col:2,table_cell,Targeted,requires_classification,repetition,identical_normalized_wording_within_same_artifact; independence_not_applicable,STMT-HN-0457;STMT-HN-0460;STMT-HN-0463;STMT-HN-0466,not_assigned,intake_only; wording preserved; no interpretation
STMT-HN-0470,SRC-HN-001,SREP-HN-001,table:0|row:14|col:0,table_cell,Lactate + pyruvate,requires_classification,unclear,,,not_assigned,intake_only; wording preserved; no interpretation
STMT-HN-0471,SRC-HN-001,SREP-HN-001,table:0|row:14|col:1,table_cell,Selected mitochondrial/metabolic questions,requires_classification,unclear,,,not_assigned,intake_only; wording preserved; no interpretation
STMT-HN-0472,SRC-HN-001,SREP-HN-001,table:0|row:14|col:2,table_cell,Specialty,requires_classification,unclear,,,not_assigned,intake_only; wording preserved; no interpretation
STMT-HN-0473,SRC-HN-001,SREP-HN-001,table:1|row:0|col:0,table_cell,Template,requires_classification,unclear,,,not_assigned,intake_only; wording preserved; no interpretation
STMT-HN-0474,SRC-HN-001,SREP-HN-001,table:1|row:0|col:1,table_cell,Core recipe,requires_classification,unclear,,,not_assigned,intake_only; wording preserved; no interpretation
STMT-HN-0475,SRC-HN-001,SREP-HN-001,table:1|row:0|col:2,table_cell,Primary targets,requires_classification,unclear,,,not_assigned,intake_only; wording preserved; no interpretation
STMT-HN-0476,SRC-HN-001,SREP-HN-001,table:1|row:1|col:0,table_cell,Salmon + lentils + broccoli,requires_classification,repetition,identical_normalized_wording_across_distinct_sha256; independence_not_established,STMT-HN-0158;STMT-HN-0308,not_assigned,intake_only; wording preserved; no interpretation
STMT-HN-0477,SRC-HN-001,SREP-HN-001,table:1|row:1|col:1,table_cell,"Salmon, lentils, broccoli, olive oil, lemon, herbs",requires_classification,unclear,,,not_assigned,intake_only; wording preserved; no interpretation
STMT-HN-0478,SRC-HN-001,SREP-HN-001,table:1|row:1|col:2,table_cell,"Protein, EPA/DHA, selenium, B12, iron, folate, fiber",requires_classification,unclear,,,not_assigned,intake_only; wording preserved; no interpretation
STMT-HN-0479,SRC-HN-001,SREP-HN-001,table:1|row:2|col:0,table_cell,Beef + mushrooms + lentils,requires_classification,unclear,,,not_assigned,intake_only; wording preserved; no interpretation
STMT-HN-0480,SRC-HN-001,SREP-HN-001,table:1|row:2|col:1,table_cell,"Lean beef, lentils, mushrooms, carrots, broccoli, olive oil",requires_classification,unclear,,,not_assigned,intake_only; wording preserved; no interpretation
STMT-HN-0481,SRC-HN-001,SREP-HN-001,table:1|row:2|col:2,table_cell,"Iron, zinc, B12, protein, folate, magnesium",requires_classification,unclear,,,not_assigned,intake_only; wording preserved; no interpretation
STMT-HN-0482,SRC-HN-001,SREP-HN-001,table:1|row:3|col:0,table_cell,Egg + mushroom + sweet potato,requires_classification,repetition,identical_normalized_wording_across_distinct_sha256; independence_not_established,STMT-HN-0314,not_assigned,intake_only; wording preserved; no interpretation
STMT-HN-0483,SRC-HN-001,SREP-HN-001,table:1|row:3|col:1,table_cell,"Eggs, mushrooms, spinach, sweet potato, avocado, pumpkin seeds",requires_classification,unclear,,,not_assigned,intake_only; wording preserved; no interpretation
STMT-HN-0484,SRC-HN-001,SREP-HN-001,table:1|row:3|col:2,table_cell,"Protein, choline, B vitamins, magnesium, zinc",requires_classification,unclear,,,not_assigned,intake_only; wording preserved; no interpretation
STMT-HN-0485,SRC-HN-001,SREP-HN-001,table:1|row:4|col:0,table_cell,Sardine Mediterranean plate,requires_classification,repetition,identical_normalized_wording_across_distinct_sha256; independence_not_established,STMT-HN-0126;STMT-HN-0178;STMT-HN-0317,not_assigned,intake_only; wording preserved; no interpretation
STMT-HN-0486,SRC-HN-001,SREP-HN-001,table:1|row:4|col:1,table_cell,"Sardines, potato/sweet potato, greens, broccoli, olives, lemon",requires_classification,unclear,,,not_assigned,intake_only; wording preserved; no interpretation
STMT-HN-0487,SRC-HN-001,SREP-HN-001,table:1|row:4|col:2,table_cell,"Omega-3, B12, selenium, vitamin D, calcium",requires_classification,unclear,,,not_assigned,intake_only; wording preserved; no interpretation
STMT-HN-0488,SRC-HN-001,SREP-HN-001,table:1|row:5|col:0,table_cell,Moroccan chicken + chickpeas,requires_classification,repetition,identical_normalized_wording_across_distinct_sha256; independence_not_established,STMT-HN-0129;STMT-HN-0175;STMT-HN-0320,not_assigned,intake_only; wording preserved; no interpretation
STMT-HN-0489,SRC-HN-001,SREP-HN-001,table:1|row:5|col:1,table_cell,"Chicken, chickpeas, carrots, greens, cumin, coriander, turmeric, lemon",requires_classification,unclear,,,not_assigned,intake_only; wording preserved; no interpretation
STMT-HN-0490,SRC-HN-001,SREP-HN-001,table:1|row:5|col:2,table_cell,"Protein, folate, magnesium, fiber, phytochemicals",requires_classification,unclear,,,not_assigned,intake_only; wording preserved; no interpretation
STMT-HN-0491,SRC-HN-001,SREP-HN-001,table:1|row:6|col:0,table_cell,Greek yogurt + berries + seeds,requires_classification,repetition,identical_normalized_wording_across_distinct_sha256; independence_not_established,STMT-HN-0160;STMT-HN-0323,not_assigned,intake_only; wording preserved; no interpretation
STMT-HN-0492,SRC-HN-001,SREP-HN-001,table:1|row:6|col:1,table_cell,"Greek yogurt, berries, walnuts, pumpkin seeds, chia, cinnamon",requires_classification,unclear,,,not_assigned,intake_only; wording preserved; no interpretation
STMT-HN-0493,SRC-HN-001,SREP-HN-001,table:1|row:6|col:2,table_cell,"Protein, polyphenols, magnesium, zinc",requires_classification,unclear,,,not_assigned,intake_only; wording preserved; no interpretation
STMT-HN-0494,SRC-HN-001,SREP-HN-001,table:2|row:0|col:0,table_cell,Evidence domain,requires_classification,unclear,,,not_assigned,intake_only; wording preserved; no interpretation
STMT-HN-0495,SRC-HN-001,SREP-HN-001,table:2|row:0|col:1,table_cell,Level,requires_classification,unclear,,,not_assigned,intake_only; wording preserved; no interpretation
STMT-HN-0496,SRC-HN-001,SREP-HN-001,table:2|row:0|col:2,table_cell,Interpretation,requires_classification,unclear,,,not_assigned,intake_only; wording preserved; no interpretation
STMT-HN-0497,SRC-HN-001,SREP-HN-001,table:2|row:1|col:0,table_cell,Traditional/ethnomedical use,requires_classification,unclear,,,not_assigned,intake_only; wording preserved; no interpretation
STMT-HN-0498,SRC-HN-001,SREP-HN-001,table:2|row:1|col:1,table_cell,Documented,requires_classification,repetition,identical_normalized_wording_within_same_artifact; independence_not_applicable,STMT-HN-0501,not_assigned,intake_only; wording preserved; no interpretation
STMT-HN-0499,SRC-HN-001,SREP-HN-001,table:2|row:1|col:2,table_cell,Use in scalp/skin and other conditions varies by tradition and geography.,requires_classification,unclear,,,not_assigned,intake_only; wording preserved; no interpretation
STMT-HN-0500,SRC-HN-001,SREP-HN-001,table:2|row:2|col:0,table_cell,Ayurvedic institutional use,requires_classification,unclear,,,not_assigned,intake_only; wording preserved; no interpretation
STMT-HN-0501,SRC-HN-001,SREP-HN-001,table:2|row:2|col:1,table_cell,Documented,requires_classification,repetition,identical_normalized_wording_within_same_artifact; independence_not_applicable,STMT-HN-0498,not_assigned,intake_only; wording preserved; no interpretation
STMT-HN-0502,SRC-HN-001,SREP-HN-001,table:2|row:2|col:2,table_cell,Scalp/hair oil use for lustre is described by an Ayurveda institution.,requires_classification,unclear,,,not_assigned,intake_only; wording preserved; no interpretation
STMT-HN-0503,SRC-HN-001,SREP-HN-001,table:2|row:3|col:0,table_cell,Phytochemistry,requires_classification,unclear,,,not_assigned,intake_only; wording preserved; no interpretation
STMT-HN-0504,SRC-HN-001,SREP-HN-001,table:2|row:3|col:1,table_cell,Strong,requires_classification,unclear,,,not_assigned,intake_only; wording preserved; no interpretation
STMT-HN-0505,SRC-HN-001,SREP-HN-001,table:2|row:3|col:2,table_cell,"Essential oil contains monoterpenes, sesquiterpenes and phenylpropanoids; composition varies with source/extraction.",requires_classification,unclear,,,not_assigned,intake_only; wording preserved; no interpretation
STMT-HN-0506,SRC-HN-001,SREP-HN-001,table:2|row:4|col:0,table_cell,Antimicrobial/anti-inflammatory activity,requires_classification,unclear,,,not_assigned,intake_only; wording preserved; no interpretation
STMT-HN-0507,SRC-HN-001,SREP-HN-001,table:2|row:4|col:1,table_cell,Preclinical/experimental,requires_classification,unclear,,,not_assigned,intake_only; wording preserved; no interpretation
STMT-HN-0508,SRC-HN-001,SREP-HN-001,table:2|row:4|col:2,table_cell,"Biological activities are reported, but translation to hair regrowth is uncertain.",requires_classification,unclear,,,not_assigned,intake_only; wording preserved; no interpretation
STMT-HN-0509,SRC-HN-001,SREP-HN-001,table:2|row:5|col:0,table_cell,Animal hair-growth evidence,requires_classification,unclear,,,not_assigned,intake_only; wording preserved; no interpretation
STMT-HN-0510,SRC-HN-001,SREP-HN-001,table:2|row:5|col:1,table_cell,Preclinical,requires_classification,unclear,,,not_assigned,intake_only; wording preserved; no interpretation
STMT-HN-0511,SRC-HN-001,SREP-HN-001,table:2|row:5|col:2,table_cell,Some extract/hair-tonic studies exist; not equivalent to human efficacy.,requires_classification,unclear,,,not_assigned,intake_only; wording preserved; no interpretation
STMT-HN-0512,SRC-HN-001,SREP-HN-001,table:2|row:6|col:0,table_cell,Human hair-regrowth clinical evidence,requires_classification,unclear,,,not_assigned,intake_only; wording preserved; no interpretation
STMT-HN-0513,SRC-HN-001,SREP-HN-001,table:2|row:6|col:1,table_cell,Insufficient,requires_classification,unclear,,,not_assigned,intake_only; wording preserved; no interpretation
STMT-HN-0514,SRC-HN-001,SREP-HN-001,table:2|row:6|col:2,table_cell,Do not claim proven regrowth from current evidence.,requires_classification,unclear,,,not_assigned,intake_only; wording preserved; no interpretation
