record_id,ecosystem,source,original_title,normalized_title,pass1_reference,pass1_match_class,otter_id,otter_date,packet_dir,external_representation_type,external_url,local_representation_already_present,novelty_score,identity_confidence,evidence_gain_score,processing_effort,duplication_risk,downstream_utility,preservation_value,acquisition_cost_class,information_gain_effort,acquisition_decision,acquisition_rationale,what_this_could_add,what_we_already_have,blocking_condition,notes
aosrd-webinars-000-R0k2AM7bvcw,AOSRD_Clearfield,aosrd_webinars_youtube,We Can’t Keep Eating Like This with Dr. Paul Clayton​  – Video,we can t keep eating like this with dr paul clayton video,aosrd-webinars-000-R0k2AM7bvcw,possible,Se28ZvfBuNMYHNmwQG9ua7gbTWk,2026-03-10,Research/lectures/clearfield-webinar-2026-03-10,YouTube_video,https://youtu.be/R0k2AM7bvcw,yes,1,low,1,very_high,high,low,low,high,poor,DEFER_IDENTITY_UNRESOLVED,Pass 1 match is only possible. Video acquisition/processing is expensive and captions are unverified. Resolve identity first before considering video.,Unclear until identity is resolved; may largely duplicate Otter text.,Se28ZvfBuNMYHNmwQG9ua7gbTWk:otter_transcript+otter_summary+mednote_stack+slides_claimed_elsewhere,resolve_identity_before_video_acquisition,pass3_availability=available_external; captions=not_checked; has_pdf_also=False
aosrd-webinars-001-1FvBmDULAM0,AOSRD_Clearfield,aosrd_webinars_youtube,Peter Zebot-The Second Law of Human Nature  – Video,peter zebot the second law of human nature video,aosrd-webinars-001-1FvBmDULAM0,no_match,,,,YouTube_video,https://youtu.be/1FvBmDULAM0,no,3,unresolved,2,very_high,low,medium,medium,very_high,poor,DEFER_EXPENSIVE_VIDEO,"Potentially new session relative to Otter corpus (Pass 1 no_match — not confirmed new), but representation is video-only with captions/transcript status not_checked. Acquisition would likely require download + transcription (very high effort) without a verified text route. Defer until caption availability can be verified without downloading, or until a cheaper text representation is found.",Possibly a session absent from Otter — but only after expensive AV processing with unverified captions.,catalog_and_external_URL,verify_captions_or_prefer_PDF_before_any_video_acquire; not_a_confirmed_new_lecture,pass3_availability=available_external; captions=not_checked; has_pdf_also=False; pot=potentially_new_session
aosrd-webinars-002-db3pbTDvVzk,AOSRD_Clearfield,aosrd_webinars_youtube,"The Collagen Network-Rebuild, Stregthen and Maintain Immune Regulation, Creatine and Mitochondrial Magnesium with Jill Beckman  – Video",the collagen network rebuild stregthen and maintain immune regulation creatine and mitochondrial magnesium with jill beckman video,aosrd-webinars-002-db3pbTDvVzk,possible,lnZUNAyEcVNSN0i3JOEbuJcc15A,2025-02-19,Research/lectures/clearfield-webinar-2025-02-19,YouTube_video,https://youtu.be/db3pbTDvVzk,yes,1,low,1,very_high,high,low,low,high,poor,DEFER_IDENTITY_UNRESOLVED,Pass 1 match is only possible. Video acquisition/processing is expensive and captions are unverified. Resolve identity first before considering video.,Unclear until identity is resolved; may largely duplicate Otter text.,lnZUNAyEcVNSN0i3JOEbuJcc15A:otter_transcript+otter_summary+mednote_stack+slides_claimed_elsewhere,resolve_identity_before_video_acquisition,pass3_availability=available_external; captions=not_checked; has_pdf_also=False
aosrd-webinars-003-no_8kTiBj6g,AOSRD_Clearfield,aosrd_webinars_youtube,Build Your Own Personalized Nutritional  Formula from the Ground Up With Michael Lomis – Video,build your own personalized nutritional formula from the ground up with michael lomis video,aosrd-webinars-003-no_8kTiBj6g,no_match,,,,YouTube_video,https://youtu.be/no_8kTiBj6g,no,3,unresolved,2,very_high,low,medium,medium,very_high,poor,DEFER_EXPENSIVE_VIDEO,"Potentially new session relative to Otter corpus (Pass 1 no_match — not confirmed new), but representation is video-only with captions/transcript status not_checked. Acquisition would likely require download + transcription (very high effort) without a verified text route. Defer until caption availability can be verified without downloading, or until a cheaper text representation is found.",Possibly a session absent from Otter — but only after expensive AV processing with unverified captions.,catalog_and_external_URL,verify_captions_or_prefer_PDF_before_any_video_acquire; not_a_confirmed_new_lecture,pass3_availability=available_external; captions=not_checked; has_pdf_also=False; pot=potentially_new_session
aosrd-webinars-004-tIwwIf1egq0,AOSRD_Clearfield,aosrd_webinars_youtube,Why Vitamin C Therapy Works – Video,why vitamin c therapy works video,aosrd-webinars-004-tIwwIf1egq0,no_match,,,,YouTube_video,https://youtu.be/tIwwIf1egq0,no,3,unresolved,2,very_high,low,medium,medium,very_high,poor,DEFER_EXPENSIVE_VIDEO,"Potentially new session relative to Otter corpus (Pass 1 no_match — not confirmed new), but representation is video-only with captions/transcript status not_checked. Acquisition would likely require download + transcription (very high effort) without a verified text route. Defer until caption availability can be verified without downloading, or until a cheaper text representation is found.",Possibly a session absent from Otter — but only after expensive AV processing with unverified captions.,catalog_and_external_URL,verify_captions_or_prefer_PDF_before_any_video_acquire; not_a_confirmed_new_lecture,pass3_availability=available_external; captions=not_checked; has_pdf_also=False; pot=potentially_new_session
aosrd-webinars-005--2J8nSF-a-g,AOSRD_Clearfield,aosrd_webinars_youtube,"When Syndromes Overlap-A Complex Case History of Hyperadrogenism, Multiple Autoimmune Maladies, and Evolving Metabolic Signals – Video",when syndromes overlap a complex case history of hyperadrogenism multiple autoimmune maladies and evolving metabolic signals video,aosrd-webinars-005--2J8nSF-a-g,no_match,,,,YouTube_video,https://youtu.be/-2J8nSF-a-g,no,3,unresolved,2,very_high,low,medium,medium,very_high,poor,DEFER_EXPENSIVE_VIDEO,"Potentially new session relative to Otter corpus (Pass 1 no_match — not confirmed new), but representation is video-only with captions/transcript status not_checked. Acquisition would likely require download + transcription (very high effort) without a verified text route. Defer until caption availability can be verified without downloading, or until a cheaper text representation is found.",Possibly a session absent from Otter — but only after expensive AV processing with unverified captions.,catalog_and_external_URL,verify_captions_or_prefer_PDF_before_any_video_acquire; not_a_confirmed_new_lecture,pass3_availability=available_external; captions=not_checked; has_pdf_also=False; pot=potentially_new_session
aosrd-webinars-006-GavfM5gafHU,AOSRD_Clearfield,aosrd_webinars_youtube,The Psychology of Success with Dr. Jim Naccarato – Video,the psychology of success with dr jim naccarato video,aosrd-webinars-006-GavfM5gafHU,no_match,,,,YouTube_video,https://youtu.be/GavfM5gafHU,no,3,unresolved,2,very_high,low,medium,medium,very_high,poor,DEFER_EXPENSIVE_VIDEO,"Potentially new session relative to Otter corpus (Pass 1 no_match — not confirmed new), but representation is video-only with captions/transcript status not_checked. Acquisition would likely require download + transcription (very high effort) without a verified text route. Defer until caption availability can be verified without downloading, or until a cheaper text representation is found.",Possibly a session absent from Otter — but only after expensive AV processing with unverified captions.,catalog_and_external_URL,verify_captions_or_prefer_PDF_before_any_video_acquire; not_a_confirmed_new_lecture,pass3_availability=available_external; captions=not_checked; has_pdf_also=False; pot=potentially_new_session
aosrd-webinars-007-TcgYciqCmbM,AOSRD_Clearfield,aosrd_webinars_youtube,From Chronic Illness to High Fit Patients with Jake Guidas – Video,from chronic illness to high fit patients with jake guidas video,aosrd-webinars-007-TcgYciqCmbM,no_match,,,,YouTube_video,https://youtu.be/TcgYciqCmbM,no,3,unresolved,2,very_high,low,medium,medium,very_high,poor,DEFER_EXPENSIVE_VIDEO,"Potentially new session relative to Otter corpus (Pass 1 no_match — not confirmed new), but representation is video-only with captions/transcript status not_checked. Acquisition would likely require download + transcription (very high effort) without a verified text route. Defer until caption availability can be verified without downloading, or until a cheaper text representation is found.",Possibly a session absent from Otter — but only after expensive AV processing with unverified captions.,catalog_and_external_URL,verify_captions_or_prefer_PDF_before_any_video_acquire; not_a_confirmed_new_lecture,pass3_availability=available_external; captions=not_checked; has_pdf_also=False; pot=potentially_new_session
aosrd-webinars-008-w5yTm2FVNFg,AOSRD_Clearfield,aosrd_webinars_youtube,Ancient Healing Traditions for Modern Times – Video,ancient healing traditions for modern times video,aosrd-webinars-008-w5yTm2FVNFg,no_match,,,,AOSRD_PDF,https://aosrd.org/wp-content/uploads/2026/06/Ancient-Wisdom-Modern-Healing1.pdf,no,4,unresolved,3,low,low,medium,medium,low,exceptional,ACQUIRE_CANDIDATE,AOSRD PDF is externally available and Pass 1 found no reasonable Otter candidate (potentially_new_session — not a confirmed new lecture). Low-cost text/visual source that could add a session representation absent from the current 98-session Otter corpus.,PDF lecture notes/slides/figures/references for a source without an Otter packet match.,catalog_record_and_URL_only,,pdf_role=potentially_new_source; pass3_pdf_availability=available_external; pass1_rel=potentially_new_session
aosrd-webinars-008-w5yTm2FVNFg,AOSRD_Clearfield,aosrd_webinars_youtube,Ancient Healing Traditions for Modern Times – Video,ancient healing traditions for modern times video,aosrd-webinars-008-w5yTm2FVNFg,no_match,,,,YouTube_video,https://youtu.be/w5yTm2FVNFg,no,2,unresolved,2,very_high,low,medium,low,very_high,weak,DEFER_EXPENSIVE_VIDEO,Pass 1 has no Otter candidate (potentially_new_session — not confirmed new). A companion AOSRD PDF is externally available and is the preferable low-cost text/visual acquisition path. Video captions are unverified; defer expensive video unless a later authorized pass shows a specific AV-only gap after PDF review.,Possibly a session absent from Otter — but only after expensive AV processing with unverified captions.,catalog_and_external_URL;+external_PDF_candidate,verify_captions_or_prefer_PDF_before_any_video_acquire; not_a_confirmed_new_lecture,pass3_availability=available_external; captions=not_checked; has_pdf_also=True; pot=potentially_new_session
aosrd-webinars-009-2qegURyj8Yg,AOSRD_Clearfield,aosrd_webinars_youtube,Could Carbon 60 Be the Next Frontier in Longevity Medicine with Bob Greska – Video,could carbon 60 be the next frontier in longevity medicine with bob greska video,aosrd-webinars-009-2qegURyj8Yg,possible,hxlUjPAXSClySIs4HN1P0CWe_Qk,2026-06-16,Research/lectures/clearfield-webinar-2026-06-16,YouTube_video,https://youtu.be/2qegURyj8Yg,yes,1,low,1,very_high,high,low,low,high,poor,DEFER_IDENTITY_UNRESOLVED,Pass 1 match is only possible. Video acquisition/processing is expensive and captions are unverified. Resolve identity first before considering video.,Unclear until identity is resolved; may largely duplicate Otter text.,hxlUjPAXSClySIs4HN1P0CWe_Qk:otter_transcript+otter_summary+mednote_stack+slides_claimed_elsewhere,resolve_identity_before_video_acquisition,pass3_availability=available_external; captions=not_checked; has_pdf_also=False
aosrd-webinars-010-_slDDht8T8c,AOSRD_Clearfield,aosrd_webinars_youtube,Integrative Medicine Meets Applied Physics w Dr Chris Meletis – Video,integrative medicine meets applied physics w dr chris meletis video,aosrd-webinars-010-_slDDht8T8c,possible,SiB7Ifahh4_dfJVERQgP60auXjw;sLBIeA_Jmb8LAaQrgfDavdK3onA,2026-05-19;2025-10-28,Research/lectures/clearfield-webinar-2026-05-19;Research/lectures/clearfield-webinar-2025-10-28,YouTube_video,https://youtu.be/_slDDht8T8c,yes,1,low,1,very_high,high,low,low,high,poor,DEFER_IDENTITY_UNRESOLVED,Pass 1 match is only possible. Video acquisition/processing is expensive and captions are unverified. Resolve identity first before considering video.,Unclear until identity is resolved; may largely duplicate Otter text.,SiB7Ifahh4_dfJVERQgP60auXjw:otter_transcript+otter_summary+mednote_stack+slides_claimed_elsewhere; sLBIeA_Jmb8LAaQrgfDavdK3onA:otter_transcript+otter_summary+mednote_stack+slides_claimed_elsewhere,resolve_identity_before_video_acquisition,pass3_availability=available_external; captions=not_checked; has_pdf_also=False
aosrd-webinars-011-4uO525HIEm0,AOSRD_Clearfield,aosrd_webinars_youtube,AI in Healthcare with Dr. Benoit Tano – Video – 17  June 2026,ai in healthcare with dr benoit tano video 17 june 2026,aosrd-webinars-011-4uO525HIEm0,possible,81vgkJ55QnsvesXbnyxCMQPr6Rc,2026-06-09,Research/lectures/clearfield-webinar-2026-06-09,YouTube_video,https://youtu.be/4uO525HIEm0,yes,1,low,1,very_high,high,low,low,high,poor,DEFER_IDENTITY_UNRESOLVED,Pass 1 match is only possible. Video acquisition/processing is expensive and captions are unverified. Resolve identity first before considering video.,Unclear until identity is resolved; may largely duplicate Otter text.,81vgkJ55QnsvesXbnyxCMQPr6Rc:otter_transcript+otter_summary+mednote_stack+slides_claimed_elsewhere,resolve_identity_before_video_acquisition,pass3_availability=available_external; captions=not_checked; has_pdf_also=False
aosrd-webinars-012-EcAxOut2zBI,AOSRD_Clearfield,aosrd_webinars_youtube,"Everyone Knows Someone with Cancer, What Can We Do About it with – Video – 17 June 2026",everyone knows someone with cancer what can we do about it with video 17 june 2026,aosrd-webinars-012-EcAxOut2zBI,possible,avbRWMav2fwgobz9r7HjwR4z44I,2026-06-02,Research/lectures/clearfield-webinar-2026-06-02,YouTube_video,https://youtu.be/EcAxOut2zBI,yes,1,low,1,very_high,high,low,low,high,poor,DEFER_IDENTITY_UNRESOLVED,Pass 1 match is only possible. Video acquisition/processing is expensive and captions are unverified. Resolve identity first before considering video.,Unclear until identity is resolved; may largely duplicate Otter text.,avbRWMav2fwgobz9r7HjwR4z44I:otter_transcript+otter_summary+mednote_stack+slides_claimed_elsewhere,resolve_identity_before_video_acquisition,pass3_availability=available_external; captions=not_checked; has_pdf_also=False
aosrd-webinars-013-U2sLxeOYnFU,AOSRD_Clearfield,aosrd_webinars_youtube,The Histology of Morgellons Nobody’s Talking About – Video,the histology of morgellons nobody s talking about video,aosrd-webinars-013-U2sLxeOYnFU,no_match,,,,YouTube_video,https://www.youtube.com/watch?v=U2sLxeOYnFU,no,3,unresolved,2,very_high,low,medium,medium,very_high,poor,DEFER_EXPENSIVE_VIDEO,"Potentially new session relative to Otter corpus (Pass 1 no_match — not confirmed new), but representation is video-only with captions/transcript status not_checked. Acquisition would likely require download + transcription (very high effort) without a verified text route. Defer until caption availability can be verified without downloading, or until a cheaper text representation is found.",Possibly a session absent from Otter — but only after expensive AV processing with unverified captions.,catalog_and_external_URL,verify_captions_or_prefer_PDF_before_any_video_acquire; not_a_confirmed_new_lecture,pass3_availability=available_external; captions=not_checked; has_pdf_also=False; pot=potentially_new_session
aosrd-webinars-014-OOyPAmbcz0U,AOSRD_Clearfield,aosrd_webinars_youtube,Video – 19 May 2026,video 19 may 2026,aosrd-webinars-014-OOyPAmbcz0U,possible,SiB7Ifahh4_dfJVERQgP60auXjw;H1Iomsee4ZUONKKezPDcMBYCvQ0;noIHLP-haQRngsIwy5mlPxVj6SM,2026-05-19;2026-06-30;2026-02-18,Research/lectures/clearfield-webinar-2026-05-19;Research/lectures/clearfield-webinar-2026-06-30;Research/lectures/clearfield-webinar-2026-02-18,YouTube_video,https://youtu.be/OOyPAmbcz0U,yes,1,low,1,very_high,high,low,low,high,poor,DEFER_IDENTITY_UNRESOLVED,Pass 1 match is only possible. Video acquisition/processing is expensive and captions are unverified. Resolve identity first before considering video.,Unclear until identity is resolved; may largely duplicate Otter text.,SiB7Ifahh4_dfJVERQgP60auXjw:otter_transcript+otter_summary+mednote_stack+slides_claimed_elsewhere; noIHLP-haQRngsIwy5mlPxVj6SM:otter_transcript+otter_summary+mednote_stack+slides_claimed_elsewhere,resolve_identity_before_video_acquisition,pass3_availability=available_external; captions=not_checked; has_pdf_also=False
aosrd-webinars-015-vngXuAjbS-4,AOSRD_Clearfield,aosrd_webinars_youtube,The Direct Primary Care Practice Model-How to Do It with Stefan Hartmann – Video – 12 May 2026,the direct primary care practice model how to do it with stefan hartmann video 12 may 2026,aosrd-webinars-015-vngXuAjbS-4,strong,7f1TOn8POnM4I7k7Kv04F-ZbcYA;P7cEH8dwjVWTUDcsolAayRGqqp4,2026-05-12;2024-10-29,Research/lectures/clearfield-webinar-2026-05-12;Research/lectures/clearfield-webinar-2024-10-29,YouTube_video,https://youtu.be/vngXuAjbS-4,yes,1,high,1,very_high,high,low,low,high,poor,DEFER_EXPENSIVE_VIDEO,"YouTube_video appears to duplicate an Otter-covered session (Pass 1 strong). Otter transcript + MedNote already exist locally. Captions/transcript status is not verified (Pass 3 not_checked), so video acquisition would be high-cost with little expected text gain. No verified additional text representation is currently available.",Possibly AV fidelity / delivery timing; unlikely new textual knowledge vs Otter.,7f1TOn8POnM4I7k7Kv04F-ZbcYA:otter_transcript+otter_summary+mednote_stack+slides_claimed_elsewhere; P7cEH8dwjVWTUDcsolAayRGqqp4:otter_transcript+otter_summary+mednote_stack+slides_claimed_elsewhere,do_not_acquire_video_while_otter_text_exists_and_captions_unverified,pass3_availability=available_external; captions=not_checked; has_pdf_also=False
aosrd-webinars-016-VbIvp2bY8xs,AOSRD_Clearfield,aosrd_webinars_youtube,What If Aging is the Real Disease with Dr Bill Andrews and Sonny Ngyuen – Video – 6 May 2026,what if aging is the real disease with dr bill andrews and sonny ngyuen video 6 may 2026,aosrd-webinars-016-VbIvp2bY8xs,possible,l416W8yP4i7dv3Jhd5H2F74zMnU;ajVChHpkQS72kcrtN9J03lwNFZ0,2026-01-21;2026-04-28,Research/lectures/clearfield-webinar-2026-01-21;Research/lectures/clearfield-webinar-2026-04-28,YouTube_video,https://youtu.be/VbIvp2bY8xs,yes,1,low,1,very_high,high,low,low,high,poor,DEFER_IDENTITY_UNRESOLVED,Pass 1 match is only possible. Video acquisition/processing is expensive and captions are unverified. Resolve identity first before considering video.,Unclear until identity is resolved; may largely duplicate Otter text.,l416W8yP4i7dv3Jhd5H2F74zMnU:otter_transcript+otter_summary+mednote_stack+slides_claimed_elsewhere; ajVChHpkQS72kcrtN9J03lwNFZ0:otter_transcript+otter_summary+mednote_stack+slides_claimed_elsewhere,resolve_identity_before_video_acquisition,pass3_availability=available_external; captions=not_checked; has_pdf_also=False
aosrd-webinars-017-1h0pTWQFHGQ,AOSRD_Clearfield,aosrd_webinars_youtube,The Coimbra Protocol-High Dose Vitamin D for Autoimmune Disease Relief – Video – 6 May 2026,the coimbra protocol high dose vitamin d for autoimmune disease relief video 6 may 2026,aosrd-webinars-017-1h0pTWQFHGQ,possible,dBggaNSwAGYqDBG1O_hdE5Zo1CY,2025-12-03,Research/lectures/clearfield-webinar-2025-12-03,YouTube_video,https://youtu.be/1h0pTWQFHGQ,yes,1,low,1,very_high,high,low,low,high,poor,DEFER_IDENTITY_UNRESOLVED,Pass 1 match is only possible. Video acquisition/processing is expensive and captions are unverified. Resolve identity first before considering video.,Unclear until identity is resolved; may largely duplicate Otter text.,dBggaNSwAGYqDBG1O_hdE5Zo1CY:otter_transcript+otter_summary+mednote_stack+slides_claimed_elsewhere,resolve_identity_before_video_acquisition,pass3_availability=available_external; captions=not_checked; has_pdf_also=False
aosrd-webinars-018-239fPv2g6VI,AOSRD_Clearfield,aosrd_webinars_youtube,Estrogen-Devil or Angel​ – Video – 8 Apr 2026,estrogen devil or angel video 8 apr 2026,aosrd-webinars-018-239fPv2g6VI,no_match,,,,YouTube_video,https://youtu.be/239fPv2g6VI,no,3,unresolved,2,very_high,low,medium,medium,very_high,poor,DEFER_EXPENSIVE_VIDEO,"Potentially new session relative to Otter corpus (Pass 1 no_match — not confirmed new), but representation is video-only with captions/transcript status not_checked. Acquisition would likely require download + transcription (very high effort) without a verified text route. Defer until caption availability can be verified without downloading, or until a cheaper text representation is found.",Possibly a session absent from Otter — but only after expensive AV processing with unverified captions.,catalog_and_external_URL,verify_captions_or_prefer_PDF_before_any_video_acquire; not_a_confirmed_new_lecture,pass3_availability=available_external; captions=not_checked; has_pdf_also=False; pot=potentially_new_session
aosrd-webinars-019-D_j_SYnDRBM,AOSRD_Clearfield,aosrd_webinars_youtube,The Multifocal Cardiogram-Artifical Intelligence Meets the EKG with Dr. Sam Fillingane​ – Video – March 2026,the multifocal cardiogram artifical intelligence meets the ekg with dr sam fillingane video march 2026,aosrd-webinars-019-D_j_SYnDRBM,possible,iFe-Jl__wpKT9UKu7NZMWLiMJ5w,2026-03-31,Research/lectures/clearfield-webinar-2026-03-31,YouTube_video,https://youtu.be/D_j_SYnDRBM,yes,1,low,1,very_high,high,low,low,high,poor,DEFER_IDENTITY_UNRESOLVED,Pass 1 match is only possible. Video acquisition/processing is expensive and captions are unverified. Resolve identity first before considering video.,Unclear until identity is resolved; may largely duplicate Otter text.,iFe-Jl__wpKT9UKu7NZMWLiMJ5w:otter_transcript+otter_summary+mednote_stack+slides_claimed_elsewhere,resolve_identity_before_video_acquisition,pass3_availability=available_external; captions=not_checked; has_pdf_also=False
aosrd-webinars-020-IHGfQHUyCaY,AOSRD_Clearfield,aosrd_webinars_youtube,Battlefield Acupuncture with Dr Bill Clearfield​ – Video – March 2026,battlefield acupuncture with dr bill clearfield video march 2026,aosrd-webinars-020-IHGfQHUyCaY,possible,MgYpfjiYtlaKaW_z2gwloZSPQ5o,2026-01-28,Research/lectures/clearfield-webinar-2026-01-28,YouTube_video,https://youtu.be/IHGfQHUyCaY,yes,1,low,1,very_high,high,low,low,high,poor,DEFER_IDENTITY_UNRESOLVED,Pass 1 match is only possible. Video acquisition/processing is expensive and captions are unverified. Resolve identity first before considering video.,Unclear until identity is resolved; may largely duplicate Otter text.,MgYpfjiYtlaKaW_z2gwloZSPQ5o:otter_transcript+otter_summary+mednote_stack+slides_claimed_elsewhere,resolve_identity_before_video_acquisition,pass3_availability=available_external; captions=not_checked; has_pdf_also=False
aosrd-webinars-021-aGltKy2mBBo,AOSRD_Clearfield,aosrd_webinars_youtube,"Frequency, Sound and Autonomic Regulation with Margarita Xistris​ – Video – 3 March 2026",frequency sound and autonomic regulation with margarita xistris video 3 march 2026,aosrd-webinars-021-aGltKy2mBBo,strong,RaBBFKZC2Aa5zl5VmBwF_n4Zwk8,2026-03-04,Research/lectures/clearfield-webinar-2026-03-04,YouTube_video,https://youtu.be/aGltKy2mBBo,yes,1,high,1,very_high,high,low,low,high,poor,DEFER_EXPENSIVE_VIDEO,"YouTube_video appears to duplicate an Otter-covered session (Pass 1 strong). Otter transcript + MedNote already exist locally. Captions/transcript status is not verified (Pass 3 not_checked), so video acquisition would be high-cost with little expected text gain. No verified additional text representation is currently available.",Possibly AV fidelity / delivery timing; unlikely new textual knowledge vs Otter.,RaBBFKZC2Aa5zl5VmBwF_n4Zwk8:otter_transcript+otter_summary+mednote_stack+slides_claimed_elsewhere,do_not_acquire_video_while_otter_text_exists_and_captions_unverified,pass3_availability=available_external; captions=not_checked; has_pdf_also=False
aosrd-webinars-022-Qnnc8l-_VKI,AOSRD_Clearfield,aosrd_webinars_youtube,"Sunshine, Light and Why EMF Protection is More than Skin Deep with Dan Stachofsky​ – Video – 25 March 2026",sunshine light and why emf protection is more than skin deep with dan stachofsky video 25 march 2026,aosrd-webinars-022-Qnnc8l-_VKI,no_match,,,,YouTube_video,https://youtu.be/Qnnc8l-_VKI,no,3,unresolved,2,very_high,low,medium,medium,very_high,poor,DEFER_EXPENSIVE_VIDEO,"Potentially new session relative to Otter corpus (Pass 1 no_match — not confirmed new), but representation is video-only with captions/transcript status not_checked. Acquisition would likely require download + transcription (very high effort) without a verified text route. Defer until caption availability can be verified without downloading, or until a cheaper text representation is found.",Possibly a session absent from Otter — but only after expensive AV processing with unverified captions.,catalog_and_external_URL,verify_captions_or_prefer_PDF_before_any_video_acquire; not_a_confirmed_new_lecture,pass3_availability=available_external; captions=not_checked; has_pdf_also=False; pot=potentially_new_session
aosrd-webinars-023-Tirv1WnOCRY,AOSRD_Clearfield,aosrd_webinars_youtube,The End of Medicine with Dr. Paul Clayton – Video – 12 March 2026,the end of medicine with dr paul clayton video 12 march 2026,aosrd-webinars-023-Tirv1WnOCRY,strong,Se28ZvfBuNMYHNmwQG9ua7gbTWk,2026-03-10,Research/lectures/clearfield-webinar-2026-03-10,YouTube_video,https://youtu.be/Tirv1WnOCRY,yes,1,high,1,very_high,high,low,low,high,poor,DEFER_EXPENSIVE_VIDEO,"YouTube_video appears to duplicate an Otter-covered session (Pass 1 strong). Otter transcript + MedNote already exist locally. Captions/transcript status is not verified (Pass 3 not_checked), so video acquisition would be high-cost with little expected text gain. No verified additional text representation is currently available.",Possibly AV fidelity / delivery timing; unlikely new textual knowledge vs Otter.,Se28ZvfBuNMYHNmwQG9ua7gbTWk:otter_transcript+otter_summary+mednote_stack+slides_claimed_elsewhere,do_not_acquire_video_while_otter_text_exists_and_captions_unverified,pass3_availability=available_external; captions=not_checked; has_pdf_also=False
aosrd-webinars-024-tG56hy020G8,AOSRD_Clearfield,aosrd_webinars_youtube,A Tale of Two Syndromes-PCOS and Hashimoto’s Thyroidits with Dr. Victor Klausner and Bill Clearfield – Video – 3 March 2026,a tale of two syndromes pcos and hashimoto s thyroidits with dr victor klausner and bill clearfield video 3 march 2026,aosrd-webinars-024-tG56hy020G8,possible,eEDmdeOTNokKYKUadQuO_9gDjuo,2026-02-25,Research/lectures/clearfield-webinar-2026-02-25,YouTube_video,https://youtu.be/tG56hy020G8,yes,1,low,1,very_high,high,low,low,high,poor,DEFER_IDENTITY_UNRESOLVED,Pass 1 match is only possible. Video acquisition/processing is expensive and captions are unverified. Resolve identity first before considering video.,Unclear until identity is resolved; may largely duplicate Otter text.,eEDmdeOTNokKYKUadQuO_9gDjuo:otter_transcript+otter_summary+mednote_stack+slides_claimed_elsewhere,resolve_identity_before_video_acquisition,pass3_availability=available_external; captions=not_checked; has_pdf_also=False
aosrd-webinars-025-FFLoos87gRA,AOSRD_Clearfield,aosrd_webinars_youtube,Stress Dominance-Why Hormone Dysregulation Begins Before Labs Go Abnormal with Dr. Eldred Taylor – Video – 18-Feb-2026,stress dominance why hormone dysregulation begins before labs go abnormal with dr eldred taylor video 18 feb 2026,aosrd-webinars-025-FFLoos87gRA,strong,noIHLP-haQRngsIwy5mlPxVj6SM,2026-02-18,Research/lectures/clearfield-webinar-2026-02-18,YouTube_video,https://youtu.be/FFLoos87gRA,yes,1,high,1,very_high,high,low,low,high,poor,DEFER_EXPENSIVE_VIDEO,"YouTube_video appears to duplicate an Otter-covered session (Pass 1 strong). Otter transcript + MedNote already exist locally. Captions/transcript status is not verified (Pass 3 not_checked), so video acquisition would be high-cost with little expected text gain. No verified additional text representation is currently available.",Possibly AV fidelity / delivery timing; unlikely new textual knowledge vs Otter.,noIHLP-haQRngsIwy5mlPxVj6SM:otter_transcript+otter_summary+mednote_stack+slides_claimed_elsewhere,do_not_acquire_video_while_otter_text_exists_and_captions_unverified,pass3_availability=available_external; captions=not_checked; has_pdf_also=False
aosrd-webinars-026-v3cUiPMVJnw,AOSRD_Clearfield,aosrd_webinars_youtube,Ketamine for Treatment Resistant Depression with Dr. Erwin Boco – Video – 11-Feb-2026,ketamine for treatment resistant depression with dr erwin boco video 11 feb 2026,aosrd-webinars-026-v3cUiPMVJnw,strong,Z9n_3HuDLHeLCNsCxD97Y679BQA,2026-02-11,Research/lectures/clearfield-webinar-2026-02-11,YouTube_video,https://youtu.be/v3cUiPMVJnw,yes,1,high,1,very_high,high,low,low,high,poor,DEFER_EXPENSIVE_VIDEO,"YouTube_video appears to duplicate an Otter-covered session (Pass 1 strong). Otter transcript + MedNote already exist locally. Captions/transcript status is not verified (Pass 3 not_checked), so video acquisition would be high-cost with little expected text gain. No verified additional text representation is currently available.",Possibly AV fidelity / delivery timing; unlikely new textual knowledge vs Otter.,Z9n_3HuDLHeLCNsCxD97Y679BQA:otter_transcript+otter_summary+mednote_stack+slides_claimed_elsewhere,do_not_acquire_video_while_otter_text_exists_and_captions_unverified,pass3_availability=available_external; captions=not_checked; has_pdf_also=False
aosrd-webinars-027-ukSSwKzur48,AOSRD_Clearfield,aosrd_webinars_youtube,Mitochondrial Therapeutics for Enhancing Healthspan with Dr. Siobhan Mitchell – Video – 04-Feb-2026,mitochondrial therapeutics for enhancing healthspan with dr siobhan mitchell video 04 feb 2026,aosrd-webinars-027-ukSSwKzur48,strong,GMgbZhdKVzi_Uu9bXvypJxkwwKM,2026-02-04,Research/lectures/clearfield-webinar-2026-02-04,YouTube_video,https://youtu.be/ukSSwKzur48,yes,1,high,1,very_high,high,low,low,high,poor,DEFER_EXPENSIVE_VIDEO,"YouTube_video appears to duplicate an Otter-covered session (Pass 1 strong). Otter transcript + MedNote already exist locally. Captions/transcript status is not verified (Pass 3 not_checked), so video acquisition would be high-cost with little expected text gain. No verified additional text representation is currently available.",Possibly AV fidelity / delivery timing; unlikely new textual knowledge vs Otter.,GMgbZhdKVzi_Uu9bXvypJxkwwKM:otter_transcript+otter_summary+mednote_stack+slides_claimed_elsewhere,do_not_acquire_video_while_otter_text_exists_and_captions_unverified,pass3_availability=available_external; captions=not_checked; has_pdf_also=False
aosrd-webinars-028-IEiWWFt1dUg,AOSRD_Clearfield,aosrd_webinars_youtube,"The What, Why, How and How-Not of Aging with Dr. Bill Andrews – Video – 21-Jan-2026",the what why how and how not of aging with dr bill andrews video 21 jan 2026,aosrd-webinars-028-IEiWWFt1dUg,strong,l416W8yP4i7dv3Jhd5H2F74zMnU;ajVChHpkQS72kcrtN9J03lwNFZ0,2026-01-21;2026-04-28,Research/lectures/clearfield-webinar-2026-01-21;Research/lectures/clearfield-webinar-2026-04-28,YouTube_video,https://youtu.be/IEiWWFt1dUg,yes,1,high,1,very_high,high,low,low,high,poor,DEFER_EXPENSIVE_VIDEO,"YouTube_video appears to duplicate an Otter-covered session (Pass 1 strong). Otter transcript + MedNote already exist locally. Captions/transcript status is not verified (Pass 3 not_checked), so video acquisition would be high-cost with little expected text gain. No verified additional text representation is currently available.",Possibly AV fidelity / delivery timing; unlikely new textual knowledge vs Otter.,l416W8yP4i7dv3Jhd5H2F74zMnU:otter_transcript+otter_summary+mednote_stack+slides_claimed_elsewhere; ajVChHpkQS72kcrtN9J03lwNFZ0:otter_transcript+otter_summary+mednote_stack+slides_claimed_elsewhere,do_not_acquire_video_while_otter_text_exists_and_captions_unverified,pass3_availability=available_external; captions=not_checked; has_pdf_also=False
aosrd-webinars-029-no_id,AOSRD_Clearfield,aosrd_webinars_vimeo,Cannabis for Dementia with Dr Dustin Sulak – Video – 13-Jan-2026,cannabis for dementia with dr dustin sulak video 13 jan 2026,aosrd-webinars-029-no_id,,,,,Vimeo_video,https://vimeo.com/1154258466,no,1,unresolved,1,very_high,medium,unknown,unknown,high,unknown,HUMAN_REVIEW,Video available but relationship/utility context is insufficient for an automated acquisition gate.,Unknown.,no,human_review_required,pass3_availability=available_external; captions=not_checked
aosrd-webinars-030-STzYdlwj7lI,AOSRD_Clearfield,aosrd_webinars_youtube,Osteoporosis Testing for Assessing Fracture Risk with Dr. John Neustadt – Video – 01-Jan-2026,osteoporosis testing for assessing fracture risk with dr john neustadt video 01 jan 2026,aosrd-webinars-030-STzYdlwj7lI,possible,GH57wayNAp6iLAYz_3IRSsC5few;y59a2fEx8UgOiThJHr1w-HcQc1U,2026-01-07;2024-08-20,Research/lectures/clearfield-webinar-2026-01-07;Research/lectures/clearfield-webinar-2024-08-20,YouTube_video,https://youtu.be/STzYdlwj7lI,yes,1,low,1,very_high,high,low,low,high,poor,DEFER_IDENTITY_UNRESOLVED,Pass 1 match is only possible. Video acquisition/processing is expensive and captions are unverified. Resolve identity first before considering video.,Unclear until identity is resolved; may largely duplicate Otter text.,GH57wayNAp6iLAYz_3IRSsC5few:otter_transcript+otter_summary+mednote_stack+slides_claimed_elsewhere; y59a2fEx8UgOiThJHr1w-HcQc1U:otter_transcript+otter_summary+mednote_stack,resolve_identity_before_video_acquisition,pass3_availability=available_external; captions=not_checked; has_pdf_also=False
aosrd-webinars-031-jeZ1O-xDl9c,AOSRD_Clearfield,aosrd_webinars_youtube,A Better Cleaner You!! with Dr. Aunna Herbst – Video – 23-Dec-2025,a better cleaner you with dr aunna herbst video 23 dec 2025,aosrd-webinars-031-jeZ1O-xDl9c,no_match,,,,YouTube_video,https://youtu.be/jeZ1O-xDl9c,no,3,unresolved,2,very_high,low,medium,medium,very_high,poor,DEFER_EXPENSIVE_VIDEO,"Potentially new session relative to Otter corpus (Pass 1 no_match — not confirmed new), but representation is video-only with captions/transcript status not_checked. Acquisition would likely require download + transcription (very high effort) without a verified text route. Defer until caption availability can be verified without downloading, or until a cheaper text representation is found.",Possibly a session absent from Otter — but only after expensive AV processing with unverified captions.,catalog_and_external_URL,verify_captions_or_prefer_PDF_before_any_video_acquire; not_a_confirmed_new_lecture,pass3_availability=available_external; captions=not_checked; has_pdf_also=False; pot=potentially_new_session
aosrd-webinars-032-ujLADWyiIR8,AOSRD_Clearfield,aosrd_webinars_youtube,Menopause and Vasomotor Symptoms-Therapeutic Options with Dr. Felice Gersh – Video – 17-Dec-2025,menopause and vasomotor symptoms therapeutic options with dr felice gersh video 17 dec 2025,aosrd-webinars-032-ujLADWyiIR8,strong,OyOI3AvRLueyq57ys04VXI5U1WU;OL_Ukp1RYjVvnjsMHnF2eXCXDC8,2025-12-17;2024-10-01,Research/lectures/clearfield-webinar-2025-12-17;Research/lectures/clearfield-webinar-2024-10-01,YouTube_video,https://youtu.be/ujLADWyiIR8,yes,1,high,1,very_high,high,low,low,high,poor,DEFER_EXPENSIVE_VIDEO,"YouTube_video appears to duplicate an Otter-covered session (Pass 1 strong). Otter transcript + MedNote already exist locally. Captions/transcript status is not verified (Pass 3 not_checked), so video acquisition would be high-cost with little expected text gain. No verified additional text representation is currently available.",Possibly AV fidelity / delivery timing; unlikely new textual knowledge vs Otter.,OyOI3AvRLueyq57ys04VXI5U1WU:otter_transcript+otter_summary+mednote_stack+slides_claimed_elsewhere; OL_Ukp1RYjVvnjsMHnF2eXCXDC8:otter_transcript+otter_summary+mednote_stack,do_not_acquire_video_while_otter_text_exists_and_captions_unverified,pass3_availability=available_external; captions=not_checked; has_pdf_also=False
aosrd-webinars-033-0MvEBIG53X4,AOSRD_Clearfield,aosrd_webinars_youtube,"Optimized Nutrient Absorption with Methylated, Nanoscale and Adaptohenic Formulas w Dr. Robert Celaya – Video – 10-Dec-2025",optimized nutrient absorption with methylated nanoscale and adaptohenic formulas w dr robert celaya video 10 dec 2025,aosrd-webinars-033-0MvEBIG53X4,strong,3BvIJDrhEXHdWPee7Ztw2x6EmdE,2025-12-10,Research/lectures/clearfield-webinar-2025-12-10,YouTube_video,https://youtu.be/0MvEBIG53X4,yes,1,high,1,very_high,high,low,low,high,poor,DEFER_EXPENSIVE_VIDEO,"YouTube_video appears to duplicate an Otter-covered session (Pass 1 strong). Otter transcript + MedNote already exist locally. Captions/transcript status is not verified (Pass 3 not_checked), so video acquisition would be high-cost with little expected text gain. No verified additional text representation is currently available.",Possibly AV fidelity / delivery timing; unlikely new textual knowledge vs Otter.,3BvIJDrhEXHdWPee7Ztw2x6EmdE:otter_transcript+otter_summary+mednote_stack+slides_claimed_elsewhere,do_not_acquire_video_while_otter_text_exists_and_captions_unverified,pass3_availability=available_external; captions=not_checked; has_pdf_also=False
aosrd-webinars-034-no_id,AOSRD_Clearfield,aosrd_webinars_vimeo,"HRT, Ice Plunges, Omega-3s and Dead Hangs Saved Me and Now we are Saving Doctors w Stefan Hartmann and his MOM! – Video – 26-Nov-2025",hrt ice plunges omega 3s and dead hangs saved me and now we are saving doctors w stefan hartmann and his mom video 26 nov 2025,aosrd-webinars-034-no_id,,,,,Vimeo_video,https://vimeo.com/1143808355,no,1,unresolved,1,very_high,medium,unknown,unknown,high,unknown,HUMAN_REVIEW,Video available but relationship/utility context is insufficient for an automated acquisition gate.,Unknown.,no,human_review_required,pass3_availability=available_external; captions=not_checked
aosrd-webinars-035-uxreznI9JQA,AOSRD_Clearfield,aosrd_webinars_youtube,Mind-Mineral Connection with Kelli Hanson – Video – 19-Nov-2025,mind mineral connection with kelli hanson video 19 nov 2025,aosrd-webinars-035-uxreznI9JQA,no_match,,,,YouTube_video,https://youtu.be/uxreznI9JQA,no,3,unresolved,2,very_high,low,medium,medium,very_high,poor,DEFER_EXPENSIVE_VIDEO,"Potentially new session relative to Otter corpus (Pass 1 no_match — not confirmed new), but representation is video-only with captions/transcript status not_checked. Acquisition would likely require download + transcription (very high effort) without a verified text route. Defer until caption availability can be verified without downloading, or until a cheaper text representation is found.",Possibly a session absent from Otter — but only after expensive AV processing with unverified captions.,catalog_and_external_URL,verify_captions_or_prefer_PDF_before_any_video_acquire; not_a_confirmed_new_lecture,pass3_availability=available_external; captions=not_checked; has_pdf_also=False; pot=potentially_new_session
aosrd-webinars-036-2559brkP1fQ,AOSRD_Clearfield,aosrd_webinars_youtube,Neural Therapy with Dr John Burgess – Video – 13-Nov-2025,neural therapy with dr john burgess video 13 nov 2025,aosrd-webinars-036-2559brkP1fQ,strong,VwrSvok1RCW2X3iJ_Kwbd8JK6k8,2025-11-12,Research/lectures/clearfield-webinar-2025-11-12,YouTube_video,https://youtu.be/2559brkP1fQ,yes,1,high,1,very_high,high,low,low,high,poor,DEFER_EXPENSIVE_VIDEO,"YouTube_video appears to duplicate an Otter-covered session (Pass 1 strong). Otter transcript + MedNote already exist locally. Captions/transcript status is not verified (Pass 3 not_checked), so video acquisition would be high-cost with little expected text gain. No verified additional text representation is currently available.",Possibly AV fidelity / delivery timing; unlikely new textual knowledge vs Otter.,VwrSvok1RCW2X3iJ_Kwbd8JK6k8:otter_transcript+otter_summary+mednote_stack+slides_claimed_elsewhere,do_not_acquire_video_while_otter_text_exists_and_captions_unverified,pass3_availability=available_external; captions=not_checked; has_pdf_also=False
aosrd-webinars-037-I7FCw7ECM7I,AOSRD_Clearfield,aosrd_webinars_youtube,NCRPI Monthly AcupunctureIntegrative Medicine Webinar 1200-1300 ET – Video – 07-Nov-2025,ncrpi monthly acupunctureintegrative medicine webinar 1200 1300 et video 07 nov 2025,aosrd-webinars-037-I7FCw7ECM7I,no_match,,,,YouTube_video,https://youtu.be/I7FCw7ECM7I,no,3,unresolved,2,very_high,low,medium,medium,very_high,poor,DEFER_EXPENSIVE_VIDEO,"Potentially new session relative to Otter corpus (Pass 1 no_match — not confirmed new), but representation is video-only with captions/transcript status not_checked. Acquisition would likely require download + transcription (very high effort) without a verified text route. Defer until caption availability can be verified without downloading, or until a cheaper text representation is found.",Possibly a session absent from Otter — but only after expensive AV processing with unverified captions.,catalog_and_external_URL,verify_captions_or_prefer_PDF_before_any_video_acquire; not_a_confirmed_new_lecture,pass3_availability=available_external; captions=not_checked; has_pdf_also=False; pot=potentially_new_session
aosrd-webinars-038-SA9CiKNjN1E,AOSRD_Clearfield,aosrd_webinars_youtube,Platelet Rich Fibrin; Optimizing the Glycocalyx and a Protocol to  Enhance PRF Quality with Dr. Joni Collins – Video – 5-Nov-2025,platelet rich fibrin optimizing the glycocalyx and a protocol to enhance prf quality with dr joni collins video 5 nov 2025,aosrd-webinars-038-SA9CiKNjN1E,strong,aKanCqrE_LN8_fUCcz8yCi5pTLg,2025-11-05,Research/lectures/clearfield-webinar-2025-11-05,YouTube_video,https://youtu.be/SA9CiKNjN1E,yes,1,high,1,very_high,high,low,low,high,poor,DEFER_EXPENSIVE_VIDEO,"YouTube_video appears to duplicate an Otter-covered session (Pass 1 strong). Otter transcript + MedNote already exist locally. Captions/transcript status is not verified (Pass 3 not_checked), so video acquisition would be high-cost with little expected text gain. No verified additional text representation is currently available.",Possibly AV fidelity / delivery timing; unlikely new textual knowledge vs Otter.,aKanCqrE_LN8_fUCcz8yCi5pTLg:otter_transcript+otter_summary+mednote_stack+slides_claimed_elsewhere,do_not_acquire_video_while_otter_text_exists_and_captions_unverified,pass3_availability=available_external; captions=not_checked; has_pdf_also=False
aosrd-webinars-039-FMRyzDsooVY,AOSRD_Clearfield,aosrd_webinars_youtube,"Adrenal Fatigue, Long Covid and the Role of Mitochondria, with Dr. Chris Meletis – Video – 29-Oct-2025",adrenal fatigue long covid and the role of mitochondria with dr chris meletis video 29 oct 2025,aosrd-webinars-039-FMRyzDsooVY,possible,sLBIeA_Jmb8LAaQrgfDavdK3onA;12d7QbwxGiZlK8kVCNzSowPUQXE;SiB7Ifahh4_dfJVERQgP60auXjw,2025-10-28;2025-04-22;2026-05-19,Research/lectures/clearfield-webinar-2025-10-28;Research/lectures/clearfield-webinar-2025-04-22;Research/lectures/clearfield-webinar-2026-05-19,YouTube_video,https://youtu.be/FMRyzDsooVY,yes,1,low,1,very_high,high,low,low,high,poor,DEFER_IDENTITY_UNRESOLVED,Pass 1 match is only possible. Video acquisition/processing is expensive and captions are unverified. Resolve identity first before considering video.,Unclear until identity is resolved; may largely duplicate Otter text.,sLBIeA_Jmb8LAaQrgfDavdK3onA:otter_transcript+otter_summary+mednote_stack+slides_claimed_elsewhere; 12d7QbwxGiZlK8kVCNzSowPUQXE:otter_transcript+otter_summary+mednote_stack+slides_claimed_elsewhere; SiB7Ifahh4_dfJVERQgP60auXjw:otter_transcript+otter_summary+mednote_stack+slides_claimed_elsewhere,resolve_identity_before_video_acquisition,pass3_availability=available_external; captions=not_checked; has_pdf_also=False
aosrd-webinars-040-AoJb8OP2goc,AOSRD_Clearfield,aosrd_webinars_youtube,The Glycocalyx-The Hidden Secret of Cardiovascular Health with Dr. Kent Crowley (Video)  – 23-Oct-2025,the glycocalyx the hidden secret of cardiovascular health with dr kent crowley video 23 oct 2025,aosrd-webinars-040-AoJb8OP2goc,possible,KPtFIYDuvg1p0CbfNkYIuOVkwIE;j3HjVUuBV5gnR4KrCUuXOZEnPm0,2025-10-21;2025-10-14,Research/lectures/clearfield-webinar-2025-10-21;Research/lectures/clearfield-webinar-2025-10-14,YouTube_video,https://youtu.be/AoJb8OP2goc,yes,1,low,1,very_high,high,low,low,high,poor,DEFER_IDENTITY_UNRESOLVED,Pass 1 match is only possible. Video acquisition/processing is expensive and captions are unverified. Resolve identity first before considering video.,Unclear until identity is resolved; may largely duplicate Otter text.,KPtFIYDuvg1p0CbfNkYIuOVkwIE:otter_transcript+otter_summary+mednote_stack+slides_claimed_elsewhere; j3HjVUuBV5gnR4KrCUuXOZEnPm0:otter_transcript+otter_summary+mednote_stack+slides_claimed_elsewhere,resolve_identity_before_video_acquisition,pass3_availability=available_external; captions=not_checked; has_pdf_also=False
aosrd-webinars-041-ol6SEGI0kyk,AOSRD_Clearfield,aosrd_webinars_youtube,"Conference Preview, Spirituality, Progesterone After Hysterectomy and Lab Tests, Oh My! with Dr. Bill Clearfield and Dr. Melvin Nario (Video)  – 14-Oct-2025",conference preview spirituality progesterone after hysterectomy and lab tests oh my with dr bill clearfield and dr melvin nario video 14 oct 2025,aosrd-webinars-041-ol6SEGI0kyk,strong,j3HjVUuBV5gnR4KrCUuXOZEnPm0,2025-10-14,Research/lectures/clearfield-webinar-2025-10-14,YouTube_video,https://youtu.be/ol6SEGI0kyk,yes,1,high,1,very_high,high,low,low,high,poor,DEFER_EXPENSIVE_VIDEO,"YouTube_video appears to duplicate an Otter-covered session (Pass 1 strong). Otter transcript + MedNote already exist locally. Captions/transcript status is not verified (Pass 3 not_checked), so video acquisition would be high-cost with little expected text gain. No verified additional text representation is currently available.",Possibly AV fidelity / delivery timing; unlikely new textual knowledge vs Otter.,j3HjVUuBV5gnR4KrCUuXOZEnPm0:otter_transcript+otter_summary+mednote_stack+slides_claimed_elsewhere,do_not_acquire_video_while_otter_text_exists_and_captions_unverified,pass3_availability=available_external; captions=not_checked; has_pdf_also=False
aosrd-webinars-042-fVs0ByQDS70,AOSRD_Clearfield,aosrd_webinars_youtube,The Business of Health-The Productivity Equation and the Money Equation with Dr. Benoit Tano (Video)  – 09-Oct-2025,the business of health the productivity equation and the money equation with dr benoit tano video 09 oct 2025,aosrd-webinars-042-fVs0ByQDS70,possible,CQdkPoyCm_xx7nnZ2b80AClK8TM,2025-10-07,Research/lectures/clearfield-webinar-2025-10-07,YouTube_video,https://youtu.be/fVs0ByQDS70,yes,1,low,1,very_high,high,low,low,high,poor,DEFER_IDENTITY_UNRESOLVED,Pass 1 match is only possible. Video acquisition/processing is expensive and captions are unverified. Resolve identity first before considering video.,Unclear until identity is resolved; may largely duplicate Otter text.,CQdkPoyCm_xx7nnZ2b80AClK8TM:otter_transcript+otter_summary+mednote_stack+slides_claimed_elsewhere,resolve_identity_before_video_acquisition,pass3_availability=available_external; captions=not_checked; has_pdf_also=False
aosrd-webinars-043-Z9TIUrTjaVw,AOSRD_Clearfield,aosrd_webinars_youtube,Unsuspected Paratism and Infectious Diseases with Dr. Michael Gerber (Video),unsuspected paratism and infectious diseases with dr michael gerber video,aosrd-webinars-043-Z9TIUrTjaVw,possible,R49fIj1w1e0cBaAXOmhNkQ5wdks,2025-08-19,Research/lectures/clearfield-webinar-2025-08-19,YouTube_video,https://youtu.be/Z9TIUrTjaVw,yes,1,low,1,very_high,high,low,low,high,poor,DEFER_IDENTITY_UNRESOLVED,Pass 1 match is only possible. Video acquisition/processing is expensive and captions are unverified. Resolve identity first before considering video.,Unclear until identity is resolved; may largely duplicate Otter text.,R49fIj1w1e0cBaAXOmhNkQ5wdks:otter_transcript+otter_summary+mednote_stack+slides_claimed_elsewhere,resolve_identity_before_video_acquisition,pass3_availability=available_external; captions=not_checked; has_pdf_also=False
aosrd-webinars-044-MTrSvugiJpo,AOSRD_Clearfield,aosrd_webinars_youtube,Introduction to Peptides w Dr. Bill Clearfield (Video),introduction to peptides w dr bill clearfield video,aosrd-webinars-044-MTrSvugiJpo,possible,pw9yXaKVUW0ETXgSRTRBaLEzqQc,2024-08-27,Research/lectures/clearfield-webinar-2024-08-27,YouTube_video,https://youtu.be/MTrSvugiJpo,yes,1,low,1,very_high,high,low,low,high,poor,DEFER_IDENTITY_UNRESOLVED,Pass 1 match is only possible. Video acquisition/processing is expensive and captions are unverified. Resolve identity first before considering video.,Unclear until identity is resolved; may largely duplicate Otter text.,pw9yXaKVUW0ETXgSRTRBaLEzqQc:otter_transcript+otter_summary+mednote_stack,resolve_identity_before_video_acquisition,pass3_availability=available_external; captions=not_checked; has_pdf_also=False
aosrd-webinars-045-wPNq50DbJEY,AOSRD_Clearfield,aosrd_webinars_youtube,"Is There Bias in Medical A.I. with Drs. Benoit Tano, and Anthony James (Video) – 07-Oct-2025",is there bias in medical a i with drs benoit tano and anthony james video 07 oct 2025,aosrd-webinars-045-wPNq50DbJEY,possible,81vgkJ55QnsvesXbnyxCMQPr6Rc;8zWbW6QDW1P91M_Tbf8iqD9f8TQ,2026-06-09;2025-09-16,Research/lectures/clearfield-webinar-2026-06-09;Research/lectures/clearfield-webinar-2025-09-16,YouTube_video,https://youtu.be/wPNq50DbJEY,yes,1,low,1,very_high,high,low,low,high,poor,DEFER_IDENTITY_UNRESOLVED,Pass 1 match is only possible. Video acquisition/processing is expensive and captions are unverified. Resolve identity first before considering video.,Unclear until identity is resolved; may largely duplicate Otter text.,81vgkJ55QnsvesXbnyxCMQPr6Rc:otter_transcript+otter_summary+mednote_stack+slides_claimed_elsewhere; 8zWbW6QDW1P91M_Tbf8iqD9f8TQ:otter_transcript+otter_summary+mednote_stack+slides_claimed_elsewhere,resolve_identity_before_video_acquisition,pass3_availability=available_external; captions=not_checked; has_pdf_also=False
aosrd-webinars-046-IzMk74AxJqA,AOSRD_Clearfield,aosrd_webinars_youtube,The Muscle-Microbiome Connecton-Reversing Age Related Muscle Decline with Dr. David Changaris (Video) – 28-Sept-2025,the muscle microbiome connecton reversing age related muscle decline with dr david changaris video 28 sept 2025,aosrd-webinars-046-IzMk74AxJqA,possible,zGyxgM4y1SX_IqTEeKxdJf4l5RM,2025-09-30,Research/lectures/clearfield-webinar-2025-09-30,YouTube_video,https://youtu.be/IzMk74AxJqA,yes,1,low,1,very_high,high,low,low,high,poor,DEFER_IDENTITY_UNRESOLVED,Pass 1 match is only possible. Video acquisition/processing is expensive and captions are unverified. Resolve identity first before considering video.,Unclear until identity is resolved; may largely duplicate Otter text.,zGyxgM4y1SX_IqTEeKxdJf4l5RM:otter_transcript+otter_summary+mednote_stack+slides_claimed_elsewhere,resolve_identity_before_video_acquisition,pass3_availability=available_external; captions=not_checked; has_pdf_also=False
aosrd-webinars-047-oiF8bJEpK0M,AOSRD_Clearfield,aosrd_webinars_youtube,Spermadine’s Benefits for the Musculoskeletal System with Dr. Melissa Cano (Video) – 04-Sept-2025,spermadine s benefits for the musculoskeletal system with dr melissa cano video 04 sept 2025,aosrd-webinars-047-oiF8bJEpK0M,possible,YvYB4xEevY7Hh6A_aHUPcm8PMJ4,2025-09-02,Research/lectures/clearfield-webinar-2025-09-02,YouTube_video,https://youtu.be/oiF8bJEpK0M,yes,1,low,1,very_high,high,low,low,high,poor,DEFER_IDENTITY_UNRESOLVED,Pass 1 match is only possible. Video acquisition/processing is expensive and captions are unverified. Resolve identity first before considering video.,Unclear until identity is resolved; may largely duplicate Otter text.,YvYB4xEevY7Hh6A_aHUPcm8PMJ4:otter_transcript+otter_summary+mednote_stack+slides_claimed_elsewhere,resolve_identity_before_video_acquisition,pass3_availability=available_external; captions=not_checked; has_pdf_also=False
aosrd-webinars-048-dZ8JyvHAMjY,AOSRD_Clearfield,aosrd_webinars_youtube,Beyond Pharmogenomics-Addressing Root Causes of Anxiety and Depression with Dr. Sharon Hausman-Cohen (Video) – 05-Aug-2025,beyond pharmogenomics addressing root causes of anxiety and depression with dr sharon hausman cohen video 05 aug 2025,aosrd-webinars-048-dZ8JyvHAMjY,strong,LxOKeD9fWZEycb7WYyMiRLE90EU,2025-08-05,Research/lectures/clearfield-webinar-2025-08-05,YouTube_video,https://youtu.be/dZ8JyvHAMjY,yes,1,high,1,very_high,high,low,low,high,poor,DEFER_EXPENSIVE_VIDEO,"YouTube_video appears to duplicate an Otter-covered session (Pass 1 strong). Otter transcript + MedNote already exist locally. Captions/transcript status is not verified (Pass 3 not_checked), so video acquisition would be high-cost with little expected text gain. No verified additional text representation is currently available.",Possibly AV fidelity / delivery timing; unlikely new textual knowledge vs Otter.,LxOKeD9fWZEycb7WYyMiRLE90EU:otter_transcript+otter_summary+mednote_stack+slides_claimed_elsewhere,do_not_acquire_video_while_otter_text_exists_and_captions_unverified,pass3_availability=available_external; captions=not_checked; has_pdf_also=False
aosrd-webinars-049-vnJmoRxdV2g,AOSRD_Clearfield,aosrd_webinars_youtube,The Gut-Bone Connection with Dr. John Neustadt (Video) – 13-Aug-2025,the gut bone connection with dr john neustadt video 13 aug 2025,aosrd-webinars-049-vnJmoRxdV2g,possible,O2HiQSKr_hQgWkE4iY8ItSEYg4Y,2025-08-12,Research/lectures/clearfield-webinar-2025-08-12,YouTube_video,https://youtu.be/vnJmoRxdV2g,yes,1,low,1,very_high,high,low,low,high,poor,DEFER_IDENTITY_UNRESOLVED,Pass 1 match is only possible. Video acquisition/processing is expensive and captions are unverified. Resolve identity first before considering video.,Unclear until identity is resolved; may largely duplicate Otter text.,O2HiQSKr_hQgWkE4iY8ItSEYg4Y:otter_transcript+otter_summary+mednote_stack+slides_claimed_elsewhere,resolve_identity_before_video_acquisition,pass3_availability=available_external; captions=not_checked; has_pdf_also=False
aosrd-webinars-050-XJAq-AZ411U,AOSRD_Clearfield,aosrd_webinars_youtube,"Mojo, Meet Medicine, Hormones, Libido, and Loving Well with Jaquelyn Sammons (Video) – 30-July-2025",mojo meet medicine hormones libido and loving well with jaquelyn sammons video 30 july 2025,aosrd-webinars-050-XJAq-AZ411U,possible,ZdpkFb1zUrwSD134tv35ZcrcaI8,2025-07-29,Research/lectures/clearfield-webinar-2025-07-29,YouTube_video,https://youtu.be/XJAq-AZ411U,yes,1,low,1,very_high,high,low,low,high,poor,DEFER_IDENTITY_UNRESOLVED,Pass 1 match is only possible. Video acquisition/processing is expensive and captions are unverified. Resolve identity first before considering video.,Unclear until identity is resolved; may largely duplicate Otter text.,ZdpkFb1zUrwSD134tv35ZcrcaI8:otter_transcript+otter_summary+mednote_stack+slides_claimed_elsewhere,resolve_identity_before_video_acquisition,pass3_availability=available_external; captions=not_checked; has_pdf_also=False
aosrd-webinars-051-ChjlUoj0HK4,AOSRD_Clearfield,aosrd_webinars_youtube,"Utilizing Membrane Lipid Replacement to Repair, Replace and Renew Mtochondrial Membranes and Increase ATP Production with Ross Pelton RPh (Video) – 29-July-2025",utilizing membrane lipid replacement to repair replace and renew mtochondrial membranes and increase atp production with ross pelton rph video 29 july 2025,aosrd-webinars-051-ChjlUoj0HK4,possible,N9yVVPBjdwE0_VQF5vNgb-MVTSQ,2025-07-22,Research/lectures/clearfield-webinar-2025-07-22,YouTube_video,https://youtu.be/ChjlUoj0HK4,yes,1,low,1,very_high,high,low,low,high,poor,DEFER_IDENTITY_UNRESOLVED,Pass 1 match is only possible. Video acquisition/processing is expensive and captions are unverified. Resolve identity first before considering video.,Unclear until identity is resolved; may largely duplicate Otter text.,N9yVVPBjdwE0_VQF5vNgb-MVTSQ:otter_transcript+otter_summary+mednote_stack+slides_claimed_elsewhere,resolve_identity_before_video_acquisition,pass3_availability=available_external; captions=not_checked; has_pdf_also=False
aosrd-webinars-052-k7huYi1803c,AOSRD_Clearfield,aosrd_webinars_youtube,Traumatic Brain Injuries Among Service Members and Veterans with Michael Hartford LFACH (Video) – 17-July-2025,traumatic brain injuries among service members and veterans with michael hartford lfach video 17 july 2025,aosrd-webinars-052-k7huYi1803c,possible,ykfPBSHSL3meBk4yGojbTxMVIpA;FHVn8qFG7pov0fVMLuuVpKan1hA;hQzjA4-OBAL6Qn7OOOywEISWs3I,2024-10-22;2025-07-15;2025-07-08,Research/lectures/clearfield-webinar-2024-10-22;Research/lectures/clearfield-webinar-2025-07-15;Research/lectures/clearfield-webinar-2025-07-08,YouTube_video,https://youtu.be/k7huYi1803c,yes,1,low,1,very_high,high,low,low,high,poor,DEFER_IDENTITY_UNRESOLVED,Pass 1 match is only possible. Video acquisition/processing is expensive and captions are unverified. Resolve identity first before considering video.,Unclear until identity is resolved; may largely duplicate Otter text.,ykfPBSHSL3meBk4yGojbTxMVIpA:otter_transcript+otter_summary+mednote_stack+slides_claimed_elsewhere; FHVn8qFG7pov0fVMLuuVpKan1hA:otter_transcript+otter_summary+mednote_stack+slides_claimed_elsewhere; hQzjA4-OBAL6Qn7OOOywEISWs3I:otter_transcript+otter_summary+mednote_stack+slides_claimed_elsewhere,resolve_identity_before_video_acquisition,pass3_availability=available_external; captions=not_checked; has_pdf_also=False
aosrd-webinars-053-Y-_p7jNbZaY,AOSRD_Clearfield,aosrd_webinars_youtube,Clinical Applications of Testosterone for Women Dr William Clearfield (Video),clinical applications of testosterone for women dr william clearfield video,aosrd-webinars-053-Y-_p7jNbZaY,possible,teTBikykKpBtvemVFqClxhmIVaQ;OyOI3AvRLueyq57ys04VXI5U1WU;ClN5CZe78b8lp6a0nf44-DzCDCo;hQzjA4-OBAL6Qn7OOOywEISWs3I;GMgbZhdKVzi_Uu9bXvypJxkwwKM,2024-12-18;2025-12-17;2025-03-11;2025-07-08;2026-02-04,Research/lectures/clearfield-webinar-2024-12-18;Research/lectures/clearfield-webinar-2025-12-17;Research/lectures/clearfield-webinar-2025-03-11;Research/lectures/clearfield-webinar-2025-07-08;Research/lectures/clearfield-webinar-2026-02-04,YouTube_video,https://youtu.be/Y-_p7jNbZaY,yes,1,low,1,very_high,high,low,low,high,poor,DEFER_IDENTITY_UNRESOLVED,Pass 1 match is only possible. Video acquisition/processing is expensive and captions are unverified. Resolve identity first before considering video.,Unclear until identity is resolved; may largely duplicate Otter text.,teTBikykKpBtvemVFqClxhmIVaQ:otter_transcript+otter_summary+mednote_stack+slides_claimed_elsewhere; OyOI3AvRLueyq57ys04VXI5U1WU:otter_transcript+otter_summary+mednote_stack+slides_claimed_elsewhere; ClN5CZe78b8lp6a0nf44-DzCDCo:otter_transcript+otter_summary+mednote_stack+slides_claimed_elsewhere+pathway; hQzjA4-OBAL6Qn7OOOywEISWs3I:otter_transcript+otter_summary+mednote_stack+slides_claimed_elsewhere; GMgbZhdKVzi_Uu9bXvypJxkwwKM:otter_transcript+otter_summary+mednote_stack+slides_claimed_elsewhere,resolve_identity_before_video_acquisition,pass3_availability=available_external; captions=not_checked; has_pdf_also=False
aosrd-webinars-054-vCO3HaVDAOM,AOSRD_Clearfield,aosrd_webinars_youtube,Photobiomodulation-Harnessing the Power of Light for Wellbeing with Jordan Hamlin 08-July-2025 (Video),photobiomodulation harnessing the power of light for wellbeing with jordan hamlin 08 july 2025 video,aosrd-webinars-054-vCO3HaVDAOM,strong,hQzjA4-OBAL6Qn7OOOywEISWs3I,2025-07-08,Research/lectures/clearfield-webinar-2025-07-08,YouTube_video,https://youtu.be/vCO3HaVDAOM,yes,1,high,1,very_high,high,low,low,high,poor,DEFER_EXPENSIVE_VIDEO,"YouTube_video appears to duplicate an Otter-covered session (Pass 1 strong). Otter transcript + MedNote already exist locally. Captions/transcript status is not verified (Pass 3 not_checked), so video acquisition would be high-cost with little expected text gain. No verified additional text representation is currently available.",Possibly AV fidelity / delivery timing; unlikely new textual knowledge vs Otter.,hQzjA4-OBAL6Qn7OOOywEISWs3I:otter_transcript+otter_summary+mednote_stack+slides_claimed_elsewhere,do_not_acquire_video_while_otter_text_exists_and_captions_unverified,pass3_availability=available_external; captions=not_checked; has_pdf_also=False
aosrd-webinars-055-11puCMGl13g,AOSRD_Clearfield,aosrd_webinars_youtube,Mechanisms and Therapeutic Use of Ivermectin and Mebendazole vs. Cancer Stem Cells 02-July-2025 (Video),mechanisms and therapeutic use of ivermectin and mebendazole vs cancer stem cells 02 july 2025 video,aosrd-webinars-055-11puCMGl13g,possible,b2H7gyjRNmbN0l62XtCzeLPovDE,2025-06-24,Research/lectures/clearfield-webinar-2025-06-24,YouTube_video,https://youtu.be/11puCMGl13g,yes,0,low,0,unknown,low,low,low,unknown,poor,NO_ACQUISITION_INDICATED,YouTube_video URL is cataloged but Pass 3 found it unavailable externally (e.g. oEmbed 404).,Nothing while unavailable.,b2H7gyjRNmbN0l62XtCzeLPovDE:otter_transcript+otter_summary+mednote_stack+slides_claimed_elsewhere,external video currently unavailable,pass3_availability=unavailable_external
aosrd-webinars-056-X9owMRSxKU8,AOSRD_Clearfield,aosrd_webinars_youtube,"Ascorbate Intelligence-The Catalyst Behind Hormones, Mitochondria and Metabolism with Lior Sher 02-July-2025 (Video)",ascorbate intelligence the catalyst behind hormones mitochondria and metabolism with lior sher 02 july 2025 video,aosrd-webinars-056-X9owMRSxKU8,possible,DoY_YVmmJsZyWDMnmIlwfTtYV7k,2025-07-01,Research/lectures/clearfield-webinar-2025-07-01,YouTube_video,https://youtu.be/X9owMRSxKU8,yes,1,low,1,very_high,high,low,low,high,poor,DEFER_IDENTITY_UNRESOLVED,Pass 1 match is only possible. Video acquisition/processing is expensive and captions are unverified. Resolve identity first before considering video.,Unclear until identity is resolved; may largely duplicate Otter text.,DoY_YVmmJsZyWDMnmIlwfTtYV7k:otter_transcript+otter_summary+mednote_stack+slides_claimed_elsewhere,resolve_identity_before_video_acquisition,pass3_availability=available_external; captions=not_checked; has_pdf_also=False
aosrd-webinars-057-2Wyq9xwKxNo,AOSRD_Clearfield,aosrd_webinars_youtube,"Cholesterol Decoded The Good, the Bad, and the Misunderstood by Dr. Benoit Tano 18-June-2025 (Video)",cholesterol decoded the good the bad and the misunderstood by dr benoit tano 18 june 2025 video,aosrd-webinars-057-2Wyq9xwKxNo,possible,81vgkJ55QnsvesXbnyxCMQPr6Rc;glV8jJH0PlVmEafpjvon_ZOlt6g,2026-06-09;2025-06-03,Research/lectures/clearfield-webinar-2026-06-09;Research/lectures/clearfield-webinar-2025-06-03,YouTube_video,https://youtu.be/2Wyq9xwKxNo,yes,1,low,1,very_high,high,low,low,high,poor,DEFER_IDENTITY_UNRESOLVED,Pass 1 match is only possible. Video acquisition/processing is expensive and captions are unverified. Resolve identity first before considering video.,Unclear until identity is resolved; may largely duplicate Otter text.,81vgkJ55QnsvesXbnyxCMQPr6Rc:otter_transcript+otter_summary+mednote_stack+slides_claimed_elsewhere; glV8jJH0PlVmEafpjvon_ZOlt6g:otter_transcript+otter_summary+mednote_stack+slides_claimed_elsewhere,resolve_identity_before_video_acquisition,pass3_availability=available_external; captions=not_checked; has_pdf_also=False
aosrd-webinars-058-Kr52d-glwNw,AOSRD_Clearfield,aosrd_webinars_youtube,Seven Mushrooms for Longevity with Dr. Xochitl Palomino 18-June-2025 (Video),seven mushrooms for longevity with dr xochitl palomino 18 june 2025 video,aosrd-webinars-058-Kr52d-glwNw,possible,hnYI5BcQQLHjFGK0Vv7Jdr3Okdg,2025-06-10,Research/lectures/clearfield-webinar-2025-06-10,YouTube_video,https://youtu.be/Kr52d-glwNw,yes,1,low,1,very_high,high,low,low,high,poor,DEFER_IDENTITY_UNRESOLVED,Pass 1 match is only possible. Video acquisition/processing is expensive and captions are unverified. Resolve identity first before considering video.,Unclear until identity is resolved; may largely duplicate Otter text.,hnYI5BcQQLHjFGK0Vv7Jdr3Okdg:otter_transcript+otter_summary+mednote_stack+slides_claimed_elsewhere,resolve_identity_before_video_acquisition,pass3_availability=available_external; captions=not_checked; has_pdf_also=False
aosrd-webinars-059-2g96fVoSALE,AOSRD_Clearfield,aosrd_webinars_youtube,Mitochondrial Dysfunction in Aging 18-June-2025 (Video),mitochondrial dysfunction in aging 18 june 2025 video,aosrd-webinars-059-2g96fVoSALE,possible,GoRuWgRFUBHzZE--rF7qmxgBIOc,2025-06-17,Research/lectures/clearfield-webinar-2025-06-17,YouTube_video,https://youtu.be/2g96fVoSALE,yes,1,low,1,very_high,high,low,low,high,poor,DEFER_IDENTITY_UNRESOLVED,Pass 1 match is only possible. Video acquisition/processing is expensive and captions are unverified. Resolve identity first before considering video.,Unclear until identity is resolved; may largely duplicate Otter text.,GoRuWgRFUBHzZE--rF7qmxgBIOc:otter_transcript+otter_summary+mednote_stack+slides_claimed_elsewhere,resolve_identity_before_video_acquisition,pass3_availability=available_external; captions=not_checked; has_pdf_also=False
aosrd-webinars-060-NNAnnAJAIQk,AOSRD_Clearfield,aosrd_webinars_youtube,"Cholesterol Decoded The Good, the Bad, and the Misunderstood by Dr. Benoit Tano 11-June-2025 (Video)",cholesterol decoded the good the bad and the misunderstood by dr benoit tano 11 june 2025 video,aosrd-webinars-060-NNAnnAJAIQk,possible,81vgkJ55QnsvesXbnyxCMQPr6Rc;glV8jJH0PlVmEafpjvon_ZOlt6g,2026-06-09;2025-06-03,Research/lectures/clearfield-webinar-2026-06-09;Research/lectures/clearfield-webinar-2025-06-03,YouTube_video,https://youtu.be/NNAnnAJAIQk,yes,0,low,0,unknown,low,low,low,unknown,poor,NO_ACQUISITION_INDICATED,YouTube_video URL is cataloged but Pass 3 found it unavailable externally (e.g. oEmbed 404).,Nothing while unavailable.,81vgkJ55QnsvesXbnyxCMQPr6Rc:otter_transcript+otter_summary+mednote_stack+slides_claimed_elsewhere; glV8jJH0PlVmEafpjvon_ZOlt6g:otter_transcript+otter_summary+mednote_stack+slides_claimed_elsewhere,external video currently unavailable,pass3_availability=unavailable_external
aosrd-webinars-061-nrjK17pBbBk,AOSRD_Clearfield,aosrd_webinars_youtube,Seven Mushrooms for Longevity with Dr. Xochitl Palomino 11-June-2025 (Video),seven mushrooms for longevity with dr xochitl palomino 11 june 2025 video,aosrd-webinars-061-nrjK17pBbBk,strong,hnYI5BcQQLHjFGK0Vv7Jdr3Okdg,2025-06-10,Research/lectures/clearfield-webinar-2025-06-10,YouTube_video,https://youtu.be/nrjK17pBbBk,yes,0,high,0,unknown,low,low,low,unknown,poor,NO_ACQUISITION_INDICATED,YouTube_video URL is cataloged but Pass 3 found it unavailable externally (e.g. oEmbed 404).,Nothing while unavailable.,hnYI5BcQQLHjFGK0Vv7Jdr3Okdg:otter_transcript+otter_summary+mednote_stack+slides_claimed_elsewhere,external video currently unavailable,pass3_availability=unavailable_external
aosrd-webinars-062-KwIprK6R0yA,AOSRD_Clearfield,aosrd_webinars_youtube,Muscle Centric Health (Video),muscle centric health video,aosrd-webinars-062-KwIprK6R0yA,no_match,,,,YouTube_video,https://youtu.be/KwIprK6R0yA,no,3,unresolved,2,very_high,low,medium,medium,very_high,poor,DEFER_EXPENSIVE_VIDEO,"Potentially new session relative to Otter corpus (Pass 1 no_match — not confirmed new), but representation is video-only with captions/transcript status not_checked. Acquisition would likely require download + transcription (very high effort) without a verified text route. Defer until caption availability can be verified without downloading, or until a cheaper text representation is found.",Possibly a session absent from Otter — but only after expensive AV processing with unverified captions.,catalog_and_external_URL,verify_captions_or_prefer_PDF_before_any_video_acquire; not_a_confirmed_new_lecture,pass3_availability=available_external; captions=not_checked; has_pdf_also=False; pot=potentially_new_session
aosrd-webinars-063-4Nhoej8KtNE,AOSRD_Clearfield,aosrd_webinars_youtube,"To Aromatize or Not Aromatize , That is Question. Optimizing HRT in Men, with Dr. Jacquelyn Sammons (Video)",to aromatize or not aromatize that is question optimizing hrt in men with dr jacquelyn sammons video,aosrd-webinars-063-4Nhoej8KtNE,possible,OyOI3AvRLueyq57ys04VXI5U1WU;OlXuXl73V1RAQ4bVYXoakDZMRnU;OL_Ukp1RYjVvnjsMHnF2eXCXDC8,2025-12-17;2026-04-07;2024-10-01,Research/lectures/clearfield-webinar-2025-12-17;Research/lectures/clearfield-webinar-2026-04-07;Research/lectures/clearfield-webinar-2024-10-01,YouTube_video,https://youtu.be/4Nhoej8KtNE,yes,1,low,1,very_high,high,low,low,high,poor,DEFER_IDENTITY_UNRESOLVED,Pass 1 match is only possible. Video acquisition/processing is expensive and captions are unverified. Resolve identity first before considering video.,Unclear until identity is resolved; may largely duplicate Otter text.,OyOI3AvRLueyq57ys04VXI5U1WU:otter_transcript+otter_summary+mednote_stack+slides_claimed_elsewhere; OlXuXl73V1RAQ4bVYXoakDZMRnU:otter_transcript+otter_summary+mednote_stack+slides_claimed_elsewhere; OL_Ukp1RYjVvnjsMHnF2eXCXDC8:otter_transcript+otter_summary+mednote_stack,resolve_identity_before_video_acquisition,pass3_availability=available_external; captions=not_checked; has_pdf_also=False
aosrd-webinars-064-JRwekVs321Y,AOSRD_Clearfield,aosrd_webinars_youtube,Novel Scientific Considerations for Optimized Lean Muscle Mass with Dr. Chris Melitis 22-Apr-2025 (Video),novel scientific considerations for optimized lean muscle mass with dr chris melitis 22 apr 2025 video,aosrd-webinars-064-JRwekVs321Y,strong,12d7QbwxGiZlK8kVCNzSowPUQXE;5HPCyqwQxi9QD1of8g-CPHrnFcc;TNvBcRwwSnrkWGe2_L3i3lGvYYk,2025-04-22;2025-01-08;2024-12-11,Research/lectures/clearfield-webinar-2025-04-22;Research/lectures/clearfield-webinar-2025-01-08;Research/lectures/clearfield-webinar-2024-12-11,YouTube_video,https://youtu.be/JRwekVs321Y,yes,1,high,1,very_high,high,low,low,high,poor,DEFER_EXPENSIVE_VIDEO,"YouTube_video appears to duplicate an Otter-covered session (Pass 1 strong). Otter transcript + MedNote already exist locally. Captions/transcript status is not verified (Pass 3 not_checked), so video acquisition would be high-cost with little expected text gain. No verified additional text representation is currently available.",Possibly AV fidelity / delivery timing; unlikely new textual knowledge vs Otter.,12d7QbwxGiZlK8kVCNzSowPUQXE:otter_transcript+otter_summary+mednote_stack+slides_claimed_elsewhere; 5HPCyqwQxi9QD1of8g-CPHrnFcc:otter_transcript+otter_summary+mednote_stack+slides_claimed_elsewhere; TNvBcRwwSnrkWGe2_L3i3lGvYYk:otter_transcript+otter_summary+mednote_stack+slides_claimed_elsewhere,do_not_acquire_video_while_otter_text_exists_and_captions_unverified,pass3_availability=available_external; captions=not_checked; has_pdf_also=False
aosrd-webinars-065-l0Rjq3pwOR8,AOSRD_Clearfield,aosrd_webinars_youtube,Aging and Anti-Aging through the Lens of the Immune System with Lisa Tamati 15-Apr-2025 (Video),aging and anti aging through the lens of the immune system with lisa tamati 15 apr 2025 video,aosrd-webinars-065-l0Rjq3pwOR8,strong,4qg44PRw27Y2Jbzl7MXMYCX0HuI;pw9yXaKVUW0ETXgSRTRBaLEzqQc;y59a2fEx8UgOiThJHr1w-HcQc1U,2025-04-15;2024-08-27;2024-08-20,Research/lectures/clearfield-webinar-2025-04-15;Research/lectures/clearfield-webinar-2024-08-27;Research/lectures/clearfield-webinar-2024-08-20,YouTube_video,https://youtu.be/l0Rjq3pwOR8,yes,1,high,1,very_high,high,low,low,high,poor,DEFER_EXPENSIVE_VIDEO,"YouTube_video appears to duplicate an Otter-covered session (Pass 1 strong). Otter transcript + MedNote already exist locally. Captions/transcript status is not verified (Pass 3 not_checked), so video acquisition would be high-cost with little expected text gain. No verified additional text representation is currently available.",Possibly AV fidelity / delivery timing; unlikely new textual knowledge vs Otter.,4qg44PRw27Y2Jbzl7MXMYCX0HuI:otter_transcript+otter_summary+mednote_stack+slides_claimed_elsewhere; pw9yXaKVUW0ETXgSRTRBaLEzqQc:otter_transcript+otter_summary+mednote_stack; y59a2fEx8UgOiThJHr1w-HcQc1U:otter_transcript+otter_summary+mednote_stack,do_not_acquire_video_while_otter_text_exists_and_captions_unverified,pass3_availability=available_external; captions=not_checked; has_pdf_also=False
aosrd-webinars-066-DhiMsRLaERI,AOSRD_Clearfield,aosrd_webinars_youtube,Understanding Medical Issues Through a Constitutional Homeopathic Lens with Dr. Payam Hakimi 8-Apr-2025 (Video),understanding medical issues through a constitutional homeopathic lens with dr payam hakimi 8 apr 2025 video,aosrd-webinars-066-DhiMsRLaERI,strong,6Jsw7QNZfMK82hH28Fgc1lAC87k,2025-04-08,Research/lectures/clearfield-webinar-2025-04-08,YouTube_video,https://youtu.be/DhiMsRLaERI,yes,1,high,1,very_high,high,low,low,high,poor,DEFER_EXPENSIVE_VIDEO,"YouTube_video appears to duplicate an Otter-covered session (Pass 1 strong). Otter transcript + MedNote already exist locally. Captions/transcript status is not verified (Pass 3 not_checked), so video acquisition would be high-cost with little expected text gain. No verified additional text representation is currently available.",Possibly AV fidelity / delivery timing; unlikely new textual knowledge vs Otter.,6Jsw7QNZfMK82hH28Fgc1lAC87k:otter_transcript+otter_summary+mednote_stack+slides_claimed_elsewhere,do_not_acquire_video_while_otter_text_exists_and_captions_unverified,pass3_availability=available_external; captions=not_checked; has_pdf_also=False
aosrd-webinars-067-vZ0ervyVVU0,AOSRD_Clearfield,aosrd_webinars_youtube,Train Your Brain! Learn the Joys of Neurofeedback with Dr. Marly Jones 1-Apr-2025 (Video),train your brain learn the joys of neurofeedback with dr marly jones 1 apr 2025 video,aosrd-webinars-067-vZ0ervyVVU0,strong,jZM7WB_BG5YwNdBn2EQBHQM-aNc,2025-04-01,Research/lectures/clearfield-webinar-2025-04-01,YouTube_video,https://youtu.be/vZ0ervyVVU0,yes,1,high,1,very_high,high,low,low,high,poor,DEFER_EXPENSIVE_VIDEO,"YouTube_video appears to duplicate an Otter-covered session (Pass 1 strong). Otter transcript + MedNote already exist locally. Captions/transcript status is not verified (Pass 3 not_checked), so video acquisition would be high-cost with little expected text gain. No verified additional text representation is currently available.",Possibly AV fidelity / delivery timing; unlikely new textual knowledge vs Otter.,jZM7WB_BG5YwNdBn2EQBHQM-aNc:otter_transcript+otter_summary+mednote_stack+slides_claimed_elsewhere,do_not_acquire_video_while_otter_text_exists_and_captions_unverified,pass3_availability=available_external; captions=not_checked; has_pdf_also=False
aosrd-webinars-068-vS6aw3GkcRI,AOSRD_Clearfield,aosrd_webinars_youtube,The Laboratory Functional Medicine with Dr. Bill Clearfield 25-Mar-2025 (Video),the laboratory functional medicine with dr bill clearfield 25 mar 2025 video,aosrd-webinars-068-vS6aw3GkcRI,strong,Zxy20R1uant_QctiZutXLSt-Q-E,2025-03-25,Research/lectures/clearfield-webinar-2025-03-25,AOSRD_PDF,https://aosrd.org/wp-content/uploads/2025/03/Copy-of-8.-The-Laboratory-of-Functional-Medicine.pdf,yes,0,high,0,low,high,low,low,low,poor,NO_ACQUISITION_INDICATED,AOSRD PDF already present locally for this catalog record (Pass 2).,Nothing beyond the already-local PDF/frames.,local_pdf;frames,,pdf_role=already_local; pass3_pdf_availability=available_external; pass1_rel=existing_session_representation
aosrd-webinars-068-vS6aw3GkcRI,AOSRD_Clearfield,aosrd_webinars_youtube,The Laboratory Functional Medicine with Dr. Bill Clearfield 25-Mar-2025 (Video),the laboratory functional medicine with dr bill clearfield 25 mar 2025 video,aosrd-webinars-068-vS6aw3GkcRI,strong,Zxy20R1uant_QctiZutXLSt-Q-E,2025-03-25,Research/lectures/clearfield-webinar-2025-03-25,YouTube_video,https://youtu.be/vS6aw3GkcRI,yes,1,high,1,very_high,high,low,low,high,poor,DEFER_EXPENSIVE_VIDEO,"YouTube_video appears to duplicate an Otter-covered session (Pass 1 strong). Otter transcript + MedNote already exist locally. Captions/transcript status is not verified (Pass 3 not_checked), so video acquisition would be high-cost with little expected text gain. Prefer the companion AOSRD PDF if visual enrichment is needed.",Possibly AV fidelity / delivery timing; unlikely new textual knowledge vs Otter.,Zxy20R1uant_QctiZutXLSt-Q-E:otter_transcript+otter_summary+mednote_stack+slides_claimed_elsewhere,do_not_acquire_video_while_otter_text_exists_and_captions_unverified,pass3_availability=available_external; captions=not_checked; has_pdf_also=True
aosrd-webinars-069-kSvKhj5JSv0,AOSRD_Clearfield,aosrd_webinars_youtube,The Microbiome in Health and Disease with Dr Bill Clearfield 18-Mar-2025 (Video),the microbiome in health and disease with dr bill clearfield 18 mar 2025 video,aosrd-webinars-069-kSvKhj5JSv0,strong,pfNO6khumfRfVoCync03aVBxZ70;P1FgRy3FvTrrNYsXISdsJKJeiEg;ZdpkFb1zUrwSD134tv35ZcrcaI8;0pIRZSR5hLU8vZNbqCJ9pLpRE9M,2025-03-18;2024-11-06;2025-07-29;2025-03-05,Research/lectures/clearfield-webinar-2025-03-18;Research/lectures/clearfield-webinar-2024-11-06;Research/lectures/clearfield-webinar-2025-07-29;Research/lectures/clearfield-webinar-2025-03-05,YouTube_video,https://youtu.be/kSvKhj5JSv0,yes,1,high,1,very_high,high,low,low,high,poor,DEFER_EXPENSIVE_VIDEO,"YouTube_video appears to duplicate an Otter-covered session (Pass 1 strong). Otter transcript + MedNote already exist locally. Captions/transcript status is not verified (Pass 3 not_checked), so video acquisition would be high-cost with little expected text gain. No verified additional text representation is currently available.",Possibly AV fidelity / delivery timing; unlikely new textual knowledge vs Otter.,pfNO6khumfRfVoCync03aVBxZ70:otter_transcript+otter_summary+mednote_stack+slides_claimed_elsewhere; P1FgRy3FvTrrNYsXISdsJKJeiEg:otter_transcript+otter_summary+mednote_stack+slides_claimed_elsewhere; ZdpkFb1zUrwSD134tv35ZcrcaI8:otter_transcript+otter_summary+mednote_stack+slides_claimed_elsewhere; 0pIRZSR5hLU8vZNbqCJ9pLpRE9M:otter_transcript+otter_summary+mednote_stack+slides_claimed_elsewhere,do_not_acquire_video_while_otter_text_exists_and_captions_unverified,pass3_availability=available_external; captions=not_checked; has_pdf_also=False
aosrd-webinars-070-inmmno5OVKk,AOSRD_Clearfield,aosrd_webinars_youtube,Small Intestine Bacterial Overgrowth with Dr. Arland Hill 11-Mar-2025 (Video),small intestine bacterial overgrowth with dr arland hill 11 mar 2025 video,aosrd-webinars-070-inmmno5OVKk,strong,ClN5CZe78b8lp6a0nf44-DzCDCo,2025-03-11,Research/lectures/clearfield-webinar-2025-03-11,YouTube_video,https://youtu.be/inmmno5OVKk,yes,1,high,1,very_high,high,low,low,high,poor,DEFER_EXPENSIVE_VIDEO,"YouTube_video appears to duplicate an Otter-covered session (Pass 1 strong). Otter transcript + MedNote already exist locally. Captions/transcript status is not verified (Pass 3 not_checked), so video acquisition would be high-cost with little expected text gain. No verified additional text representation is currently available.",Possibly AV fidelity / delivery timing; unlikely new textual knowledge vs Otter.,ClN5CZe78b8lp6a0nf44-DzCDCo:otter_transcript+otter_summary+mednote_stack+slides_claimed_elsewhere+pathway,do_not_acquire_video_while_otter_text_exists_and_captions_unverified,pass3_availability=available_external; captions=not_checked; has_pdf_also=False
aosrd-webinars-071-zKxcCQelKT4,AOSRD_Clearfield,aosrd_webinars_youtube,Culinary Oncology with Chef Laura Pole 04-Mar-2025 (Video),culinary oncology with chef laura pole 04 mar 2025 video,aosrd-webinars-071-zKxcCQelKT4,possible,0pIRZSR5hLU8vZNbqCJ9pLpRE9M,2025-03-05,Research/lectures/clearfield-webinar-2025-03-05,AOSRD_PDF,https://aosrd.org/wp-content/uploads/2025/03/Culinary-Translation_slide-handout_2.pdf,yes,2,low,2,low,medium,medium,medium,low,moderate,CONDITIONAL_ACQUIRE,Pass 1 relationship is possible only. PDF is a low-cost artifact that could help resolve identity against Otter candidates and/or add slides if the match is later confirmed. Acquire only as an identity-resolution / enrichment step — not as confirmed new knowledge.,Identity-resolution evidence plus possible visual/source material.,0pIRZSR5hLU8vZNbqCJ9pLpRE9M:otter_transcript+otter_summary+mednote_stack+slides_claimed_elsewhere,purpose=identity_resolution; confirm human intent before acquire; do not treat as confirmed same-session until reviewed,pdf_role=identity_resolution_candidate; pass3_pdf_availability=available_external; pass1_rel=possible_existing_session_representation
aosrd-webinars-071-zKxcCQelKT4,AOSRD_Clearfield,aosrd_webinars_youtube,Culinary Oncology with Chef Laura Pole 04-Mar-2025 (Video),culinary oncology with chef laura pole 04 mar 2025 video,aosrd-webinars-071-zKxcCQelKT4,possible,0pIRZSR5hLU8vZNbqCJ9pLpRE9M,2025-03-05,Research/lectures/clearfield-webinar-2025-03-05,YouTube_video,https://youtu.be/zKxcCQelKT4,yes,1,low,1,very_high,high,low,low,high,poor,DEFER_IDENTITY_UNRESOLVED,Pass 1 match is only possible. Video acquisition/processing is expensive and captions are unverified. Resolve identity first; preferably via the low-cost companion PDF before considering video.,Unclear until identity is resolved; may largely duplicate Otter text.,0pIRZSR5hLU8vZNbqCJ9pLpRE9M:otter_transcript+otter_summary+mednote_stack+slides_claimed_elsewhere,resolve_identity_before_video_acquisition; prefer_PDF_first,pass3_availability=available_external; captions=not_checked; has_pdf_also=True
aosrd-webinars-072-JEF5w29s04Y,AOSRD_Clearfield,aosrd_webinars_youtube,Peptide Deep DiveThymosin Alpha 1 and Thymogen with Stefan Hartmann 19-Feb-2025 (Video),peptide deep divethymosin alpha 1 and thymogen with stefan hartmann 19 feb 2025 video,aosrd-webinars-072-JEF5w29s04Y,strong,lnZUNAyEcVNSN0i3JOEbuJcc15A,2025-02-19,Research/lectures/clearfield-webinar-2025-02-19,YouTube_video,https://youtu.be/JEF5w29s04Y,yes,1,high,1,very_high,high,low,low,high,poor,DEFER_EXPENSIVE_VIDEO,"YouTube_video appears to duplicate an Otter-covered session (Pass 1 strong). Otter transcript + MedNote already exist locally. Captions/transcript status is not verified (Pass 3 not_checked), so video acquisition would be high-cost with little expected text gain. No verified additional text representation is currently available.",Possibly AV fidelity / delivery timing; unlikely new textual knowledge vs Otter.,lnZUNAyEcVNSN0i3JOEbuJcc15A:otter_transcript+otter_summary+mednote_stack+slides_claimed_elsewhere,do_not_acquire_video_while_otter_text_exists_and_captions_unverified,pass3_availability=available_external; captions=not_checked; has_pdf_also=False
aosrd-webinars-073-F3lfAz2jf0M,AOSRD_Clearfield,aosrd_webinars_youtube,Uveal Melanoma Research Project with Dr. Evangelica Papasotiriou 05-Feb-2025 (Video),uveal melanoma research project with dr evangelica papasotiriou 05 feb 2025 video,aosrd-webinars-073-F3lfAz2jf0M,strong,JAhRYbDDwDsC4em3dazDKyDw4gM,2025-02-05,Research/lectures/clearfield-webinar-2025-02-05,YouTube_video,https://youtu.be/F3lfAz2jf0M,yes,1,high,1,very_high,high,low,low,high,poor,DEFER_EXPENSIVE_VIDEO,"YouTube_video appears to duplicate an Otter-covered session (Pass 1 strong). Otter transcript + MedNote already exist locally. Captions/transcript status is not verified (Pass 3 not_checked), so video acquisition would be high-cost with little expected text gain. No verified additional text representation is currently available.",Possibly AV fidelity / delivery timing; unlikely new textual knowledge vs Otter.,JAhRYbDDwDsC4em3dazDKyDw4gM:otter_transcript+otter_summary+mednote_stack+slides_claimed_elsewhere,do_not_acquire_video_while_otter_text_exists_and_captions_unverified,pass3_availability=available_external; captions=not_checked; has_pdf_also=False
aosrd-webinars-074-0DKMSGQ2wAY,AOSRD_Clearfield,aosrd_webinars_youtube,Poly MVA with Dr. Al Sanchez (Video),poly mva with dr al sanchez video,aosrd-webinars-074-0DKMSGQ2wAY,possible,Ts2MMXvFk3VIGcyQs8K33dvV7lk,2025-01-29,Research/lectures/clearfield-webinar-2025-01-29,YouTube_video,https://youtu.be/0DKMSGQ2wAY,yes,1,low,1,very_high,high,low,low,high,poor,DEFER_IDENTITY_UNRESOLVED,Pass 1 match is only possible. Video acquisition/processing is expensive and captions are unverified. Resolve identity first before considering video.,Unclear until identity is resolved; may largely duplicate Otter text.,Ts2MMXvFk3VIGcyQs8K33dvV7lk:otter_transcript+otter_summary+mednote_stack+slides_claimed_elsewhere,resolve_identity_before_video_acquisition,pass3_availability=available_external; captions=not_checked; has_pdf_also=False
aosrd-webinars-075-044uvhXbKng,AOSRD_Clearfield,aosrd_webinars_youtube,Chronic Sinusitis and Sinus Inflammation Due to Mold Toxicity with Dr. Donald Dennis (Video),chronic sinusitis and sinus inflammation due to mold toxicity with dr donald dennis video,aosrd-webinars-075-044uvhXbKng,possible,hFcw5MS7FSAuXJGFcnPHqL6j1gM,2025-01-22,Research/lectures/clearfield-webinar-2025-01-22,YouTube_video,https://youtu.be/044uvhXbKng,yes,1,low,1,very_high,high,low,low,high,poor,DEFER_IDENTITY_UNRESOLVED,Pass 1 match is only possible. Video acquisition/processing is expensive and captions are unverified. Resolve identity first before considering video.,Unclear until identity is resolved; may largely duplicate Otter text.,hFcw5MS7FSAuXJGFcnPHqL6j1gM:otter_transcript+otter_summary+mednote_stack+slides_claimed_elsewhere,resolve_identity_before_video_acquisition,pass3_availability=available_external; captions=not_checked; has_pdf_also=False
aosrd-webinars-076-DOa9N5ODRuU,AOSRD_Clearfield,aosrd_webinars_youtube,Mitochondrial Function in Metabolic Disease w Dr. Greg Nacarelli Jan-14-2025 (Video),mitochondrial function in metabolic disease w dr greg nacarelli jan 14 2025 video,aosrd-webinars-076-DOa9N5ODRuU,possible,uRqtR3sy0qaYlUcYL4_tPVC7Tps,2025-01-15,Research/lectures/clearfield-webinar-2025-01-15,YouTube_video,https://youtu.be/DOa9N5ODRuU,yes,1,low,1,very_high,high,low,low,high,poor,DEFER_IDENTITY_UNRESOLVED,Pass 1 match is only possible. Video acquisition/processing is expensive and captions are unverified. Resolve identity first before considering video.,Unclear until identity is resolved; may largely duplicate Otter text.,uRqtR3sy0qaYlUcYL4_tPVC7Tps:otter_transcript+otter_summary+mednote_stack+slides_claimed_elsewhere,resolve_identity_before_video_acquisition,pass3_availability=available_external; captions=not_checked; has_pdf_also=False
aosrd-webinars-077-Y4xe9xz-84s,AOSRD_Clearfield,aosrd_webinars_youtube,Mitochondrial Function and Weight Dontrol with Dr. Chris Meletis Jan-7-2025 (Video),mitochondrial function and weight dontrol with dr chris meletis jan 7 2025 video,aosrd-webinars-077-Y4xe9xz-84s,possible,sLBIeA_Jmb8LAaQrgfDavdK3onA;5HPCyqwQxi9QD1of8g-CPHrnFcc,2025-10-28;2025-01-08,Research/lectures/clearfield-webinar-2025-10-28;Research/lectures/clearfield-webinar-2025-01-08,YouTube_video,https://youtu.be/Y4xe9xz-84s,yes,1,low,1,very_high,high,low,low,high,poor,DEFER_IDENTITY_UNRESOLVED,Pass 1 match is only possible. Video acquisition/processing is expensive and captions are unverified. Resolve identity first before considering video.,Unclear until identity is resolved; may largely duplicate Otter text.,sLBIeA_Jmb8LAaQrgfDavdK3onA:otter_transcript+otter_summary+mednote_stack+slides_claimed_elsewhere; 5HPCyqwQxi9QD1of8g-CPHrnFcc:otter_transcript+otter_summary+mednote_stack+slides_claimed_elsewhere,resolve_identity_before_video_acquisition,pass3_availability=available_external; captions=not_checked; has_pdf_also=False
aosrd-webinars-078-UPU3Iy5rir0,AOSRD_Clearfield,aosrd_webinars_youtube,The Nuts and Bolts of Hormone Optimization-Putting It All Together-Part 3 Growth Hormone Thyroid a(Video),the nuts and bolts of hormone optimization putting it all together part 3 growth hormone thyroid a video,aosrd-webinars-078-UPU3Iy5rir0,no_match,,,,YouTube_video,https://youtu.be/UPU3Iy5rir0,no,3,unresolved,2,very_high,low,medium,medium,very_high,poor,DEFER_EXPENSIVE_VIDEO,"Potentially new session relative to Otter corpus (Pass 1 no_match — not confirmed new), but representation is video-only with captions/transcript status not_checked. Acquisition would likely require download + transcription (very high effort) without a verified text route. Defer until caption availability can be verified without downloading, or until a cheaper text representation is found.",Possibly a session absent from Otter — but only after expensive AV processing with unverified captions.,catalog_and_external_URL,verify_captions_or_prefer_PDF_before_any_video_acquire; not_a_confirmed_new_lecture,pass3_availability=available_external; captions=not_checked; has_pdf_also=False; pot=potentially_new_session
aosrd-webinars-079-IcjS_wKZ5bI,AOSRD_Clearfield,aosrd_webinars_youtube,How Hormone Montors are Changing the Way Providers Care for Women with Rosemary Mackenzie – 18-Dec-2024(Video),how hormone montors are changing the way providers care for women with rosemary mackenzie 18 dec 2024 video,aosrd-webinars-079-IcjS_wKZ5bI,strong,teTBikykKpBtvemVFqClxhmIVaQ,2024-12-18,Research/lectures/clearfield-webinar-2024-12-18,YouTube_video,https://youtu.be/IcjS_wKZ5bI,yes,1,high,1,very_high,high,low,low,high,poor,DEFER_EXPENSIVE_VIDEO,"YouTube_video appears to duplicate an Otter-covered session (Pass 1 strong). Otter transcript + MedNote already exist locally. Captions/transcript status is not verified (Pass 3 not_checked), so video acquisition would be high-cost with little expected text gain. No verified additional text representation is currently available.",Possibly AV fidelity / delivery timing; unlikely new textual knowledge vs Otter.,teTBikykKpBtvemVFqClxhmIVaQ:otter_transcript+otter_summary+mednote_stack+slides_claimed_elsewhere,do_not_acquire_video_while_otter_text_exists_and_captions_unverified,pass3_availability=available_external; captions=not_checked; has_pdf_also=False
aosrd-webinars-080-zNlsUByAduM,AOSRD_Clearfield,aosrd_webinars_youtube,"Nearly Everything We Know About Soy is Wrong, Myths vs. Facts on Breast Cancer, Thyroid Function, Skin Aging, and CV Health with Dr. Mark Messina – 10-Dec-2024(Video)",nearly everything we know about soy is wrong myths vs facts on breast cancer thyroid function skin aging and cv health with dr mark messina 10 dec 2024 video,aosrd-webinars-080-zNlsUByAduM,possible,Zxy20R1uant_QctiZutXLSt-Q-E;y59a2fEx8UgOiThJHr1w-HcQc1U;l416W8yP4i7dv3Jhd5H2F74zMnU;FbRyr7EkkewAoPTmXbK9DtUiA_Y;TNvBcRwwSnrkWGe2_L3i3lGvYYk,2025-03-25;2024-08-20;2026-01-21;2024-09-24;2024-12-11,Research/lectures/clearfield-webinar-2025-03-25;Research/lectures/clearfield-webinar-2024-08-20;Research/lectures/clearfield-webinar-2026-01-21;Research/lectures/clearfield-webinar-2024-09-24;Research/lectures/clearfield-webinar-2024-12-11,YouTube_video,https://youtu.be/zNlsUByAduM,yes,1,low,1,very_high,high,low,low,high,poor,DEFER_IDENTITY_UNRESOLVED,Pass 1 match is only possible. Video acquisition/processing is expensive and captions are unverified. Resolve identity first before considering video.,Unclear until identity is resolved; may largely duplicate Otter text.,Zxy20R1uant_QctiZutXLSt-Q-E:otter_transcript+otter_summary+mednote_stack+slides_claimed_elsewhere; y59a2fEx8UgOiThJHr1w-HcQc1U:otter_transcript+otter_summary+mednote_stack; l416W8yP4i7dv3Jhd5H2F74zMnU:otter_transcript+otter_summary+mednote_stack+slides_claimed_elsewhere; FbRyr7EkkewAoPTmXbK9DtUiA_Y:otter_transcript+otter_summary+mednote_stack; TNvBcRwwSnrkWGe2_L3i3lGvYYk:otter_transcript+otter_summary+mednote_stack+slides_claimed_elsewhere,resolve_identity_before_video_acquisition,pass3_availability=available_external; captions=not_checked; has_pdf_also=False
aosrd-webinars-081-HkJyig2OR_E,AOSRD_Clearfield,aosrd_webinars_youtube,The Nuts and Bolts of Bioidentical Hormone Optimization-Part 1 (Video),the nuts and bolts of bioidentical hormone optimization part 1 video,aosrd-webinars-081-HkJyig2OR_E,no_match,,,,YouTube_video,https://youtu.be/HkJyig2OR_E,no,3,unresolved,2,very_high,low,medium,medium,very_high,poor,DEFER_EXPENSIVE_VIDEO,"Potentially new session relative to Otter corpus (Pass 1 no_match — not confirmed new), but representation is video-only with captions/transcript status not_checked. Acquisition would likely require download + transcription (very high effort) without a verified text route. Defer until caption availability can be verified without downloading, or until a cheaper text representation is found.",Possibly a session absent from Otter — but only after expensive AV processing with unverified captions.,catalog_and_external_URL,verify_captions_or_prefer_PDF_before_any_video_acquire; not_a_confirmed_new_lecture,pass3_availability=available_external; captions=not_checked; has_pdf_also=False; pot=potentially_new_session
aosrd-webinars-082-UrxfDXzmVuw,AOSRD_Clearfield,aosrd_webinars_youtube,The Nuts and Bolts of Bioidentical Hormone Optimization-Part 2 Hormones-Testoste (Video),the nuts and bolts of bioidentical hormone optimization part 2 hormones testoste video,aosrd-webinars-082-UrxfDXzmVuw,no_match,,,,YouTube_video,https://youtu.be/UrxfDXzmVuw,no,3,unresolved,2,very_high,low,medium,medium,very_high,poor,DEFER_EXPENSIVE_VIDEO,"Potentially new session relative to Otter corpus (Pass 1 no_match — not confirmed new), but representation is video-only with captions/transcript status not_checked. Acquisition would likely require download + transcription (very high effort) without a verified text route. Defer until caption availability can be verified without downloading, or until a cheaper text representation is found.",Possibly a session absent from Otter — but only after expensive AV processing with unverified captions.,catalog_and_external_URL,verify_captions_or_prefer_PDF_before_any_video_acquire; not_a_confirmed_new_lecture,pass3_availability=available_external; captions=not_checked; has_pdf_also=False; pot=potentially_new_session
aosrd-webinars-083-NNfo5k3x2JE,AOSRD_Clearfield,aosrd_webinars_youtube,Twelve Days of Christmas-Twelve Medical Myths We Believed from Pediatrics to Adulthood 3-Dec-2024 (Video),twelve days of christmas twelve medical myths we believed from pediatrics to adulthood 3 dec 2024 video,aosrd-webinars-083-NNfo5k3x2JE,no_match,,,,YouTube_video,https://youtu.be/NNfo5k3x2JE,no,3,unresolved,2,very_high,low,medium,medium,very_high,poor,DEFER_EXPENSIVE_VIDEO,"Potentially new session relative to Otter corpus (Pass 1 no_match — not confirmed new), but representation is video-only with captions/transcript status not_checked. Acquisition would likely require download + transcription (very high effort) without a verified text route. Defer until caption availability can be verified without downloading, or until a cheaper text representation is found.",Possibly a session absent from Otter — but only after expensive AV processing with unverified captions.,catalog_and_external_URL,verify_captions_or_prefer_PDF_before_any_video_acquire; not_a_confirmed_new_lecture,pass3_availability=available_external; captions=not_checked; has_pdf_also=False; pot=potentially_new_session
aosrd-webinars-084-LCKfDsIgPEw,AOSRD_Clearfield,aosrd_webinars_youtube,Enhancing Cognitive Health-Integrative Approaches for Brain Longevity w Dr. Debbie Smrz 26-Nov-2024 (Video),enhancing cognitive health integrative approaches for brain longevity w dr debbie smrz 26 nov 2024 video,aosrd-webinars-084-LCKfDsIgPEw,strong,vjcply7K-rJtWMYGKgD39abIq9E,2024-11-27,Research/lectures/clearfield-webinar-2024-11-27,YouTube_video,https://youtu.be/LCKfDsIgPEw,yes,1,high,1,very_high,high,low,low,high,poor,DEFER_EXPENSIVE_VIDEO,"YouTube_video appears to duplicate an Otter-covered session (Pass 1 strong). Otter transcript + MedNote already exist locally. Captions/transcript status is not verified (Pass 3 not_checked), so video acquisition would be high-cost with little expected text gain. No verified additional text representation is currently available.",Possibly AV fidelity / delivery timing; unlikely new textual knowledge vs Otter.,vjcply7K-rJtWMYGKgD39abIq9E:otter_transcript+otter_summary+mednote_stack+slides_claimed_elsewhere,do_not_acquire_video_while_otter_text_exists_and_captions_unverified,pass3_availability=available_external; captions=not_checked; has_pdf_also=False
aosrd-webinars-085-VvqxDr3PUwQ,AOSRD_Clearfield,aosrd_webinars_youtube,Hormone Optimization for Men with Dr. William Clearfield 26-Nov-2024 (Video),hormone optimization for men with dr william clearfield 26 nov 2024 video,aosrd-webinars-085-VvqxDr3PUwQ,possible,zlsEo9I_-f-RI9YXiSfAueScYNM;aKanCqrE_LN8_fUCcz8yCi5pTLg,2025-09-23;2025-11-05,Research/lectures/clearfield-webinar-2025-09-23;Research/lectures/clearfield-webinar-2025-11-05,YouTube_video,https://youtu.be/VvqxDr3PUwQ,yes,1,low,1,very_high,high,low,low,high,poor,DEFER_IDENTITY_UNRESOLVED,Pass 1 match is only possible. Video acquisition/processing is expensive and captions are unverified. Resolve identity first before considering video.,Unclear until identity is resolved; may largely duplicate Otter text.,zlsEo9I_-f-RI9YXiSfAueScYNM:otter_transcript+otter_summary+mednote_stack+slides_claimed_elsewhere; aKanCqrE_LN8_fUCcz8yCi5pTLg:otter_transcript+otter_summary+mednote_stack+slides_claimed_elsewhere,resolve_identity_before_video_acquisition,pass3_availability=available_external; captions=not_checked; has_pdf_also=False
aosrd-webinars-086-3F5eDzS7HqI,AOSRD_Clearfield,aosrd_webinars_youtube,Personalized Age Management Using Longevity Biomarkers with Dr. Jin-Xiong 19-Nov-2024 (Video),personalized age management using longevity biomarkers with dr jin xiong 19 nov 2024 video,aosrd-webinars-086-3F5eDzS7HqI,possible,qwUT3cyV7gYvn34XQtrA84mAbiI,2024-11-20,Research/lectures/clearfield-webinar-2024-11-20,YouTube_video,https://youtu.be/3F5eDzS7HqI,yes,1,low,1,very_high,high,low,low,high,poor,DEFER_IDENTITY_UNRESOLVED,Pass 1 match is only possible. Video acquisition/processing is expensive and captions are unverified. Resolve identity first before considering video.,Unclear until identity is resolved; may largely duplicate Otter text.,qwUT3cyV7gYvn34XQtrA84mAbiI:otter_transcript+otter_summary+mednote_stack+slides_claimed_elsewhere,resolve_identity_before_video_acquisition,pass3_availability=available_external; captions=not_checked; has_pdf_also=False
aosrd-webinars-087-5ItUoUUJvsg,AOSRD_Clearfield,aosrd_webinars_youtube,"Longevity Project-mTOR, Autophagy, and the Promise of Rapamycin with Dr. Bill Clearfield 5-Nov-2024 (Video)",longevity project mtor autophagy and the promise of rapamycin with dr bill clearfield 5 nov 2024 video,aosrd-webinars-087-5ItUoUUJvsg,possible,qwUT3cyV7gYvn34XQtrA84mAbiI,2024-11-20,Research/lectures/clearfield-webinar-2024-11-20,YouTube_video,https://youtu.be/5ItUoUUJvsg,yes,1,low,1,very_high,high,low,low,high,poor,DEFER_IDENTITY_UNRESOLVED,Pass 1 match is only possible. Video acquisition/processing is expensive and captions are unverified. Resolve identity first before considering video.,Unclear until identity is resolved; may largely duplicate Otter text.,qwUT3cyV7gYvn34XQtrA84mAbiI:otter_transcript+otter_summary+mednote_stack+slides_claimed_elsewhere,resolve_identity_before_video_acquisition,pass3_availability=available_external; captions=not_checked; has_pdf_also=False
aosrd-webinars-088-dMzAToPWgfw,AOSRD_Clearfield,aosrd_webinars_youtube,Diversity in the Microbiome with Dr. Piper Dobner Oct-2024 (Video),diversity in the microbiome with dr piper dobner oct 2024 video,aosrd-webinars-088-dMzAToPWgfw,possible,zXf2JR4NKM7KxvOGrUxYJnH-ld8;W7XqKXZ-lIxJJAd2BNF0czu408k,2025-12-31;2026-04-21,Research/lectures/clearfield-webinar-2025-12-31;Research/lectures/clearfield-webinar-2026-04-21,YouTube_video,https://youtu.be/dMzAToPWgfw,yes,1,low,1,very_high,high,low,low,high,poor,DEFER_IDENTITY_UNRESOLVED,Pass 1 match is only possible. Video acquisition/processing is expensive and captions are unverified. Resolve identity first before considering video.,Unclear until identity is resolved; may largely duplicate Otter text.,zXf2JR4NKM7KxvOGrUxYJnH-ld8:otter_transcript+otter_summary+mednote_stack+slides_claimed_elsewhere; W7XqKXZ-lIxJJAd2BNF0czu408k:otter_transcript+otter_summary+mednote_stack,resolve_identity_before_video_acquisition,pass3_availability=available_external; captions=not_checked; has_pdf_also=False
aosrd-webinars-089-YGd1siNfdVc,AOSRD_Clearfield,aosrd_webinars_youtube,EMF and Depletion of Nitric Oxide with Beth Shirley 8-Oct-2024 (Video),emf and depletion of nitric oxide with beth shirley 8 oct 2024 video,aosrd-webinars-089-YGd1siNfdVc,strong,EqC6yd4bQDKMl2mpzPURPZu-_Pc;FbRyr7EkkewAoPTmXbK9DtUiA_Y,2024-10-08;2024-09-24,Research/lectures/clearfield-webinar-2024-10-08;Research/lectures/clearfield-webinar-2024-09-24,AOSRD_PDF,https://aosrd.org/wp-content/uploads/2024/10/EMF-2024.pdf,yes,3,high,2,low,medium,medium,medium,low,strong,ACQUIRE_CANDIDATE,PDF likely corresponds to an existing Otter session (Pass 1 strong) but may add slides/figures/references not present as local images. Otter transcript/MedNote exist; local slide JPEGs do not (Pass 2 claimed_elsewhere). Low acquisition/processing cost.,"Durable visual/source PDF representation (slides, tables, citations) for an existing session.",EqC6yd4bQDKMl2mpzPURPZu-_Pc:otter_transcript+otter_summary+mednote_stack; FbRyr7EkkewAoPTmXbK9DtUiA_Y:otter_transcript+otter_summary+mednote_stack,,pdf_role=enrichment_candidate; pass3_pdf_availability=available_external; pass1_rel=existing_session_representation
aosrd-webinars-089-YGd1siNfdVc,AOSRD_Clearfield,aosrd_webinars_youtube,EMF and Depletion of Nitric Oxide with Beth Shirley 8-Oct-2024 (Video),emf and depletion of nitric oxide with beth shirley 8 oct 2024 video,aosrd-webinars-089-YGd1siNfdVc,strong,EqC6yd4bQDKMl2mpzPURPZu-_Pc;FbRyr7EkkewAoPTmXbK9DtUiA_Y,2024-10-08;2024-09-24,Research/lectures/clearfield-webinar-2024-10-08;Research/lectures/clearfield-webinar-2024-09-24,YouTube_video,https://youtu.be/YGd1siNfdVc,yes,1,high,1,very_high,high,low,low,high,poor,DEFER_EXPENSIVE_VIDEO,"YouTube_video appears to duplicate an Otter-covered session (Pass 1 strong). Otter transcript + MedNote already exist locally. Captions/transcript status is not verified (Pass 3 not_checked), so video acquisition would be high-cost with little expected text gain. Prefer the companion AOSRD PDF if visual enrichment is needed.",Possibly AV fidelity / delivery timing; unlikely new textual knowledge vs Otter.,EqC6yd4bQDKMl2mpzPURPZu-_Pc:otter_transcript+otter_summary+mednote_stack; FbRyr7EkkewAoPTmXbK9DtUiA_Y:otter_transcript+otter_summary+mednote_stack,do_not_acquire_video_while_otter_text_exists_and_captions_unverified,pass3_availability=available_external; captions=not_checked; has_pdf_also=True
aosrd-webinars-090-upIlResYnYM,AOSRD_Clearfield,aosrd_webinars_youtube,Optimal Hormones for Optimal Metabolism Function with Dr. Felice Gersh 1-Oct-2024 (Video),optimal hormones for optimal metabolism function with dr felice gersh 1 oct 2024 video,aosrd-webinars-090-upIlResYnYM,strong,OL_Ukp1RYjVvnjsMHnF2eXCXDC8,2024-10-01,Research/lectures/clearfield-webinar-2024-10-01,YouTube_video,https://youtu.be/upIlResYnYM,yes,1,high,1,very_high,high,low,low,high,poor,DEFER_EXPENSIVE_VIDEO,"YouTube_video appears to duplicate an Otter-covered session (Pass 1 strong). Otter transcript + MedNote already exist locally. Captions/transcript status is not verified (Pass 3 not_checked), so video acquisition would be high-cost with little expected text gain. No verified additional text representation is currently available.",Possibly AV fidelity / delivery timing; unlikely new textual knowledge vs Otter.,OL_Ukp1RYjVvnjsMHnF2eXCXDC8:otter_transcript+otter_summary+mednote_stack,do_not_acquire_video_while_otter_text_exists_and_captions_unverified,pass3_availability=available_external; captions=not_checked; has_pdf_also=False
aosrd-webinars-091-EC0ajS7U0yQ,AOSRD_Clearfield,aosrd_webinars_youtube,Drug Induced Nutrient Depletion with Dr. Harlan Bieley 24-Sep-2024 (Video),drug induced nutrient depletion with dr harlan bieley 24 sep 2024 video,aosrd-webinars-091-EC0ajS7U0yQ,strong,FbRyr7EkkewAoPTmXbK9DtUiA_Y,2024-09-24,Research/lectures/clearfield-webinar-2024-09-24,AOSRD_PDF,https://aosrd.org/wp-content/uploads/2024/09/Powerpoint-Drug-induced-Nutrient-Depletion-3-11-23.pptx.pdf,yes,3,high,2,low,medium,medium,medium,low,strong,ACQUIRE_CANDIDATE,PDF likely corresponds to an existing Otter session (Pass 1 strong) but may add slides/figures/references not present as local images. Otter transcript/MedNote exist; local slide JPEGs do not (Pass 2 claimed_elsewhere). Low acquisition/processing cost.,"Durable visual/source PDF representation (slides, tables, citations) for an existing session.",FbRyr7EkkewAoPTmXbK9DtUiA_Y:otter_transcript+otter_summary+mednote_stack,,pdf_role=enrichment_candidate; pass3_pdf_availability=available_external; pass1_rel=existing_session_representation
aosrd-webinars-091-EC0ajS7U0yQ,AOSRD_Clearfield,aosrd_webinars_youtube,Drug Induced Nutrient Depletion with Dr. Harlan Bieley 24-Sep-2024 (Video),drug induced nutrient depletion with dr harlan bieley 24 sep 2024 video,aosrd-webinars-091-EC0ajS7U0yQ,strong,FbRyr7EkkewAoPTmXbK9DtUiA_Y,2024-09-24,Research/lectures/clearfield-webinar-2024-09-24,YouTube_video,https://youtu.be/EC0ajS7U0yQ,yes,1,high,1,very_high,high,low,low,high,poor,DEFER_EXPENSIVE_VIDEO,"YouTube_video appears to duplicate an Otter-covered session (Pass 1 strong). Otter transcript + MedNote already exist locally. Captions/transcript status is not verified (Pass 3 not_checked), so video acquisition would be high-cost with little expected text gain. Prefer the companion AOSRD PDF if visual enrichment is needed.",Possibly AV fidelity / delivery timing; unlikely new textual knowledge vs Otter.,FbRyr7EkkewAoPTmXbK9DtUiA_Y:otter_transcript+otter_summary+mednote_stack,do_not_acquire_video_while_otter_text_exists_and_captions_unverified,pass3_availability=available_external; captions=not_checked; has_pdf_also=True
aosrd-webinars-092-no_id,AOSRD_Clearfield,aosrd_webinars_vimeo,The Evolving Cannabis Space: From Medical Research and Education to Decriminalization and Regulations with Dr. Jeffrey Block Sep-2024 (Video),the evolving cannabis space from medical research and education to decriminalization and regulations with dr jeffrey block sep 2024 video,aosrd-webinars-092-no_id,,,,,Vimeo_video,https://vimeo.com/1012405882,no,1,unresolved,1,very_high,medium,unknown,unknown,high,unknown,HUMAN_REVIEW,Video available but relationship/utility context is insufficient for an automated acquisition gate.,Unknown.,no,human_review_required,pass3_availability=available_external; captions=not_checked
aosrd-webinars-093-asNZdMRFj4k,AOSRD_Clearfield,aosrd_webinars_youtube,"Case Histories-Stroke Recovery and Ulcerative Colitis-Treating the Person, Not the Disease 10-Sep-2024 (Video)",case histories stroke recovery and ulcerative colitis treating the person not the disease 10 sep 2024 video,aosrd-webinars-093-asNZdMRFj4k,strong,dliX4LcIPRKy-7vE3xcjJ4TlkiI,2024-09-10,Research/lectures/clearfield-webinar-2024-09-10,YouTube_video,https://youtu.be/asNZdMRFj4k,yes,1,high,1,very_high,high,low,low,high,poor,DEFER_EXPENSIVE_VIDEO,"YouTube_video appears to duplicate an Otter-covered session (Pass 1 strong). Otter transcript + MedNote already exist locally. Captions/transcript status is not verified (Pass 3 not_checked), so video acquisition would be high-cost with little expected text gain. No verified additional text representation is currently available.",Possibly AV fidelity / delivery timing; unlikely new textual knowledge vs Otter.,dliX4LcIPRKy-7vE3xcjJ4TlkiI:otter_transcript+otter_summary+mednote_stack,do_not_acquire_video_while_otter_text_exists_and_captions_unverified,pass3_availability=available_external; captions=not_checked; has_pdf_also=False
aosrd-webinars-094-vryHjbho0Os,AOSRD_Clearfield,aosrd_webinars_youtube,Homeopathic Weight Loss Secrets with Heather Hallis 3-Sep-2024 (Video),homeopathic weight loss secrets with heather hallis 3 sep 2024 video,aosrd-webinars-094-vryHjbho0Os,strong,lad4QB8n10SgLwRq48hmZvwDQ2U;y59a2fEx8UgOiThJHr1w-HcQc1U,2024-09-03;2024-08-20,Research/lectures/clearfield-webinar-2024-09-03;Research/lectures/clearfield-webinar-2024-08-20,YouTube_video,https://youtu.be/vryHjbho0Os,yes,1,high,1,very_high,high,low,low,high,poor,DEFER_EXPENSIVE_VIDEO,"YouTube_video appears to duplicate an Otter-covered session (Pass 1 strong). Otter transcript + MedNote already exist locally. Captions/transcript status is not verified (Pass 3 not_checked), so video acquisition would be high-cost with little expected text gain. No verified additional text representation is currently available.",Possibly AV fidelity / delivery timing; unlikely new textual knowledge vs Otter.,lad4QB8n10SgLwRq48hmZvwDQ2U:otter_transcript+otter_summary+mednote_stack; y59a2fEx8UgOiThJHr1w-HcQc1U:otter_transcript+otter_summary+mednote_stack,do_not_acquire_video_while_otter_text_exists_and_captions_unverified,pass3_availability=available_external; captions=not_checked; has_pdf_also=False
aosrd-webinars-095-DiZKcMJiLs8,AOSRD_Clearfield,aosrd_webinars_youtube,Pushing the Limits-From Ultra-Endurance to Revolutionary Patient Care with Lisa Tamati 27-Aug-2024 (Video),pushing the limits from ultra endurance to revolutionary patient care with lisa tamati 27 aug 2024 video,aosrd-webinars-095-DiZKcMJiLs8,strong,pw9yXaKVUW0ETXgSRTRBaLEzqQc;4qg44PRw27Y2Jbzl7MXMYCX0HuI;y59a2fEx8UgOiThJHr1w-HcQc1U;wcHy9pPXoWy5S62-GJbpasQtw2o,2024-08-27;2025-04-15;2024-08-20;2025-02-12,Research/lectures/clearfield-webinar-2024-08-27;Research/lectures/clearfield-webinar-2025-04-15;Research/lectures/clearfield-webinar-2024-08-20;Research/lectures/clearfield-webinar-2025-02-12,AOSRD_PDF,https://aosrd.org/wp-content/uploads/2024/08/Speaking-Engagement-Osteopathic-Conference.pdf,yes,3,high,3,low,medium,high,medium,low,exceptional,ACQUIRE_CANDIDATE,PDF likely corresponds to an existing Otter session (Pass 1 strong) but may add slides/figures/references not present as local images. Otter transcript/MedNote exist; local slide JPEGs do not (Pass 2 claimed_elsewhere). Low acquisition/processing cost.,"Durable visual/source PDF representation (slides, tables, citations) for an existing session.",pw9yXaKVUW0ETXgSRTRBaLEzqQc:otter_transcript+otter_summary+mednote_stack; 4qg44PRw27Y2Jbzl7MXMYCX0HuI:otter_transcript+otter_summary+mednote_stack+slides_claimed_elsewhere; y59a2fEx8UgOiThJHr1w-HcQc1U:otter_transcript+otter_summary+mednote_stack; wcHy9pPXoWy5S62-GJbpasQtw2o:otter_transcript+otter_summary+mednote_stack+slides_claimed_elsewhere,,pdf_role=enrichment_candidate; pass3_pdf_availability=available_external; pass1_rel=existing_session_representation
aosrd-webinars-095-DiZKcMJiLs8,AOSRD_Clearfield,aosrd_webinars_youtube,Pushing the Limits-From Ultra-Endurance to Revolutionary Patient Care with Lisa Tamati 27-Aug-2024 (Video),pushing the limits from ultra endurance to revolutionary patient care with lisa tamati 27 aug 2024 video,aosrd-webinars-095-DiZKcMJiLs8,strong,pw9yXaKVUW0ETXgSRTRBaLEzqQc;4qg44PRw27Y2Jbzl7MXMYCX0HuI;y59a2fEx8UgOiThJHr1w-HcQc1U;wcHy9pPXoWy5S62-GJbpasQtw2o,2024-08-27;2025-04-15;2024-08-20;2025-02-12,Research/lectures/clearfield-webinar-2024-08-27;Research/lectures/clearfield-webinar-2025-04-15;Research/lectures/clearfield-webinar-2024-08-20;Research/lectures/clearfield-webinar-2025-02-12,YouTube_video,https://youtu.be/DiZKcMJiLs8,yes,1,high,1,very_high,high,low,low,high,poor,DEFER_EXPENSIVE_VIDEO,"YouTube_video appears to duplicate an Otter-covered session (Pass 1 strong). Otter transcript + MedNote already exist locally. Captions/transcript status is not verified (Pass 3 not_checked), so video acquisition would be high-cost with little expected text gain. Prefer the companion AOSRD PDF if visual enrichment is needed.",Possibly AV fidelity / delivery timing; unlikely new textual knowledge vs Otter.,pw9yXaKVUW0ETXgSRTRBaLEzqQc:otter_transcript+otter_summary+mednote_stack; 4qg44PRw27Y2Jbzl7MXMYCX0HuI:otter_transcript+otter_summary+mednote_stack+slides_claimed_elsewhere; y59a2fEx8UgOiThJHr1w-HcQc1U:otter_transcript+otter_summary+mednote_stack; wcHy9pPXoWy5S62-GJbpasQtw2o:otter_transcript+otter_summary+mednote_stack+slides_claimed_elsewhere,do_not_acquire_video_while_otter_text_exists_and_captions_unverified,pass3_availability=available_external; captions=not_checked; has_pdf_also=True
aosrd-webinars-096-3m1kSqjO3yI,AOSRD_Clearfield,aosrd_webinars_youtube,Cancer Treatment Induced Bone Loss with Dr. John Neustadt 21-Aug-2024 (Video),cancer treatment induced bone loss with dr john neustadt 21 aug 2024 video,aosrd-webinars-096-3m1kSqjO3yI,strong,y59a2fEx8UgOiThJHr1w-HcQc1U,2024-08-20,Research/lectures/clearfield-webinar-2024-08-20,YouTube_video,https://youtu.be/3m1kSqjO3yI,yes,1,high,1,very_high,high,low,low,high,poor,DEFER_EXPENSIVE_VIDEO,"YouTube_video appears to duplicate an Otter-covered session (Pass 1 strong). Otter transcript + MedNote already exist locally. Captions/transcript status is not verified (Pass 3 not_checked), so video acquisition would be high-cost with little expected text gain. No verified additional text representation is currently available.",Possibly AV fidelity / delivery timing; unlikely new textual knowledge vs Otter.,y59a2fEx8UgOiThJHr1w-HcQc1U:otter_transcript+otter_summary+mednote_stack,do_not_acquire_video_while_otter_text_exists_and_captions_unverified,pass3_availability=available_external; captions=not_checked; has_pdf_also=False
aosrd-webinars-097-qCHRKOIOdyo,AOSRD_Clearfield,aosrd_webinars_youtube,Diagnostic Assessment of Chronic Disease with Dr. Salaheldin Halasa and Dr James Joseph 13-Aug-2024 (Video),diagnostic assessment of chronic disease with dr salaheldin halasa and dr james joseph 13 aug 2024 video,aosrd-webinars-097-qCHRKOIOdyo,strong,xg4V_A-L8_Ob1jKGBewDTtKzOWg;b2H7gyjRNmbN0l62XtCzeLPovDE;hQzjA4-OBAL6Qn7OOOywEISWs3I;Zxy20R1uant_QctiZutXLSt-Q-E;ajVChHpkQS72kcrtN9J03lwNFZ0,2024-08-13;2025-06-24;2025-07-08;2025-03-25;2026-04-28,Research/lectures/clearfield-webinar-2024-08-13;Research/lectures/clearfield-webinar-2025-06-24;Research/lectures/clearfield-webinar-2025-07-08;Research/lectures/clearfield-webinar-2025-03-25;Research/lectures/clearfield-webinar-2026-04-28,YouTube_video,https://youtu.be/qCHRKOIOdyo,yes,1,high,1,very_high,high,low,low,high,poor,DEFER_EXPENSIVE_VIDEO,"YouTube_video appears to duplicate an Otter-covered session (Pass 1 strong). Otter transcript + MedNote already exist locally. Captions/transcript status is not verified (Pass 3 not_checked), so video acquisition would be high-cost with little expected text gain. No verified additional text representation is currently available.",Possibly AV fidelity / delivery timing; unlikely new textual knowledge vs Otter.,xg4V_A-L8_Ob1jKGBewDTtKzOWg:otter_transcript+otter_summary+mednote_stack+pathway; b2H7gyjRNmbN0l62XtCzeLPovDE:otter_transcript+otter_summary+mednote_stack+slides_claimed_elsewhere; hQzjA4-OBAL6Qn7OOOywEISWs3I:otter_transcript+otter_summary+mednote_stack+slides_claimed_elsewhere; Zxy20R1uant_QctiZutXLSt-Q-E:otter_transcript+otter_summary+mednote_stack+slides_claimed_elsewhere; ajVChHpkQS72kcrtN9J03lwNFZ0:otter_transcript+otter_summary+mednote_stack+slides_claimed_elsewhere,do_not_acquire_video_while_otter_text_exists_and_captions_unverified,pass3_availability=available_external; captions=not_checked; has_pdf_also=False
aosrd-webinars-098-33LzcsSXUns,AOSRD_Clearfield,aosrd_webinars_youtube,"Human Gut Microbiome, Postbiotic Metabolites and the Microbiome Theory of Aging with Dr. Ross Pelton 06-Aug-2024 (Video)",human gut microbiome postbiotic metabolites and the microbiome theory of aging with dr ross pelton 06 aug 2024 video,aosrd-webinars-098-33LzcsSXUns,strong,CMNjlQbT2xu4NqL-9gu4VQSt0mo,2024-08-06,Research/lectures/clearfield-webinar-2024-08-06,YouTube_video,https://youtu.be/33LzcsSXUns,yes,1,high,1,very_high,high,low,low,high,poor,DEFER_EXPENSIVE_VIDEO,"YouTube_video appears to duplicate an Otter-covered session (Pass 1 strong). Otter transcript + MedNote already exist locally. Captions/transcript status is not verified (Pass 3 not_checked), so video acquisition would be high-cost with little expected text gain. No verified additional text representation is currently available.",Possibly AV fidelity / delivery timing; unlikely new textual knowledge vs Otter.,CMNjlQbT2xu4NqL-9gu4VQSt0mo:otter_transcript+otter_summary+mednote_stack,do_not_acquire_video_while_otter_text_exists_and_captions_unverified,pass3_availability=available_external; captions=not_checked; has_pdf_also=False
aosrd-webinars-099-vhO2wI9HZPs,AOSRD_Clearfield,aosrd_webinars_youtube,Novel Peptide Innovations to Enhance Healthspan with Michael Antonelli 30-Jul-2024 (Video),novel peptide innovations to enhance healthspan with michael antonelli 30 jul 2024 video,aosrd-webinars-099-vhO2wI9HZPs,possible,ykfPBSHSL3meBk4yGojbTxMVIpA,2024-10-22,Research/lectures/clearfield-webinar-2024-10-22,YouTube_video,https://youtu.be/vhO2wI9HZPs,yes,1,low,1,very_high,high,low,low,high,poor,DEFER_IDENTITY_UNRESOLVED,Pass 1 match is only possible. Video acquisition/processing is expensive and captions are unverified. Resolve identity first before considering video.,Unclear until identity is resolved; may largely duplicate Otter text.,ykfPBSHSL3meBk4yGojbTxMVIpA:otter_transcript+otter_summary+mednote_stack+slides_claimed_elsewhere,resolve_identity_before_video_acquisition,pass3_availability=available_external; captions=not_checked; has_pdf_also=False
aosrd-webinars-100-TH3WSRAjN-c,AOSRD_Clearfield,aosrd_webinars_youtube,Iron Metabolism and Sucrosomial Iron with Sam Sparhawk 23-Jul-2024 (Video),iron metabolism and sucrosomial iron with sam sparhawk 23 jul 2024 video,aosrd-webinars-100-TH3WSRAjN-c,no_match,,,,YouTube_video,https://youtu.be/TH3WSRAjN-c,no,3,unresolved,2,very_high,low,medium,medium,very_high,poor,DEFER_EXPENSIVE_VIDEO,"Potentially new session relative to Otter corpus (Pass 1 no_match — not confirmed new), but representation is video-only with captions/transcript status not_checked. Acquisition would likely require download + transcription (very high effort) without a verified text route. Defer until caption availability can be verified without downloading, or until a cheaper text representation is found.",Possibly a session absent from Otter — but only after expensive AV processing with unverified captions.,catalog_and_external_URL,verify_captions_or_prefer_PDF_before_any_video_acquire; not_a_confirmed_new_lecture,pass3_availability=available_external; captions=not_checked; has_pdf_also=False; pot=potentially_new_session
aosrd-webinars-101-OIYNcWX7NAw,AOSRD_Clearfield,aosrd_webinars_youtube,Introducing C15 The First New Essential Fayy Acid Discovered in 90 Years with Dr. Stephanie Venn-Watson 16-Jul-2024 (Video),introducing c15 the first new essential fayy acid discovered in 90 years with dr stephanie venn watson 16 jul 2024 video,aosrd-webinars-101-OIYNcWX7NAw,possible,SdzXWjorAW2NkmSfJoC1PdOzwAE,2025-05-20,Research/lectures/clearfield-webinar-2025-05-20,YouTube_video,https://youtu.be/OIYNcWX7NAw,yes,1,low,1,very_high,high,low,low,high,poor,DEFER_IDENTITY_UNRESOLVED,Pass 1 match is only possible. Video acquisition/processing is expensive and captions are unverified. Resolve identity first before considering video.,Unclear until identity is resolved; may largely duplicate Otter text.,SdzXWjorAW2NkmSfJoC1PdOzwAE:otter_transcript+otter_summary+mednote_stack+slides_claimed_elsewhere,resolve_identity_before_video_acquisition,pass3_availability=available_external; captions=not_checked; has_pdf_also=False
aosrd-webinars-102-kBGgYtTAhyo,AOSRD_Clearfield,aosrd_webinars_youtube,Perplexing Neuromuscular and GI Symptoms in a 27 Year Old Male with Dr. Kilee Smith 9-Jul-2024 (Video),perplexing neuromuscular and gi symptoms in a 27 year old male with dr kilee smith 9 jul 2024 video,aosrd-webinars-102-kBGgYtTAhyo,no_match,,,,YouTube_video,https://youtu.be/kBGgYtTAhyo,no,3,unresolved,2,very_high,low,medium,medium,very_high,poor,DEFER_EXPENSIVE_VIDEO,"Potentially new session relative to Otter corpus (Pass 1 no_match — not confirmed new), but representation is video-only with captions/transcript status not_checked. Acquisition would likely require download + transcription (very high effort) without a verified text route. Defer until caption availability can be verified without downloading, or until a cheaper text representation is found.",Possibly a session absent from Otter — but only after expensive AV processing with unverified captions.,catalog_and_external_URL,verify_captions_or_prefer_PDF_before_any_video_acquire; not_a_confirmed_new_lecture,pass3_availability=available_external; captions=not_checked; has_pdf_also=False; pot=potentially_new_session
aosrd-webinars-103-_5CkbM3QO2A,AOSRD_Clearfield,aosrd_webinars_youtube,Homeopathic Case Studies with Dr Parvin Zarrin 2-Jul-2024 (Video),homeopathic case studies with dr parvin zarrin 2 jul 2024 video,aosrd-webinars-103-_5CkbM3QO2A,no_match,,,,YouTube_video,https://youtu.be/_5CkbM3QO2A,no,3,unresolved,2,very_high,low,medium,medium,very_high,poor,DEFER_EXPENSIVE_VIDEO,"Potentially new session relative to Otter corpus (Pass 1 no_match — not confirmed new), but representation is video-only with captions/transcript status not_checked. Acquisition would likely require download + transcription (very high effort) without a verified text route. Defer until caption availability can be verified without downloading, or until a cheaper text representation is found.",Possibly a session absent from Otter — but only after expensive AV processing with unverified captions.,catalog_and_external_URL,verify_captions_or_prefer_PDF_before_any_video_acquire; not_a_confirmed_new_lecture,pass3_availability=available_external; captions=not_checked; has_pdf_also=False; pot=potentially_new_session
aosrd-webinars-104-i-_y_4834r0,AOSRD_Clearfield,aosrd_webinars_youtube,GLP-1 Masterclass with Jay Campbell and Hunter Williams 25-Jun-2024 (Video),glp 1 masterclass with jay campbell and hunter williams 25 jun 2024 video,aosrd-webinars-104-i-_y_4834r0,possible,t9O9J5vUpWGkKXi-5TqxgKudSvY,2025-04-29,Research/lectures/clearfield-webinar-2025-04-29,YouTube_video,https://youtu.be/i-_y_4834r0,yes,1,low,1,very_high,high,low,low,high,poor,DEFER_IDENTITY_UNRESOLVED,Pass 1 match is only possible. Video acquisition/processing is expensive and captions are unverified. Resolve identity first before considering video.,Unclear until identity is resolved; may largely duplicate Otter text.,t9O9J5vUpWGkKXi-5TqxgKudSvY:otter_transcript+otter_summary+mednote_stack+slides_claimed_elsewhere,resolve_identity_before_video_acquisition,pass3_availability=available_external; captions=not_checked; has_pdf_also=False
aosrd-webinars-105-Zed_tVgD-KI,AOSRD_Clearfield,aosrd_webinars_youtube,Brown adipose tissue is associated with cardiometabolic health 18-Jun-2024 (Video),brown adipose tissue is associated with cardiometabolic health 18 jun 2024 video,aosrd-webinars-105-Zed_tVgD-KI,no_match,,,,YouTube_video,https://youtu.be/Zed_tVgD-KI,no,3,unresolved,2,very_high,low,medium,medium,very_high,poor,DEFER_EXPENSIVE_VIDEO,"Potentially new session relative to Otter corpus (Pass 1 no_match — not confirmed new), but representation is video-only with captions/transcript status not_checked. Acquisition would likely require download + transcription (very high effort) without a verified text route. Defer until caption availability can be verified without downloading, or until a cheaper text representation is found.",Possibly a session absent from Otter — but only after expensive AV processing with unverified captions.,catalog_and_external_URL,verify_captions_or_prefer_PDF_before_any_video_acquire; not_a_confirmed_new_lecture,pass3_availability=available_external; captions=not_checked; has_pdf_also=False; pot=potentially_new_session
aosrd-webinars-106-4DV6p0vAX7M,AOSRD_Clearfield,aosrd_webinars_youtube,"Rapamycin, mTOR, Autophagy and Treating mTOR Syndrome with Dr. Ross Pelton 11-Jun-2024 (Video)",rapamycin mtor autophagy and treating mtor syndrome with dr ross pelton 11 jun 2024 video,aosrd-webinars-106-4DV6p0vAX7M,possible,N9yVVPBjdwE0_VQF5vNgb-MVTSQ,2025-07-22,Research/lectures/clearfield-webinar-2025-07-22,YouTube_video,https://youtu.be/4DV6p0vAX7M,yes,1,low,1,very_high,high,low,low,high,poor,DEFER_IDENTITY_UNRESOLVED,Pass 1 match is only possible. Video acquisition/processing is expensive and captions are unverified. Resolve identity first before considering video.,Unclear until identity is resolved; may largely duplicate Otter text.,N9yVVPBjdwE0_VQF5vNgb-MVTSQ:otter_transcript+otter_summary+mednote_stack+slides_claimed_elsewhere,resolve_identity_before_video_acquisition,pass3_availability=available_external; captions=not_checked; has_pdf_also=False
aosrd-webinars-107-EedeUbkVxWw,AOSRD_Clearfield,aosrd_webinars_youtube,Prostatitis and Prostate Cancer and IFM Iternational Conference Summary w Dr benoit Tano and Melvin Nario 4-Jun-2024 (Video),prostatitis and prostate cancer and ifm iternational conference summary w dr benoit tano and melvin nario 4 jun 2024 video,aosrd-webinars-107-EedeUbkVxWw,no_match,,,,YouTube_video,https://youtu.be/EedeUbkVxWw,no,3,unresolved,2,very_high,low,medium,medium,very_high,poor,DEFER_EXPENSIVE_VIDEO,"Potentially new session relative to Otter corpus (Pass 1 no_match — not confirmed new), but representation is video-only with captions/transcript status not_checked. Acquisition would likely require download + transcription (very high effort) without a verified text route. Defer until caption availability can be verified without downloading, or until a cheaper text representation is found.",Possibly a session absent from Otter — but only after expensive AV processing with unverified captions.,catalog_and_external_URL,verify_captions_or_prefer_PDF_before_any_video_acquire; not_a_confirmed_new_lecture,pass3_availability=available_external; captions=not_checked; has_pdf_also=False; pot=potentially_new_session
aosrd-webinars-108-AZ-yDffpNJY,AOSRD_Clearfield,aosrd_webinars_youtube,Clinical Applications of Cytisine with Dr. James Joseph 21-May-2024 (Video),clinical applications of cytisine with dr james joseph 21 may 2024 video,aosrd-webinars-108-AZ-yDffpNJY,possible,hQzjA4-OBAL6Qn7OOOywEISWs3I,2025-07-08,Research/lectures/clearfield-webinar-2025-07-08,YouTube_video,https://youtu.be/AZ-yDffpNJY,yes,1,low,1,very_high,high,low,low,high,poor,DEFER_IDENTITY_UNRESOLVED,Pass 1 match is only possible. Video acquisition/processing is expensive and captions are unverified. Resolve identity first before considering video.,Unclear until identity is resolved; may largely duplicate Otter text.,hQzjA4-OBAL6Qn7OOOywEISWs3I:otter_transcript+otter_summary+mednote_stack+slides_claimed_elsewhere,resolve_identity_before_video_acquisition,pass3_availability=available_external; captions=not_checked; has_pdf_also=False
aosrd-webinars-109-rE4aeyVQ2Ho,AOSRD_Clearfield,aosrd_webinars_youtube,Cognition and Immune Function with Dr. John Lewis 14-May-2024 (Video),cognition and immune function with dr john lewis 14 may 2024 video,aosrd-webinars-109-rE4aeyVQ2Ho,possible,avbRWMav2fwgobz9r7HjwR4z44I;y59a2fEx8UgOiThJHr1w-HcQc1U,2026-06-02;2024-08-20,Research/lectures/clearfield-webinar-2026-06-02;Research/lectures/clearfield-webinar-2024-08-20,YouTube_video,https://youtu.be/rE4aeyVQ2Ho,yes,1,low,1,very_high,high,low,low,high,poor,DEFER_IDENTITY_UNRESOLVED,Pass 1 match is only possible. Video acquisition/processing is expensive and captions are unverified. Resolve identity first before considering video.,Unclear until identity is resolved; may largely duplicate Otter text.,avbRWMav2fwgobz9r7HjwR4z44I:otter_transcript+otter_summary+mednote_stack+slides_claimed_elsewhere; y59a2fEx8UgOiThJHr1w-HcQc1U:otter_transcript+otter_summary+mednote_stack,resolve_identity_before_video_acquisition,pass3_availability=available_external; captions=not_checked; has_pdf_also=False
aosrd-webinars-110-VlkJVQdCgik,AOSRD_Clearfield,aosrd_webinars_youtube,Endocrinology of Pain Management with Dr. William Clearfield (Video),endocrinology of pain management with dr william clearfield video,aosrd-webinars-110-VlkJVQdCgik,possible,wcHy9pPXoWy5S62-GJbpasQtw2o,2025-02-12,Research/lectures/clearfield-webinar-2025-02-12,YouTube_video,https://youtu.be/VlkJVQdCgik,yes,1,low,1,very_high,high,low,low,high,poor,DEFER_IDENTITY_UNRESOLVED,Pass 1 match is only possible. Video acquisition/processing is expensive and captions are unverified. Resolve identity first before considering video.,Unclear until identity is resolved; may largely duplicate Otter text.,wcHy9pPXoWy5S62-GJbpasQtw2o:otter_transcript+otter_summary+mednote_stack+slides_claimed_elsewhere,resolve_identity_before_video_acquisition,pass3_availability=available_external; captions=not_checked; has_pdf_also=False
aosrd-webinars-111-6Ydzs4z54kg,AOSRD_Clearfield,aosrd_webinars_youtube,"Harnessing Nature’s Remedies for Chronic Diseases, Mold and Mycotoxins with Jane Santangelo and Dr. William Clearfield 30-Apr-2024 (Video)",harnessing nature s remedies for chronic diseases mold and mycotoxins with jane santangelo and dr william clearfield 30 apr 2024 video,aosrd-webinars-111-6Ydzs4z54kg,possible,hFcw5MS7FSAuXJGFcnPHqL6j1gM;v3Md09l1C_mz3hrDPWngln5SYQw;CQjlfnZLZ-CY25UUEq35pSQ0lug,2025-01-22;2025-09-09;2025-12-24,Research/lectures/clearfield-webinar-2025-01-22;Research/lectures/clearfield-webinar-2025-09-09;Research/lectures/clearfield-webinar-2025-12-24,YouTube_video,https://youtu.be/6Ydzs4z54kg,yes,1,low,1,very_high,high,low,low,high,poor,DEFER_IDENTITY_UNRESOLVED,Pass 1 match is only possible. Video acquisition/processing is expensive and captions are unverified. Resolve identity first before considering video.,Unclear until identity is resolved; may largely duplicate Otter text.,hFcw5MS7FSAuXJGFcnPHqL6j1gM:otter_transcript+otter_summary+mednote_stack+slides_claimed_elsewhere; v3Md09l1C_mz3hrDPWngln5SYQw:otter_transcript+otter_summary+mednote_stack+slides_claimed_elsewhere; CQjlfnZLZ-CY25UUEq35pSQ0lug:otter_transcript+otter_summary+mednote_stack+slides_claimed_elsewhere,resolve_identity_before_video_acquisition,pass3_availability=available_external; captions=not_checked; has_pdf_also=False
aosrd-webinars-112-nzj-iOQyroc,AOSRD_Clearfield,aosrd_webinars_youtube,"Introduction to Hormone Optimization-Part 5 Laboratory Calculations, Hormone History Summary, Hormne Therapy Summary Chart Dr. Bill Clearfield with JR (Video)",introduction to hormone optimization part 5 laboratory calculations hormone history summary hormne therapy summary chart dr bill clearfield with jr video,aosrd-webinars-112-nzj-iOQyroc,possible,OL_Ukp1RYjVvnjsMHnF2eXCXDC8;lad4QB8n10SgLwRq48hmZvwDQ2U;HY-sCmihzh3EJ69WWVwlTT0Ri6s;LvCEhutJR34KphFeXcFdbBQ3PZE;OlXuXl73V1RAQ4bVYXoakDZMRnU,2024-10-01;2024-09-03;2025-11-26;2025-08-26;2026-04-07,Research/lectures/clearfield-webinar-2024-10-01;Research/lectures/clearfield-webinar-2024-09-03;Research/lectures/clearfield-webinar-2025-11-26;Research/lectures/clearfield-webinar-2025-08-26;Research/lectures/clearfield-webinar-2026-04-07,YouTube_video,https://youtu.be/nzj-iOQyroc,yes,1,low,1,very_high,high,low,low,high,poor,DEFER_IDENTITY_UNRESOLVED,Pass 1 match is only possible. Video acquisition/processing is expensive and captions are unverified. Resolve identity first before considering video.,Unclear until identity is resolved; may largely duplicate Otter text.,OL_Ukp1RYjVvnjsMHnF2eXCXDC8:otter_transcript+otter_summary+mednote_stack; lad4QB8n10SgLwRq48hmZvwDQ2U:otter_transcript+otter_summary+mednote_stack; HY-sCmihzh3EJ69WWVwlTT0Ri6s:otter_transcript+otter_summary+mednote_stack+slides_claimed_elsewhere; LvCEhutJR34KphFeXcFdbBQ3PZE:otter_transcript+otter_summary+mednote_stack+slides_claimed_elsewhere; OlXuXl73V1RAQ4bVYXoakDZMRnU:otter_transcript+otter_summary+mednote_stack+slides_claimed_elsewhere,resolve_identity_before_video_acquisition,pass3_availability=available_external; captions=not_checked; has_pdf_also=False
aosrd-webinars-113-17THfuKKWg4,AOSRD_Clearfield,aosrd_webinars_youtube,Let’s Talk Progesterone with Carol Peterson RPh 23-Apr-2024 (Video),let s talk progesterone with carol peterson rph 23 apr 2024 video,aosrd-webinars-113-17THfuKKWg4,possible,j3HjVUuBV5gnR4KrCUuXOZEnPm0;W7XqKXZ-lIxJJAd2BNF0czu408k,2025-10-14;2026-04-21,Research/lectures/clearfield-webinar-2025-10-14;Research/lectures/clearfield-webinar-2026-04-21,YouTube_video,https://youtu.be/17THfuKKWg4,yes,1,low,1,very_high,high,low,low,high,poor,DEFER_IDENTITY_UNRESOLVED,Pass 1 match is only possible. Video acquisition/processing is expensive and captions are unverified. Resolve identity first before considering video.,Unclear until identity is resolved; may largely duplicate Otter text.,j3HjVUuBV5gnR4KrCUuXOZEnPm0:otter_transcript+otter_summary+mednote_stack+slides_claimed_elsewhere; W7XqKXZ-lIxJJAd2BNF0czu408k:otter_transcript+otter_summary+mednote_stack,resolve_identity_before_video_acquisition,pass3_availability=available_external; captions=not_checked; has_pdf_also=False
aosrd-webinars-114-2m-O4yYr604,AOSRD_Clearfield,aosrd_webinars_youtube,Introduction to Hormone Optimization-Part 4-Laboratory Evaluation JR Student Session (Video),introduction to hormone optimization part 4 laboratory evaluation jr student session video,aosrd-webinars-114-2m-O4yYr604,no_match,,,,YouTube_video,https://youtu.be/2m-O4yYr604,no,3,unresolved,2,very_high,low,medium,medium,very_high,poor,DEFER_EXPENSIVE_VIDEO,"Potentially new session relative to Otter corpus (Pass 1 no_match — not confirmed new), but representation is video-only with captions/transcript status not_checked. Acquisition would likely require download + transcription (very high effort) without a verified text route. Defer until caption availability can be verified without downloading, or until a cheaper text representation is found.",Possibly a session absent from Otter — but only after expensive AV processing with unverified captions.,catalog_and_external_URL,verify_captions_or_prefer_PDF_before_any_video_acquire; not_a_confirmed_new_lecture,pass3_availability=available_external; captions=not_checked; has_pdf_also=False; pot=potentially_new_session
aosrd-webinars-115-o1e-EuQVa0o,AOSRD_Clearfield,aosrd_webinars_youtube,"Introduction to Hormone Optimization-DHEA, Pregnenolone, Prolactin and Beginning Lab Evaluation – JR Student Session (Video)",introduction to hormone optimization dhea pregnenolone prolactin and beginning lab evaluation jr student session video,aosrd-webinars-115-o1e-EuQVa0o,no_match,,,,YouTube_video,https://youtu.be/o1e-EuQVa0o,no,3,unresolved,2,very_high,low,medium,medium,very_high,poor,DEFER_EXPENSIVE_VIDEO,"Potentially new session relative to Otter corpus (Pass 1 no_match — not confirmed new), but representation is video-only with captions/transcript status not_checked. Acquisition would likely require download + transcription (very high effort) without a verified text route. Defer until caption availability can be verified without downloading, or until a cheaper text representation is found.",Possibly a session absent from Otter — but only after expensive AV processing with unverified captions.,catalog_and_external_URL,verify_captions_or_prefer_PDF_before_any_video_acquire; not_a_confirmed_new_lecture,pass3_availability=available_external; captions=not_checked; has_pdf_also=False; pot=potentially_new_session
aosrd-webinars-116-V8t-J5WqURk,AOSRD_Clearfield,aosrd_webinars_youtube,From Assessment to Action-Comprehensive Strategies for Conquering High Cholesterol – 16-Apr-2024 (Video),from assessment to action comprehensive strategies for conquering high cholesterol 16 apr 2024 video,aosrd-webinars-116-V8t-J5WqURk,no_match,,,,YouTube_video,https://youtu.be/V8t-J5WqURk,no,3,unresolved,2,very_high,low,medium,medium,very_high,poor,DEFER_EXPENSIVE_VIDEO,"Potentially new session relative to Otter corpus (Pass 1 no_match — not confirmed new), but representation is video-only with captions/transcript status not_checked. Acquisition would likely require download + transcription (very high effort) without a verified text route. Defer until caption availability can be verified without downloading, or until a cheaper text representation is found.",Possibly a session absent from Otter — but only after expensive AV processing with unverified captions.,catalog_and_external_URL,verify_captions_or_prefer_PDF_before_any_video_acquire; not_a_confirmed_new_lecture,pass3_availability=available_external; captions=not_checked; has_pdf_also=False; pot=potentially_new_session
aosrd-webinars-117-d5kmBOFcSbE,AOSRD_Clearfield,aosrd_webinars_youtube,"Cardio Metabolic Assessment Testing with Ron Riewold, Joe Torres and Jane Santangelo – 9-Apr-2024 (Video)",cardio metabolic assessment testing with ron riewold joe torres and jane santangelo 9 apr 2024 video,aosrd-webinars-117-d5kmBOFcSbE,no_match,,,,YouTube_video,https://youtu.be/d5kmBOFcSbE,no,3,unresolved,2,very_high,low,medium,medium,very_high,poor,DEFER_EXPENSIVE_VIDEO,"Potentially new session relative to Otter corpus (Pass 1 no_match — not confirmed new), but representation is video-only with captions/transcript status not_checked. Acquisition would likely require download + transcription (very high effort) without a verified text route. Defer until caption availability can be verified without downloading, or until a cheaper text representation is found.",Possibly a session absent from Otter — but only after expensive AV processing with unverified captions.,catalog_and_external_URL,verify_captions_or_prefer_PDF_before_any_video_acquire; not_a_confirmed_new_lecture,pass3_availability=available_external; captions=not_checked; has_pdf_also=False; pot=potentially_new_session
aosrd-webinars-118-MVPoDdFWft4,AOSRD_Clearfield,aosrd_webinars_youtube,"Introduction to Hormone Optimization-Part 3 Thyroid, Cortisol, Insulin, DHEA, Pregnenolone and Prolactin – 9-Apr-2024 (Video)",introduction to hormone optimization part 3 thyroid cortisol insulin dhea pregnenolone and prolactin 9 apr 2024 video,aosrd-webinars-118-MVPoDdFWft4,no_match,,,,YouTube_video,https://youtu.be/MVPoDdFWft4,no,3,unresolved,2,very_high,low,medium,medium,very_high,poor,DEFER_EXPENSIVE_VIDEO,"Potentially new session relative to Otter corpus (Pass 1 no_match — not confirmed new), but representation is video-only with captions/transcript status not_checked. Acquisition would likely require download + transcription (very high effort) without a verified text route. Defer until caption availability can be verified without downloading, or until a cheaper text representation is found.",Possibly a session absent from Otter — but only after expensive AV processing with unverified captions.,catalog_and_external_URL,verify_captions_or_prefer_PDF_before_any_video_acquire; not_a_confirmed_new_lecture,pass3_availability=available_external; captions=not_checked; has_pdf_also=False; pot=potentially_new_session
aosrd-webinars-119-o8RnGeIcMCU,AOSRD_Clearfield,aosrd_webinars_youtube,Introduction to Hormone Optimization-Par 1-Homeopathic Edition (Video),introduction to hormone optimization par 1 homeopathic edition video,aosrd-webinars-119-o8RnGeIcMCU,no_match,,,,YouTube_video,https://youtu.be/o8RnGeIcMCU,no,3,unresolved,2,very_high,low,medium,medium,very_high,poor,DEFER_EXPENSIVE_VIDEO,"Potentially new session relative to Otter corpus (Pass 1 no_match — not confirmed new), but representation is video-only with captions/transcript status not_checked. Acquisition would likely require download + transcription (very high effort) without a verified text route. Defer until caption availability can be verified without downloading, or until a cheaper text representation is found.",Possibly a session absent from Otter — but only after expensive AV processing with unverified captions.,catalog_and_external_URL,verify_captions_or_prefer_PDF_before_any_video_acquire; not_a_confirmed_new_lecture,pass3_availability=available_external; captions=not_checked; has_pdf_also=False; pot=potentially_new_session
aosrd-webinars-120-AQ-D2UUC9yk,AOSRD_Clearfield,aosrd_webinars_youtube,Calocurb-The World’s First GLP-1 Oral Agonist for Weight Loss with Sara Kennedy and Dr. Edward Walker – 2-Apr-2024 (Video),calocurb the world s first glp 1 oral agonist for weight loss with sara kennedy and dr edward walker 2 apr 2024 video,aosrd-webinars-120-AQ-D2UUC9yk,possible,lnZUNAyEcVNSN0i3JOEbuJcc15A,2025-02-19,Research/lectures/clearfield-webinar-2025-02-19,YouTube_video,https://youtu.be/AQ-D2UUC9yk,yes,1,low,1,very_high,high,low,low,high,poor,DEFER_IDENTITY_UNRESOLVED,Pass 1 match is only possible. Video acquisition/processing is expensive and captions are unverified. Resolve identity first before considering video.,Unclear until identity is resolved; may largely duplicate Otter text.,lnZUNAyEcVNSN0i3JOEbuJcc15A:otter_transcript+otter_summary+mednote_stack+slides_claimed_elsewhere,resolve_identity_before_video_acquisition,pass3_availability=available_external; captions=not_checked; has_pdf_also=False
aosrd-webinars-121-SOtnBGCgCUE,AOSRD_Clearfield,aosrd_webinars_youtube,Synergy of Nitrate Supplementation and Methylene Blue with Beth Shirley – 19-Mar-2024 (Video),synergy of nitrate supplementation and methylene blue with beth shirley 19 mar 2024 video,aosrd-webinars-121-SOtnBGCgCUE,possible,EqC6yd4bQDKMl2mpzPURPZu-_Pc,2024-10-08,Research/lectures/clearfield-webinar-2024-10-08,YouTube_video,https://youtu.be/SOtnBGCgCUE,yes,1,low,1,very_high,high,low,low,high,poor,DEFER_IDENTITY_UNRESOLVED,Pass 1 match is only possible. Video acquisition/processing is expensive and captions are unverified. Resolve identity first before considering video.,Unclear until identity is resolved; may largely duplicate Otter text.,EqC6yd4bQDKMl2mpzPURPZu-_Pc:otter_transcript+otter_summary+mednote_stack,resolve_identity_before_video_acquisition,pass3_availability=available_external; captions=not_checked; has_pdf_also=False
aosrd-webinars-122--2zRc1QbLiI,AOSRD_Clearfield,aosrd_webinars_youtube,"Long Term Micronutrient Depletion with Dr. Deedra Mason – March 12, 2024 (Video)",long term micronutrient depletion with dr deedra mason march 12 2024 video,aosrd-webinars-122--2zRc1QbLiI,no_match,,,,YouTube_video,https://youtu.be/-2zRc1QbLiI,no,3,unresolved,2,very_high,low,medium,medium,very_high,poor,DEFER_EXPENSIVE_VIDEO,"Potentially new session relative to Otter corpus (Pass 1 no_match — not confirmed new), but representation is video-only with captions/transcript status not_checked. Acquisition would likely require download + transcription (very high effort) without a verified text route. Defer until caption availability can be verified without downloading, or until a cheaper text representation is found.",Possibly a session absent from Otter — but only after expensive AV processing with unverified captions.,catalog_and_external_URL,verify_captions_or_prefer_PDF_before_any_video_acquire; not_a_confirmed_new_lecture,pass3_availability=available_external; captions=not_checked; has_pdf_also=False; pot=potentially_new_session
aosrd-webinars-123-B1Z34WJYAN4,AOSRD_Clearfield,aosrd_webinars_youtube,"Breaking Free-Financial Solutions for Medical Professionals with Mr. David Silva – March 5, 2024 (Video)",breaking free financial solutions for medical professionals with mr david silva march 5 2024 video,aosrd-webinars-123-B1Z34WJYAN4,no_match,,,,YouTube_video,https://youtu.be/B1Z34WJYAN4,no,3,unresolved,2,very_high,low,medium,medium,very_high,poor,DEFER_EXPENSIVE_VIDEO,"Potentially new session relative to Otter corpus (Pass 1 no_match — not confirmed new), but representation is video-only with captions/transcript status not_checked. Acquisition would likely require download + transcription (very high effort) without a verified text route. Defer until caption availability can be verified without downloading, or until a cheaper text representation is found.",Possibly a session absent from Otter — but only after expensive AV processing with unverified captions.,catalog_and_external_URL,verify_captions_or_prefer_PDF_before_any_video_acquire; not_a_confirmed_new_lecture,pass3_availability=available_external; captions=not_checked; has_pdf_also=False; pot=potentially_new_session
aosrd-webinars-124-e8_bNLZcAtg,AOSRD_Clearfield,aosrd_webinars_youtube,"Testosterone-Estrogen-Glp Agonists-and Hormone Optimization with Jay Campbell – Feb 27, 2024 (Video)",testosterone estrogen glp agonists and hormone optimization with jay campbell feb 27 2024 video,aosrd-webinars-124-e8_bNLZcAtg,possible,j3HjVUuBV5gnR4KrCUuXOZEnPm0;t9O9J5vUpWGkKXi-5TqxgKudSvY,2025-10-14;2025-04-29,Research/lectures/clearfield-webinar-2025-10-14;Research/lectures/clearfield-webinar-2025-04-29,YouTube_video,https://youtu.be/e8_bNLZcAtg,yes,1,low,1,very_high,high,low,low,high,poor,DEFER_IDENTITY_UNRESOLVED,Pass 1 match is only possible. Video acquisition/processing is expensive and captions are unverified. Resolve identity first before considering video.,Unclear until identity is resolved; may largely duplicate Otter text.,j3HjVUuBV5gnR4KrCUuXOZEnPm0:otter_transcript+otter_summary+mednote_stack+slides_claimed_elsewhere; t9O9J5vUpWGkKXi-5TqxgKudSvY:otter_transcript+otter_summary+mednote_stack+slides_claimed_elsewhere,resolve_identity_before_video_acquisition,pass3_availability=available_external; captions=not_checked; has_pdf_also=False
aosrd-webinars-125-ZgjFBmrC2Fc,AOSRD_Clearfield,aosrd_webinars_youtube,"Testosterone – Aeromatase Inhibitors-and Cortisol, Oh My! with Dr. Salaheldin Halasa – Feb 20, 2024 (Video)",testosterone aeromatase inhibitors and cortisol oh my with dr salaheldin halasa feb 20 2024 video,aosrd-webinars-125-ZgjFBmrC2Fc,possible,GUt4yZgCp4lNVboAnJBHNMsHO7A;Zxy20R1uant_QctiZutXLSt-Q-E,2025-05-06;2025-03-25,Research/lectures/clearfield-webinar-2025-05-06;Research/lectures/clearfield-webinar-2025-03-25,YouTube_video,https://youtu.be/ZgjFBmrC2Fc,yes,1,low,1,very_high,high,low,low,high,poor,DEFER_IDENTITY_UNRESOLVED,Pass 1 match is only possible. Video acquisition/processing is expensive and captions are unverified. Resolve identity first before considering video.,Unclear until identity is resolved; may largely duplicate Otter text.,GUt4yZgCp4lNVboAnJBHNMsHO7A:otter_transcript+otter_summary+mednote_stack+slides_claimed_elsewhere; Zxy20R1uant_QctiZutXLSt-Q-E:otter_transcript+otter_summary+mednote_stack+slides_claimed_elsewhere,resolve_identity_before_video_acquisition,pass3_availability=available_external; captions=not_checked; has_pdf_also=False
aosrd-webinars-126-G9uQCF-71w4,AOSRD_Clearfield,aosrd_webinars_youtube,"Safe Use of Ketamin at Home-A Powerful and Versatile Tool for Mental Health and Pain with Dr. Dustin Sulak – Feb 6, 2024 (Video)",safe use of ketamin at home a powerful and versatile tool for mental health and pain with dr dustin sulak feb 6 2024 video,aosrd-webinars-126-G9uQCF-71w4,possible,lBEx4QEhjOy2jlQIxmXZmxIj5BM,2026-01-14,Research/lectures/clearfield-webinar-2026-01-14,YouTube_video,https://youtu.be/G9uQCF-71w4,yes,1,low,1,very_high,high,low,low,high,poor,DEFER_IDENTITY_UNRESOLVED,Pass 1 match is only possible. Video acquisition/processing is expensive and captions are unverified. Resolve identity first before considering video.,Unclear until identity is resolved; may largely duplicate Otter text.,lBEx4QEhjOy2jlQIxmXZmxIj5BM:otter_transcript+otter_summary+mednote_stack+slides_claimed_elsewhere,resolve_identity_before_video_acquisition,pass3_availability=available_external; captions=not_checked; has_pdf_also=False
aosrd-webinars-127-kNW89FhAh-o,AOSRD_Clearfield,aosrd_webinars_youtube,"Using Precision Psychiatry to Improve Mental Health with Dr. Mizyl Damayo – Jan 30, 2024 (Video)",using precision psychiatry to improve mental health with dr mizyl damayo jan 30 2024 video,aosrd-webinars-127-kNW89FhAh-o,no_match,,,,YouTube_video,https://youtu.be/kNW89FhAh-o,no,3,unresolved,2,very_high,low,medium,medium,very_high,poor,DEFER_EXPENSIVE_VIDEO,"Potentially new session relative to Otter corpus (Pass 1 no_match — not confirmed new), but representation is video-only with captions/transcript status not_checked. Acquisition would likely require download + transcription (very high effort) without a verified text route. Defer until caption availability can be verified without downloading, or until a cheaper text representation is found.",Possibly a session absent from Otter — but only after expensive AV processing with unverified captions.,catalog_and_external_URL,verify_captions_or_prefer_PDF_before_any_video_acquire; not_a_confirmed_new_lecture,pass3_availability=available_external; captions=not_checked; has_pdf_also=False; pot=potentially_new_session
aosrd-webinars-128-wX8K3E8-OFk,AOSRD_Clearfield,aosrd_webinars_youtube,"William Clearfield, DO – American Osteopathic Society of Integrative Medicine Lectures – Jan, 2024 (Video)",william clearfield do american osteopathic society of integrative medicine lectures jan 2024 video,aosrd-webinars-128-wX8K3E8-OFk,no_match,,,,YouTube_video,https://youtu.be/wX8K3E8-OFk,no,3,unresolved,2,very_high,low,medium,medium,very_high,poor,DEFER_EXPENSIVE_VIDEO,"Potentially new session relative to Otter corpus (Pass 1 no_match — not confirmed new), but representation is video-only with captions/transcript status not_checked. Acquisition would likely require download + transcription (very high effort) without a verified text route. Defer until caption availability can be verified without downloading, or until a cheaper text representation is found.",Possibly a session absent from Otter — but only after expensive AV processing with unverified captions.,catalog_and_external_URL,verify_captions_or_prefer_PDF_before_any_video_acquire; not_a_confirmed_new_lecture,pass3_availability=available_external; captions=not_checked; has_pdf_also=False; pot=potentially_new_session
aosrd-webinars-129-lGnaMPTB8H4,AOSRD_Clearfield,aosrd_webinars_youtube,"William Clearfield, DO – Endocrinology of Psychiatric Illnesses – Jan, 2024 (Video)",william clearfield do endocrinology of psychiatric illnesses jan 2024 video,aosrd-webinars-129-lGnaMPTB8H4,no_match,,,,YouTube_video,https://youtu.be/lGnaMPTB8H4,no,3,unresolved,2,very_high,low,medium,medium,very_high,poor,DEFER_EXPENSIVE_VIDEO,"Potentially new session relative to Otter corpus (Pass 1 no_match — not confirmed new), but representation is video-only with captions/transcript status not_checked. Acquisition would likely require download + transcription (very high effort) without a verified text route. Defer until caption availability can be verified without downloading, or until a cheaper text representation is found.",Possibly a session absent from Otter — but only after expensive AV processing with unverified captions.,catalog_and_external_URL,verify_captions_or_prefer_PDF_before_any_video_acquire; not_a_confirmed_new_lecture,pass3_availability=available_external; captions=not_checked; has_pdf_also=False; pot=potentially_new_session
aosrd-webinars-130-Zg1SS0BMLIE,AOSRD_Clearfield,aosrd_webinars_youtube,"A Brief Recap on Low Dose Naltrexone with Dr. Bill Clearfield and Miklos Major – Jan, 2024 (Video)",a brief recap on low dose naltrexone with dr bill clearfield and miklos major jan 2024 video,aosrd-webinars-130-Zg1SS0BMLIE,variant_derivative,NGmGloKNP2XqOUJP7jB7qBC5eRM;dliX4LcIPRKy-7vE3xcjJ4TlkiI;FbRyr7EkkewAoPTmXbK9DtUiA_Y;teTBikykKpBtvemVFqClxhmIVaQ;P1FgRy3FvTrrNYsXISdsJKJeiEg,2024-11-13;2024-09-10;2024-09-24;2024-12-18;2024-11-06,Research/lectures/clearfield-webinar-2024-11-13;Research/lectures/clearfield-webinar-2024-09-10;Research/lectures/clearfield-webinar-2024-09-24;Research/lectures/clearfield-webinar-2024-12-18;Research/lectures/clearfield-webinar-2024-11-06,YouTube_video,https://youtu.be/Zg1SS0BMLIE,yes,1,low,1,very_high,high,low,low,high,poor,DEFER_IDENTITY_UNRESOLVED,Pass 1 match is only variant_derivative. Video acquisition/processing is expensive and captions are unverified. Resolve identity first before considering video.,Unclear until identity is resolved; may largely duplicate Otter text.,NGmGloKNP2XqOUJP7jB7qBC5eRM:otter_transcript+otter_summary+mednote_stack+slides_claimed_elsewhere; dliX4LcIPRKy-7vE3xcjJ4TlkiI:otter_transcript+otter_summary+mednote_stack; FbRyr7EkkewAoPTmXbK9DtUiA_Y:otter_transcript+otter_summary+mednote_stack; teTBikykKpBtvemVFqClxhmIVaQ:otter_transcript+otter_summary+mednote_stack+slides_claimed_elsewhere; P1FgRy3FvTrrNYsXISdsJKJeiEg:otter_transcript+otter_summary+mednote_stack+slides_claimed_elsewhere,resolve_identity_before_video_acquisition,pass3_availability=available_external; captions=not_checked; has_pdf_also=False
aosrd-webinars-131-VFyRiKGUpX4,AOSRD_Clearfield,aosrd_webinars_youtube,"What We Physicians Can Learn from n Integrative Veterinarian with Dr. Marlene Siegel – Jan 23, 2024 (Video)",what we physicians can learn from n integrative veterinarian with dr marlene siegel jan 23 2024 video,aosrd-webinars-131-VFyRiKGUpX4,possible,XFeeYcx6xIW9i1HcL0VfsCVvAjY,2024-09-17,Research/lectures/clearfield-webinar-2024-09-17,YouTube_video,https://youtu.be/VFyRiKGUpX4,yes,1,low,1,very_high,high,low,low,high,poor,DEFER_IDENTITY_UNRESOLVED,Pass 1 match is only possible. Video acquisition/processing is expensive and captions are unverified. Resolve identity first before considering video.,Unclear until identity is resolved; may largely duplicate Otter text.,XFeeYcx6xIW9i1HcL0VfsCVvAjY:otter_transcript+otter_summary+mednote_stack,resolve_identity_before_video_acquisition,pass3_availability=available_external; captions=not_checked; has_pdf_also=False
aosrd-webinars-132-lMv3tfv7nN8,AOSRD_Clearfield,aosrd_webinars_youtube,"Iodine for Chronic Disease Management and Prevention with Stefan Hartmann PA-C – Jan 9, 2024 (Video)",iodine for chronic disease management and prevention with stefan hartmann pa c jan 9 2024 video,aosrd-webinars-132-lMv3tfv7nN8,possible,ykfPBSHSL3meBk4yGojbTxMVIpA;GpGzOhGTH4-q6bror7uHVEIk1Jk,2024-10-22;2026-04-14,Research/lectures/clearfield-webinar-2024-10-22;Research/lectures/clearfield-webinar-2026-04-14,YouTube_video,https://youtu.be/lMv3tfv7nN8,yes,1,low,1,very_high,high,low,low,high,poor,DEFER_IDENTITY_UNRESOLVED,Pass 1 match is only possible. Video acquisition/processing is expensive and captions are unverified. Resolve identity first before considering video.,Unclear until identity is resolved; may largely duplicate Otter text.,ykfPBSHSL3meBk4yGojbTxMVIpA:otter_transcript+otter_summary+mednote_stack+slides_claimed_elsewhere; GpGzOhGTH4-q6bror7uHVEIk1Jk:otter_transcript+otter_summary+mednote_stack+slides_claimed_elsewhere,resolve_identity_before_video_acquisition,pass3_availability=available_external; captions=not_checked; has_pdf_also=False
aosrd-webinars-133-DdsK-SLxdqY,AOSRD_Clearfield,aosrd_webinars_youtube,Introduction to Hormone Optimization-A Manual for Practitioners by Dr. Bill Clearfield with Miklos Major – Jan 2024 (Video),introduction to hormone optimization a manual for practitioners by dr bill clearfield with miklos major jan 2024 video,aosrd-webinars-133-DdsK-SLxdqY,possible,teTBikykKpBtvemVFqClxhmIVaQ;OL_Ukp1RYjVvnjsMHnF2eXCXDC8;lad4QB8n10SgLwRq48hmZvwDQ2U;vjcply7K-rJtWMYGKgD39abIq9E,2024-12-18;2024-10-01;2024-09-03;2024-11-27,Research/lectures/clearfield-webinar-2024-12-18;Research/lectures/clearfield-webinar-2024-10-01;Research/lectures/clearfield-webinar-2024-09-03;Research/lectures/clearfield-webinar-2024-11-27,YouTube_video,https://youtu.be/DdsK-SLxdqY,yes,1,low,1,very_high,high,low,low,high,poor,DEFER_IDENTITY_UNRESOLVED,Pass 1 match is only possible. Video acquisition/processing is expensive and captions are unverified. Resolve identity first before considering video.,Unclear until identity is resolved; may largely duplicate Otter text.,teTBikykKpBtvemVFqClxhmIVaQ:otter_transcript+otter_summary+mednote_stack+slides_claimed_elsewhere; OL_Ukp1RYjVvnjsMHnF2eXCXDC8:otter_transcript+otter_summary+mednote_stack; lad4QB8n10SgLwRq48hmZvwDQ2U:otter_transcript+otter_summary+mednote_stack; vjcply7K-rJtWMYGKgD39abIq9E:otter_transcript+otter_summary+mednote_stack+slides_claimed_elsewhere,resolve_identity_before_video_acquisition,pass3_availability=available_external; captions=not_checked; has_pdf_also=False
aosrd-webinars-134-LdAfVo2iTT0,AOSRD_Clearfield,aosrd_webinars_youtube,"Discussing the Chronic Disease Prevention Management Core Curriculum with Salaheldin Halasa – Jan 2, 2024 (Video)",discussing the chronic disease prevention management core curriculum with salaheldin halasa jan 2 2024 video,aosrd-webinars-134-LdAfVo2iTT0,possible,5HPCyqwQxi9QD1of8g-CPHrnFcc;GUt4yZgCp4lNVboAnJBHNMsHO7A;Zxy20R1uant_QctiZutXLSt-Q-E,2025-01-08;2025-05-06;2025-03-25,Research/lectures/clearfield-webinar-2025-01-08;Research/lectures/clearfield-webinar-2025-05-06;Research/lectures/clearfield-webinar-2025-03-25,YouTube_video,https://youtu.be/LdAfVo2iTT0,yes,1,low,1,very_high,high,low,low,high,poor,DEFER_IDENTITY_UNRESOLVED,Pass 1 match is only possible. Video acquisition/processing is expensive and captions are unverified. Resolve identity first before considering video.,Unclear until identity is resolved; may largely duplicate Otter text.,5HPCyqwQxi9QD1of8g-CPHrnFcc:otter_transcript+otter_summary+mednote_stack+slides_claimed_elsewhere; GUt4yZgCp4lNVboAnJBHNMsHO7A:otter_transcript+otter_summary+mednote_stack+slides_claimed_elsewhere; Zxy20R1uant_QctiZutXLSt-Q-E:otter_transcript+otter_summary+mednote_stack+slides_claimed_elsewhere,resolve_identity_before_video_acquisition,pass3_availability=available_external; captions=not_checked; has_pdf_also=False
aosrd-webinars-135-urUVaRF96r8,AOSRD_Clearfield,aosrd_webinars_youtube,"Clearfield – Non-Hormonal Remedies to Relieve Hormonal Symptoms – December, 2023 (Video)",clearfield non hormonal remedies to relieve hormonal symptoms december 2023 video,aosrd-webinars-135-urUVaRF96r8,no_match,,,,YouTube_video,https://youtu.be/urUVaRF96r8,no,3,unresolved,2,very_high,low,medium,medium,very_high,poor,DEFER_EXPENSIVE_VIDEO,"Potentially new session relative to Otter corpus (Pass 1 no_match — not confirmed new), but representation is video-only with captions/transcript status not_checked. Acquisition would likely require download + transcription (very high effort) without a verified text route. Defer until caption availability can be verified without downloading, or until a cheaper text representation is found.",Possibly a session absent from Otter — but only after expensive AV processing with unverified captions.,catalog_and_external_URL,verify_captions_or_prefer_PDF_before_any_video_acquire; not_a_confirmed_new_lecture,pass3_availability=available_external; captions=not_checked; has_pdf_also=False; pot=potentially_new_session
aosrd-webinars-136-HfjLBsKBxKM,AOSRD_Clearfield,aosrd_webinars_youtube,"Controlling Glycemic Variability with Stefan Hartmann, PA-C – Tuesday December 26, 2023 (Video)",controlling glycemic variability with stefan hartmann pa c tuesday december 26 2023 video,aosrd-webinars-136-HfjLBsKBxKM,possible,vZKE66zexBS6KPliMMq0glRxefk;TNvBcRwwSnrkWGe2_L3i3lGvYYk;CQjlfnZLZ-CY25UUEq35pSQ0lug,2024-12-04;2024-12-11;2025-12-24,Research/lectures/clearfield-webinar-2024-12-04;Research/lectures/clearfield-webinar-2024-12-11;Research/lectures/clearfield-webinar-2025-12-24,YouTube_video,https://youtu.be/HfjLBsKBxKM,yes,1,low,1,very_high,high,low,low,high,poor,DEFER_IDENTITY_UNRESOLVED,Pass 1 match is only possible. Video acquisition/processing is expensive and captions are unverified. Resolve identity first before considering video.,Unclear until identity is resolved; may largely duplicate Otter text.,vZKE66zexBS6KPliMMq0glRxefk:otter_transcript+otter_summary+mednote_stack+slides_claimed_elsewhere; TNvBcRwwSnrkWGe2_L3i3lGvYYk:otter_transcript+otter_summary+mednote_stack+slides_claimed_elsewhere; CQjlfnZLZ-CY25UUEq35pSQ0lug:otter_transcript+otter_summary+mednote_stack+slides_claimed_elsewhere,resolve_identity_before_video_acquisition,pass3_availability=available_external; captions=not_checked; has_pdf_also=False
aosrd-webinars-137-D1Gh9jMYRo0,AOSRD_Clearfield,aosrd_webinars_youtube,Female Hormone Primer-Part 3 Polycystic Ovaries and Female Pattern Hair Loss (Video),female hormone primer part 3 polycystic ovaries and female pattern hair loss video,aosrd-webinars-137-D1Gh9jMYRo0,no_match,,,,YouTube_video,https://youtu.be/D1Gh9jMYRo0,no,3,unresolved,2,very_high,low,medium,medium,very_high,poor,DEFER_EXPENSIVE_VIDEO,"Potentially new session relative to Otter corpus (Pass 1 no_match — not confirmed new), but representation is video-only with captions/transcript status not_checked. Acquisition would likely require download + transcription (very high effort) without a verified text route. Defer until caption availability can be verified without downloading, or until a cheaper text representation is found.",Possibly a session absent from Otter — but only after expensive AV processing with unverified captions.,catalog_and_external_URL,verify_captions_or_prefer_PDF_before_any_video_acquire; not_a_confirmed_new_lecture,pass3_availability=available_external; captions=not_checked; has_pdf_also=False; pot=potentially_new_session
aosrd-webinars-138-vgRIJLFLR_c,AOSRD_Clearfield,aosrd_webinars_youtube,The Specter of Estrogen Dominance with Carol Peterson Rh P (Video),the specter of estrogen dominance with carol peterson rh p video,aosrd-webinars-138-vgRIJLFLR_c,possible,j3HjVUuBV5gnR4KrCUuXOZEnPm0;FbRyr7EkkewAoPTmXbK9DtUiA_Y,2025-10-14;2024-09-24,Research/lectures/clearfield-webinar-2025-10-14;Research/lectures/clearfield-webinar-2024-09-24,YouTube_video,https://youtu.be/vgRIJLFLR_c,yes,1,low,1,very_high,high,low,low,high,poor,DEFER_IDENTITY_UNRESOLVED,Pass 1 match is only possible. Video acquisition/processing is expensive and captions are unverified. Resolve identity first before considering video.,Unclear until identity is resolved; may largely duplicate Otter text.,j3HjVUuBV5gnR4KrCUuXOZEnPm0:otter_transcript+otter_summary+mednote_stack+slides_claimed_elsewhere; FbRyr7EkkewAoPTmXbK9DtUiA_Y:otter_transcript+otter_summary+mednote_stack,resolve_identity_before_video_acquisition,pass3_availability=available_external; captions=not_checked; has_pdf_also=False
aosrd-webinars-139-44Q2wgr0Q2o,AOSRD_Clearfield,aosrd_webinars_youtube,Female Hormone Primer Part 2 Student Session with MM (Video),female hormone primer part 2 student session with mm video,aosrd-webinars-139-44Q2wgr0Q2o,no_match,,,,YouTube_video,https://youtu.be/44Q2wgr0Q2o,no,3,unresolved,2,very_high,low,medium,medium,very_high,poor,DEFER_EXPENSIVE_VIDEO,"Potentially new session relative to Otter corpus (Pass 1 no_match — not confirmed new), but representation is video-only with captions/transcript status not_checked. Acquisition would likely require download + transcription (very high effort) without a verified text route. Defer until caption availability can be verified without downloading, or until a cheaper text representation is found.",Possibly a session absent from Otter — but only after expensive AV processing with unverified captions.,catalog_and_external_URL,verify_captions_or_prefer_PDF_before_any_video_acquire; not_a_confirmed_new_lecture,pass3_availability=available_external; captions=not_checked; has_pdf_also=False; pot=potentially_new_session
aosrd-webinars-140-Hng9twQ7Amg,AOSRD_Clearfield,aosrd_webinars_youtube,"BiomeFx GI Testing with Katherine Sumner, Microbiome Labs Nov 28, 2023 (Video)",biomefx gi testing with katherine sumner microbiome labs nov 28 2023 video,aosrd-webinars-140-Hng9twQ7Amg,no_match,,,,YouTube_video,https://youtu.be/Hng9twQ7Amg,no,0,unresolved,0,unknown,low,low,low,unknown,poor,NO_ACQUISITION_INDICATED,YouTube_video URL is cataloged but Pass 3 found it unavailable externally (e.g. oEmbed 404).,Nothing while unavailable.,catalog_URL_only,external video currently unavailable,pass3_availability=unavailable_external
aosrd-webinars-141-sqvJDTzrtDc,AOSRD_Clearfield,aosrd_webinars_youtube,"Neuroinflammation-The Road to Neuropsychiatric Illness with Dr. Mark Gordon Nov 21, 2023 (Video)",neuroinflammation the road to neuropsychiatric illness with dr mark gordon nov 21 2023 video,aosrd-webinars-141-sqvJDTzrtDc,no_match,,,,AOSRD_PDF,https://aosrd.org/wp-content/uploads/2023/11/Neuroinflammation-the-road-to-Neuropsychiatric-Illnesses-with-Dr.-Mark-Gordon.pdf,no,4,unresolved,3,low,low,medium,medium,low,exceptional,ACQUIRE_CANDIDATE,AOSRD PDF is externally available and Pass 1 found no reasonable Otter candidate (potentially_new_session — not a confirmed new lecture). Low-cost text/visual source that could add a session representation absent from the current 98-session Otter corpus.,PDF lecture notes/slides/figures/references for a source without an Otter packet match.,catalog_record_and_URL_only,,pdf_role=potentially_new_source; pass3_pdf_availability=available_external; pass1_rel=potentially_new_session
aosrd-webinars-141-sqvJDTzrtDc,AOSRD_Clearfield,aosrd_webinars_youtube,"Neuroinflammation-The Road to Neuropsychiatric Illness with Dr. Mark Gordon Nov 21, 2023 (Video)",neuroinflammation the road to neuropsychiatric illness with dr mark gordon nov 21 2023 video,aosrd-webinars-141-sqvJDTzrtDc,no_match,,,,YouTube_video,https://youtu.be/sqvJDTzrtDc,no,2,unresolved,2,very_high,low,medium,low,very_high,weak,DEFER_EXPENSIVE_VIDEO,Pass 1 has no Otter candidate (potentially_new_session — not confirmed new). A companion AOSRD PDF is externally available and is the preferable low-cost text/visual acquisition path. Video captions are unverified; defer expensive video unless a later authorized pass shows a specific AV-only gap after PDF review.,Possibly a session absent from Otter — but only after expensive AV processing with unverified captions.,catalog_and_external_URL;+external_PDF_candidate,verify_captions_or_prefer_PDF_before_any_video_acquire; not_a_confirmed_new_lecture,pass3_availability=available_external; captions=not_checked; has_pdf_also=True; pot=potentially_new_session
aosrd-webinars-142-iLik_iDuz3Q,AOSRD_Clearfield,aosrd_webinars_youtube,Estrogen-Devil or Angel with Dr. Bill Clearfield (Video),estrogen devil or angel with dr bill clearfield video,aosrd-webinars-142-iLik_iDuz3Q,no_match,,,,YouTube_video,https://youtu.be/iLik_iDuz3Q,no,3,unresolved,2,very_high,low,medium,medium,very_high,poor,DEFER_EXPENSIVE_VIDEO,"Potentially new session relative to Otter corpus (Pass 1 no_match — not confirmed new), but representation is video-only with captions/transcript status not_checked. Acquisition would likely require download + transcription (very high effort) without a verified text route. Defer until caption availability can be verified without downloading, or until a cheaper text representation is found.",Possibly a session absent from Otter — but only after expensive AV processing with unverified captions.,catalog_and_external_URL,verify_captions_or_prefer_PDF_before_any_video_acquire; not_a_confirmed_new_lecture,pass3_availability=available_external; captions=not_checked; has_pdf_also=False; pot=potentially_new_session
aosrd-webinars-143-x_F597yF0Z4,AOSRD_Clearfield,aosrd_webinars_youtube,Female Hormone Primer-Part 1 Student Session w MM (Video),female hormone primer part 1 student session w mm video,aosrd-webinars-143-x_F597yF0Z4,no_match,,,,YouTube_video,https://youtu.be/x_F597yF0Z4,no,3,unresolved,2,very_high,low,medium,medium,very_high,poor,DEFER_EXPENSIVE_VIDEO,"Potentially new session relative to Otter corpus (Pass 1 no_match — not confirmed new), but representation is video-only with captions/transcript status not_checked. Acquisition would likely require download + transcription (very high effort) without a verified text route. Defer until caption availability can be verified without downloading, or until a cheaper text representation is found.",Possibly a session absent from Otter — but only after expensive AV processing with unverified captions.,catalog_and_external_URL,verify_captions_or_prefer_PDF_before_any_video_acquire; not_a_confirmed_new_lecture,pass3_availability=available_external; captions=not_checked; has_pdf_also=False; pot=potentially_new_session
aosrd-webinars-144-8ueZMDPM6_U,AOSRD_Clearfield,aosrd_webinars_youtube,"The Role of Oxalates in – Nov 14, 2023 (Video)",the role of oxalates in nov 14 2023 video,aosrd-webinars-144-8ueZMDPM6_U,no_match,,,,YouTube_video,https://youtu.be/8ueZMDPM6_U,no,3,unresolved,2,very_high,low,medium,medium,very_high,poor,DEFER_EXPENSIVE_VIDEO,"Potentially new session relative to Otter corpus (Pass 1 no_match — not confirmed new), but representation is video-only with captions/transcript status not_checked. Acquisition would likely require download + transcription (very high effort) without a verified text route. Defer until caption availability can be verified without downloading, or until a cheaper text representation is found.",Possibly a session absent from Otter — but only after expensive AV processing with unverified captions.,catalog_and_external_URL,verify_captions_or_prefer_PDF_before_any_video_acquire; not_a_confirmed_new_lecture,pass3_availability=available_external; captions=not_checked; has_pdf_also=False; pot=potentially_new_session
aosrd-webinars-145-l-_Gf5qt0l0,AOSRD_Clearfield,aosrd_webinars_youtube,How to Perform an Intramuscular Injection (Video),how to perform an intramuscular injection video,aosrd-webinars-145-l-_Gf5qt0l0,no_match,,,,YouTube_video,https://youtu.be/l-_Gf5qt0l0,no,0,unresolved,0,unknown,low,low,low,unknown,poor,NO_ACQUISITION_INDICATED,YouTube_video URL is cataloged but Pass 3 found it unavailable externally (e.g. oEmbed 404).,Nothing while unavailable.,catalog_URL_only,external video currently unavailable,pass3_availability=unavailable_external
aosrd-webinars-146-cptytkOQXD8,AOSRD_Clearfield,aosrd_webinars_youtube,How to Perform a Subcutaneous Injection (Video),how to perform a subcutaneous injection video,aosrd-webinars-146-cptytkOQXD8,no_match,,,,YouTube_video,https://youtu.be/cptytkOQXD8,no,3,unresolved,2,very_high,low,medium,medium,very_high,poor,DEFER_EXPENSIVE_VIDEO,"Potentially new session relative to Otter corpus (Pass 1 no_match — not confirmed new), but representation is video-only with captions/transcript status not_checked. Acquisition would likely require download + transcription (very high effort) without a verified text route. Defer until caption availability can be verified without downloading, or until a cheaper text representation is found.",Possibly a session absent from Otter — but only after expensive AV processing with unverified captions.,catalog_and_external_URL,verify_captions_or_prefer_PDF_before_any_video_acquire; not_a_confirmed_new_lecture,pass3_availability=available_external; captions=not_checked; has_pdf_also=False; pot=potentially_new_session
aosrd-webinars-147-l-_Gf5qt0l0,AOSRD_Clearfield,aosrd_webinars_youtube,"Peptides, Where Do We Go from Here-with Jay Campbell – Nov 7, 2023 (Video)",peptides where do we go from here with jay campbell nov 7 2023 video,aosrd-webinars-147-l-_Gf5qt0l0,possible,t9O9J5vUpWGkKXi-5TqxgKudSvY,2025-04-29,Research/lectures/clearfield-webinar-2025-04-29,YouTube_video,https://youtu.be/l-_Gf5qt0l0,yes,0,low,0,unknown,low,low,low,unknown,poor,NO_ACQUISITION_INDICATED,YouTube_video URL is cataloged but Pass 3 found it unavailable externally (e.g. oEmbed 404).,Nothing while unavailable.,t9O9J5vUpWGkKXi-5TqxgKudSvY:otter_transcript+otter_summary+mednote_stack+slides_claimed_elsewhere,external video currently unavailable,pass3_availability=unavailable_external
aosrd-webinars-148-FcjGN44DJf4,AOSRD_Clearfield,aosrd_webinars_youtube,Basic Hormone Replacement Replenishment for Men Part 4 Student Session with Dr Bill and MM (Video),basic hormone replacement replenishment for men part 4 student session with dr bill and mm video,aosrd-webinars-148-FcjGN44DJf4,possible,Td9Prx_y7BG6tFzXN3Yl-Iy-NJ8;OL_Ukp1RYjVvnjsMHnF2eXCXDC8;teTBikykKpBtvemVFqClxhmIVaQ;HY-sCmihzh3EJ69WWVwlTT0Ri6s;OlXuXl73V1RAQ4bVYXoakDZMRnU,2026-03-17;2024-10-01;2024-12-18;2025-11-26;2026-04-07,Research/lectures/clearfield-webinar-2026-03-17;Research/lectures/clearfield-webinar-2024-10-01;Research/lectures/clearfield-webinar-2024-12-18;Research/lectures/clearfield-webinar-2025-11-26;Research/lectures/clearfield-webinar-2026-04-07,YouTube_video,https://youtu.be/FcjGN44DJf4,yes,1,low,1,very_high,high,low,low,high,poor,DEFER_IDENTITY_UNRESOLVED,Pass 1 match is only possible. Video acquisition/processing is expensive and captions are unverified. Resolve identity first before considering video.,Unclear until identity is resolved; may largely duplicate Otter text.,Td9Prx_y7BG6tFzXN3Yl-Iy-NJ8:otter_transcript+otter_summary+mednote_stack+slides_claimed_elsewhere; OL_Ukp1RYjVvnjsMHnF2eXCXDC8:otter_transcript+otter_summary+mednote_stack; teTBikykKpBtvemVFqClxhmIVaQ:otter_transcript+otter_summary+mednote_stack+slides_claimed_elsewhere; HY-sCmihzh3EJ69WWVwlTT0Ri6s:otter_transcript+otter_summary+mednote_stack+slides_claimed_elsewhere; OlXuXl73V1RAQ4bVYXoakDZMRnU:otter_transcript+otter_summary+mednote_stack+slides_claimed_elsewhere,resolve_identity_before_video_acquisition,pass3_availability=available_external; captions=not_checked; has_pdf_also=False
aosrd-webinars-149-kuT4ASTALbo,AOSRD_Clearfield,aosrd_webinars_youtube,"Basic Hormone Replacement for Men Part 3 Finasteride, Lab Studies and Testosterone Replacement Dosin (Video)",basic hormone replacement for men part 3 finasteride lab studies and testosterone replacement dosin video,aosrd-webinars-149-kuT4ASTALbo,no_match,,,,YouTube_video,https://youtu.be/kuT4ASTALbo,no,3,unresolved,2,very_high,low,medium,medium,very_high,poor,DEFER_EXPENSIVE_VIDEO,"Potentially new session relative to Otter corpus (Pass 1 no_match — not confirmed new), but representation is video-only with captions/transcript status not_checked. Acquisition would likely require download + transcription (very high effort) without a verified text route. Defer until caption availability can be verified without downloading, or until a cheaper text representation is found.",Possibly a session absent from Otter — but only after expensive AV processing with unverified captions.,catalog_and_external_URL,verify_captions_or_prefer_PDF_before_any_video_acquire; not_a_confirmed_new_lecture,pass3_availability=available_external; captions=not_checked; has_pdf_also=False; pot=potentially_new_session
aosrd-webinars-150-5R21mCnXIPo,AOSRD_Clearfield,aosrd_webinars_youtube,Basic Hormone Replacement for Men Part 2 + Dr C’s Tips for Weight Loss (Video),basic hormone replacement for men part 2 dr c s tips for weight loss video,aosrd-webinars-150-5R21mCnXIPo,no_match,,,,YouTube_video,https://youtu.be/5R21mCnXIPo,no,3,unresolved,2,very_high,low,medium,medium,very_high,poor,DEFER_EXPENSIVE_VIDEO,"Potentially new session relative to Otter corpus (Pass 1 no_match — not confirmed new), but representation is video-only with captions/transcript status not_checked. Acquisition would likely require download + transcription (very high effort) without a verified text route. Defer until caption availability can be verified without downloading, or until a cheaper text representation is found.",Possibly a session absent from Otter — but only after expensive AV processing with unverified captions.,catalog_and_external_URL,verify_captions_or_prefer_PDF_before_any_video_acquire; not_a_confirmed_new_lecture,pass3_availability=available_external; captions=not_checked; has_pdf_also=False; pot=potentially_new_session
aosrd-webinars-151-r62cJY5LmU8,AOSRD_Clearfield,aosrd_webinars_youtube,Basic Hormone Replacement for Men Part 1 Student Session w MM (Video),basic hormone replacement for men part 1 student session w mm video,aosrd-webinars-151-r62cJY5LmU8,no_match,,,,YouTube_video,https://youtu.be/r62cJY5LmU8,no,3,unresolved,2,very_high,low,medium,medium,very_high,poor,DEFER_EXPENSIVE_VIDEO,"Potentially new session relative to Otter corpus (Pass 1 no_match — not confirmed new), but representation is video-only with captions/transcript status not_checked. Acquisition would likely require download + transcription (very high effort) without a verified text route. Defer until caption availability can be verified without downloading, or until a cheaper text representation is found.",Possibly a session absent from Otter — but only after expensive AV processing with unverified captions.,catalog_and_external_URL,verify_captions_or_prefer_PDF_before_any_video_acquire; not_a_confirmed_new_lecture,pass3_availability=available_external; captions=not_checked; has_pdf_also=False; pot=potentially_new_session
aosrd-webinars-152-rAUra-Qha5M,AOSRD_Clearfield,aosrd_webinars_youtube,"Dementia’s Dirty Dozen with Dr David Ajibade – Oct 31, 2023 (Video)",dementia s dirty dozen with dr david ajibade oct 31 2023 video,aosrd-webinars-152-rAUra-Qha5M,no_match,,,,AOSRD_PDF,https://aosrd.org/dementias-dirty-dozen-with-dr-david-ajibade/,no,4,unresolved,3,low,low,medium,medium,low,exceptional,ACQUIRE_CANDIDATE,AOSRD PDF is externally available and Pass 1 found no reasonable Otter candidate (potentially_new_session — not a confirmed new lecture). Low-cost text/visual source that could add a session representation absent from the current 98-session Otter corpus.,PDF lecture notes/slides/figures/references for a source without an Otter packet match.,catalog_record_and_URL_only,,pdf_role=potentially_new_source; pass3_pdf_availability=available_external; pass1_rel=potentially_new_session
aosrd-webinars-152-rAUra-Qha5M,AOSRD_Clearfield,aosrd_webinars_youtube,"Dementia’s Dirty Dozen with Dr David Ajibade – Oct 31, 2023 (Video)",dementia s dirty dozen with dr david ajibade oct 31 2023 video,aosrd-webinars-152-rAUra-Qha5M,no_match,,,,YouTube_video,https://youtu.be/rAUra-Qha5M,no,2,unresolved,2,very_high,low,medium,low,very_high,weak,DEFER_EXPENSIVE_VIDEO,Pass 1 has no Otter candidate (potentially_new_session — not confirmed new). A companion AOSRD PDF is externally available and is the preferable low-cost text/visual acquisition path. Video captions are unverified; defer expensive video unless a later authorized pass shows a specific AV-only gap after PDF review.,Possibly a session absent from Otter — but only after expensive AV processing with unverified captions.,catalog_and_external_URL;+external_PDF_candidate,verify_captions_or_prefer_PDF_before_any_video_acquire; not_a_confirmed_new_lecture,pass3_availability=available_external; captions=not_checked; has_pdf_also=True; pot=potentially_new_session
aosrd-webinars-153-xF0qI-tdmWo,AOSRD_Clearfield,aosrd_webinars_youtube,"Another View of the Endocannabinoid System with Dr. Robert Quinn – Oct 24, 2023 (Video)",another view of the endocannabinoid system with dr robert quinn oct 24 2023 video,aosrd-webinars-153-xF0qI-tdmWo,possible,tAtmhIMa7fmRXEWqsjZP4Gl7vkM,2025-02-26,Research/lectures/clearfield-webinar-2025-02-26,AOSRD_PDF,https://aosrd.org/another-view-of-the-endocannabinoid-system-with-dr-robert-quinn/,yes,2,low,2,low,medium,medium,medium,low,moderate,CONDITIONAL_ACQUIRE,Pass 1 relationship is possible only. PDF is a low-cost artifact that could help resolve identity against Otter candidates and/or add slides if the match is later confirmed. Acquire only as an identity-resolution / enrichment step — not as confirmed new knowledge.,Identity-resolution evidence plus possible visual/source material.,tAtmhIMa7fmRXEWqsjZP4Gl7vkM:otter_transcript+otter_summary+mednote_stack+slides_claimed_elsewhere,purpose=identity_resolution; confirm human intent before acquire; do not treat as confirmed same-session until reviewed,pdf_role=identity_resolution_candidate; pass3_pdf_availability=available_external; pass1_rel=possible_existing_session_representation
aosrd-webinars-153-xF0qI-tdmWo,AOSRD_Clearfield,aosrd_webinars_youtube,"Another View of the Endocannabinoid System with Dr. Robert Quinn – Oct 24, 2023 (Video)",another view of the endocannabinoid system with dr robert quinn oct 24 2023 video,aosrd-webinars-153-xF0qI-tdmWo,possible,tAtmhIMa7fmRXEWqsjZP4Gl7vkM,2025-02-26,Research/lectures/clearfield-webinar-2025-02-26,YouTube_video,https://youtu.be/xF0qI-tdmWo,yes,1,low,1,very_high,high,low,low,high,poor,DEFER_IDENTITY_UNRESOLVED,Pass 1 match is only possible. Video acquisition/processing is expensive and captions are unverified. Resolve identity first; preferably via the low-cost companion PDF before considering video.,Unclear until identity is resolved; may largely duplicate Otter text.,tAtmhIMa7fmRXEWqsjZP4Gl7vkM:otter_transcript+otter_summary+mednote_stack+slides_claimed_elsewhere,resolve_identity_before_video_acquisition; prefer_PDF_first,pass3_availability=available_external; captions=not_checked; has_pdf_also=True
aosrd-webinars-154-S62qYOwRkRs,AOSRD_Clearfield,aosrd_webinars_youtube,"From Marijuana to Mushroom-Are Plants and Fungi ‘Natural’ with Dr. Jeffrey Bock – Oct 17, 2023 (Video)",from marijuana to mushroom are plants and fungi natural with dr jeffrey bock oct 17 2023 video,aosrd-webinars-154-S62qYOwRkRs,no_match,,,,AOSRD_PDF,https://aosrd.org/from-marijuana-to-mushroom-are-plants-and-fungi-natural-with-dr-jeffrey-bock/,no,4,unresolved,3,low,low,medium,medium,low,exceptional,ACQUIRE_CANDIDATE,AOSRD PDF is externally available and Pass 1 found no reasonable Otter candidate (potentially_new_session — not a confirmed new lecture). Low-cost text/visual source that could add a session representation absent from the current 98-session Otter corpus.,PDF lecture notes/slides/figures/references for a source without an Otter packet match.,catalog_record_and_URL_only,,pdf_role=potentially_new_source; pass3_pdf_availability=available_external; pass1_rel=potentially_new_session
aosrd-webinars-154-S62qYOwRkRs,AOSRD_Clearfield,aosrd_webinars_youtube,"From Marijuana to Mushroom-Are Plants and Fungi ‘Natural’ with Dr. Jeffrey Bock – Oct 17, 2023 (Video)",from marijuana to mushroom are plants and fungi natural with dr jeffrey bock oct 17 2023 video,aosrd-webinars-154-S62qYOwRkRs,no_match,,,,YouTube_video,https://youtu.be/S62qYOwRkRs,no,2,unresolved,2,very_high,low,medium,low,very_high,weak,DEFER_EXPENSIVE_VIDEO,Pass 1 has no Otter candidate (potentially_new_session — not confirmed new). A companion AOSRD PDF is externally available and is the preferable low-cost text/visual acquisition path. Video captions are unverified; defer expensive video unless a later authorized pass shows a specific AV-only gap after PDF review.,Possibly a session absent from Otter — but only after expensive AV processing with unverified captions.,catalog_and_external_URL;+external_PDF_candidate,verify_captions_or_prefer_PDF_before_any_video_acquire; not_a_confirmed_new_lecture,pass3_availability=available_external; captions=not_checked; has_pdf_also=True; pot=potentially_new_session
aosrd-webinars-155-acTTjJWf9rk,AOSRD_Clearfield,aosrd_webinars_youtube,"Intermittent Fasting, Stimulating Brown Fat, and Weight Management with Dr Franco Calaveri – Oct 10, 2023 (Video)",intermittent fasting stimulating brown fat and weight management with dr franco calaveri oct 10 2023 video,aosrd-webinars-155-acTTjJWf9rk,no_match,,,,AOSRD_PDF,https://aosrd.org/intermittent-fasting-stimulating-brown-fat-and-weight-management-with-dr-francisco-calaveri/,no,4,unresolved,3,low,low,medium,medium,low,exceptional,ACQUIRE_CANDIDATE,AOSRD PDF is externally available and Pass 1 found no reasonable Otter candidate (potentially_new_session — not a confirmed new lecture). Low-cost text/visual source that could add a session representation absent from the current 98-session Otter corpus.,PDF lecture notes/slides/figures/references for a source without an Otter packet match.,catalog_record_and_URL_only,,pdf_role=potentially_new_source; pass3_pdf_availability=available_external; pass1_rel=potentially_new_session
aosrd-webinars-155-acTTjJWf9rk,AOSRD_Clearfield,aosrd_webinars_youtube,"Intermittent Fasting, Stimulating Brown Fat, and Weight Management with Dr Franco Calaveri – Oct 10, 2023 (Video)",intermittent fasting stimulating brown fat and weight management with dr franco calaveri oct 10 2023 video,aosrd-webinars-155-acTTjJWf9rk,no_match,,,,YouTube_video,https://youtu.be/acTTjJWf9rk,no,2,unresolved,2,very_high,low,medium,low,very_high,weak,DEFER_EXPENSIVE_VIDEO,Pass 1 has no Otter candidate (potentially_new_session — not confirmed new). A companion AOSRD PDF is externally available and is the preferable low-cost text/visual acquisition path. Video captions are unverified; defer expensive video unless a later authorized pass shows a specific AV-only gap after PDF review.,Possibly a session absent from Otter — but only after expensive AV processing with unverified captions.,catalog_and_external_URL;+external_PDF_candidate,verify_captions_or_prefer_PDF_before_any_video_acquire; not_a_confirmed_new_lecture,pass3_availability=available_external; captions=not_checked; has_pdf_also=True; pot=potentially_new_session
aosrd-webinars-156-rNvF48yMEag,AOSRD_Clearfield,aosrd_webinars_youtube,"How to Choose the Best Stem Cell Sources for Your Practice with Dr. Joy Kong – Oct 3, 2023 (Video)",how to choose the best stem cell sources for your practice with dr joy kong oct 3 2023 video,aosrd-webinars-156-rNvF48yMEag,no_match,,,,AOSRD_PDF,https://aosrd.org/how-to-choose-the-best-stem-cell-sources-for-your-practice-with-dr-joy-kong/,no,4,unresolved,3,low,low,medium,medium,low,exceptional,ACQUIRE_CANDIDATE,AOSRD PDF is externally available and Pass 1 found no reasonable Otter candidate (potentially_new_session — not a confirmed new lecture). Low-cost text/visual source that could add a session representation absent from the current 98-session Otter corpus.,PDF lecture notes/slides/figures/references for a source without an Otter packet match.,catalog_record_and_URL_only,,pdf_role=potentially_new_source; pass3_pdf_availability=available_external; pass1_rel=potentially_new_session
aosrd-webinars-156-rNvF48yMEag,AOSRD_Clearfield,aosrd_webinars_youtube,"How to Choose the Best Stem Cell Sources for Your Practice with Dr. Joy Kong – Oct 3, 2023 (Video)",how to choose the best stem cell sources for your practice with dr joy kong oct 3 2023 video,aosrd-webinars-156-rNvF48yMEag,no_match,,,,YouTube_video,https://youtu.be/rNvF48yMEag,no,2,unresolved,2,very_high,low,medium,low,very_high,weak,DEFER_EXPENSIVE_VIDEO,Pass 1 has no Otter candidate (potentially_new_session — not confirmed new). A companion AOSRD PDF is externally available and is the preferable low-cost text/visual acquisition path. Video captions are unverified; defer expensive video unless a later authorized pass shows a specific AV-only gap after PDF review.,Possibly a session absent from Otter — but only after expensive AV processing with unverified captions.,catalog_and_external_URL;+external_PDF_candidate,verify_captions_or_prefer_PDF_before_any_video_acquire; not_a_confirmed_new_lecture,pass3_availability=available_external; captions=not_checked; has_pdf_also=True; pot=potentially_new_session
aosrd-webinars-157-LEyWVCGO5D4,AOSRD_Clearfield,aosrd_webinars_youtube,"Endocrinology of TBI-Part 2 with Dr. Willliam Clearfield – Sept 26, 2023 (Video)",endocrinology of tbi part 2 with dr willliam clearfield sept 26 2023 video,aosrd-webinars-157-LEyWVCGO5D4,no_match,,,,YouTube_video,https://youtu.be/LEyWVCGO5D4,no,3,unresolved,2,very_high,low,medium,medium,very_high,poor,DEFER_EXPENSIVE_VIDEO,"Potentially new session relative to Otter corpus (Pass 1 no_match — not confirmed new), but representation is video-only with captions/transcript status not_checked. Acquisition would likely require download + transcription (very high effort) without a verified text route. Defer until caption availability can be verified without downloading, or until a cheaper text representation is found.",Possibly a session absent from Otter — but only after expensive AV processing with unverified captions.,catalog_and_external_URL,verify_captions_or_prefer_PDF_before_any_video_acquire; not_a_confirmed_new_lecture,pass3_availability=available_external; captions=not_checked; has_pdf_also=False; pot=potentially_new_session
aosrd-webinars-158-BcMb7ZimIEo,AOSRD_Clearfield,aosrd_webinars_youtube,"Ivermectin Feeds Bifidobacterium to Boost Immumity with Dr. Salaheldin Halasa – Sept 19, 2023 (Video)",ivermectin feeds bifidobacterium to boost immumity with dr salaheldin halasa sept 19 2023 video,aosrd-webinars-158-BcMb7ZimIEo,possible,b2H7gyjRNmbN0l62XtCzeLPovDE;xg4V_A-L8_Ob1jKGBewDTtKzOWg,2025-06-24;2024-08-13,Research/lectures/clearfield-webinar-2025-06-24;Research/lectures/clearfield-webinar-2024-08-13,AOSRD_PDF,https://aosrd.org/ivermectin-feeds-bifidobactedium-to-boost-immunity/,yes,2,low,2,low,medium,medium,medium,low,moderate,CONDITIONAL_ACQUIRE,Pass 1 relationship is possible only. PDF is a low-cost artifact that could help resolve identity against Otter candidates and/or add slides if the match is later confirmed. Acquire only as an identity-resolution / enrichment step — not as confirmed new knowledge.,Identity-resolution evidence plus possible visual/source material.,b2H7gyjRNmbN0l62XtCzeLPovDE:otter_transcript+otter_summary+mednote_stack+slides_claimed_elsewhere; xg4V_A-L8_Ob1jKGBewDTtKzOWg:otter_transcript+otter_summary+mednote_stack+pathway,purpose=identity_resolution; confirm human intent before acquire; do not treat as confirmed same-session until reviewed,pdf_role=identity_resolution_candidate; pass3_pdf_availability=available_external; pass1_rel=possible_existing_session_representation
aosrd-webinars-158-BcMb7ZimIEo,AOSRD_Clearfield,aosrd_webinars_youtube,"Ivermectin Feeds Bifidobacterium to Boost Immumity with Dr. Salaheldin Halasa – Sept 19, 2023 (Video)",ivermectin feeds bifidobacterium to boost immumity with dr salaheldin halasa sept 19 2023 video,aosrd-webinars-158-BcMb7ZimIEo,possible,b2H7gyjRNmbN0l62XtCzeLPovDE;xg4V_A-L8_Ob1jKGBewDTtKzOWg,2025-06-24;2024-08-13,Research/lectures/clearfield-webinar-2025-06-24;Research/lectures/clearfield-webinar-2024-08-13,YouTube_video,https://youtu.be/BcMb7ZimIEo,yes,1,low,1,very_high,high,low,low,high,poor,DEFER_IDENTITY_UNRESOLVED,Pass 1 match is only possible. Video acquisition/processing is expensive and captions are unverified. Resolve identity first; preferably via the low-cost companion PDF before considering video.,Unclear until identity is resolved; may largely duplicate Otter text.,b2H7gyjRNmbN0l62XtCzeLPovDE:otter_transcript+otter_summary+mednote_stack+slides_claimed_elsewhere; xg4V_A-L8_Ob1jKGBewDTtKzOWg:otter_transcript+otter_summary+mednote_stack+pathway,resolve_identity_before_video_acquisition; prefer_PDF_first,pass3_availability=available_external; captions=not_checked; has_pdf_also=True
aosrd-webinars-159-5DmzZRupogw,AOSRD_Clearfield,aosrd_webinars_youtube,"Unlocking the Power of the Mind-Body Connection with Dr. Emmett Miller – Sept 12, 2023 (Video)",unlocking the power of the mind body connection with dr emmett miller sept 12 2023 video,aosrd-webinars-159-5DmzZRupogw,no_match,,,,AOSRD_PDF,https://aosrd.org/unlocking-the-power-of-the-mind-body-connection-with-dr-emmett-miller/,no,4,unresolved,3,low,low,medium,medium,low,exceptional,ACQUIRE_CANDIDATE,AOSRD PDF is externally available and Pass 1 found no reasonable Otter candidate (potentially_new_session — not a confirmed new lecture). Low-cost text/visual source that could add a session representation absent from the current 98-session Otter corpus.,PDF lecture notes/slides/figures/references for a source without an Otter packet match.,catalog_record_and_URL_only,,pdf_role=potentially_new_source; pass3_pdf_availability=available_external; pass1_rel=potentially_new_session
aosrd-webinars-159-5DmzZRupogw,AOSRD_Clearfield,aosrd_webinars_youtube,"Unlocking the Power of the Mind-Body Connection with Dr. Emmett Miller – Sept 12, 2023 (Video)",unlocking the power of the mind body connection with dr emmett miller sept 12 2023 video,aosrd-webinars-159-5DmzZRupogw,no_match,,,,YouTube_video,https://youtu.be/5DmzZRupogw,no,2,unresolved,2,very_high,low,medium,low,very_high,weak,DEFER_EXPENSIVE_VIDEO,Pass 1 has no Otter candidate (potentially_new_session — not confirmed new). A companion AOSRD PDF is externally available and is the preferable low-cost text/visual acquisition path. Video captions are unverified; defer expensive video unless a later authorized pass shows a specific AV-only gap after PDF review.,Possibly a session absent from Otter — but only after expensive AV processing with unverified captions.,catalog_and_external_URL;+external_PDF_candidate,verify_captions_or_prefer_PDF_before_any_video_acquire; not_a_confirmed_new_lecture,pass3_availability=available_external; captions=not_checked; has_pdf_also=True; pot=potentially_new_session
aosrd-webinars-160-gtoydOZzvx4,AOSRD_Clearfield,aosrd_webinars_youtube,"Introduction to Intravenous Therapy with Dr. Melvin Nario – Sept 5, 2023 (Video)",introduction to intravenous therapy with dr melvin nario sept 5 2023 video,aosrd-webinars-160-gtoydOZzvx4,possible,OL_Ukp1RYjVvnjsMHnF2eXCXDC8;VwrSvok1RCW2X3iJ_Kwbd8JK6k8;LvCEhutJR34KphFeXcFdbBQ3PZE;HY-sCmihzh3EJ69WWVwlTT0Ri6s;jZM7WB_BG5YwNdBn2EQBHQM-aNc,2024-10-01;2025-11-12;2025-08-26;2025-11-26;2025-04-01,Research/lectures/clearfield-webinar-2024-10-01;Research/lectures/clearfield-webinar-2025-11-12;Research/lectures/clearfield-webinar-2025-08-26;Research/lectures/clearfield-webinar-2025-11-26;Research/lectures/clearfield-webinar-2025-04-01,YouTube_video,https://youtu.be/gtoydOZzvx4,yes,1,low,1,very_high,high,low,low,high,poor,DEFER_IDENTITY_UNRESOLVED,Pass 1 match is only possible. Video acquisition/processing is expensive and captions are unverified. Resolve identity first before considering video.,Unclear until identity is resolved; may largely duplicate Otter text.,OL_Ukp1RYjVvnjsMHnF2eXCXDC8:otter_transcript+otter_summary+mednote_stack; VwrSvok1RCW2X3iJ_Kwbd8JK6k8:otter_transcript+otter_summary+mednote_stack+slides_claimed_elsewhere; LvCEhutJR34KphFeXcFdbBQ3PZE:otter_transcript+otter_summary+mednote_stack+slides_claimed_elsewhere; HY-sCmihzh3EJ69WWVwlTT0Ri6s:otter_transcript+otter_summary+mednote_stack+slides_claimed_elsewhere; jZM7WB_BG5YwNdBn2EQBHQM-aNc:otter_transcript+otter_summary+mednote_stack+slides_claimed_elsewhere,resolve_identity_before_video_acquisition,pass3_availability=available_external; captions=not_checked; has_pdf_also=False
aosrd-webinars-161-AIJueOlg1II,AOSRD_Clearfield,aosrd_webinars_youtube,"Fundamentals of Functional Medical Testing-Cell Science Systems with Amy Pieczarka RD – Aug 29, 2023 (Video)",fundamentals of functional medical testing cell science systems with amy pieczarka rd aug 29 2023 video,aosrd-webinars-161-AIJueOlg1II,no_match,,,,YouTube_video,https://youtu.be/AIJueOlg1II,no,3,unresolved,2,very_high,low,medium,medium,very_high,poor,DEFER_EXPENSIVE_VIDEO,"Potentially new session relative to Otter corpus (Pass 1 no_match — not confirmed new), but representation is video-only with captions/transcript status not_checked. Acquisition would likely require download + transcription (very high effort) without a verified text route. Defer until caption availability can be verified without downloading, or until a cheaper text representation is found.",Possibly a session absent from Otter — but only after expensive AV processing with unverified captions.,catalog_and_external_URL,verify_captions_or_prefer_PDF_before_any_video_acquire; not_a_confirmed_new_lecture,pass3_availability=available_external; captions=not_checked; has_pdf_also=False; pot=potentially_new_session
aosrd-webinars-162-gS3mWVj_if4,AOSRD_Clearfield,aosrd_webinars_youtube,"Prostate Community Trial Part 2 w Dr. KAthleen T. Ruddy and Stefan Hartmann PA-C – Aug 22, 2023 (Video)",prostate community trial part 2 w dr kathleen t ruddy and stefan hartmann pa c aug 22 2023 video,aosrd-webinars-162-gS3mWVj_if4,no_match,,,,YouTube_video,https://youtu.be/gS3mWVj_if4,no,3,unresolved,2,very_high,low,medium,medium,very_high,poor,DEFER_EXPENSIVE_VIDEO,"Potentially new session relative to Otter corpus (Pass 1 no_match — not confirmed new), but representation is video-only with captions/transcript status not_checked. Acquisition would likely require download + transcription (very high effort) without a verified text route. Defer until caption availability can be verified without downloading, or until a cheaper text representation is found.",Possibly a session absent from Otter — but only after expensive AV processing with unverified captions.,catalog_and_external_URL,verify_captions_or_prefer_PDF_before_any_video_acquire; not_a_confirmed_new_lecture,pass3_availability=available_external; captions=not_checked; has_pdf_also=False; pot=potentially_new_session
aosrd-webinars-163--JGUhnhLGrQ,AOSRD_Clearfield,aosrd_webinars_youtube,"Nutritional Excellence-The Kohana Approach to Optimal Health with Dr Rober Quinn – Aug 15, 2023 (Video)",nutritional excellence the kohana approach to optimal health with dr rober quinn aug 15 2023 video,aosrd-webinars-163--JGUhnhLGrQ,possible,CQdkPoyCm_xx7nnZ2b80AClK8TM,2025-10-07,Research/lectures/clearfield-webinar-2025-10-07,AOSRD_PDF,https://aosrd.org/nutritional-excellence-the-kohana-approach-to-optimal-health-with-dr-rober-quinn/,yes,2,low,2,low,medium,medium,medium,low,moderate,CONDITIONAL_ACQUIRE,Pass 1 relationship is possible only. PDF is a low-cost artifact that could help resolve identity against Otter candidates and/or add slides if the match is later confirmed. Acquire only as an identity-resolution / enrichment step — not as confirmed new knowledge.,Identity-resolution evidence plus possible visual/source material.,CQdkPoyCm_xx7nnZ2b80AClK8TM:otter_transcript+otter_summary+mednote_stack+slides_claimed_elsewhere,purpose=identity_resolution; confirm human intent before acquire; do not treat as confirmed same-session until reviewed,pdf_role=identity_resolution_candidate; pass3_pdf_availability=available_external; pass1_rel=possible_existing_session_representation
aosrd-webinars-163--JGUhnhLGrQ,AOSRD_Clearfield,aosrd_webinars_youtube,"Nutritional Excellence-The Kohana Approach to Optimal Health with Dr Rober Quinn – Aug 15, 2023 (Video)",nutritional excellence the kohana approach to optimal health with dr rober quinn aug 15 2023 video,aosrd-webinars-163--JGUhnhLGrQ,possible,CQdkPoyCm_xx7nnZ2b80AClK8TM,2025-10-07,Research/lectures/clearfield-webinar-2025-10-07,YouTube_video,https://youtu.be/-JGUhnhLGrQ,yes,1,low,1,very_high,high,low,low,high,poor,DEFER_IDENTITY_UNRESOLVED,Pass 1 match is only possible. Video acquisition/processing is expensive and captions are unverified. Resolve identity first; preferably via the low-cost companion PDF before considering video.,Unclear until identity is resolved; may largely duplicate Otter text.,CQdkPoyCm_xx7nnZ2b80AClK8TM:otter_transcript+otter_summary+mednote_stack+slides_claimed_elsewhere,resolve_identity_before_video_acquisition; prefer_PDF_first,pass3_availability=available_external; captions=not_checked; has_pdf_also=True
aosrd-webinars-164-33dvEh94Xcc,AOSRD_Clearfield,aosrd_webinars_youtube,"Fascia Decompression for You, Your Patients and Your Fur Family – Aug 8, 2023 (Video)",fascia decompression for you your patients and your fur family aug 8 2023 video,aosrd-webinars-164-33dvEh94Xcc,no_match,,,,YouTube_video,https://youtu.be/33dvEh94Xcc,no,3,unresolved,2,very_high,low,medium,medium,very_high,poor,DEFER_EXPENSIVE_VIDEO,"Potentially new session relative to Otter corpus (Pass 1 no_match — not confirmed new), but representation is video-only with captions/transcript status not_checked. Acquisition would likely require download + transcription (very high effort) without a verified text route. Defer until caption availability can be verified without downloading, or until a cheaper text representation is found.",Possibly a session absent from Otter — but only after expensive AV processing with unverified captions.,catalog_and_external_URL,verify_captions_or_prefer_PDF_before_any_video_acquire; not_a_confirmed_new_lecture,pass3_availability=available_external; captions=not_checked; has_pdf_also=False; pot=potentially_new_session
aosrd-webinars-165-bZZJFrrvTcg,AOSRD_Clearfield,aosrd_webinars_youtube,"Estrogen Metabolism and Detoxification with Dr. MElvin Nario – Aug 1, 2023 (Video)",estrogen metabolism and detoxification with dr melvin nario aug 1 2023 video,aosrd-webinars-165-bZZJFrrvTcg,possible,iFe-Jl__wpKT9UKu7NZMWLiMJ5w;CQjlfnZLZ-CY25UUEq35pSQ0lug;v3Md09l1C_mz3hrDPWngln5SYQw,2026-03-31;2025-12-24;2025-09-09,Research/lectures/clearfield-webinar-2026-03-31;Research/lectures/clearfield-webinar-2025-12-24;Research/lectures/clearfield-webinar-2025-09-09,YouTube_video,https://youtu.be/bZZJFrrvTcg,yes,1,low,1,very_high,high,low,low,high,poor,DEFER_IDENTITY_UNRESOLVED,Pass 1 match is only possible. Video acquisition/processing is expensive and captions are unverified. Resolve identity first before considering video.,Unclear until identity is resolved; may largely duplicate Otter text.,iFe-Jl__wpKT9UKu7NZMWLiMJ5w:otter_transcript+otter_summary+mednote_stack+slides_claimed_elsewhere; CQjlfnZLZ-CY25UUEq35pSQ0lug:otter_transcript+otter_summary+mednote_stack+slides_claimed_elsewhere; v3Md09l1C_mz3hrDPWngln5SYQw:otter_transcript+otter_summary+mednote_stack+slides_claimed_elsewhere,resolve_identity_before_video_acquisition,pass3_availability=available_external; captions=not_checked; has_pdf_also=False
aosrd-webinars-166-RM39JRpthTg,AOSRD_Clearfield,aosrd_webinars_youtube,"Pharmacology of Key Emerging Therapies in Chronic DIseases with Dr Mike Boehmer – July 25, 2023 (Video)",pharmacology of key emerging therapies in chronic diseases with dr mike boehmer july 25 2023 video,aosrd-webinars-166-RM39JRpthTg,no_match,,,,AOSRD_PDF,https://aosrd.org/wp-content/uploads/2023/07/Pharmacology-of-Emerging-Therapies-in-Chronic-Disease-Management-2023.pdf,no,4,unresolved,3,low,low,medium,medium,low,exceptional,ACQUIRE_CANDIDATE,AOSRD PDF is externally available and Pass 1 found no reasonable Otter candidate (potentially_new_session — not a confirmed new lecture). Low-cost text/visual source that could add a session representation absent from the current 98-session Otter corpus.,PDF lecture notes/slides/figures/references for a source without an Otter packet match.,catalog_record_and_URL_only,,pdf_role=potentially_new_source; pass3_pdf_availability=available_external; pass1_rel=potentially_new_session
aosrd-webinars-166-RM39JRpthTg,AOSRD_Clearfield,aosrd_webinars_youtube,"Pharmacology of Key Emerging Therapies in Chronic DIseases with Dr Mike Boehmer – July 25, 2023 (Video)",pharmacology of key emerging therapies in chronic diseases with dr mike boehmer july 25 2023 video,aosrd-webinars-166-RM39JRpthTg,no_match,,,,YouTube_video,https://youtu.be/RM39JRpthTg,no,2,unresolved,2,very_high,low,medium,low,very_high,weak,DEFER_EXPENSIVE_VIDEO,Pass 1 has no Otter candidate (potentially_new_session — not confirmed new). A companion AOSRD PDF is externally available and is the preferable low-cost text/visual acquisition path. Video captions are unverified; defer expensive video unless a later authorized pass shows a specific AV-only gap after PDF review.,Possibly a session absent from Otter — but only after expensive AV processing with unverified captions.,catalog_and_external_URL;+external_PDF_candidate,verify_captions_or_prefer_PDF_before_any_video_acquire; not_a_confirmed_new_lecture,pass3_availability=available_external; captions=not_checked; has_pdf_also=True; pot=potentially_new_session
aosrd-webinars-167-hsbW2KUdJkI,AOSRD_Clearfield,aosrd_webinars_youtube,Early Viral Treatment Post Pandemic Clinical Applications Roundtable (Video),early viral treatment post pandemic clinical applications roundtable video,aosrd-webinars-167-hsbW2KUdJkI,no_match,,,,YouTube_video,https://youtu.be/hsbW2KUdJkI,no,3,unresolved,2,very_high,low,medium,medium,very_high,poor,DEFER_EXPENSIVE_VIDEO,"Potentially new session relative to Otter corpus (Pass 1 no_match — not confirmed new), but representation is video-only with captions/transcript status not_checked. Acquisition would likely require download + transcription (very high effort) without a verified text route. Defer until caption availability can be verified without downloading, or until a cheaper text representation is found.",Possibly a session absent from Otter — but only after expensive AV processing with unverified captions.,catalog_and_external_URL,verify_captions_or_prefer_PDF_before_any_video_acquire; not_a_confirmed_new_lecture,pass3_availability=available_external; captions=not_checked; has_pdf_also=False; pot=potentially_new_session
aosrd-webinars-168-TmuGhf_1r3s,AOSRD_Clearfield,aosrd_webinars_youtube,"Chronic Fatigue, Homeostasis and Mitochondrial Dysfunction with Dr. K. Patel (Video)",chronic fatigue homeostasis and mitochondrial dysfunction with dr k patel video,aosrd-webinars-168-TmuGhf_1r3s,possible,JAhRYbDDwDsC4em3dazDKyDw4gM,2025-02-05,Research/lectures/clearfield-webinar-2025-02-05,YouTube_video,https://youtu.be/TmuGhf_1r3s,yes,1,low,1,very_high,high,low,low,high,poor,DEFER_IDENTITY_UNRESOLVED,Pass 1 match is only possible. Video acquisition/processing is expensive and captions are unverified. Resolve identity first before considering video.,Unclear until identity is resolved; may largely duplicate Otter text.,JAhRYbDDwDsC4em3dazDKyDw4gM:otter_transcript+otter_summary+mednote_stack+slides_claimed_elsewhere,resolve_identity_before_video_acquisition,pass3_availability=available_external; captions=not_checked; has_pdf_also=False
aosrd-webinars-169-xIY-4j04zh0,AOSRD_Clearfield,aosrd_webinars_youtube,"Live Healthier, Better and Longer with Hydrogen by Bob Settineri – July 11, 2023 (Video)",live healthier better and longer with hydrogen by bob settineri july 11 2023 video,aosrd-webinars-169-xIY-4j04zh0,no_match,,,,AOSRD_PDF,https://aosrd.org/live-healthier-better-and-longer-with-hydrogen-by-bob-settineri/,no,4,unresolved,3,low,low,medium,medium,low,exceptional,ACQUIRE_CANDIDATE,AOSRD PDF is externally available and Pass 1 found no reasonable Otter candidate (potentially_new_session — not a confirmed new lecture). Low-cost text/visual source that could add a session representation absent from the current 98-session Otter corpus.,PDF lecture notes/slides/figures/references for a source without an Otter packet match.,catalog_record_and_URL_only,,pdf_role=potentially_new_source; pass3_pdf_availability=available_external; pass1_rel=potentially_new_session
aosrd-webinars-169-xIY-4j04zh0,AOSRD_Clearfield,aosrd_webinars_youtube,"Live Healthier, Better and Longer with Hydrogen by Bob Settineri – July 11, 2023 (Video)",live healthier better and longer with hydrogen by bob settineri july 11 2023 video,aosrd-webinars-169-xIY-4j04zh0,no_match,,,,YouTube_video,https://youtu.be/xIY-4j04zh0,no,2,unresolved,2,very_high,low,medium,low,very_high,weak,DEFER_EXPENSIVE_VIDEO,Pass 1 has no Otter candidate (potentially_new_session — not confirmed new). A companion AOSRD PDF is externally available and is the preferable low-cost text/visual acquisition path. Video captions are unverified; defer expensive video unless a later authorized pass shows a specific AV-only gap after PDF review.,Possibly a session absent from Otter — but only after expensive AV processing with unverified captions.,catalog_and_external_URL;+external_PDF_candidate,verify_captions_or_prefer_PDF_before_any_video_acquire; not_a_confirmed_new_lecture,pass3_availability=available_external; captions=not_checked; has_pdf_also=True; pot=potentially_new_session
aosrd-webinars-170-hj4CXKqCtkg,AOSRD_Clearfield,aosrd_webinars_youtube,"The Incretin Hormones and the New Face of Weight Loss with Dr. William Clearfield – June 28, 2023 (Video)",the incretin hormones and the new face of weight loss with dr william clearfield june 28 2023 video,aosrd-webinars-170-hj4CXKqCtkg,possible,5HPCyqwQxi9QD1of8g-CPHrnFcc,2025-01-08,Research/lectures/clearfield-webinar-2025-01-08,AOSRD_PDF,https://aosrd.org/the-incretin-hormones-and-the-new-face-of-weight-loss-with-dr-william-clearfield/,yes,2,low,2,low,medium,medium,medium,low,moderate,CONDITIONAL_ACQUIRE,Pass 1 relationship is possible only. PDF is a low-cost artifact that could help resolve identity against Otter candidates and/or add slides if the match is later confirmed. Acquire only as an identity-resolution / enrichment step — not as confirmed new knowledge.,Identity-resolution evidence plus possible visual/source material.,5HPCyqwQxi9QD1of8g-CPHrnFcc:otter_transcript+otter_summary+mednote_stack+slides_claimed_elsewhere,purpose=identity_resolution; confirm human intent before acquire; do not treat as confirmed same-session until reviewed,pdf_role=identity_resolution_candidate; pass3_pdf_availability=available_external; pass1_rel=possible_existing_session_representation
aosrd-webinars-170-hj4CXKqCtkg,AOSRD_Clearfield,aosrd_webinars_youtube,"The Incretin Hormones and the New Face of Weight Loss with Dr. William Clearfield – June 28, 2023 (Video)",the incretin hormones and the new face of weight loss with dr william clearfield june 28 2023 video,aosrd-webinars-170-hj4CXKqCtkg,possible,5HPCyqwQxi9QD1of8g-CPHrnFcc,2025-01-08,Research/lectures/clearfield-webinar-2025-01-08,YouTube_video,https://youtu.be/hj4CXKqCtkg,yes,1,low,1,very_high,high,low,low,high,poor,DEFER_IDENTITY_UNRESOLVED,Pass 1 match is only possible. Video acquisition/processing is expensive and captions are unverified. Resolve identity first; preferably via the low-cost companion PDF before considering video.,Unclear until identity is resolved; may largely duplicate Otter text.,5HPCyqwQxi9QD1of8g-CPHrnFcc:otter_transcript+otter_summary+mednote_stack+slides_claimed_elsewhere,resolve_identity_before_video_acquisition; prefer_PDF_first,pass3_availability=available_external; captions=not_checked; has_pdf_also=True
aosrd-webinars-171-wSFbd7D8Lpw,AOSRD_Clearfield,aosrd_webinars_youtube,"Integrative Imunity-Part 2 Dr. Benoit Tano – June 27, 2023 (Video)",integrative imunity part 2 dr benoit tano june 27 2023 video,aosrd-webinars-171-wSFbd7D8Lpw,variant_derivative,81vgkJ55QnsvesXbnyxCMQPr6Rc;wcHy9pPXoWy5S62-GJbpasQtw2o;vn-MouyIRCM7VjShKYhDQr6Mc3U;JAhRYbDDwDsC4em3dazDKyDw4gM;TNvBcRwwSnrkWGe2_L3i3lGvYYk,2026-06-09;2025-02-12;2025-05-27;2025-02-05;2024-12-11,Research/lectures/clearfield-webinar-2026-06-09;Research/lectures/clearfield-webinar-2025-02-12;Research/lectures/clearfield-webinar-2025-05-27;Research/lectures/clearfield-webinar-2025-02-05;Research/lectures/clearfield-webinar-2024-12-11,AOSRD_PDF,https://aosrd.org/integrative-imunity-part-2-dr-benoit-tano/,yes,2,low,2,low,medium,medium,medium,low,moderate,CONDITIONAL_ACQUIRE,Pass 1 relationship is variant_derivative only. PDF is a low-cost artifact that could help resolve identity against Otter candidates and/or add slides if the match is later confirmed. Acquire only as an identity-resolution / enrichment step — not as confirmed new knowledge.,Identity-resolution evidence plus possible visual/source material.,81vgkJ55QnsvesXbnyxCMQPr6Rc:otter_transcript+otter_summary+mednote_stack+slides_claimed_elsewhere; wcHy9pPXoWy5S62-GJbpasQtw2o:otter_transcript+otter_summary+mednote_stack+slides_claimed_elsewhere; vn-MouyIRCM7VjShKYhDQr6Mc3U:otter_transcript+otter_summary+mednote_stack+slides_claimed_elsewhere; JAhRYbDDwDsC4em3dazDKyDw4gM:otter_transcript+otter_summary+mednote_stack+slides_claimed_elsewhere; TNvBcRwwSnrkWGe2_L3i3lGvYYk:otter_transcript+otter_summary+mednote_stack+slides_claimed_elsewhere,purpose=identity_resolution; confirm human intent before acquire; do not treat as confirmed same-session until reviewed,pdf_role=identity_resolution_candidate; pass3_pdf_availability=available_external; pass1_rel=possible_existing_session_representation
aosrd-webinars-171-wSFbd7D8Lpw,AOSRD_Clearfield,aosrd_webinars_youtube,"Integrative Imunity-Part 2 Dr. Benoit Tano – June 27, 2023 (Video)",integrative imunity part 2 dr benoit tano june 27 2023 video,aosrd-webinars-171-wSFbd7D8Lpw,variant_derivative,81vgkJ55QnsvesXbnyxCMQPr6Rc;wcHy9pPXoWy5S62-GJbpasQtw2o;vn-MouyIRCM7VjShKYhDQr6Mc3U;JAhRYbDDwDsC4em3dazDKyDw4gM;TNvBcRwwSnrkWGe2_L3i3lGvYYk,2026-06-09;2025-02-12;2025-05-27;2025-02-05;2024-12-11,Research/lectures/clearfield-webinar-2026-06-09;Research/lectures/clearfield-webinar-2025-02-12;Research/lectures/clearfield-webinar-2025-05-27;Research/lectures/clearfield-webinar-2025-02-05;Research/lectures/clearfield-webinar-2024-12-11,YouTube_video,https://youtu.be/wSFbd7D8Lpw,yes,1,low,1,very_high,high,low,low,high,poor,DEFER_IDENTITY_UNRESOLVED,Pass 1 match is only variant_derivative. Video acquisition/processing is expensive and captions are unverified. Resolve identity first; preferably via the low-cost companion PDF before considering video.,Unclear until identity is resolved; may largely duplicate Otter text.,81vgkJ55QnsvesXbnyxCMQPr6Rc:otter_transcript+otter_summary+mednote_stack+slides_claimed_elsewhere; wcHy9pPXoWy5S62-GJbpasQtw2o:otter_transcript+otter_summary+mednote_stack+slides_claimed_elsewhere; vn-MouyIRCM7VjShKYhDQr6Mc3U:otter_transcript+otter_summary+mednote_stack+slides_claimed_elsewhere; JAhRYbDDwDsC4em3dazDKyDw4gM:otter_transcript+otter_summary+mednote_stack+slides_claimed_elsewhere; TNvBcRwwSnrkWGe2_L3i3lGvYYk:otter_transcript+otter_summary+mednote_stack+slides_claimed_elsewhere,resolve_identity_before_video_acquisition; prefer_PDF_first,pass3_availability=available_external; captions=not_checked; has_pdf_also=True
aosrd-webinars-172-aPPCKg2l-eQ,AOSRD_Clearfield,aosrd_webinars_youtube,"Introduction to Peptides with Dr. Jay Campbell – June 20, 2023 (Video)",introduction to peptides with dr jay campbell june 20 2023 video,aosrd-webinars-172-aPPCKg2l-eQ,possible,t9O9J5vUpWGkKXi-5TqxgKudSvY,2025-04-29,Research/lectures/clearfield-webinar-2025-04-29,AOSRD_PDF,https://aosrd.org/everything-you-ever-wanted-to-peptides-with-dr-jay-campbell/,yes,2,low,2,low,medium,medium,medium,low,moderate,CONDITIONAL_ACQUIRE,Pass 1 relationship is possible only. PDF is a low-cost artifact that could help resolve identity against Otter candidates and/or add slides if the match is later confirmed. Acquire only as an identity-resolution / enrichment step — not as confirmed new knowledge.,Identity-resolution evidence plus possible visual/source material.,t9O9J5vUpWGkKXi-5TqxgKudSvY:otter_transcript+otter_summary+mednote_stack+slides_claimed_elsewhere,purpose=identity_resolution; confirm human intent before acquire; do not treat as confirmed same-session until reviewed,pdf_role=identity_resolution_candidate; pass3_pdf_availability=available_external; pass1_rel=possible_existing_session_representation
aosrd-webinars-172-aPPCKg2l-eQ,AOSRD_Clearfield,aosrd_webinars_youtube,"Introduction to Peptides with Dr. Jay Campbell – June 20, 2023 (Video)",introduction to peptides with dr jay campbell june 20 2023 video,aosrd-webinars-172-aPPCKg2l-eQ,possible,t9O9J5vUpWGkKXi-5TqxgKudSvY,2025-04-29,Research/lectures/clearfield-webinar-2025-04-29,YouTube_video,https://youtu.be/aPPCKg2l-eQ,yes,1,low,1,very_high,high,low,low,high,poor,DEFER_IDENTITY_UNRESOLVED,Pass 1 match is only possible. Video acquisition/processing is expensive and captions are unverified. Resolve identity first; preferably via the low-cost companion PDF before considering video.,Unclear until identity is resolved; may largely duplicate Otter text.,t9O9J5vUpWGkKXi-5TqxgKudSvY:otter_transcript+otter_summary+mednote_stack+slides_claimed_elsewhere,resolve_identity_before_video_acquisition; prefer_PDF_first,pass3_availability=available_external; captions=not_checked; has_pdf_also=True
aosrd-webinars-173-yAA5qJFYPgg,AOSRD_Clearfield,aosrd_webinars_youtube,"The Importance of Polysaccharides for Brain Health and Immune Function with Dr. John E. Lewis – June 13, 2023 (Video)",the importance of polysaccharides for brain health and immune function with dr john e lewis june 13 2023 video,aosrd-webinars-173-yAA5qJFYPgg,possible,y59a2fEx8UgOiThJHr1w-HcQc1U,2024-08-20,Research/lectures/clearfield-webinar-2024-08-20,AOSRD_PDF,https://aosrd.org/the-importance-of-polysacchari-unction-with-dr-john-e-lewis/,yes,2,low,2,low,medium,medium,medium,low,moderate,CONDITIONAL_ACQUIRE,Pass 1 relationship is possible only. PDF is a low-cost artifact that could help resolve identity against Otter candidates and/or add slides if the match is later confirmed. Acquire only as an identity-resolution / enrichment step — not as confirmed new knowledge.,Identity-resolution evidence plus possible visual/source material.,y59a2fEx8UgOiThJHr1w-HcQc1U:otter_transcript+otter_summary+mednote_stack,purpose=identity_resolution; confirm human intent before acquire; do not treat as confirmed same-session until reviewed,pdf_role=identity_resolution_candidate; pass3_pdf_availability=available_external; pass1_rel=possible_existing_session_representation
aosrd-webinars-173-yAA5qJFYPgg,AOSRD_Clearfield,aosrd_webinars_youtube,"The Importance of Polysaccharides for Brain Health and Immune Function with Dr. John E. Lewis – June 13, 2023 (Video)",the importance of polysaccharides for brain health and immune function with dr john e lewis june 13 2023 video,aosrd-webinars-173-yAA5qJFYPgg,possible,y59a2fEx8UgOiThJHr1w-HcQc1U,2024-08-20,Research/lectures/clearfield-webinar-2024-08-20,YouTube_video,https://youtu.be/yAA5qJFYPgg,yes,1,low,1,very_high,high,low,low,high,poor,DEFER_IDENTITY_UNRESOLVED,Pass 1 match is only possible. Video acquisition/processing is expensive and captions are unverified. Resolve identity first; preferably via the low-cost companion PDF before considering video.,Unclear until identity is resolved; may largely duplicate Otter text.,y59a2fEx8UgOiThJHr1w-HcQc1U:otter_transcript+otter_summary+mednote_stack,resolve_identity_before_video_acquisition; prefer_PDF_first,pass3_availability=available_external; captions=not_checked; has_pdf_also=True
aosrd-webinars-174-LcK7emnFeVk,AOSRD_Clearfield,aosrd_webinars_youtube,"Clinical applications of Amlexonax – June 6, 2023 (Video)",clinical applications of amlexonax june 6 2023 video,aosrd-webinars-174-LcK7emnFeVk,no_match,,,,AOSRD_PDF,https://aosrd.org/clinical-applications-of-amlexonax/,no,4,unresolved,3,low,low,medium,medium,low,exceptional,ACQUIRE_CANDIDATE,AOSRD PDF is externally available and Pass 1 found no reasonable Otter candidate (potentially_new_session — not a confirmed new lecture). Low-cost text/visual source that could add a session representation absent from the current 98-session Otter corpus.,PDF lecture notes/slides/figures/references for a source without an Otter packet match.,catalog_record_and_URL_only,,pdf_role=potentially_new_source; pass3_pdf_availability=available_external; pass1_rel=potentially_new_session
aosrd-webinars-174-LcK7emnFeVk,AOSRD_Clearfield,aosrd_webinars_youtube,"Clinical applications of Amlexonax – June 6, 2023 (Video)",clinical applications of amlexonax june 6 2023 video,aosrd-webinars-174-LcK7emnFeVk,no_match,,,,YouTube_video,https://youtu.be/LcK7emnFeVk,no,2,unresolved,2,very_high,low,medium,low,very_high,weak,DEFER_EXPENSIVE_VIDEO,Pass 1 has no Otter candidate (potentially_new_session — not confirmed new). A companion AOSRD PDF is externally available and is the preferable low-cost text/visual acquisition path. Video captions are unverified; defer expensive video unless a later authorized pass shows a specific AV-only gap after PDF review.,Possibly a session absent from Otter — but only after expensive AV processing with unverified captions.,catalog_and_external_URL;+external_PDF_candidate,verify_captions_or_prefer_PDF_before_any_video_acquire; not_a_confirmed_new_lecture,pass3_availability=available_external; captions=not_checked; has_pdf_also=True; pot=potentially_new_session
aosrd-webinars-175-wTPrdOyALx0,AOSRD_Clearfield,aosrd_webinars_youtube,"Ehlers Danlos Syndrome Treated with Frequency Specific Microcurrant by Dr. Carol McMakin – May 30, 2023 (Video)",ehlers danlos syndrome treated with frequency specific microcurrant by dr carol mcmakin may 30 2023 video,aosrd-webinars-175-wTPrdOyALx0,possible,vZKE66zexBS6KPliMMq0glRxefk,2024-12-04,Research/lectures/clearfield-webinar-2024-12-04,AOSRD_PDF,https://aosrd.org/ehlers-danlos-syndrome-treated-with-frequency-specific-microcurrant-by-dr-carol-mcmakin/,yes,2,low,2,low,medium,medium,medium,low,moderate,CONDITIONAL_ACQUIRE,Pass 1 relationship is possible only. PDF is a low-cost artifact that could help resolve identity against Otter candidates and/or add slides if the match is later confirmed. Acquire only as an identity-resolution / enrichment step — not as confirmed new knowledge.,Identity-resolution evidence plus possible visual/source material.,vZKE66zexBS6KPliMMq0glRxefk:otter_transcript+otter_summary+mednote_stack+slides_claimed_elsewhere,purpose=identity_resolution; confirm human intent before acquire; do not treat as confirmed same-session until reviewed,pdf_role=identity_resolution_candidate; pass3_pdf_availability=available_external; pass1_rel=possible_existing_session_representation
aosrd-webinars-175-wTPrdOyALx0,AOSRD_Clearfield,aosrd_webinars_youtube,"Ehlers Danlos Syndrome Treated with Frequency Specific Microcurrant by Dr. Carol McMakin – May 30, 2023 (Video)",ehlers danlos syndrome treated with frequency specific microcurrant by dr carol mcmakin may 30 2023 video,aosrd-webinars-175-wTPrdOyALx0,possible,vZKE66zexBS6KPliMMq0glRxefk,2024-12-04,Research/lectures/clearfield-webinar-2024-12-04,YouTube_video,https://youtu.be/wTPrdOyALx0,yes,1,low,1,very_high,high,low,low,high,poor,DEFER_IDENTITY_UNRESOLVED,Pass 1 match is only possible. Video acquisition/processing is expensive and captions are unverified. Resolve identity first; preferably via the low-cost companion PDF before considering video.,Unclear until identity is resolved; may largely duplicate Otter text.,vZKE66zexBS6KPliMMq0glRxefk:otter_transcript+otter_summary+mednote_stack+slides_claimed_elsewhere,resolve_identity_before_video_acquisition; prefer_PDF_first,pass3_availability=available_external; captions=not_checked; has_pdf_also=True
aosrd-webinars-176-5TjogxSEJXY,AOSRD_Clearfield,aosrd_webinars_youtube,"Membrane Lipid Replacement to Improve Mitochondrial Dysfunction with John Casey – May 23, 2023 (Video)",membrane lipid replacement to improve mitochondrial dysfunction with john casey may 23 2023 video,aosrd-webinars-176-5TjogxSEJXY,possible,VwrSvok1RCW2X3iJ_Kwbd8JK6k8;wcHy9pPXoWy5S62-GJbpasQtw2o,2025-11-12;2025-02-12,Research/lectures/clearfield-webinar-2025-11-12;Research/lectures/clearfield-webinar-2025-02-12,YouTube_video,https://youtu.be/5TjogxSEJXY,yes,1,low,1,very_high,high,low,low,high,poor,DEFER_IDENTITY_UNRESOLVED,Pass 1 match is only possible. Video acquisition/processing is expensive and captions are unverified. Resolve identity first before considering video.,Unclear until identity is resolved; may largely duplicate Otter text.,VwrSvok1RCW2X3iJ_Kwbd8JK6k8:otter_transcript+otter_summary+mednote_stack+slides_claimed_elsewhere; wcHy9pPXoWy5S62-GJbpasQtw2o:otter_transcript+otter_summary+mednote_stack+slides_claimed_elsewhere,resolve_identity_before_video_acquisition,pass3_availability=available_external; captions=not_checked; has_pdf_also=False
aosrd-webinars-177-cVzkS-n0zS4,AOSRD_Clearfield,aosrd_webinars_youtube,"Quantum Cellular Medicine with David Konn – May 16, 2023 (Video)",quantum cellular medicine with david konn may 16 2023 video,aosrd-webinars-177-cVzkS-n0zS4,no_match,,,,YouTube_video,https://youtu.be/cVzkS-n0zS4,no,3,unresolved,2,very_high,low,medium,medium,very_high,poor,DEFER_EXPENSIVE_VIDEO,"Potentially new session relative to Otter corpus (Pass 1 no_match — not confirmed new), but representation is video-only with captions/transcript status not_checked. Acquisition would likely require download + transcription (very high effort) without a verified text route. Defer until caption availability can be verified without downloading, or until a cheaper text representation is found.",Possibly a session absent from Otter — but only after expensive AV processing with unverified captions.,catalog_and_external_URL,verify_captions_or_prefer_PDF_before_any_video_acquire; not_a_confirmed_new_lecture,pass3_availability=available_external; captions=not_checked; has_pdf_also=False; pot=potentially_new_session
aosrd-webinars-178-D7o1Fdgy42o,AOSRD_Clearfield,aosrd_webinars_youtube,"Cannabis 101 with Dr. Kent Crowley – May 9, 2023 (Video)",cannabis 101 with dr kent crowley may 9 2023 video,aosrd-webinars-178-D7o1Fdgy42o,possible,KPtFIYDuvg1p0CbfNkYIuOVkwIE,2025-10-21,Research/lectures/clearfield-webinar-2025-10-21,AOSRD_PDF,https://aosrd.org/cannabis-101-with-dr-kent-crowley/,yes,2,low,2,low,medium,medium,medium,low,moderate,CONDITIONAL_ACQUIRE,Pass 1 relationship is possible only. PDF is a low-cost artifact that could help resolve identity against Otter candidates and/or add slides if the match is later confirmed. Acquire only as an identity-resolution / enrichment step — not as confirmed new knowledge.,Identity-resolution evidence plus possible visual/source material.,KPtFIYDuvg1p0CbfNkYIuOVkwIE:otter_transcript+otter_summary+mednote_stack+slides_claimed_elsewhere,purpose=identity_resolution; confirm human intent before acquire; do not treat as confirmed same-session until reviewed,pdf_role=identity_resolution_candidate; pass3_pdf_availability=available_external; pass1_rel=possible_existing_session_representation
aosrd-webinars-178-D7o1Fdgy42o,AOSRD_Clearfield,aosrd_webinars_youtube,"Cannabis 101 with Dr. Kent Crowley – May 9, 2023 (Video)",cannabis 101 with dr kent crowley may 9 2023 video,aosrd-webinars-178-D7o1Fdgy42o,possible,KPtFIYDuvg1p0CbfNkYIuOVkwIE,2025-10-21,Research/lectures/clearfield-webinar-2025-10-21,YouTube_video,https://youtu.be/D7o1Fdgy42o,yes,1,low,1,very_high,high,low,low,high,poor,DEFER_IDENTITY_UNRESOLVED,Pass 1 match is only possible. Video acquisition/processing is expensive and captions are unverified. Resolve identity first; preferably via the low-cost companion PDF before considering video.,Unclear until identity is resolved; may largely duplicate Otter text.,KPtFIYDuvg1p0CbfNkYIuOVkwIE:otter_transcript+otter_summary+mednote_stack+slides_claimed_elsewhere,resolve_identity_before_video_acquisition; prefer_PDF_first,pass3_availability=available_external; captions=not_checked; has_pdf_also=True
aosrd-webinars-179-9suZ_6zVHEM,AOSRD_Clearfield,aosrd_webinars_youtube,"Methylene Blue with Dr. Bill Clearfield – May 8, 2023 (Video)",methylene blue with dr bill clearfield may 8 2023 video,aosrd-webinars-179-9suZ_6zVHEM,possible,wcHy9pPXoWy5S62-GJbpasQtw2o;JAhRYbDDwDsC4em3dazDKyDw4gM,2025-02-12;2025-02-05,Research/lectures/clearfield-webinar-2025-02-12;Research/lectures/clearfield-webinar-2025-02-05,AOSRD_PDF,https://aosrd.org/methylene-blue-with-dr-bill-clearfield/,yes,2,low,2,low,medium,medium,medium,low,moderate,CONDITIONAL_ACQUIRE,Pass 1 relationship is possible only. PDF is a low-cost artifact that could help resolve identity against Otter candidates and/or add slides if the match is later confirmed. Acquire only as an identity-resolution / enrichment step — not as confirmed new knowledge.,Identity-resolution evidence plus possible visual/source material.,wcHy9pPXoWy5S62-GJbpasQtw2o:otter_transcript+otter_summary+mednote_stack+slides_claimed_elsewhere; JAhRYbDDwDsC4em3dazDKyDw4gM:otter_transcript+otter_summary+mednote_stack+slides_claimed_elsewhere,purpose=identity_resolution; confirm human intent before acquire; do not treat as confirmed same-session until reviewed,pdf_role=identity_resolution_candidate; pass3_pdf_availability=available_external; pass1_rel=possible_existing_session_representation
aosrd-webinars-179-9suZ_6zVHEM,AOSRD_Clearfield,aosrd_webinars_youtube,"Methylene Blue with Dr. Bill Clearfield – May 8, 2023 (Video)",methylene blue with dr bill clearfield may 8 2023 video,aosrd-webinars-179-9suZ_6zVHEM,possible,wcHy9pPXoWy5S62-GJbpasQtw2o;JAhRYbDDwDsC4em3dazDKyDw4gM,2025-02-12;2025-02-05,Research/lectures/clearfield-webinar-2025-02-12;Research/lectures/clearfield-webinar-2025-02-05,YouTube_video,https://youtu.be/9suZ_6zVHEM,yes,1,low,1,very_high,high,low,low,high,poor,DEFER_IDENTITY_UNRESOLVED,Pass 1 match is only possible. Video acquisition/processing is expensive and captions are unverified. Resolve identity first; preferably via the low-cost companion PDF before considering video.,Unclear until identity is resolved; may largely duplicate Otter text.,wcHy9pPXoWy5S62-GJbpasQtw2o:otter_transcript+otter_summary+mednote_stack+slides_claimed_elsewhere; JAhRYbDDwDsC4em3dazDKyDw4gM:otter_transcript+otter_summary+mednote_stack+slides_claimed_elsewhere,resolve_identity_before_video_acquisition; prefer_PDF_first,pass3_availability=available_external; captions=not_checked; has_pdf_also=True
aosrd-webinars-180-XS22Ub34U-o,AOSRD_Clearfield,aosrd_webinars_youtube,"Autism with Dr. Jenny Blanchard Stone – April 25, 2023 (Video)",autism with dr jenny blanchard stone april 25 2023 video,aosrd-webinars-180-XS22Ub34U-o,no_match,,,,AOSRD_PDF,https://aosrd.org/autism-with-dr-jenny-blanchard-stone/,no,4,unresolved,3,low,low,medium,medium,low,exceptional,ACQUIRE_CANDIDATE,AOSRD PDF is externally available and Pass 1 found no reasonable Otter candidate (potentially_new_session — not a confirmed new lecture). Low-cost text/visual source that could add a session representation absent from the current 98-session Otter corpus.,PDF lecture notes/slides/figures/references for a source without an Otter packet match.,catalog_record_and_URL_only,,pdf_role=potentially_new_source; pass3_pdf_availability=available_external; pass1_rel=potentially_new_session
aosrd-webinars-180-XS22Ub34U-o,AOSRD_Clearfield,aosrd_webinars_youtube,"Autism with Dr. Jenny Blanchard Stone – April 25, 2023 (Video)",autism with dr jenny blanchard stone april 25 2023 video,aosrd-webinars-180-XS22Ub34U-o,no_match,,,,YouTube_video,https://youtu.be/XS22Ub34U-o,no,2,unresolved,2,very_high,low,medium,low,very_high,weak,DEFER_EXPENSIVE_VIDEO,Pass 1 has no Otter candidate (potentially_new_session — not confirmed new). A companion AOSRD PDF is externally available and is the preferable low-cost text/visual acquisition path. Video captions are unverified; defer expensive video unless a later authorized pass shows a specific AV-only gap after PDF review.,Possibly a session absent from Otter — but only after expensive AV processing with unverified captions.,catalog_and_external_URL;+external_PDF_candidate,verify_captions_or_prefer_PDF_before_any_video_acquire; not_a_confirmed_new_lecture,pass3_availability=available_external; captions=not_checked; has_pdf_also=True; pot=potentially_new_session
aosrd-webinars-181-0u1-ve92hd0,AOSRD_Clearfield,aosrd_webinars_youtube,"RESToration-Fueling Optimal Sleep with Nitric Oxide with Dr. Chris Melitus – April 18, 2023 (Video)",restoration fueling optimal sleep with nitric oxide with dr chris melitus april 18 2023 video,aosrd-webinars-181-0u1-ve92hd0,possible,EqC6yd4bQDKMl2mpzPURPZu-_Pc;FbRyr7EkkewAoPTmXbK9DtUiA_Y,2024-10-08;2024-09-24,Research/lectures/clearfield-webinar-2024-10-08;Research/lectures/clearfield-webinar-2024-09-24,YouTube_video,https://youtu.be/0u1-ve92hd0,yes,1,low,1,very_high,high,low,low,high,poor,DEFER_IDENTITY_UNRESOLVED,Pass 1 match is only possible. Video acquisition/processing is expensive and captions are unverified. Resolve identity first before considering video.,Unclear until identity is resolved; may largely duplicate Otter text.,EqC6yd4bQDKMl2mpzPURPZu-_Pc:otter_transcript+otter_summary+mednote_stack; FbRyr7EkkewAoPTmXbK9DtUiA_Y:otter_transcript+otter_summary+mednote_stack,resolve_identity_before_video_acquisition,pass3_availability=available_external; captions=not_checked; has_pdf_also=False
aosrd-webinars-182-FsuYMzPyjWE,AOSRD_Clearfield,aosrd_webinars_youtube,"The New Face of Weight Loss with Dr. Bill Clearfield – April 11, 2023 (Video)",the new face of weight loss with dr bill clearfield april 11 2023 video,aosrd-webinars-182-FsuYMzPyjWE,possible,5HPCyqwQxi9QD1of8g-CPHrnFcc,2025-01-08,Research/lectures/clearfield-webinar-2025-01-08,AOSRD_PDF,https://aosrd.org/the-new-face-of-weight-loss-with-dr-bill-clearfield/,yes,2,low,2,low,medium,medium,medium,low,moderate,CONDITIONAL_ACQUIRE,Pass 1 relationship is possible only. PDF is a low-cost artifact that could help resolve identity against Otter candidates and/or add slides if the match is later confirmed. Acquire only as an identity-resolution / enrichment step — not as confirmed new knowledge.,Identity-resolution evidence plus possible visual/source material.,5HPCyqwQxi9QD1of8g-CPHrnFcc:otter_transcript+otter_summary+mednote_stack+slides_claimed_elsewhere,purpose=identity_resolution; confirm human intent before acquire; do not treat as confirmed same-session until reviewed,pdf_role=identity_resolution_candidate; pass3_pdf_availability=available_external; pass1_rel=possible_existing_session_representation
aosrd-webinars-182-FsuYMzPyjWE,AOSRD_Clearfield,aosrd_webinars_youtube,"The New Face of Weight Loss with Dr. Bill Clearfield – April 11, 2023 (Video)",the new face of weight loss with dr bill clearfield april 11 2023 video,aosrd-webinars-182-FsuYMzPyjWE,possible,5HPCyqwQxi9QD1of8g-CPHrnFcc,2025-01-08,Research/lectures/clearfield-webinar-2025-01-08,YouTube_video,https://youtu.be/FsuYMzPyjWE,yes,1,low,1,very_high,high,low,low,high,poor,DEFER_IDENTITY_UNRESOLVED,Pass 1 match is only possible. Video acquisition/processing is expensive and captions are unverified. Resolve identity first; preferably via the low-cost companion PDF before considering video.,Unclear until identity is resolved; may largely duplicate Otter text.,5HPCyqwQxi9QD1of8g-CPHrnFcc:otter_transcript+otter_summary+mednote_stack+slides_claimed_elsewhere,resolve_identity_before_video_acquisition; prefer_PDF_first,pass3_availability=available_external; captions=not_checked; has_pdf_also=True
aosrd-webinars-183-CW3op9BkNI8,AOSRD_Clearfield,aosrd_webinars_youtube,"Behind the Scenes Thyroid Mechanisms with Dr. Brad Watts – April 4, 2023 (Video)",behind the scenes thyroid mechanisms with dr brad watts april 4 2023 video,aosrd-webinars-183-CW3op9BkNI8,no_match,,,,AOSRD_PDF,https://aosrd.org/behind-the-scenes-thyroid-mechanisms-with-dr-brad-watts/,no,4,unresolved,3,low,low,medium,medium,low,exceptional,ACQUIRE_CANDIDATE,AOSRD PDF is externally available and Pass 1 found no reasonable Otter candidate (potentially_new_session — not a confirmed new lecture). Low-cost text/visual source that could add a session representation absent from the current 98-session Otter corpus.,PDF lecture notes/slides/figures/references for a source without an Otter packet match.,catalog_record_and_URL_only,,pdf_role=potentially_new_source; pass3_pdf_availability=available_external; pass1_rel=potentially_new_session
aosrd-webinars-183-CW3op9BkNI8,AOSRD_Clearfield,aosrd_webinars_youtube,"Behind the Scenes Thyroid Mechanisms with Dr. Brad Watts – April 4, 2023 (Video)",behind the scenes thyroid mechanisms with dr brad watts april 4 2023 video,aosrd-webinars-183-CW3op9BkNI8,no_match,,,,YouTube_video,https://youtu.be/CW3op9BkNI8,no,2,unresolved,2,very_high,low,medium,low,very_high,weak,DEFER_EXPENSIVE_VIDEO,Pass 1 has no Otter candidate (potentially_new_session — not confirmed new). A companion AOSRD PDF is externally available and is the preferable low-cost text/visual acquisition path. Video captions are unverified; defer expensive video unless a later authorized pass shows a specific AV-only gap after PDF review.,Possibly a session absent from Otter — but only after expensive AV processing with unverified captions.,catalog_and_external_URL;+external_PDF_candidate,verify_captions_or_prefer_PDF_before_any_video_acquire; not_a_confirmed_new_lecture,pass3_availability=available_external; captions=not_checked; has_pdf_also=True; pot=potentially_new_session
aosrd-webinars-184-4nZN4zvp_Uk,AOSRD_Clearfield,aosrd_webinars_youtube,"Bioregulatory Medicine Applied to Fur Babies with Dr. Marlene Siegel – March 21, 2023 (Video)",bioregulatory medicine applied to fur babies with dr marlene siegel march 21 2023 video,aosrd-webinars-184-4nZN4zvp_Uk,no_match,,,,AOSRD_PDF,https://aosrd.org/bioregulatory-medicine-applied-to-fur-babies-with-dr-marlene-siegel/,no,4,unresolved,3,low,low,medium,medium,low,exceptional,ACQUIRE_CANDIDATE,AOSRD PDF is externally available and Pass 1 found no reasonable Otter candidate (potentially_new_session — not a confirmed new lecture). Low-cost text/visual source that could add a session representation absent from the current 98-session Otter corpus.,PDF lecture notes/slides/figures/references for a source without an Otter packet match.,catalog_record_and_URL_only,,pdf_role=potentially_new_source; pass3_pdf_availability=available_external; pass1_rel=potentially_new_session
aosrd-webinars-184-4nZN4zvp_Uk,AOSRD_Clearfield,aosrd_webinars_youtube,"Bioregulatory Medicine Applied to Fur Babies with Dr. Marlene Siegel – March 21, 2023 (Video)",bioregulatory medicine applied to fur babies with dr marlene siegel march 21 2023 video,aosrd-webinars-184-4nZN4zvp_Uk,no_match,,,,YouTube_video,https://youtu.be/4nZN4zvp_Uk,no,2,unresolved,2,very_high,low,medium,low,very_high,weak,DEFER_EXPENSIVE_VIDEO,Pass 1 has no Otter candidate (potentially_new_session — not confirmed new). A companion AOSRD PDF is externally available and is the preferable low-cost text/visual acquisition path. Video captions are unverified; defer expensive video unless a later authorized pass shows a specific AV-only gap after PDF review.,Possibly a session absent from Otter — but only after expensive AV processing with unverified captions.,catalog_and_external_URL;+external_PDF_candidate,verify_captions_or_prefer_PDF_before_any_video_acquire; not_a_confirmed_new_lecture,pass3_availability=available_external; captions=not_checked; has_pdf_also=True; pot=potentially_new_session
aosrd-webinars-185-AZvxTJWqeBA,AOSRD_Clearfield,aosrd_webinars_youtube,"Glutathione Update with Dr. Nayan Patel – March 14, 2023 (Video)",glutathione update with dr nayan patel march 14 2023 video,aosrd-webinars-185-AZvxTJWqeBA,possible,JAhRYbDDwDsC4em3dazDKyDw4gM,2025-02-05,Research/lectures/clearfield-webinar-2025-02-05,AOSRD_PDF,https://aosrd.org/glutathione-update-with-dr-nayan-patel/,yes,2,low,2,low,medium,medium,medium,low,moderate,CONDITIONAL_ACQUIRE,Pass 1 relationship is possible only. PDF is a low-cost artifact that could help resolve identity against Otter candidates and/or add slides if the match is later confirmed. Acquire only as an identity-resolution / enrichment step — not as confirmed new knowledge.,Identity-resolution evidence plus possible visual/source material.,JAhRYbDDwDsC4em3dazDKyDw4gM:otter_transcript+otter_summary+mednote_stack+slides_claimed_elsewhere,purpose=identity_resolution; confirm human intent before acquire; do not treat as confirmed same-session until reviewed,pdf_role=identity_resolution_candidate; pass3_pdf_availability=available_external; pass1_rel=possible_existing_session_representation
aosrd-webinars-185-AZvxTJWqeBA,AOSRD_Clearfield,aosrd_webinars_youtube,"Glutathione Update with Dr. Nayan Patel – March 14, 2023 (Video)",glutathione update with dr nayan patel march 14 2023 video,aosrd-webinars-185-AZvxTJWqeBA,possible,JAhRYbDDwDsC4em3dazDKyDw4gM,2025-02-05,Research/lectures/clearfield-webinar-2025-02-05,YouTube_video,https://youtu.be/AZvxTJWqeBA,yes,1,low,1,very_high,high,low,low,high,poor,DEFER_IDENTITY_UNRESOLVED,Pass 1 match is only possible. Video acquisition/processing is expensive and captions are unverified. Resolve identity first; preferably via the low-cost companion PDF before considering video.,Unclear until identity is resolved; may largely duplicate Otter text.,JAhRYbDDwDsC4em3dazDKyDw4gM:otter_transcript+otter_summary+mednote_stack+slides_claimed_elsewhere,resolve_identity_before_video_acquisition; prefer_PDF_first,pass3_availability=available_external; captions=not_checked; has_pdf_also=True
aosrd-webinars-186-hUswEBL-LBc,AOSRD_Clearfield,aosrd_webinars_youtube,"Muscle Centric Medicine -Principles of Exercise Science with Stefan Hartmann PA – March 7, 2023 (Video)",muscle centric medicine principles of exercise science with stefan hartmann pa march 7 2023 video,aosrd-webinars-186-hUswEBL-LBc,possible,CQjlfnZLZ-CY25UUEq35pSQ0lug;H1Iomsee4ZUONKKezPDcMBYCvQ0;TNvBcRwwSnrkWGe2_L3i3lGvYYk;ykfPBSHSL3meBk4yGojbTxMVIpA,2025-12-24;2026-06-30;2024-12-11;2024-10-22,Research/lectures/clearfield-webinar-2025-12-24;Research/lectures/clearfield-webinar-2026-06-30;Research/lectures/clearfield-webinar-2024-12-11;Research/lectures/clearfield-webinar-2024-10-22,AOSRD_PDF,https://aosrd.org/update-on-glutathione-therapy-with-dr-nayan-patel/,yes,2,low,2,low,medium,medium,medium,low,moderate,CONDITIONAL_ACQUIRE,Pass 1 relationship is possible only. PDF is a low-cost artifact that could help resolve identity against Otter candidates and/or add slides if the match is later confirmed. Acquire only as an identity-resolution / enrichment step — not as confirmed new knowledge.,Identity-resolution evidence plus possible visual/source material.,CQjlfnZLZ-CY25UUEq35pSQ0lug:otter_transcript+otter_summary+mednote_stack+slides_claimed_elsewhere; TNvBcRwwSnrkWGe2_L3i3lGvYYk:otter_transcript+otter_summary+mednote_stack+slides_claimed_elsewhere; ykfPBSHSL3meBk4yGojbTxMVIpA:otter_transcript+otter_summary+mednote_stack+slides_claimed_elsewhere,purpose=identity_resolution; confirm human intent before acquire; do not treat as confirmed same-session until reviewed,pdf_role=identity_resolution_candidate; pass3_pdf_availability=available_external; pass1_rel=possible_existing_session_representation
aosrd-webinars-186-hUswEBL-LBc,AOSRD_Clearfield,aosrd_webinars_youtube,"Muscle Centric Medicine -Principles of Exercise Science with Stefan Hartmann PA – March 7, 2023 (Video)",muscle centric medicine principles of exercise science with stefan hartmann pa march 7 2023 video,aosrd-webinars-186-hUswEBL-LBc,possible,CQjlfnZLZ-CY25UUEq35pSQ0lug;H1Iomsee4ZUONKKezPDcMBYCvQ0;TNvBcRwwSnrkWGe2_L3i3lGvYYk;ykfPBSHSL3meBk4yGojbTxMVIpA,2025-12-24;2026-06-30;2024-12-11;2024-10-22,Research/lectures/clearfield-webinar-2025-12-24;Research/lectures/clearfield-webinar-2026-06-30;Research/lectures/clearfield-webinar-2024-12-11;Research/lectures/clearfield-webinar-2024-10-22,YouTube_video,https://youtu.be/hUswEBL-LBc,yes,1,low,1,very_high,high,low,low,high,poor,DEFER_IDENTITY_UNRESOLVED,Pass 1 match is only possible. Video acquisition/processing is expensive and captions are unverified. Resolve identity first; preferably via the low-cost companion PDF before considering video.,Unclear until identity is resolved; may largely duplicate Otter text.,CQjlfnZLZ-CY25UUEq35pSQ0lug:otter_transcript+otter_summary+mednote_stack+slides_claimed_elsewhere; TNvBcRwwSnrkWGe2_L3i3lGvYYk:otter_transcript+otter_summary+mednote_stack+slides_claimed_elsewhere; ykfPBSHSL3meBk4yGojbTxMVIpA:otter_transcript+otter_summary+mednote_stack+slides_claimed_elsewhere,resolve_identity_before_video_acquisition; prefer_PDF_first,pass3_availability=available_external; captions=not_checked; has_pdf_also=True
aosrd-webinars-187-no_id,AOSRD_Clearfield,aosrd_webinars_vimeo,"Functional Medicine Approach to ADHD with Dr. John Neustadt – February 28, 2023 (Video)",functional medicine approach to adhd with dr john neustadt february 28 2023 video,aosrd-webinars-187-no_id,,,,,AOSRD_PDF,https://aosrd.org/functional-medicine-approach-to-adhd-with-dr-john-neustadt/,no,2,unresolved,2,low,medium,unknown,unknown,low,unknown,HUMAN_REVIEW,PDF available externally but Pass 1 relationship class is missing/unclear; human review needed.,Unknown without identity context.,no,clarify Pass 1 relationship before acquisition authorization,pdf_role=unclear; pass3_pdf_availability=available_external; pass1_rel=unclear
aosrd-webinars-187-no_id,AOSRD_Clearfield,aosrd_webinars_vimeo,"Functional Medicine Approach to ADHD with Dr. John Neustadt – February 28, 2023 (Video)",functional medicine approach to adhd with dr john neustadt february 28 2023 video,aosrd-webinars-187-no_id,,,,,Vimeo_video,https://vimeo.com/803796489,no,1,unresolved,1,very_high,medium,unknown,unknown,high,unknown,HUMAN_REVIEW,Video available but relationship/utility context is insufficient for an automated acquisition gate.,Unknown.,no,human_review_required,pass3_availability=available_external; captions=not_checked
aosrd-webinars-188-no_id,AOSRD_Clearfield,aosrd_webinars_vimeo,"The Courage to Face Covid with Dr Peter McCullough – February 21, 2023 (Video)",the courage to face covid with dr peter mccullough february 21 2023 video,aosrd-webinars-188-no_id,,,,,AOSRD_PDF,https://aosrd.org/the-courage-to-face-covid-with-dr-peter-mccullough-2/,no,2,unresolved,2,low,medium,unknown,unknown,low,unknown,HUMAN_REVIEW,PDF available externally but Pass 1 relationship class is missing/unclear; human review needed.,Unknown without identity context.,no,clarify Pass 1 relationship before acquisition authorization,pdf_role=unclear; pass3_pdf_availability=available_external; pass1_rel=unclear
aosrd-webinars-188-no_id,AOSRD_Clearfield,aosrd_webinars_vimeo,"The Courage to Face Covid with Dr Peter McCullough – February 21, 2023 (Video)",the courage to face covid with dr peter mccullough february 21 2023 video,aosrd-webinars-188-no_id,,,,,Vimeo_video,https://vimeo.com/802421040,no,1,unresolved,1,very_high,medium,unknown,unknown,high,unknown,HUMAN_REVIEW,Video available but relationship/utility context is insufficient for an automated acquisition gate.,Unknown.,no,human_review_required,pass3_availability=available_external; captions=not_checked
aosrd-webinars-189-bMobTwHmWhM,AOSRD_Clearfield,aosrd_webinars_youtube,"Integrative Immunology with Dr. Benoit Tano – February 14, 2023 (Video)",integrative immunology with dr benoit tano february 14 2023 video,aosrd-webinars-189-bMobTwHmWhM,possible,81vgkJ55QnsvesXbnyxCMQPr6Rc;wcHy9pPXoWy5S62-GJbpasQtw2o;JAhRYbDDwDsC4em3dazDKyDw4gM,2026-06-09;2025-02-12;2025-02-05,Research/lectures/clearfield-webinar-2026-06-09;Research/lectures/clearfield-webinar-2025-02-12;Research/lectures/clearfield-webinar-2025-02-05,AOSRD_PDF,https://aosrd.org/integrative-immunology-with-dr-benoit-tano/,yes,2,low,2,low,medium,medium,medium,low,moderate,CONDITIONAL_ACQUIRE,Pass 1 relationship is possible only. PDF is a low-cost artifact that could help resolve identity against Otter candidates and/or add slides if the match is later confirmed. Acquire only as an identity-resolution / enrichment step — not as confirmed new knowledge.,Identity-resolution evidence plus possible visual/source material.,81vgkJ55QnsvesXbnyxCMQPr6Rc:otter_transcript+otter_summary+mednote_stack+slides_claimed_elsewhere; wcHy9pPXoWy5S62-GJbpasQtw2o:otter_transcript+otter_summary+mednote_stack+slides_claimed_elsewhere; JAhRYbDDwDsC4em3dazDKyDw4gM:otter_transcript+otter_summary+mednote_stack+slides_claimed_elsewhere,purpose=identity_resolution; confirm human intent before acquire; do not treat as confirmed same-session until reviewed,pdf_role=identity_resolution_candidate; pass3_pdf_availability=available_external; pass1_rel=possible_existing_session_representation
aosrd-webinars-189-bMobTwHmWhM,AOSRD_Clearfield,aosrd_webinars_youtube,"Integrative Immunology with Dr. Benoit Tano – February 14, 2023 (Video)",integrative immunology with dr benoit tano february 14 2023 video,aosrd-webinars-189-bMobTwHmWhM,possible,81vgkJ55QnsvesXbnyxCMQPr6Rc;wcHy9pPXoWy5S62-GJbpasQtw2o;JAhRYbDDwDsC4em3dazDKyDw4gM,2026-06-09;2025-02-12;2025-02-05,Research/lectures/clearfield-webinar-2026-06-09;Research/lectures/clearfield-webinar-2025-02-12;Research/lectures/clearfield-webinar-2025-02-05,YouTube_video,https://youtu.be/bMobTwHmWhM,yes,1,low,1,very_high,high,low,low,high,poor,DEFER_IDENTITY_UNRESOLVED,Pass 1 match is only possible. Video acquisition/processing is expensive and captions are unverified. Resolve identity first; preferably via the low-cost companion PDF before considering video.,Unclear until identity is resolved; may largely duplicate Otter text.,81vgkJ55QnsvesXbnyxCMQPr6Rc:otter_transcript+otter_summary+mednote_stack+slides_claimed_elsewhere; wcHy9pPXoWy5S62-GJbpasQtw2o:otter_transcript+otter_summary+mednote_stack+slides_claimed_elsewhere; JAhRYbDDwDsC4em3dazDKyDw4gM:otter_transcript+otter_summary+mednote_stack+slides_claimed_elsewhere,resolve_identity_before_video_acquisition; prefer_PDF_first,pass3_availability=available_external; captions=not_checked; has_pdf_also=True
aosrd-webinars-190-5hQ-anaFGIU,AOSRD_Clearfield,aosrd_webinars_youtube,"The Ancestral Diet as Treatment for Chronic Disease with Stefan Hartmann, PA – February 8, 2023 (Video)",the ancestral diet as treatment for chronic disease with stefan hartmann pa february 8 2023 video,aosrd-webinars-190-5hQ-anaFGIU,possible,CQjlfnZLZ-CY25UUEq35pSQ0lug;lnZUNAyEcVNSN0i3JOEbuJcc15A,2025-12-24;2025-02-19,Research/lectures/clearfield-webinar-2025-12-24;Research/lectures/clearfield-webinar-2025-02-19,AOSRD_PDF,https://aosrd.org/the-ancestral-diet-as-treatment-for-chronic-disease-with-stefan-hartmann-pa/,yes,2,low,2,low,medium,medium,medium,low,moderate,CONDITIONAL_ACQUIRE,Pass 1 relationship is possible only. PDF is a low-cost artifact that could help resolve identity against Otter candidates and/or add slides if the match is later confirmed. Acquire only as an identity-resolution / enrichment step — not as confirmed new knowledge.,Identity-resolution evidence plus possible visual/source material.,CQjlfnZLZ-CY25UUEq35pSQ0lug:otter_transcript+otter_summary+mednote_stack+slides_claimed_elsewhere; lnZUNAyEcVNSN0i3JOEbuJcc15A:otter_transcript+otter_summary+mednote_stack+slides_claimed_elsewhere,purpose=identity_resolution; confirm human intent before acquire; do not treat as confirmed same-session until reviewed,pdf_role=identity_resolution_candidate; pass3_pdf_availability=available_external; pass1_rel=possible_existing_session_representation
aosrd-webinars-190-5hQ-anaFGIU,AOSRD_Clearfield,aosrd_webinars_youtube,"The Ancestral Diet as Treatment for Chronic Disease with Stefan Hartmann, PA – February 8, 2023 (Video)",the ancestral diet as treatment for chronic disease with stefan hartmann pa february 8 2023 video,aosrd-webinars-190-5hQ-anaFGIU,possible,CQjlfnZLZ-CY25UUEq35pSQ0lug;lnZUNAyEcVNSN0i3JOEbuJcc15A,2025-12-24;2025-02-19,Research/lectures/clearfield-webinar-2025-12-24;Research/lectures/clearfield-webinar-2025-02-19,YouTube_video,https://youtu.be/5hQ-anaFGIU,yes,1,low,1,very_high,high,low,low,high,poor,DEFER_IDENTITY_UNRESOLVED,Pass 1 match is only possible. Video acquisition/processing is expensive and captions are unverified. Resolve identity first; preferably via the low-cost companion PDF before considering video.,Unclear until identity is resolved; may largely duplicate Otter text.,CQjlfnZLZ-CY25UUEq35pSQ0lug:otter_transcript+otter_summary+mednote_stack+slides_claimed_elsewhere; lnZUNAyEcVNSN0i3JOEbuJcc15A:otter_transcript+otter_summary+mednote_stack+slides_claimed_elsewhere,resolve_identity_before_video_acquisition; prefer_PDF_first,pass3_availability=available_external; captions=not_checked; has_pdf_also=True
aosrd-webinars-191-ZrOMyfW29og,AOSRD_Clearfield,aosrd_webinars_youtube,"Interpreting Test Results with Dr. Andrew Campbell – January 31, 2023 (Video)",interpreting test results with dr andrew campbell january 31 2023 video,aosrd-webinars-191-ZrOMyfW29og,possible,uRqtR3sy0qaYlUcYL4_tPVC7Tps;l416W8yP4i7dv3Jhd5H2F74zMnU;j3HjVUuBV5gnR4KrCUuXOZEnPm0;hFcw5MS7FSAuXJGFcnPHqL6j1gM;5HPCyqwQxi9QD1of8g-CPHrnFcc,2025-01-15;2026-01-21;2025-10-14;2025-01-22;2025-01-08,Research/lectures/clearfield-webinar-2025-01-15;Research/lectures/clearfield-webinar-2026-01-21;Research/lectures/clearfield-webinar-2025-10-14;Research/lectures/clearfield-webinar-2025-01-22;Research/lectures/clearfield-webinar-2025-01-08,AOSRD_PDF,https://aosrd.org/wp-content/uploads/2023/01/Interpretation-of-test-results-.pdf,yes,2,low,2,low,medium,medium,medium,low,moderate,CONDITIONAL_ACQUIRE,Pass 1 relationship is possible only. PDF is a low-cost artifact that could help resolve identity against Otter candidates and/or add slides if the match is later confirmed. Acquire only as an identity-resolution / enrichment step — not as confirmed new knowledge.,Identity-resolution evidence plus possible visual/source material.,uRqtR3sy0qaYlUcYL4_tPVC7Tps:otter_transcript+otter_summary+mednote_stack+slides_claimed_elsewhere; l416W8yP4i7dv3Jhd5H2F74zMnU:otter_transcript+otter_summary+mednote_stack+slides_claimed_elsewhere; j3HjVUuBV5gnR4KrCUuXOZEnPm0:otter_transcript+otter_summary+mednote_stack+slides_claimed_elsewhere; hFcw5MS7FSAuXJGFcnPHqL6j1gM:otter_transcript+otter_summary+mednote_stack+slides_claimed_elsewhere; 5HPCyqwQxi9QD1of8g-CPHrnFcc:otter_transcript+otter_summary+mednote_stack+slides_claimed_elsewhere,purpose=identity_resolution; confirm human intent before acquire; do not treat as confirmed same-session until reviewed,pdf_role=identity_resolution_candidate; pass3_pdf_availability=available_external; pass1_rel=possible_existing_session_representation
aosrd-webinars-191-ZrOMyfW29og,AOSRD_Clearfield,aosrd_webinars_youtube,"Interpreting Test Results with Dr. Andrew Campbell – January 31, 2023 (Video)",interpreting test results with dr andrew campbell january 31 2023 video,aosrd-webinars-191-ZrOMyfW29og,possible,uRqtR3sy0qaYlUcYL4_tPVC7Tps;l416W8yP4i7dv3Jhd5H2F74zMnU;j3HjVUuBV5gnR4KrCUuXOZEnPm0;hFcw5MS7FSAuXJGFcnPHqL6j1gM;5HPCyqwQxi9QD1of8g-CPHrnFcc,2025-01-15;2026-01-21;2025-10-14;2025-01-22;2025-01-08,Research/lectures/clearfield-webinar-2025-01-15;Research/lectures/clearfield-webinar-2026-01-21;Research/lectures/clearfield-webinar-2025-10-14;Research/lectures/clearfield-webinar-2025-01-22;Research/lectures/clearfield-webinar-2025-01-08,YouTube_video,https://youtu.be/ZrOMyfW29og,yes,1,low,1,very_high,high,low,low,high,poor,DEFER_IDENTITY_UNRESOLVED,Pass 1 match is only possible. Video acquisition/processing is expensive and captions are unverified. Resolve identity first; preferably via the low-cost companion PDF before considering video.,Unclear until identity is resolved; may largely duplicate Otter text.,uRqtR3sy0qaYlUcYL4_tPVC7Tps:otter_transcript+otter_summary+mednote_stack+slides_claimed_elsewhere; l416W8yP4i7dv3Jhd5H2F74zMnU:otter_transcript+otter_summary+mednote_stack+slides_claimed_elsewhere; j3HjVUuBV5gnR4KrCUuXOZEnPm0:otter_transcript+otter_summary+mednote_stack+slides_claimed_elsewhere; hFcw5MS7FSAuXJGFcnPHqL6j1gM:otter_transcript+otter_summary+mednote_stack+slides_claimed_elsewhere; 5HPCyqwQxi9QD1of8g-CPHrnFcc:otter_transcript+otter_summary+mednote_stack+slides_claimed_elsewhere,resolve_identity_before_video_acquisition; prefer_PDF_first,pass3_availability=available_external; captions=not_checked; has_pdf_also=True
aosrd-webinars-192-E6pwg1bmNJk,AOSRD_Clearfield,aosrd_webinars_youtube,"Surgical and Medical Management of Mycotoxin Neurotoxicity with Dr. Donald Dennis – January 24, 2023 (Video)",surgical and medical management of mycotoxin neurotoxicity with dr donald dennis january 24 2023 video,aosrd-webinars-192-E6pwg1bmNJk,possible,hFcw5MS7FSAuXJGFcnPHqL6j1gM;uRqtR3sy0qaYlUcYL4_tPVC7Tps,2025-01-22;2025-01-15,Research/lectures/clearfield-webinar-2025-01-22;Research/lectures/clearfield-webinar-2025-01-15,YouTube_video,https://youtu.be/E6pwg1bmNJk,yes,1,low,1,very_high,high,low,low,high,poor,DEFER_IDENTITY_UNRESOLVED,Pass 1 match is only possible. Video acquisition/processing is expensive and captions are unverified. Resolve identity first before considering video.,Unclear until identity is resolved; may largely duplicate Otter text.,hFcw5MS7FSAuXJGFcnPHqL6j1gM:otter_transcript+otter_summary+mednote_stack+slides_claimed_elsewhere; uRqtR3sy0qaYlUcYL4_tPVC7Tps:otter_transcript+otter_summary+mednote_stack+slides_claimed_elsewhere,resolve_identity_before_video_acquisition,pass3_availability=available_external; captions=not_checked; has_pdf_also=False
aosrd-webinars-193-3HKa-GZK_Qw,AOSRD_Clearfield,aosrd_webinars_youtube,"Menopause-The Impact on Skin and HAir by Dr. Felice Gersh – January 17, 2023 (Video)",menopause the impact on skin and hair by dr felice gersh january 17 2023 video,aosrd-webinars-193-3HKa-GZK_Qw,possible,OL_Ukp1RYjVvnjsMHnF2eXCXDC8,2024-10-01,Research/lectures/clearfield-webinar-2024-10-01,AOSRD_PDF,https://aosrd.org/menopause-the-impact-on-skin-and-hair-by-dr-felice-gersh/,yes,2,low,2,low,medium,medium,medium,low,moderate,CONDITIONAL_ACQUIRE,Pass 1 relationship is possible only. PDF is a low-cost artifact that could help resolve identity against Otter candidates and/or add slides if the match is later confirmed. Acquire only as an identity-resolution / enrichment step — not as confirmed new knowledge.,Identity-resolution evidence plus possible visual/source material.,OL_Ukp1RYjVvnjsMHnF2eXCXDC8:otter_transcript+otter_summary+mednote_stack,purpose=identity_resolution; confirm human intent before acquire; do not treat as confirmed same-session until reviewed,pdf_role=identity_resolution_candidate; pass3_pdf_availability=available_external; pass1_rel=possible_existing_session_representation
aosrd-webinars-193-3HKa-GZK_Qw,AOSRD_Clearfield,aosrd_webinars_youtube,"Menopause-The Impact on Skin and HAir by Dr. Felice Gersh – January 17, 2023 (Video)",menopause the impact on skin and hair by dr felice gersh january 17 2023 video,aosrd-webinars-193-3HKa-GZK_Qw,possible,OL_Ukp1RYjVvnjsMHnF2eXCXDC8,2024-10-01,Research/lectures/clearfield-webinar-2024-10-01,YouTube_video,https://youtu.be/3HKa-GZK_Qw,yes,1,low,1,very_high,high,low,low,high,poor,DEFER_IDENTITY_UNRESOLVED,Pass 1 match is only possible. Video acquisition/processing is expensive and captions are unverified. Resolve identity first; preferably via the low-cost companion PDF before considering video.,Unclear until identity is resolved; may largely duplicate Otter text.,OL_Ukp1RYjVvnjsMHnF2eXCXDC8:otter_transcript+otter_summary+mednote_stack,resolve_identity_before_video_acquisition; prefer_PDF_first,pass3_availability=available_external; captions=not_checked; has_pdf_also=True
aosrd-webinars-194-no_id,AOSRD_Clearfield,aosrd_webinars_rumble,"Medical Freedom: Stefan Hartmann, PA’s Presentation to the Florida Delegates of State Legislature(Video)",medical freedom stefan hartmann pa s presentation to the florida delegates of state legislature video,aosrd-webinars-194-no_id,,,,,Rumble_video,https://rumble.com/v253881-stefan-iron-direct-primary-care-presentation-to-florida-delegates-of-the-st.html,no,2,unresolved,1,unknown,medium,unknown,unknown,unknown,unknown,NOT_ENOUGH_INFORMATION,Rumble_video availability was not independently verified in Pass 3; cannot form an acquisition case.,Unknown until availability/captions are verifiable.,catalog_URL_only,verify external availability without downloading before any acquire decision,pass3_availability=not_checked; captions=not_checked
aosrd-webinars-195-i-q4BtUNVuI,AOSRD_Clearfield,aosrd_webinars_youtube,"The 14-3-3n Biomarker for Rheumatoid Arthritis Diagnosis, Prognosis, and Monitoring with Dr. Nima Mazinani – January 10, 2023(Video)",the 14 3 3n biomarker for rheumatoid arthritis diagnosis prognosis and monitoring with dr nima mazinani january 10 2023 video,aosrd-webinars-195-i-q4BtUNVuI,no_match,,,,AOSRD_PDF,https://aosrd.org/wp-content/uploads/2023/01/14-3-3eta_AOSIM_Final_2023.pdf,no,4,unresolved,3,low,low,medium,medium,low,exceptional,ACQUIRE_CANDIDATE,AOSRD PDF is externally available and Pass 1 found no reasonable Otter candidate (potentially_new_session — not a confirmed new lecture). Low-cost text/visual source that could add a session representation absent from the current 98-session Otter corpus.,PDF lecture notes/slides/figures/references for a source without an Otter packet match.,catalog_record_and_URL_only,,pdf_role=potentially_new_source; pass3_pdf_availability=available_external; pass1_rel=potentially_new_session
aosrd-webinars-195-i-q4BtUNVuI,AOSRD_Clearfield,aosrd_webinars_youtube,"The 14-3-3n Biomarker for Rheumatoid Arthritis Diagnosis, Prognosis, and Monitoring with Dr. Nima Mazinani – January 10, 2023(Video)",the 14 3 3n biomarker for rheumatoid arthritis diagnosis prognosis and monitoring with dr nima mazinani january 10 2023 video,aosrd-webinars-195-i-q4BtUNVuI,no_match,,,,YouTube_video,https://youtu.be/i-q4BtUNVuI,no,2,unresolved,2,very_high,low,medium,low,very_high,weak,DEFER_EXPENSIVE_VIDEO,Pass 1 has no Otter candidate (potentially_new_session — not confirmed new). A companion AOSRD PDF is externally available and is the preferable low-cost text/visual acquisition path. Video captions are unverified; defer expensive video unless a later authorized pass shows a specific AV-only gap after PDF review.,Possibly a session absent from Otter — but only after expensive AV processing with unverified captions.,catalog_and_external_URL;+external_PDF_candidate,verify_captions_or_prefer_PDF_before_any_video_acquire; not_a_confirmed_new_lecture,pass3_availability=available_external; captions=not_checked; has_pdf_also=True; pot=potentially_new_session
aosrd-webinars-196-Td9ybE_W-wU,AOSRD_Clearfield,aosrd_webinars_youtube,"The Role of the Renin-Angiotensin Components in Atherosclerosis with Dr. James Joseph – January 3, 2023(Video)",the role of the renin angiotensin components in atherosclerosis with dr james joseph january 3 2023 video,aosrd-webinars-196-Td9ybE_W-wU,possible,xg4V_A-L8_Ob1jKGBewDTtKzOWg;JAhRYbDDwDsC4em3dazDKyDw4gM,2024-08-13;2025-02-05,Research/lectures/clearfield-webinar-2024-08-13;Research/lectures/clearfield-webinar-2025-02-05,AOSRD_PDF,https://aosrd.org/the-role-of-the-renin-angiotensin-components-in-atherosclerosis-with-dr-james-joseph/,yes,2,low,2,low,medium,medium,medium,low,moderate,CONDITIONAL_ACQUIRE,Pass 1 relationship is possible only. PDF is a low-cost artifact that could help resolve identity against Otter candidates and/or add slides if the match is later confirmed. Acquire only as an identity-resolution / enrichment step — not as confirmed new knowledge.,Identity-resolution evidence plus possible visual/source material.,xg4V_A-L8_Ob1jKGBewDTtKzOWg:otter_transcript+otter_summary+mednote_stack+pathway; JAhRYbDDwDsC4em3dazDKyDw4gM:otter_transcript+otter_summary+mednote_stack+slides_claimed_elsewhere,purpose=identity_resolution; confirm human intent before acquire; do not treat as confirmed same-session until reviewed,pdf_role=identity_resolution_candidate; pass3_pdf_availability=available_external; pass1_rel=possible_existing_session_representation
aosrd-webinars-196-Td9ybE_W-wU,AOSRD_Clearfield,aosrd_webinars_youtube,"The Role of the Renin-Angiotensin Components in Atherosclerosis with Dr. James Joseph – January 3, 2023(Video)",the role of the renin angiotensin components in atherosclerosis with dr james joseph january 3 2023 video,aosrd-webinars-196-Td9ybE_W-wU,possible,xg4V_A-L8_Ob1jKGBewDTtKzOWg;JAhRYbDDwDsC4em3dazDKyDw4gM,2024-08-13;2025-02-05,Research/lectures/clearfield-webinar-2024-08-13;Research/lectures/clearfield-webinar-2025-02-05,YouTube_video,https://youtu.be/Td9ybE_W-wU,yes,1,low,1,very_high,high,low,low,high,poor,DEFER_IDENTITY_UNRESOLVED,Pass 1 match is only possible. Video acquisition/processing is expensive and captions are unverified. Resolve identity first; preferably via the low-cost companion PDF before considering video.,Unclear until identity is resolved; may largely duplicate Otter text.,xg4V_A-L8_Ob1jKGBewDTtKzOWg:otter_transcript+otter_summary+mednote_stack+pathway; JAhRYbDDwDsC4em3dazDKyDw4gM:otter_transcript+otter_summary+mednote_stack+slides_claimed_elsewhere,resolve_identity_before_video_acquisition; prefer_PDF_first,pass3_availability=available_external; captions=not_checked; has_pdf_also=True
aosrd-webinars-197-92sBrfKcyfE,AOSRD_Clearfield,aosrd_webinars_youtube,"Oxytocin to Treat Chronic Disease-Part 2 with Dr. Salaheldin Halasa – December 27, 2022(Video)",oxytocin to treat chronic disease part 2 with dr salaheldin halasa december 27 2022 video,aosrd-webinars-197-92sBrfKcyfE,variant_derivative,EqC6yd4bQDKMl2mpzPURPZu-_Pc;3BvIJDrhEXHdWPee7Ztw2x6EmdE;Zxy20R1uant_QctiZutXLSt-Q-E;b2H7gyjRNmbN0l62XtCzeLPovDE;SdzXWjorAW2NkmSfJoC1PdOzwAE,2024-10-08;2025-12-10;2025-03-25;2025-06-24;2025-05-20,Research/lectures/clearfield-webinar-2024-10-08;Research/lectures/clearfield-webinar-2025-12-10;Research/lectures/clearfield-webinar-2025-03-25;Research/lectures/clearfield-webinar-2025-06-24;Research/lectures/clearfield-webinar-2025-05-20,AOSRD_PDF,https://aosrd.org/oxytocin-utilization-in-chronic-disease-management-with-dr-salaheldin-halasa/,yes,2,low,2,low,medium,medium,medium,low,moderate,CONDITIONAL_ACQUIRE,Pass 1 relationship is variant_derivative only. PDF is a low-cost artifact that could help resolve identity against Otter candidates and/or add slides if the match is later confirmed. Acquire only as an identity-resolution / enrichment step — not as confirmed new knowledge.,Identity-resolution evidence plus possible visual/source material.,EqC6yd4bQDKMl2mpzPURPZu-_Pc:otter_transcript+otter_summary+mednote_stack; 3BvIJDrhEXHdWPee7Ztw2x6EmdE:otter_transcript+otter_summary+mednote_stack+slides_claimed_elsewhere; Zxy20R1uant_QctiZutXLSt-Q-E:otter_transcript+otter_summary+mednote_stack+slides_claimed_elsewhere; b2H7gyjRNmbN0l62XtCzeLPovDE:otter_transcript+otter_summary+mednote_stack+slides_claimed_elsewhere; SdzXWjorAW2NkmSfJoC1PdOzwAE:otter_transcript+otter_summary+mednote_stack+slides_claimed_elsewhere,purpose=identity_resolution; confirm human intent before acquire; do not treat as confirmed same-session until reviewed,pdf_role=identity_resolution_candidate; pass3_pdf_availability=available_external; pass1_rel=possible_existing_session_representation
aosrd-webinars-197-92sBrfKcyfE,AOSRD_Clearfield,aosrd_webinars_youtube,"Oxytocin to Treat Chronic Disease-Part 2 with Dr. Salaheldin Halasa – December 27, 2022(Video)",oxytocin to treat chronic disease part 2 with dr salaheldin halasa december 27 2022 video,aosrd-webinars-197-92sBrfKcyfE,variant_derivative,EqC6yd4bQDKMl2mpzPURPZu-_Pc;3BvIJDrhEXHdWPee7Ztw2x6EmdE;Zxy20R1uant_QctiZutXLSt-Q-E;b2H7gyjRNmbN0l62XtCzeLPovDE;SdzXWjorAW2NkmSfJoC1PdOzwAE,2024-10-08;2025-12-10;2025-03-25;2025-06-24;2025-05-20,Research/lectures/clearfield-webinar-2024-10-08;Research/lectures/clearfield-webinar-2025-12-10;Research/lectures/clearfield-webinar-2025-03-25;Research/lectures/clearfield-webinar-2025-06-24;Research/lectures/clearfield-webinar-2025-05-20,YouTube_video,https://youtu.be/92sBrfKcyfE,yes,1,low,1,very_high,high,low,low,high,poor,DEFER_IDENTITY_UNRESOLVED,Pass 1 match is only variant_derivative. Video acquisition/processing is expensive and captions are unverified. Resolve identity first; preferably via the low-cost companion PDF before considering video.,Unclear until identity is resolved; may largely duplicate Otter text.,EqC6yd4bQDKMl2mpzPURPZu-_Pc:otter_transcript+otter_summary+mednote_stack; 3BvIJDrhEXHdWPee7Ztw2x6EmdE:otter_transcript+otter_summary+mednote_stack+slides_claimed_elsewhere; Zxy20R1uant_QctiZutXLSt-Q-E:otter_transcript+otter_summary+mednote_stack+slides_claimed_elsewhere; b2H7gyjRNmbN0l62XtCzeLPovDE:otter_transcript+otter_summary+mednote_stack+slides_claimed_elsewhere; SdzXWjorAW2NkmSfJoC1PdOzwAE:otter_transcript+otter_summary+mednote_stack+slides_claimed_elsewhere,resolve_identity_before_video_acquisition; prefer_PDF_first,pass3_availability=available_external; captions=not_checked; has_pdf_also=True
aosrd-webinars-198-fwLHIoDOipY,AOSRD_Clearfield,aosrd_webinars_youtube,"The Role of Nutrition and Prevention – December 20, 2022(Video)",the role of nutrition and prevention december 20 2022 video,aosrd-webinars-198-fwLHIoDOipY,no_match,,,,AOSRD_PDF,https://aosrd.org/wp-content/uploads/2022/12/The-Role-of-Nutrition-and-Prevention-1.pdf,no,4,unresolved,3,low,low,medium,medium,low,exceptional,ACQUIRE_CANDIDATE,AOSRD PDF is externally available and Pass 1 found no reasonable Otter candidate (potentially_new_session — not a confirmed new lecture). Low-cost text/visual source that could add a session representation absent from the current 98-session Otter corpus.,PDF lecture notes/slides/figures/references for a source without an Otter packet match.,catalog_record_and_URL_only,,pdf_role=potentially_new_source; pass3_pdf_availability=available_external; pass1_rel=potentially_new_session
aosrd-webinars-198-fwLHIoDOipY,AOSRD_Clearfield,aosrd_webinars_youtube,"The Role of Nutrition and Prevention – December 20, 2022(Video)",the role of nutrition and prevention december 20 2022 video,aosrd-webinars-198-fwLHIoDOipY,no_match,,,,YouTube_video,https://youtu.be/fwLHIoDOipY,no,2,unresolved,2,very_high,low,medium,low,very_high,weak,DEFER_EXPENSIVE_VIDEO,Pass 1 has no Otter candidate (potentially_new_session — not confirmed new). A companion AOSRD PDF is externally available and is the preferable low-cost text/visual acquisition path. Video captions are unverified; defer expensive video unless a later authorized pass shows a specific AV-only gap after PDF review.,Possibly a session absent from Otter — but only after expensive AV processing with unverified captions.,catalog_and_external_URL;+external_PDF_candidate,verify_captions_or_prefer_PDF_before_any_video_acquire; not_a_confirmed_new_lecture,pass3_availability=available_external; captions=not_checked; has_pdf_also=True; pot=potentially_new_session
aosrd-webinars-199-GpYX1_vmLFI,AOSRD_Clearfield,aosrd_webinars_youtube,"Fracture Proof Your Bones-A Comprehensive Guide to Osteoporosis with Dr. John Neustadt – December 14, 2022(Video)",fracture proof your bones a comprehensive guide to osteoporosis with dr john neustadt december 14 2022 video,aosrd-webinars-199-GpYX1_vmLFI,possible,y59a2fEx8UgOiThJHr1w-HcQc1U;GH57wayNAp6iLAYz_3IRSsC5few,2024-08-20;2026-01-07,Research/lectures/clearfield-webinar-2024-08-20;Research/lectures/clearfield-webinar-2026-01-07,AOSRD_PDF,https://aosrd.org/fracture-proof-your-bones-a-comprehensive-guide-to-osteoporosis-with-dr-john-neustadt/,yes,2,low,2,low,medium,medium,medium,low,moderate,CONDITIONAL_ACQUIRE,Pass 1 relationship is possible only. PDF is a low-cost artifact that could help resolve identity against Otter candidates and/or add slides if the match is later confirmed. Acquire only as an identity-resolution / enrichment step — not as confirmed new knowledge.,Identity-resolution evidence plus possible visual/source material.,y59a2fEx8UgOiThJHr1w-HcQc1U:otter_transcript+otter_summary+mednote_stack; GH57wayNAp6iLAYz_3IRSsC5few:otter_transcript+otter_summary+mednote_stack+slides_claimed_elsewhere,purpose=identity_resolution; confirm human intent before acquire; do not treat as confirmed same-session until reviewed,pdf_role=identity_resolution_candidate; pass3_pdf_availability=available_external; pass1_rel=possible_existing_session_representation
aosrd-webinars-199-GpYX1_vmLFI,AOSRD_Clearfield,aosrd_webinars_youtube,"Fracture Proof Your Bones-A Comprehensive Guide to Osteoporosis with Dr. John Neustadt – December 14, 2022(Video)",fracture proof your bones a comprehensive guide to osteoporosis with dr john neustadt december 14 2022 video,aosrd-webinars-199-GpYX1_vmLFI,possible,y59a2fEx8UgOiThJHr1w-HcQc1U;GH57wayNAp6iLAYz_3IRSsC5few,2024-08-20;2026-01-07,Research/lectures/clearfield-webinar-2024-08-20;Research/lectures/clearfield-webinar-2026-01-07,YouTube_video,https://youtu.be/GpYX1_vmLFI,yes,1,low,1,very_high,high,low,low,high,poor,DEFER_IDENTITY_UNRESOLVED,Pass 1 match is only possible. Video acquisition/processing is expensive and captions are unverified. Resolve identity first; preferably via the low-cost companion PDF before considering video.,Unclear until identity is resolved; may largely duplicate Otter text.,y59a2fEx8UgOiThJHr1w-HcQc1U:otter_transcript+otter_summary+mednote_stack; GH57wayNAp6iLAYz_3IRSsC5few:otter_transcript+otter_summary+mednote_stack+slides_claimed_elsewhere,resolve_identity_before_video_acquisition; prefer_PDF_first,pass3_availability=available_external; captions=not_checked; has_pdf_also=True
aosrd-webinars-200-8vtxAVALprY,AOSRD_Clearfield,aosrd_webinars_youtube,"Integrative Psychiatry, Neurofeedback, and the Treatment Resistant Patient with Dr. John Finnick – December 6, 2022(Video)",integrative psychiatry neurofeedback and the treatment resistant patient with dr john finnick december 6 2022 video,aosrd-webinars-200-8vtxAVALprY,no_match,,,,AOSRD_PDF,https://aosrd.org/integrative-psychiatry-neurofeedback-and-the-treatment-resistant-patient-with-dr-john-finnick/,no,4,unresolved,3,low,low,medium,medium,low,exceptional,ACQUIRE_CANDIDATE,AOSRD PDF is externally available and Pass 1 found no reasonable Otter candidate (potentially_new_session — not a confirmed new lecture). Low-cost text/visual source that could add a session representation absent from the current 98-session Otter corpus.,PDF lecture notes/slides/figures/references for a source without an Otter packet match.,catalog_record_and_URL_only,,pdf_role=potentially_new_source; pass3_pdf_availability=available_external; pass1_rel=potentially_new_session
aosrd-webinars-200-8vtxAVALprY,AOSRD_Clearfield,aosrd_webinars_youtube,"Integrative Psychiatry, Neurofeedback, and the Treatment Resistant Patient with Dr. John Finnick – December 6, 2022(Video)",integrative psychiatry neurofeedback and the treatment resistant patient with dr john finnick december 6 2022 video,aosrd-webinars-200-8vtxAVALprY,no_match,,,,YouTube_video,https://youtu.be/8vtxAVALprY,no,2,unresolved,2,very_high,low,medium,low,very_high,weak,DEFER_EXPENSIVE_VIDEO,Pass 1 has no Otter candidate (potentially_new_session — not confirmed new). A companion AOSRD PDF is externally available and is the preferable low-cost text/visual acquisition path. Video captions are unverified; defer expensive video unless a later authorized pass shows a specific AV-only gap after PDF review.,Possibly a session absent from Otter — but only after expensive AV processing with unverified captions.,catalog_and_external_URL;+external_PDF_candidate,verify_captions_or_prefer_PDF_before_any_video_acquire; not_a_confirmed_new_lecture,pass3_availability=available_external; captions=not_checked; has_pdf_also=True; pot=potentially_new_session
aosrd-webinars-201-8blzjFv9r8I,AOSRD_Clearfield,aosrd_webinars_youtube,"Osteopathic Manipulation in Treating Pain, and Substance Abuse – November 29, 2022(Video)",osteopathic manipulation in treating pain and substance abuse november 29 2022 video,aosrd-webinars-201-8blzjFv9r8I,no_match,,,,AOSRD_PDF,https://aosrd.org/osteopathic-manipulation-in-pain-and-substance-abuse/,no,4,unresolved,3,low,low,medium,medium,low,exceptional,ACQUIRE_CANDIDATE,AOSRD PDF is externally available and Pass 1 found no reasonable Otter candidate (potentially_new_session — not a confirmed new lecture). Low-cost text/visual source that could add a session representation absent from the current 98-session Otter corpus.,PDF lecture notes/slides/figures/references for a source without an Otter packet match.,catalog_record_and_URL_only,,pdf_role=potentially_new_source; pass3_pdf_availability=available_external; pass1_rel=potentially_new_session
aosrd-webinars-201-8blzjFv9r8I,AOSRD_Clearfield,aosrd_webinars_youtube,"Osteopathic Manipulation in Treating Pain, and Substance Abuse – November 29, 2022(Video)",osteopathic manipulation in treating pain and substance abuse november 29 2022 video,aosrd-webinars-201-8blzjFv9r8I,no_match,,,,YouTube_video,https://youtu.be/8blzjFv9r8I,no,2,unresolved,2,very_high,low,medium,low,very_high,weak,DEFER_EXPENSIVE_VIDEO,Pass 1 has no Otter candidate (potentially_new_session — not confirmed new). A companion AOSRD PDF is externally available and is the preferable low-cost text/visual acquisition path. Video captions are unverified; defer expensive video unless a later authorized pass shows a specific AV-only gap after PDF review.,Possibly a session absent from Otter — but only after expensive AV processing with unverified captions.,catalog_and_external_URL;+external_PDF_candidate,verify_captions_or_prefer_PDF_before_any_video_acquire; not_a_confirmed_new_lecture,pass3_availability=available_external; captions=not_checked; has_pdf_also=True; pot=potentially_new_session
aosrd-webinars-202-x6BIrL8qmzk,AOSRD_Clearfield,aosrd_webinars_youtube,"Oxytocin Utilization in Chronic Disease Management with Dr. Salaheldin Halasa – November 23, 2022(Video)",oxytocin utilization in chronic disease management with dr salaheldin halasa november 23 2022 video,aosrd-webinars-202-x6BIrL8qmzk,possible,GUt4yZgCp4lNVboAnJBHNMsHO7A;EqC6yd4bQDKMl2mpzPURPZu-_Pc,2025-05-06;2024-10-08,Research/lectures/clearfield-webinar-2025-05-06;Research/lectures/clearfield-webinar-2024-10-08,AOSRD_PDF,https://aosrd.org/oxytocin-utilization-in-chronic-disease-management-with-dr-salaheldin-halasa/,yes,2,low,2,low,medium,medium,medium,low,moderate,CONDITIONAL_ACQUIRE,Pass 1 relationship is possible only. PDF is a low-cost artifact that could help resolve identity against Otter candidates and/or add slides if the match is later confirmed. Acquire only as an identity-resolution / enrichment step — not as confirmed new knowledge.,Identity-resolution evidence plus possible visual/source material.,GUt4yZgCp4lNVboAnJBHNMsHO7A:otter_transcript+otter_summary+mednote_stack+slides_claimed_elsewhere; EqC6yd4bQDKMl2mpzPURPZu-_Pc:otter_transcript+otter_summary+mednote_stack,purpose=identity_resolution; confirm human intent before acquire; do not treat as confirmed same-session until reviewed,pdf_role=identity_resolution_candidate; pass3_pdf_availability=available_external; pass1_rel=possible_existing_session_representation
aosrd-webinars-202-x6BIrL8qmzk,AOSRD_Clearfield,aosrd_webinars_youtube,"Oxytocin Utilization in Chronic Disease Management with Dr. Salaheldin Halasa – November 23, 2022(Video)",oxytocin utilization in chronic disease management with dr salaheldin halasa november 23 2022 video,aosrd-webinars-202-x6BIrL8qmzk,possible,GUt4yZgCp4lNVboAnJBHNMsHO7A;EqC6yd4bQDKMl2mpzPURPZu-_Pc,2025-05-06;2024-10-08,Research/lectures/clearfield-webinar-2025-05-06;Research/lectures/clearfield-webinar-2024-10-08,YouTube_video,https://youtu.be/x6BIrL8qmzk,yes,1,low,1,very_high,high,low,low,high,poor,DEFER_IDENTITY_UNRESOLVED,Pass 1 match is only possible. Video acquisition/processing is expensive and captions are unverified. Resolve identity first; preferably via the low-cost companion PDF before considering video.,Unclear until identity is resolved; may largely duplicate Otter text.,GUt4yZgCp4lNVboAnJBHNMsHO7A:otter_transcript+otter_summary+mednote_stack+slides_claimed_elsewhere; EqC6yd4bQDKMl2mpzPURPZu-_Pc:otter_transcript+otter_summary+mednote_stack,resolve_identity_before_video_acquisition; prefer_PDF_first,pass3_availability=available_external; captions=not_checked; has_pdf_also=True
aosrd-webinars-203-4u_3c_lFUzs,AOSRD_Clearfield,aosrd_webinars_youtube,"Type-1 Diabetes Outcomes, Therapies, and Future Innovations with Dr. Andrew Koutnik – November 8, 2022(Video)",type 1 diabetes outcomes therapies and future innovations with dr andrew koutnik november 8 2022 video,aosrd-webinars-203-4u_3c_lFUzs,possible,j3HjVUuBV5gnR4KrCUuXOZEnPm0,2025-10-14,Research/lectures/clearfield-webinar-2025-10-14,AOSRD_PDF,https://aosrd.org/type-1-diabetes-outcomes-therapies-and-future-innovations-with-dr-andrew-koutnik/,yes,2,low,2,low,medium,medium,medium,low,moderate,CONDITIONAL_ACQUIRE,Pass 1 relationship is possible only. PDF is a low-cost artifact that could help resolve identity against Otter candidates and/or add slides if the match is later confirmed. Acquire only as an identity-resolution / enrichment step — not as confirmed new knowledge.,Identity-resolution evidence plus possible visual/source material.,j3HjVUuBV5gnR4KrCUuXOZEnPm0:otter_transcript+otter_summary+mednote_stack+slides_claimed_elsewhere,purpose=identity_resolution; confirm human intent before acquire; do not treat as confirmed same-session until reviewed,pdf_role=identity_resolution_candidate; pass3_pdf_availability=available_external; pass1_rel=possible_existing_session_representation
aosrd-webinars-203-4u_3c_lFUzs,AOSRD_Clearfield,aosrd_webinars_youtube,"Type-1 Diabetes Outcomes, Therapies, and Future Innovations with Dr. Andrew Koutnik – November 8, 2022(Video)",type 1 diabetes outcomes therapies and future innovations with dr andrew koutnik november 8 2022 video,aosrd-webinars-203-4u_3c_lFUzs,possible,j3HjVUuBV5gnR4KrCUuXOZEnPm0,2025-10-14,Research/lectures/clearfield-webinar-2025-10-14,YouTube_video,https://youtu.be/4u_3c_lFUzs,yes,1,low,1,very_high,high,low,low,high,poor,DEFER_IDENTITY_UNRESOLVED,Pass 1 match is only possible. Video acquisition/processing is expensive and captions are unverified. Resolve identity first; preferably via the low-cost companion PDF before considering video.,Unclear until identity is resolved; may largely duplicate Otter text.,j3HjVUuBV5gnR4KrCUuXOZEnPm0:otter_transcript+otter_summary+mednote_stack+slides_claimed_elsewhere,resolve_identity_before_video_acquisition; prefer_PDF_first,pass3_availability=available_external; captions=not_checked; has_pdf_also=True
aosrd-webinars-204-Qy2mrgSpVNg,AOSRD_Clearfield,aosrd_webinars_youtube,"The Positive Side of the Plummeting Health Index in America with Dr. Mark Lafferty – November 1, 2022(Video)",the positive side of the plummeting health index in america with dr mark lafferty november 1 2022 video,aosrd-webinars-204-Qy2mrgSpVNg,possible,qwUT3cyV7gYvn34XQtrA84mAbiI;P1FgRy3FvTrrNYsXISdsJKJeiEg;Zxy20R1uant_QctiZutXLSt-Q-E,2024-11-20;2024-11-06;2025-03-25,Research/lectures/clearfield-webinar-2024-11-20;Research/lectures/clearfield-webinar-2024-11-06;Research/lectures/clearfield-webinar-2025-03-25,AOSRD_PDF,https://aosrd.org/the-positive-side-of-the-plummeting-health-index-in-america/,yes,2,low,2,low,medium,medium,medium,low,moderate,CONDITIONAL_ACQUIRE,Pass 1 relationship is possible only. PDF is a low-cost artifact that could help resolve identity against Otter candidates and/or add slides if the match is later confirmed. Acquire only as an identity-resolution / enrichment step — not as confirmed new knowledge.,Identity-resolution evidence plus possible visual/source material.,qwUT3cyV7gYvn34XQtrA84mAbiI:otter_transcript+otter_summary+mednote_stack+slides_claimed_elsewhere; P1FgRy3FvTrrNYsXISdsJKJeiEg:otter_transcript+otter_summary+mednote_stack+slides_claimed_elsewhere; Zxy20R1uant_QctiZutXLSt-Q-E:otter_transcript+otter_summary+mednote_stack+slides_claimed_elsewhere,purpose=identity_resolution; confirm human intent before acquire; do not treat as confirmed same-session until reviewed,pdf_role=identity_resolution_candidate; pass3_pdf_availability=available_external; pass1_rel=possible_existing_session_representation
aosrd-webinars-204-Qy2mrgSpVNg,AOSRD_Clearfield,aosrd_webinars_youtube,"The Positive Side of the Plummeting Health Index in America with Dr. Mark Lafferty – November 1, 2022(Video)",the positive side of the plummeting health index in america with dr mark lafferty november 1 2022 video,aosrd-webinars-204-Qy2mrgSpVNg,possible,qwUT3cyV7gYvn34XQtrA84mAbiI;P1FgRy3FvTrrNYsXISdsJKJeiEg;Zxy20R1uant_QctiZutXLSt-Q-E,2024-11-20;2024-11-06;2025-03-25,Research/lectures/clearfield-webinar-2024-11-20;Research/lectures/clearfield-webinar-2024-11-06;Research/lectures/clearfield-webinar-2025-03-25,YouTube_video,https://youtu.be/Qy2mrgSpVNg,yes,1,low,1,very_high,high,low,low,high,poor,DEFER_IDENTITY_UNRESOLVED,Pass 1 match is only possible. Video acquisition/processing is expensive and captions are unverified. Resolve identity first; preferably via the low-cost companion PDF before considering video.,Unclear until identity is resolved; may largely duplicate Otter text.,qwUT3cyV7gYvn34XQtrA84mAbiI:otter_transcript+otter_summary+mednote_stack+slides_claimed_elsewhere; P1FgRy3FvTrrNYsXISdsJKJeiEg:otter_transcript+otter_summary+mednote_stack+slides_claimed_elsewhere; Zxy20R1uant_QctiZutXLSt-Q-E:otter_transcript+otter_summary+mednote_stack+slides_claimed_elsewhere,resolve_identity_before_video_acquisition; prefer_PDF_first,pass3_availability=available_external; captions=not_checked; has_pdf_also=True
aosrd-webinars-205-no_id,AOSRD_Clearfield,aosrd_webinars_vimeo,"Prostate Community Trial A Global Community Trial for the Treatment of Prostate Enlargement and Prostate Cancer with Stefan Hartmann PA-C and Manual – October 25, 2022(Video)",prostate community trial a global community trial for the treatment of prostate enlargement and prostate cancer with stefan hartmann pa c and manual october 25 2022 video,aosrd-webinars-205-no_id,,,,,AOSRD_PDF,https://aosrd.org/prostate-community-trial-a-global-community-trial-for-the-treatment-of-prostate-enlargement-and-prostate-cancer-with-stefan-hartmann-pa-c-and-manual/,no,2,unresolved,2,low,medium,unknown,unknown,low,unknown,HUMAN_REVIEW,PDF available externally but Pass 1 relationship class is missing/unclear; human review needed.,Unknown without identity context.,no,clarify Pass 1 relationship before acquisition authorization,pdf_role=unclear; pass3_pdf_availability=available_external; pass1_rel=unclear
aosrd-webinars-205-no_id,AOSRD_Clearfield,aosrd_webinars_vimeo,"Prostate Community Trial A Global Community Trial for the Treatment of Prostate Enlargement and Prostate Cancer with Stefan Hartmann PA-C and Manual – October 25, 2022(Video)",prostate community trial a global community trial for the treatment of prostate enlargement and prostate cancer with stefan hartmann pa c and manual october 25 2022 video,aosrd-webinars-205-no_id,,,,,Vimeo_video,https://vimeo.com/765242781,no,1,unresolved,1,very_high,medium,unknown,unknown,high,unknown,HUMAN_REVIEW,Video available but relationship/utility context is insufficient for an automated acquisition gate.,Unknown.,no,human_review_required,pass3_availability=available_external; captions=not_checked
aosrd-webinars-206-Inw1HrqQfaQ,AOSRD_Clearfield,aosrd_webinars_youtube,Intervegrated Interventional Radiology by Dr. Brian Evans (Video),intervegrated interventional radiology by dr brian evans video,aosrd-webinars-206-Inw1HrqQfaQ,no_match,,,,YouTube_video,https://youtu.be/Inw1HrqQfaQ,no,3,unresolved,2,very_high,low,medium,medium,very_high,poor,DEFER_EXPENSIVE_VIDEO,"Potentially new session relative to Otter corpus (Pass 1 no_match — not confirmed new), but representation is video-only with captions/transcript status not_checked. Acquisition would likely require download + transcription (very high effort) without a verified text route. Defer until caption availability can be verified without downloading, or until a cheaper text representation is found.",Possibly a session absent from Otter — but only after expensive AV processing with unverified captions.,catalog_and_external_URL,verify_captions_or_prefer_PDF_before_any_video_acquire; not_a_confirmed_new_lecture,pass3_availability=available_external; captions=not_checked; has_pdf_also=False; pot=potentially_new_session
aosrd-webinars-207-0cBElywMkUY,AOSRD_Clearfield,aosrd_webinars_youtube,"Plasmalogens, Brain Health, and Longevity-What Every Integrative and Osteopathic Physician Needs to Know by Dr. Dayan Goodenowe Tuesday October 11, 2022 (Video)",plasmalogens brain health and longevity what every integrative and osteopathic physician needs to know by dr dayan goodenowe tuesday october 11 2022 video,aosrd-webinars-207-0cBElywMkUY,possible,vjcply7K-rJtWMYGKgD39abIq9E;ZdpkFb1zUrwSD134tv35ZcrcaI8;HY-sCmihzh3EJ69WWVwlTT0Ri6s,2024-11-27;2025-07-29;2025-11-26,Research/lectures/clearfield-webinar-2024-11-27;Research/lectures/clearfield-webinar-2025-07-29;Research/lectures/clearfield-webinar-2025-11-26,AOSRD_PDF,https://aosrd.org/plasmalogens-brain-health-and-longevity-what-every-integrative-and-osteopathic-physician-needs-to-know-by-dr-dayan-goodenowe/,yes,2,low,2,low,medium,medium,medium,low,moderate,CONDITIONAL_ACQUIRE,Pass 1 relationship is possible only. PDF is a low-cost artifact that could help resolve identity against Otter candidates and/or add slides if the match is later confirmed. Acquire only as an identity-resolution / enrichment step — not as confirmed new knowledge.,Identity-resolution evidence plus possible visual/source material.,vjcply7K-rJtWMYGKgD39abIq9E:otter_transcript+otter_summary+mednote_stack+slides_claimed_elsewhere; ZdpkFb1zUrwSD134tv35ZcrcaI8:otter_transcript+otter_summary+mednote_stack+slides_claimed_elsewhere; HY-sCmihzh3EJ69WWVwlTT0Ri6s:otter_transcript+otter_summary+mednote_stack+slides_claimed_elsewhere,purpose=identity_resolution; confirm human intent before acquire; do not treat as confirmed same-session until reviewed,pdf_role=identity_resolution_candidate; pass3_pdf_availability=available_external; pass1_rel=possible_existing_session_representation
aosrd-webinars-207-0cBElywMkUY,AOSRD_Clearfield,aosrd_webinars_youtube,"Plasmalogens, Brain Health, and Longevity-What Every Integrative and Osteopathic Physician Needs to Know by Dr. Dayan Goodenowe Tuesday October 11, 2022 (Video)",plasmalogens brain health and longevity what every integrative and osteopathic physician needs to know by dr dayan goodenowe tuesday october 11 2022 video,aosrd-webinars-207-0cBElywMkUY,possible,vjcply7K-rJtWMYGKgD39abIq9E;ZdpkFb1zUrwSD134tv35ZcrcaI8;HY-sCmihzh3EJ69WWVwlTT0Ri6s,2024-11-27;2025-07-29;2025-11-26,Research/lectures/clearfield-webinar-2024-11-27;Research/lectures/clearfield-webinar-2025-07-29;Research/lectures/clearfield-webinar-2025-11-26,YouTube_video,https://youtu.be/0cBElywMkUY,yes,1,low,1,very_high,high,low,low,high,poor,DEFER_IDENTITY_UNRESOLVED,Pass 1 match is only possible. Video acquisition/processing is expensive and captions are unverified. Resolve identity first; preferably via the low-cost companion PDF before considering video.,Unclear until identity is resolved; may largely duplicate Otter text.,vjcply7K-rJtWMYGKgD39abIq9E:otter_transcript+otter_summary+mednote_stack+slides_claimed_elsewhere; ZdpkFb1zUrwSD134tv35ZcrcaI8:otter_transcript+otter_summary+mednote_stack+slides_claimed_elsewhere; HY-sCmihzh3EJ69WWVwlTT0Ri6s:otter_transcript+otter_summary+mednote_stack+slides_claimed_elsewhere,resolve_identity_before_video_acquisition; prefer_PDF_first,pass3_availability=available_external; captions=not_checked; has_pdf_also=True
aosrd-webinars-208-6jbaJncCJOY,AOSRD_Clearfield,aosrd_webinars_youtube,"Teaching Physician About Radon with Chris Kelly, Radon Program Officer, Universit of Nevada, Reno September 27, 2022 (Video)",teaching physician about radon with chris kelly radon program officer universit of nevada reno september 27 2022 video,aosrd-webinars-208-6jbaJncCJOY,possible,sLBIeA_Jmb8LAaQrgfDavdK3onA,2025-10-28,Research/lectures/clearfield-webinar-2025-10-28,YouTube_video,https://youtu.be/6jbaJncCJOY,yes,1,low,1,very_high,high,low,low,high,poor,DEFER_IDENTITY_UNRESOLVED,Pass 1 match is only possible. Video acquisition/processing is expensive and captions are unverified. Resolve identity first before considering video.,Unclear until identity is resolved; may largely duplicate Otter text.,sLBIeA_Jmb8LAaQrgfDavdK3onA:otter_transcript+otter_summary+mednote_stack+slides_claimed_elsewhere,resolve_identity_before_video_acquisition,pass3_availability=available_external; captions=not_checked; has_pdf_also=False
aosrd-webinars-209-728P3vA7hsU,AOSRD_Clearfield,aosrd_webinars_youtube,"Molds, Mycotoxins and the Brain-An Evidenced Based Presentation by Dr. Andrew Campbell (Video)",molds mycotoxins and the brain an evidenced based presentation by dr andrew campbell video,aosrd-webinars-209-728P3vA7hsU,possible,hFcw5MS7FSAuXJGFcnPHqL6j1gM;v3Md09l1C_mz3hrDPWngln5SYQw,2025-01-22;2025-09-09,Research/lectures/clearfield-webinar-2025-01-22;Research/lectures/clearfield-webinar-2025-09-09,AOSRD_PDF,https://aosrd.org/molds-mycotoxins-and-the-brain-an-evidenced-based-presentation-by-dr-andrew-campbell/,yes,2,low,2,low,medium,medium,medium,low,moderate,CONDITIONAL_ACQUIRE,Pass 1 relationship is possible only. PDF is a low-cost artifact that could help resolve identity against Otter candidates and/or add slides if the match is later confirmed. Acquire only as an identity-resolution / enrichment step — not as confirmed new knowledge.,Identity-resolution evidence plus possible visual/source material.,hFcw5MS7FSAuXJGFcnPHqL6j1gM:otter_transcript+otter_summary+mednote_stack+slides_claimed_elsewhere; v3Md09l1C_mz3hrDPWngln5SYQw:otter_transcript+otter_summary+mednote_stack+slides_claimed_elsewhere,purpose=identity_resolution; confirm human intent before acquire; do not treat as confirmed same-session until reviewed,pdf_role=identity_resolution_candidate; pass3_pdf_availability=available_external; pass1_rel=possible_existing_session_representation
aosrd-webinars-209-728P3vA7hsU,AOSRD_Clearfield,aosrd_webinars_youtube,"Molds, Mycotoxins and the Brain-An Evidenced Based Presentation by Dr. Andrew Campbell (Video)",molds mycotoxins and the brain an evidenced based presentation by dr andrew campbell video,aosrd-webinars-209-728P3vA7hsU,possible,hFcw5MS7FSAuXJGFcnPHqL6j1gM;v3Md09l1C_mz3hrDPWngln5SYQw,2025-01-22;2025-09-09,Research/lectures/clearfield-webinar-2025-01-22;Research/lectures/clearfield-webinar-2025-09-09,YouTube_video,https://youtu.be/728P3vA7hsU,yes,1,low,1,very_high,high,low,low,high,poor,DEFER_IDENTITY_UNRESOLVED,Pass 1 match is only possible. Video acquisition/processing is expensive and captions are unverified. Resolve identity first; preferably via the low-cost companion PDF before considering video.,Unclear until identity is resolved; may largely duplicate Otter text.,hFcw5MS7FSAuXJGFcnPHqL6j1gM:otter_transcript+otter_summary+mednote_stack+slides_claimed_elsewhere; v3Md09l1C_mz3hrDPWngln5SYQw:otter_transcript+otter_summary+mednote_stack+slides_claimed_elsewhere,resolve_identity_before_video_acquisition; prefer_PDF_first,pass3_availability=available_external; captions=not_checked; has_pdf_also=True
aosrd-webinars-210-cTMj6l8otsA,AOSRD_Clearfield,aosrd_webinars_youtube,Muscle Testing with Dr. Clyde Porter (Video),muscle testing with dr clyde porter video,aosrd-webinars-210-cTMj6l8otsA,no_match,,,,YouTube_video,https://www.youtube.com/watch?v=cTMj6l8otsA,no,3,unresolved,2,very_high,low,medium,medium,very_high,poor,DEFER_EXPENSIVE_VIDEO,"Potentially new session relative to Otter corpus (Pass 1 no_match — not confirmed new), but representation is video-only with captions/transcript status not_checked. Acquisition would likely require download + transcription (very high effort) without a verified text route. Defer until caption availability can be verified without downloading, or until a cheaper text representation is found.",Possibly a session absent from Otter — but only after expensive AV processing with unverified captions.,catalog_and_external_URL,verify_captions_or_prefer_PDF_before_any_video_acquire; not_a_confirmed_new_lecture,pass3_availability=available_external; captions=not_checked; has_pdf_also=False; pot=potentially_new_session
aosrd-webinars-211-xXkcEzAgITI,AOSRD_Clearfield,aosrd_webinars_youtube,Brain Omega-The Connection Between Vision and Cognition by Dr. Michael Nelson (Video),brain omega the connection between vision and cognition by dr michael nelson video,aosrd-webinars-211-xXkcEzAgITI,possible,ykfPBSHSL3meBk4yGojbTxMVIpA,2024-10-22,Research/lectures/clearfield-webinar-2024-10-22,YouTube_video,https://youtu.be/xXkcEzAgITI,yes,1,low,1,very_high,high,low,low,high,poor,DEFER_IDENTITY_UNRESOLVED,Pass 1 match is only possible. Video acquisition/processing is expensive and captions are unverified. Resolve identity first before considering video.,Unclear until identity is resolved; may largely duplicate Otter text.,ykfPBSHSL3meBk4yGojbTxMVIpA:otter_transcript+otter_summary+mednote_stack+slides_claimed_elsewhere,resolve_identity_before_video_acquisition,pass3_availability=available_external; captions=not_checked; has_pdf_also=False
aosrd-webinars-212-11lqZNd_70Q,AOSRD_Clearfield,aosrd_webinars_youtube,"Menopause, Hormones, and Brain Health wih Dr Felice Gersh (Video)",menopause hormones and brain health wih dr felice gersh video,aosrd-webinars-212-11lqZNd_70Q,possible,OL_Ukp1RYjVvnjsMHnF2eXCXDC8,2024-10-01,Research/lectures/clearfield-webinar-2024-10-01,YouTube_video,https://www.youtube.com/watch?v=11lqZNd_70Q,yes,1,low,1,very_high,high,low,low,high,poor,DEFER_IDENTITY_UNRESOLVED,Pass 1 match is only possible. Video acquisition/processing is expensive and captions are unverified. Resolve identity first before considering video.,Unclear until identity is resolved; may largely duplicate Otter text.,OL_Ukp1RYjVvnjsMHnF2eXCXDC8:otter_transcript+otter_summary+mednote_stack,resolve_identity_before_video_acquisition,pass3_availability=available_external; captions=not_checked; has_pdf_also=False
aosrd-webinars-213-npC7R8AeoV8,AOSRD_Clearfield,aosrd_webinars_youtube,Depression by Dr. Ron Centric (Video),depression by dr ron centric video,aosrd-webinars-213-npC7R8AeoV8,no_match,,,,YouTube_video,https://www.youtube.com/watch?v=npC7R8AeoV8,no,3,unresolved,2,very_high,low,medium,medium,very_high,poor,DEFER_EXPENSIVE_VIDEO,"Potentially new session relative to Otter corpus (Pass 1 no_match — not confirmed new), but representation is video-only with captions/transcript status not_checked. Acquisition would likely require download + transcription (very high effort) without a verified text route. Defer until caption availability can be verified without downloading, or until a cheaper text representation is found.",Possibly a session absent from Otter — but only after expensive AV processing with unverified captions.,catalog_and_external_URL,verify_captions_or_prefer_PDF_before_any_video_acquire; not_a_confirmed_new_lecture,pass3_availability=available_external; captions=not_checked; has_pdf_also=False; pot=potentially_new_session
aosrd-webinars-214-Zf7hlrZ7Ljo,AOSRD_Clearfield,aosrd_webinars_youtube,Gut-Brain Connection by Dr. Brad Watts (Video),gut brain connection by dr brad watts video,aosrd-webinars-214-Zf7hlrZ7Ljo,no_match,,,,AOSRD_PDF,https://aosrd.org/wp-content/uploads/2022/08/Clinical-Manifestations-on-Gut-Brain-Connections.pdf,no,4,unresolved,3,low,low,medium,medium,low,exceptional,ACQUIRE_CANDIDATE,AOSRD PDF is externally available and Pass 1 found no reasonable Otter candidate (potentially_new_session — not a confirmed new lecture). Low-cost text/visual source that could add a session representation absent from the current 98-session Otter corpus.,PDF lecture notes/slides/figures/references for a source without an Otter packet match.,catalog_record_and_URL_only,,pdf_role=potentially_new_source; pass3_pdf_availability=available_external; pass1_rel=potentially_new_session
aosrd-webinars-214-Zf7hlrZ7Ljo,AOSRD_Clearfield,aosrd_webinars_youtube,Gut-Brain Connection by Dr. Brad Watts (Video),gut brain connection by dr brad watts video,aosrd-webinars-214-Zf7hlrZ7Ljo,no_match,,,,YouTube_video,https://youtu.be/Zf7hlrZ7Ljo,no,2,unresolved,2,very_high,low,medium,low,very_high,weak,DEFER_EXPENSIVE_VIDEO,Pass 1 has no Otter candidate (potentially_new_session — not confirmed new). A companion AOSRD PDF is externally available and is the preferable low-cost text/visual acquisition path. Video captions are unverified; defer expensive video unless a later authorized pass shows a specific AV-only gap after PDF review.,Possibly a session absent from Otter — but only after expensive AV processing with unverified captions.,catalog_and_external_URL;+external_PDF_candidate,verify_captions_or_prefer_PDF_before_any_video_acquire; not_a_confirmed_new_lecture,pass3_availability=available_external; captions=not_checked; has_pdf_also=True; pot=potentially_new_session
aosrd-webinars-215-P0N8GWKt-VM,AOSRD_Clearfield,aosrd_webinars_youtube,Medical Cannibis for Chronic Pain-Hype or Reality by Dr. Mikhail Kogan (Video),medical cannibis for chronic pain hype or reality by dr mikhail kogan video,aosrd-webinars-215-P0N8GWKt-VM,no_match,,,,YouTube_video,https://youtu.be/P0N8GWKt-VM,no,3,unresolved,2,very_high,low,medium,medium,very_high,poor,DEFER_EXPENSIVE_VIDEO,"Potentially new session relative to Otter corpus (Pass 1 no_match — not confirmed new), but representation is video-only with captions/transcript status not_checked. Acquisition would likely require download + transcription (very high effort) without a verified text route. Defer until caption availability can be verified without downloading, or until a cheaper text representation is found.",Possibly a session absent from Otter — but only after expensive AV processing with unverified captions.,catalog_and_external_URL,verify_captions_or_prefer_PDF_before_any_video_acquire; not_a_confirmed_new_lecture,pass3_availability=available_external; captions=not_checked; has_pdf_also=False; pot=potentially_new_session
aosrd-webinars-216-aCTMwsJz6ZY,AOSRD_Clearfield,aosrd_webinars_youtube,Stress Devil or Angel by Dr Mikhail Berman (Video),stress devil or angel by dr mikhail berman video,aosrd-webinars-216-aCTMwsJz6ZY,no_match,,,,YouTube_video,https://youtu.be/aCTMwsJz6ZY,no,3,unresolved,2,very_high,low,medium,medium,very_high,poor,DEFER_EXPENSIVE_VIDEO,"Potentially new session relative to Otter corpus (Pass 1 no_match — not confirmed new), but representation is video-only with captions/transcript status not_checked. Acquisition would likely require download + transcription (very high effort) without a verified text route. Defer until caption availability can be verified without downloading, or until a cheaper text representation is found.",Possibly a session absent from Otter — but only after expensive AV processing with unverified captions.,catalog_and_external_URL,verify_captions_or_prefer_PDF_before_any_video_acquire; not_a_confirmed_new_lecture,pass3_availability=available_external; captions=not_checked; has_pdf_also=False; pot=potentially_new_session
aosrd-webinars-217-vNgGCNkgzTA,AOSRD_Clearfield,aosrd_webinars_youtube,Whole Body Detox by Bob Greska and Erica Kahn (Video),whole body detox by bob greska and erica kahn video,aosrd-webinars-217-vNgGCNkgzTA,possible,hxlUjPAXSClySIs4HN1P0CWe_Qk,2026-06-16,Research/lectures/clearfield-webinar-2026-06-16,YouTube_video,https://youtu.be/vNgGCNkgzTA,yes,1,low,1,very_high,high,low,low,high,poor,DEFER_IDENTITY_UNRESOLVED,Pass 1 match is only possible. Video acquisition/processing is expensive and captions are unverified. Resolve identity first before considering video.,Unclear until identity is resolved; may largely duplicate Otter text.,hxlUjPAXSClySIs4HN1P0CWe_Qk:otter_transcript+otter_summary+mednote_stack+slides_claimed_elsewhere,resolve_identity_before_video_acquisition,pass3_availability=available_external; captions=not_checked; has_pdf_also=False
aosrd-webinars-218-fCe8O3iWFJI,AOSRD_Clearfield,aosrd_webinars_youtube,Hashimoto’s Thyroiditis by Dr. Pam Smith. Date: 7/19/2022 (Video),hashimoto s thyroiditis by dr pam smith date 7 19 2022 video,aosrd-webinars-218-fCe8O3iWFJI,no_match,,,,YouTube_video,https://youtu.be/fCe8O3iWFJI,no,3,unresolved,2,very_high,low,medium,medium,very_high,poor,DEFER_EXPENSIVE_VIDEO,"Potentially new session relative to Otter corpus (Pass 1 no_match — not confirmed new), but representation is video-only with captions/transcript status not_checked. Acquisition would likely require download + transcription (very high effort) without a verified text route. Defer until caption availability can be verified without downloading, or until a cheaper text representation is found.",Possibly a session absent from Otter — but only after expensive AV processing with unverified captions.,catalog_and_external_URL,verify_captions_or_prefer_PDF_before_any_video_acquire; not_a_confirmed_new_lecture,pass3_availability=available_external; captions=not_checked; has_pdf_also=False; pot=potentially_new_session
aosrd-webinars-219-4w6nt-jqz4s,AOSRD_Clearfield,aosrd_webinars_youtube,The Importance of the Upper Cervical Spine The Atlas Orthogonal Perspective by Dr. Dennis Harding (Video),the importance of the upper cervical spine the atlas orthogonal perspective by dr dennis harding video,aosrd-webinars-219-4w6nt-jqz4s,no_match,,,,YouTube_video,https://youtu.be/4w6nt-jqz4s,no,3,unresolved,2,very_high,low,medium,medium,very_high,poor,DEFER_EXPENSIVE_VIDEO,"Potentially new session relative to Otter corpus (Pass 1 no_match — not confirmed new), but representation is video-only with captions/transcript status not_checked. Acquisition would likely require download + transcription (very high effort) without a verified text route. Defer until caption availability can be verified without downloading, or until a cheaper text representation is found.",Possibly a session absent from Otter — but only after expensive AV processing with unverified captions.,catalog_and_external_URL,verify_captions_or_prefer_PDF_before_any_video_acquire; not_a_confirmed_new_lecture,pass3_availability=available_external; captions=not_checked; has_pdf_also=False; pot=potentially_new_session
aosrd-webinars-220-SDvhsZzb6dk,AOSRD_Clearfield,aosrd_webinars_youtube,Micronutrients in Chronic Disease States by Dr. Kedar Prasad (Video),micronutrients in chronic disease states by dr kedar prasad video,aosrd-webinars-220-SDvhsZzb6dk,no_match,,,,YouTube_video,https://youtu.be/SDvhsZzb6dk,no,3,unresolved,2,very_high,low,medium,medium,very_high,poor,DEFER_EXPENSIVE_VIDEO,"Potentially new session relative to Otter corpus (Pass 1 no_match — not confirmed new), but representation is video-only with captions/transcript status not_checked. Acquisition would likely require download + transcription (very high effort) without a verified text route. Defer until caption availability can be verified without downloading, or until a cheaper text representation is found.",Possibly a session absent from Otter — but only after expensive AV processing with unverified captions.,catalog_and_external_URL,verify_captions_or_prefer_PDF_before_any_video_acquire; not_a_confirmed_new_lecture,pass3_availability=available_external; captions=not_checked; has_pdf_also=False; pot=potentially_new_session
aosrd-webinars-221-MmQQQCArvdc,AOSRD_Clearfield,aosrd_webinars_youtube,"Hashimoto’s Thyroiditis by Salaheldin Halasa, MD (Video)",hashimoto s thyroiditis by salaheldin halasa md video,aosrd-webinars-221-MmQQQCArvdc,possible,xg4V_A-L8_Ob1jKGBewDTtKzOWg;SdzXWjorAW2NkmSfJoC1PdOzwAE;b2H7gyjRNmbN0l62XtCzeLPovDE,2024-08-13;2025-05-20;2025-06-24,Research/lectures/clearfield-webinar-2024-08-13;Research/lectures/clearfield-webinar-2025-05-20;Research/lectures/clearfield-webinar-2025-06-24,YouTube_video,https://youtu.be/MmQQQCArvdc,yes,1,low,1,very_high,high,low,low,high,poor,DEFER_IDENTITY_UNRESOLVED,Pass 1 match is only possible. Video acquisition/processing is expensive and captions are unverified. Resolve identity first before considering video.,Unclear until identity is resolved; may largely duplicate Otter text.,xg4V_A-L8_Ob1jKGBewDTtKzOWg:otter_transcript+otter_summary+mednote_stack+pathway; SdzXWjorAW2NkmSfJoC1PdOzwAE:otter_transcript+otter_summary+mednote_stack+slides_claimed_elsewhere; b2H7gyjRNmbN0l62XtCzeLPovDE:otter_transcript+otter_summary+mednote_stack+slides_claimed_elsewhere,resolve_identity_before_video_acquisition,pass3_availability=available_external; captions=not_checked; has_pdf_also=False
aosrd-webinars-222-7VK4bSpD9t8,AOSRD_Clearfield,aosrd_webinars_youtube,Introduction to Bioidentical Hormones by Dr. William Clearfield (Video),introduction to bioidentical hormones by dr william clearfield video,aosrd-webinars-222-7VK4bSpD9t8,possible,OlXuXl73V1RAQ4bVYXoakDZMRnU,2026-04-07,Research/lectures/clearfield-webinar-2026-04-07,YouTube_video,https://youtu.be/7VK4bSpD9t8,yes,1,low,1,very_high,high,low,low,high,poor,DEFER_IDENTITY_UNRESOLVED,Pass 1 match is only possible. Video acquisition/processing is expensive and captions are unverified. Resolve identity first before considering video.,Unclear until identity is resolved; may largely duplicate Otter text.,OlXuXl73V1RAQ4bVYXoakDZMRnU:otter_transcript+otter_summary+mednote_stack+slides_claimed_elsewhere,resolve_identity_before_video_acquisition,pass3_availability=available_external; captions=not_checked; has_pdf_also=False
aosrd-webinars-223-YUkfwX92wGw,AOSRD_Clearfield,aosrd_webinars_youtube,Interleukin-6 The Key to Inflammation by Dr. James Joseph (Video),interleukin 6 the key to inflammation by dr james joseph video,aosrd-webinars-223-YUkfwX92wGw,possible,xg4V_A-L8_Ob1jKGBewDTtKzOWg;JAhRYbDDwDsC4em3dazDKyDw4gM,2024-08-13;2025-02-05,Research/lectures/clearfield-webinar-2024-08-13;Research/lectures/clearfield-webinar-2025-02-05,YouTube_video,https://youtu.be/YUkfwX92wGw,yes,1,low,1,very_high,high,low,low,high,poor,DEFER_IDENTITY_UNRESOLVED,Pass 1 match is only possible. Video acquisition/processing is expensive and captions are unverified. Resolve identity first before considering video.,Unclear until identity is resolved; may largely duplicate Otter text.,xg4V_A-L8_Ob1jKGBewDTtKzOWg:otter_transcript+otter_summary+mednote_stack+pathway; JAhRYbDDwDsC4em3dazDKyDw4gM:otter_transcript+otter_summary+mednote_stack+slides_claimed_elsewhere,resolve_identity_before_video_acquisition,pass3_availability=available_external; captions=not_checked; has_pdf_also=False
aosrd-webinars-224-qORv5ARtglk,AOSRD_Clearfield,aosrd_webinars_youtube,The Future of Biological Dentistry: Where Do We Go from Here? with Dr. Scott Chandler (Video),the future of biological dentistry where do we go from here with dr scott chandler video,aosrd-webinars-224-qORv5ARtglk,no_match,,,,AOSRD_PDF,https://aosrd.org/wp-content/uploads/2022/06/The-Future-of-Biological-Dentistry-by-Dr-Scott-Chandler.pdf,no,4,unresolved,3,low,low,medium,medium,low,exceptional,ACQUIRE_CANDIDATE,AOSRD PDF is externally available and Pass 1 found no reasonable Otter candidate (potentially_new_session — not a confirmed new lecture). Low-cost text/visual source that could add a session representation absent from the current 98-session Otter corpus.,PDF lecture notes/slides/figures/references for a source without an Otter packet match.,catalog_record_and_URL_only,,pdf_role=potentially_new_source; pass3_pdf_availability=available_external; pass1_rel=potentially_new_session
aosrd-webinars-224-qORv5ARtglk,AOSRD_Clearfield,aosrd_webinars_youtube,The Future of Biological Dentistry: Where Do We Go from Here? with Dr. Scott Chandler (Video),the future of biological dentistry where do we go from here with dr scott chandler video,aosrd-webinars-224-qORv5ARtglk,no_match,,,,YouTube_video,https://youtu.be/qORv5ARtglk,no,2,unresolved,2,very_high,low,medium,low,very_high,weak,DEFER_EXPENSIVE_VIDEO,Pass 1 has no Otter candidate (potentially_new_session — not confirmed new). A companion AOSRD PDF is externally available and is the preferable low-cost text/visual acquisition path. Video captions are unverified; defer expensive video unless a later authorized pass shows a specific AV-only gap after PDF review.,Possibly a session absent from Otter — but only after expensive AV processing with unverified captions.,catalog_and_external_URL;+external_PDF_candidate,verify_captions_or_prefer_PDF_before_any_video_acquire; not_a_confirmed_new_lecture,pass3_availability=available_external; captions=not_checked; has_pdf_also=True; pot=potentially_new_session
aosrd-webinars-225-UU98xo0Fl_s,AOSRD_Clearfield,aosrd_webinars_youtube,"Substance Abuse in OMT, PMR, and Pain Management Medicine with Dr. David Leszkovitz (Video)",substance abuse in omt pmr and pain management medicine with dr david leszkovitz video,aosrd-webinars-225-UU98xo0Fl_s,no_match,,,,YouTube_video,https://youtu.be/UU98xo0Fl_s,no,3,unresolved,2,very_high,low,medium,medium,very_high,poor,DEFER_EXPENSIVE_VIDEO,"Potentially new session relative to Otter corpus (Pass 1 no_match — not confirmed new), but representation is video-only with captions/transcript status not_checked. Acquisition would likely require download + transcription (very high effort) without a verified text route. Defer until caption availability can be verified without downloading, or until a cheaper text representation is found.",Possibly a session absent from Otter — but only after expensive AV processing with unverified captions.,catalog_and_external_URL,verify_captions_or_prefer_PDF_before_any_video_acquire; not_a_confirmed_new_lecture,pass3_availability=available_external; captions=not_checked; has_pdf_also=False; pot=potentially_new_session
aosrd-webinars-226-no_id,AOSRD_Clearfield,aosrd_webinars_vimeo,The Courage to Face Covid-19 By Dr. Peter Mccullough (Video),the courage to face covid 19 by dr peter mccullough video,aosrd-webinars-226-no_id,,,,,AOSRD_PDF,https://aosrd.org/the-courage-to-face-covid-with-dr-peter-mccullough-2/,no,2,unresolved,2,low,medium,unknown,unknown,low,unknown,HUMAN_REVIEW,PDF available externally but Pass 1 relationship class is missing/unclear; human review needed.,Unknown without identity context.,no,clarify Pass 1 relationship before acquisition authorization,pdf_role=unclear; pass3_pdf_availability=available_external; pass1_rel=unclear
aosrd-webinars-226-no_id,AOSRD_Clearfield,aosrd_webinars_vimeo,The Courage to Face Covid-19 By Dr. Peter Mccullough (Video),the courage to face covid 19 by dr peter mccullough video,aosrd-webinars-226-no_id,,,,,Vimeo_video,https://vimeo.com/714014007,no,1,unresolved,1,very_high,medium,unknown,unknown,high,unknown,HUMAN_REVIEW,Video available but relationship/utility context is insufficient for an automated acquisition gate.,Unknown.,no,human_review_required,pass3_availability=available_external; captions=not_checked
aosrd-webinars-227-FNuUgbmOf44,AOSRD_Clearfield,aosrd_webinars_youtube,Discovering the Path to Health by Dr. Mark Lafferty (Video),discovering the path to health by dr mark lafferty video,aosrd-webinars-227-FNuUgbmOf44,no_match,,,,YouTube_video,https://youtu.be/FNuUgbmOf44,no,3,unresolved,2,very_high,low,medium,medium,very_high,poor,DEFER_EXPENSIVE_VIDEO,"Potentially new session relative to Otter corpus (Pass 1 no_match — not confirmed new), but representation is video-only with captions/transcript status not_checked. Acquisition would likely require download + transcription (very high effort) without a verified text route. Defer until caption availability can be verified without downloading, or until a cheaper text representation is found.",Possibly a session absent from Otter — but only after expensive AV processing with unverified captions.,catalog_and_external_URL,verify_captions_or_prefer_PDF_before_any_video_acquire; not_a_confirmed_new_lecture,pass3_availability=available_external; captions=not_checked; has_pdf_also=False; pot=potentially_new_session
aosrd-webinars-228-YApM3jxDJuc,AOSRD_Clearfield,aosrd_webinars_youtube,The Role of Angiotensin-Converting Enzyme 2 in Sars-CoV 2 by Dr. Halasa,the role of angiotensin converting enzyme 2 in sars cov 2 by dr halasa,aosrd-webinars-228-YApM3jxDJuc,no_match,,,,YouTube_video,https://youtu.be/YApM3jxDJuc,no,3,unresolved,2,very_high,low,medium,medium,very_high,poor,DEFER_EXPENSIVE_VIDEO,"Potentially new session relative to Otter corpus (Pass 1 no_match — not confirmed new), but representation is video-only with captions/transcript status not_checked. Acquisition would likely require download + transcription (very high effort) without a verified text route. Defer until caption availability can be verified without downloading, or until a cheaper text representation is found.",Possibly a session absent from Otter — but only after expensive AV processing with unverified captions.,catalog_and_external_URL,verify_captions_or_prefer_PDF_before_any_video_acquire; not_a_confirmed_new_lecture,pass3_availability=available_external; captions=not_checked; has_pdf_also=False; pot=potentially_new_session
aosrd-webinars-229-no_id,AOSRD_Clearfield,aosrd_webinars_vimeo,Pathophysiologic Rationale for Early Treatment of COVID-19 with Dr. Peter McCoullough,pathophysiologic rationale for early treatment of covid 19 with dr peter mccoullough,aosrd-webinars-229-no_id,,,,,Vimeo_video,https://vimeo.com/708132620/fdbff70b66,no,1,unresolved,1,very_high,medium,unknown,unknown,high,unknown,HUMAN_REVIEW,Video available but relationship/utility context is insufficient for an automated acquisition gate.,Unknown.,no,human_review_required,pass3_availability=available_external; captions=not_checked
aosrd-webinars-230-P7DyhMvm0SA,AOSRD_Clearfield,aosrd_webinars_youtube,Anti-Aging Medicine with Dr. Mikhail Berman (Video),anti aging medicine with dr mikhail berman video,aosrd-webinars-230-P7DyhMvm0SA,no_match,,,,AOSRD_PDF,https://aosrd.org/anti-aging-medicine-with-dr-mikhail-berman/,no,4,unresolved,3,low,low,medium,medium,low,exceptional,ACQUIRE_CANDIDATE,AOSRD PDF is externally available and Pass 1 found no reasonable Otter candidate (potentially_new_session — not a confirmed new lecture). Low-cost text/visual source that could add a session representation absent from the current 98-session Otter corpus.,PDF lecture notes/slides/figures/references for a source without an Otter packet match.,catalog_record_and_URL_only,,pdf_role=potentially_new_source; pass3_pdf_availability=available_external; pass1_rel=potentially_new_session
aosrd-webinars-230-P7DyhMvm0SA,AOSRD_Clearfield,aosrd_webinars_youtube,Anti-Aging Medicine with Dr. Mikhail Berman (Video),anti aging medicine with dr mikhail berman video,aosrd-webinars-230-P7DyhMvm0SA,no_match,,,,YouTube_video,https://youtu.be/P7DyhMvm0SA,no,2,unresolved,2,very_high,low,medium,low,very_high,weak,DEFER_EXPENSIVE_VIDEO,Pass 1 has no Otter candidate (potentially_new_session — not confirmed new). A companion AOSRD PDF is externally available and is the preferable low-cost text/visual acquisition path. Video captions are unverified; defer expensive video unless a later authorized pass shows a specific AV-only gap after PDF review.,Possibly a session absent from Otter — but only after expensive AV processing with unverified captions.,catalog_and_external_URL;+external_PDF_candidate,verify_captions_or_prefer_PDF_before_any_video_acquire; not_a_confirmed_new_lecture,pass3_availability=available_external; captions=not_checked; has_pdf_also=True; pot=potentially_new_session
aosrd-webinars-231-HNjzfx3w6U4,AOSRD_Clearfield,aosrd_webinars_youtube,US Canada Hormone Conference Progesterone (Video),us canada hormone conference progesterone video,aosrd-webinars-231-HNjzfx3w6U4,no_match,,,,YouTube_video,https://youtu.be/HNjzfx3w6U4,no,3,unresolved,2,very_high,low,medium,medium,very_high,poor,DEFER_EXPENSIVE_VIDEO,"Potentially new session relative to Otter corpus (Pass 1 no_match — not confirmed new), but representation is video-only with captions/transcript status not_checked. Acquisition would likely require download + transcription (very high effort) without a verified text route. Defer until caption availability can be verified without downloading, or until a cheaper text representation is found.",Possibly a session absent from Otter — but only after expensive AV processing with unverified captions.,catalog_and_external_URL,verify_captions_or_prefer_PDF_before_any_video_acquire; not_a_confirmed_new_lecture,pass3_availability=available_external; captions=not_checked; has_pdf_also=False; pot=potentially_new_session
aosrd-webinars-232-rqFCphSMW1o,AOSRD_Clearfield,aosrd_webinars_youtube,Integrative Medicine and the Law by Judge Egan Walker (Video),integrative medicine and the law by judge egan walker video,aosrd-webinars-232-rqFCphSMW1o,no_match,,,,AOSRD_PDF,https://aosrd.org/integrative-medicine-and-the-law-by-judge-egan-walker/,no,4,unresolved,3,low,low,medium,medium,low,exceptional,ACQUIRE_CANDIDATE,AOSRD PDF is externally available and Pass 1 found no reasonable Otter candidate (potentially_new_session — not a confirmed new lecture). Low-cost text/visual source that could add a session representation absent from the current 98-session Otter corpus.,PDF lecture notes/slides/figures/references for a source without an Otter packet match.,catalog_record_and_URL_only,,pdf_role=potentially_new_source; pass3_pdf_availability=available_external; pass1_rel=potentially_new_session
aosrd-webinars-232-rqFCphSMW1o,AOSRD_Clearfield,aosrd_webinars_youtube,Integrative Medicine and the Law by Judge Egan Walker (Video),integrative medicine and the law by judge egan walker video,aosrd-webinars-232-rqFCphSMW1o,no_match,,,,YouTube_video,https://youtu.be/rqFCphSMW1o,no,2,unresolved,2,very_high,low,medium,low,very_high,weak,DEFER_EXPENSIVE_VIDEO,Pass 1 has no Otter candidate (potentially_new_session — not confirmed new). A companion AOSRD PDF is externally available and is the preferable low-cost text/visual acquisition path. Video captions are unverified; defer expensive video unless a later authorized pass shows a specific AV-only gap after PDF review.,Possibly a session absent from Otter — but only after expensive AV processing with unverified captions.,catalog_and_external_URL;+external_PDF_candidate,verify_captions_or_prefer_PDF_before_any_video_acquire; not_a_confirmed_new_lecture,pass3_availability=available_external; captions=not_checked; has_pdf_also=True; pot=potentially_new_session
aosrd-webinars-233-GFCg9tySvGI,AOSRD_Clearfield,aosrd_webinars_youtube,"New Horizons in Cancer Treatment by Kalapana Patel, MD (Video)",new horizons in cancer treatment by kalapana patel md video,aosrd-webinars-233-GFCg9tySvGI,no_match,,,,AOSRD_PDF,https://aosrd.org/new-horizons-in-cancer-treatment-kalapana-patel-md/,no,4,unresolved,3,low,low,medium,medium,low,exceptional,ACQUIRE_CANDIDATE,AOSRD PDF is externally available and Pass 1 found no reasonable Otter candidate (potentially_new_session — not a confirmed new lecture). Low-cost text/visual source that could add a session representation absent from the current 98-session Otter corpus.,PDF lecture notes/slides/figures/references for a source without an Otter packet match.,catalog_record_and_URL_only,,pdf_role=potentially_new_source; pass3_pdf_availability=available_external; pass1_rel=potentially_new_session
aosrd-webinars-233-GFCg9tySvGI,AOSRD_Clearfield,aosrd_webinars_youtube,"New Horizons in Cancer Treatment by Kalapana Patel, MD (Video)",new horizons in cancer treatment by kalapana patel md video,aosrd-webinars-233-GFCg9tySvGI,no_match,,,,YouTube_video,https://youtu.be/GFCg9tySvGI,no,2,unresolved,2,very_high,low,medium,low,very_high,weak,DEFER_EXPENSIVE_VIDEO,Pass 1 has no Otter candidate (potentially_new_session — not confirmed new). A companion AOSRD PDF is externally available and is the preferable low-cost text/visual acquisition path. Video captions are unverified; defer expensive video unless a later authorized pass shows a specific AV-only gap after PDF review.,Possibly a session absent from Otter — but only after expensive AV processing with unverified captions.,catalog_and_external_URL;+external_PDF_candidate,verify_captions_or_prefer_PDF_before_any_video_acquire; not_a_confirmed_new_lecture,pass3_availability=available_external; captions=not_checked; has_pdf_also=True; pot=potentially_new_session
aosrd-webinars-234-5xpAcQ8J7hE,AOSRD_Clearfield,aosrd_webinars_youtube,"Frequency Specific Microcurrent by Carol McMakin, MA,DC (Video)",frequency specific microcurrent by carol mcmakin ma dc video,aosrd-webinars-234-5xpAcQ8J7hE,no_match,,,,AOSRD_PDF,https://aosrd.org/frequency-specific-microcurrent-by-carol-mcmakin-madc/,no,4,unresolved,3,low,low,medium,medium,low,exceptional,ACQUIRE_CANDIDATE,AOSRD PDF is externally available and Pass 1 found no reasonable Otter candidate (potentially_new_session — not a confirmed new lecture). Low-cost text/visual source that could add a session representation absent from the current 98-session Otter corpus.,PDF lecture notes/slides/figures/references for a source without an Otter packet match.,catalog_record_and_URL_only,,pdf_role=potentially_new_source; pass3_pdf_availability=available_external; pass1_rel=potentially_new_session
aosrd-webinars-234-5xpAcQ8J7hE,AOSRD_Clearfield,aosrd_webinars_youtube,"Frequency Specific Microcurrent by Carol McMakin, MA,DC (Video)",frequency specific microcurrent by carol mcmakin ma dc video,aosrd-webinars-234-5xpAcQ8J7hE,no_match,,,,YouTube_video,https://youtu.be/5xpAcQ8J7hE,no,2,unresolved,2,very_high,low,medium,low,very_high,weak,DEFER_EXPENSIVE_VIDEO,Pass 1 has no Otter candidate (potentially_new_session — not confirmed new). A companion AOSRD PDF is externally available and is the preferable low-cost text/visual acquisition path. Video captions are unverified; defer expensive video unless a later authorized pass shows a specific AV-only gap after PDF review.,Possibly a session absent from Otter — but only after expensive AV processing with unverified captions.,catalog_and_external_URL;+external_PDF_candidate,verify_captions_or_prefer_PDF_before_any_video_acquire; not_a_confirmed_new_lecture,pass3_availability=available_external; captions=not_checked; has_pdf_also=True; pot=potentially_new_session
aosrd-webinars-235-4ErgdNqYbRc,AOSRD_Clearfield,aosrd_webinars_youtube,Integrative Immuno Oncology Part 2 by Dr. Salaheldin Halasa (Video),integrative immuno oncology part 2 by dr salaheldin halasa video,aosrd-webinars-235-4ErgdNqYbRc,variant_derivative,SdzXWjorAW2NkmSfJoC1PdOzwAE;b2H7gyjRNmbN0l62XtCzeLPovDE;JAhRYbDDwDsC4em3dazDKyDw4gM,2025-05-20;2025-06-24;2025-02-05,Research/lectures/clearfield-webinar-2025-05-20;Research/lectures/clearfield-webinar-2025-06-24;Research/lectures/clearfield-webinar-2025-02-05,AOSRD_PDF,https://aosrd.org/integrative-immuno-oncology-salaheldin-halasa-md/,yes,2,low,2,low,medium,medium,medium,low,moderate,CONDITIONAL_ACQUIRE,Pass 1 relationship is variant_derivative only. PDF is a low-cost artifact that could help resolve identity against Otter candidates and/or add slides if the match is later confirmed. Acquire only as an identity-resolution / enrichment step — not as confirmed new knowledge.,Identity-resolution evidence plus possible visual/source material.,SdzXWjorAW2NkmSfJoC1PdOzwAE:otter_transcript+otter_summary+mednote_stack+slides_claimed_elsewhere; b2H7gyjRNmbN0l62XtCzeLPovDE:otter_transcript+otter_summary+mednote_stack+slides_claimed_elsewhere; JAhRYbDDwDsC4em3dazDKyDw4gM:otter_transcript+otter_summary+mednote_stack+slides_claimed_elsewhere,purpose=identity_resolution; confirm human intent before acquire; do not treat as confirmed same-session until reviewed,pdf_role=identity_resolution_candidate; pass3_pdf_availability=available_external; pass1_rel=possible_existing_session_representation
aosrd-webinars-235-4ErgdNqYbRc,AOSRD_Clearfield,aosrd_webinars_youtube,Integrative Immuno Oncology Part 2 by Dr. Salaheldin Halasa (Video),integrative immuno oncology part 2 by dr salaheldin halasa video,aosrd-webinars-235-4ErgdNqYbRc,variant_derivative,SdzXWjorAW2NkmSfJoC1PdOzwAE;b2H7gyjRNmbN0l62XtCzeLPovDE;JAhRYbDDwDsC4em3dazDKyDw4gM,2025-05-20;2025-06-24;2025-02-05,Research/lectures/clearfield-webinar-2025-05-20;Research/lectures/clearfield-webinar-2025-06-24;Research/lectures/clearfield-webinar-2025-02-05,YouTube_video,https://youtu.be/4ErgdNqYbRc,yes,1,low,1,very_high,high,low,low,high,poor,DEFER_IDENTITY_UNRESOLVED,Pass 1 match is only variant_derivative. Video acquisition/processing is expensive and captions are unverified. Resolve identity first; preferably via the low-cost companion PDF before considering video.,Unclear until identity is resolved; may largely duplicate Otter text.,SdzXWjorAW2NkmSfJoC1PdOzwAE:otter_transcript+otter_summary+mednote_stack+slides_claimed_elsewhere; b2H7gyjRNmbN0l62XtCzeLPovDE:otter_transcript+otter_summary+mednote_stack+slides_claimed_elsewhere; JAhRYbDDwDsC4em3dazDKyDw4gM:otter_transcript+otter_summary+mednote_stack+slides_claimed_elsewhere,resolve_identity_before_video_acquisition; prefer_PDF_first,pass3_availability=available_external; captions=not_checked; has_pdf_also=True
aosrd-webinars-236-JdOL-00shnA,AOSRD_Clearfield,aosrd_webinars_youtube,"Chronic Fatigue Syndrome by Dr. Jacob Teitelbaum March 15, 2022 (Video)",chronic fatigue syndrome by dr jacob teitelbaum march 15 2022 video,aosrd-webinars-236-JdOL-00shnA,possible,eEDmdeOTNokKYKUadQuO_9gDjuo,2026-02-25,Research/lectures/clearfield-webinar-2026-02-25,AOSRD_PDF,https://aosrd.org/chronic-fatigue-syndrome/,yes,2,low,2,low,medium,medium,medium,low,moderate,CONDITIONAL_ACQUIRE,Pass 1 relationship is possible only. PDF is a low-cost artifact that could help resolve identity against Otter candidates and/or add slides if the match is later confirmed. Acquire only as an identity-resolution / enrichment step — not as confirmed new knowledge.,Identity-resolution evidence plus possible visual/source material.,eEDmdeOTNokKYKUadQuO_9gDjuo:otter_transcript+otter_summary+mednote_stack+slides_claimed_elsewhere,purpose=identity_resolution; confirm human intent before acquire; do not treat as confirmed same-session until reviewed,pdf_role=identity_resolution_candidate; pass3_pdf_availability=available_external; pass1_rel=possible_existing_session_representation
aosrd-webinars-236-JdOL-00shnA,AOSRD_Clearfield,aosrd_webinars_youtube,"Chronic Fatigue Syndrome by Dr. Jacob Teitelbaum March 15, 2022 (Video)",chronic fatigue syndrome by dr jacob teitelbaum march 15 2022 video,aosrd-webinars-236-JdOL-00shnA,possible,eEDmdeOTNokKYKUadQuO_9gDjuo,2026-02-25,Research/lectures/clearfield-webinar-2026-02-25,YouTube_video,https://youtu.be/JdOL-00shnA,yes,1,low,1,very_high,high,low,low,high,poor,DEFER_IDENTITY_UNRESOLVED,Pass 1 match is only possible. Video acquisition/processing is expensive and captions are unverified. Resolve identity first; preferably via the low-cost companion PDF before considering video.,Unclear until identity is resolved; may largely duplicate Otter text.,eEDmdeOTNokKYKUadQuO_9gDjuo:otter_transcript+otter_summary+mednote_stack+slides_claimed_elsewhere,resolve_identity_before_video_acquisition; prefer_PDF_first,pass3_availability=available_external; captions=not_checked; has_pdf_also=True
aosrd-webinars-237-p59K6kGBP-Y,AOSRD_Clearfield,aosrd_webinars_youtube,Integrative Immuno Oncology by Dr. Salaheldin Halasa (Video),integrative immuno oncology by dr salaheldin halasa video,aosrd-webinars-237-p59K6kGBP-Y,possible,b2H7gyjRNmbN0l62XtCzeLPovDE;SdzXWjorAW2NkmSfJoC1PdOzwAE,2025-06-24;2025-05-20,Research/lectures/clearfield-webinar-2025-06-24;Research/lectures/clearfield-webinar-2025-05-20,AOSRD_PDF,https://aosrd.org/integrative-immuno-oncology-salaheldin-halasa-md/,yes,2,low,2,low,medium,medium,medium,low,moderate,CONDITIONAL_ACQUIRE,Pass 1 relationship is possible only. PDF is a low-cost artifact that could help resolve identity against Otter candidates and/or add slides if the match is later confirmed. Acquire only as an identity-resolution / enrichment step — not as confirmed new knowledge.,Identity-resolution evidence plus possible visual/source material.,b2H7gyjRNmbN0l62XtCzeLPovDE:otter_transcript+otter_summary+mednote_stack+slides_claimed_elsewhere; SdzXWjorAW2NkmSfJoC1PdOzwAE:otter_transcript+otter_summary+mednote_stack+slides_claimed_elsewhere,purpose=identity_resolution; confirm human intent before acquire; do not treat as confirmed same-session until reviewed,pdf_role=identity_resolution_candidate; pass3_pdf_availability=available_external; pass1_rel=possible_existing_session_representation
aosrd-webinars-237-p59K6kGBP-Y,AOSRD_Clearfield,aosrd_webinars_youtube,Integrative Immuno Oncology by Dr. Salaheldin Halasa (Video),integrative immuno oncology by dr salaheldin halasa video,aosrd-webinars-237-p59K6kGBP-Y,possible,b2H7gyjRNmbN0l62XtCzeLPovDE;SdzXWjorAW2NkmSfJoC1PdOzwAE,2025-06-24;2025-05-20,Research/lectures/clearfield-webinar-2025-06-24;Research/lectures/clearfield-webinar-2025-05-20,YouTube_video,https://youtu.be/p59K6kGBP-Y,yes,1,low,1,very_high,high,low,low,high,poor,DEFER_IDENTITY_UNRESOLVED,Pass 1 match is only possible. Video acquisition/processing is expensive and captions are unverified. Resolve identity first; preferably via the low-cost companion PDF before considering video.,Unclear until identity is resolved; may largely duplicate Otter text.,b2H7gyjRNmbN0l62XtCzeLPovDE:otter_transcript+otter_summary+mednote_stack+slides_claimed_elsewhere; SdzXWjorAW2NkmSfJoC1PdOzwAE:otter_transcript+otter_summary+mednote_stack+slides_claimed_elsewhere,resolve_identity_before_video_acquisition; prefer_PDF_first,pass3_availability=available_external; captions=not_checked; has_pdf_also=True
aosrd-webinars-238-oMjTc20O6Ps,AOSRD_Clearfield,aosrd_webinars_youtube,What I Learned from the Osteopathic Masters-Dr. William Richwine (Video),what i learned from the osteopathic masters dr william richwine video,aosrd-webinars-238-oMjTc20O6Ps,no_match,,,,AOSRD_PDF,https://aosrd.org/wp-content/uploads/2022/03/What-I-learned-from-the-Osteopathic-Masters-and....-Richwine-William-final-2022.0301-pdf.pdf,no,4,unresolved,3,low,low,medium,medium,low,exceptional,ACQUIRE_CANDIDATE,AOSRD PDF is externally available and Pass 1 found no reasonable Otter candidate (potentially_new_session — not a confirmed new lecture). Low-cost text/visual source that could add a session representation absent from the current 98-session Otter corpus.,PDF lecture notes/slides/figures/references for a source without an Otter packet match.,catalog_record_and_URL_only,,pdf_role=potentially_new_source; pass3_pdf_availability=available_external; pass1_rel=potentially_new_session
aosrd-webinars-238-oMjTc20O6Ps,AOSRD_Clearfield,aosrd_webinars_youtube,What I Learned from the Osteopathic Masters-Dr. William Richwine (Video),what i learned from the osteopathic masters dr william richwine video,aosrd-webinars-238-oMjTc20O6Ps,no_match,,,,YouTube_video,https://youtu.be/oMjTc20O6Ps,no,2,unresolved,2,very_high,low,medium,low,very_high,weak,DEFER_EXPENSIVE_VIDEO,Pass 1 has no Otter candidate (potentially_new_session — not confirmed new). A companion AOSRD PDF is externally available and is the preferable low-cost text/visual acquisition path. Video captions are unverified; defer expensive video unless a later authorized pass shows a specific AV-only gap after PDF review.,Possibly a session absent from Otter — but only after expensive AV processing with unverified captions.,catalog_and_external_URL;+external_PDF_candidate,verify_captions_or_prefer_PDF_before_any_video_acquire; not_a_confirmed_new_lecture,pass3_availability=available_external; captions=not_checked; has_pdf_also=True; pot=potentially_new_session
aosrd-webinars-239-NsYPG3wCjiY,AOSRD_Clearfield,aosrd_webinars_youtube,Dermatology Review: Top Ten Chronic Conditions (Part 1) by Dr. Mike Boehmer (Video),dermatology review top ten chronic conditions part 1 by dr mike boehmer video,aosrd-webinars-239-NsYPG3wCjiY,no_match,,,,YouTube_video,https://www.youtube.com/watch?v=NsYPG3wCjiY,no,3,unresolved,2,very_high,low,medium,medium,very_high,poor,DEFER_EXPENSIVE_VIDEO,"Potentially new session relative to Otter corpus (Pass 1 no_match — not confirmed new), but representation is video-only with captions/transcript status not_checked. Acquisition would likely require download + transcription (very high effort) without a verified text route. Defer until caption availability can be verified without downloading, or until a cheaper text representation is found.",Possibly a session absent from Otter — but only after expensive AV processing with unverified captions.,catalog_and_external_URL,verify_captions_or_prefer_PDF_before_any_video_acquire; not_a_confirmed_new_lecture,pass3_availability=available_external; captions=not_checked; has_pdf_also=False; pot=potentially_new_session
aosrd-webinars-240-HThPoDCqANk,AOSRD_Clearfield,aosrd_webinars_youtube,Physician Burnout-A Real Problem and a Way Forward by Dr. Yusuf Erskine (Video),physician burnout a real problem and a way forward by dr yusuf erskine video,aosrd-webinars-240-HThPoDCqANk,no_match,,,,YouTube_video,https://youtu.be/HThPoDCqANk,no,3,unresolved,2,very_high,low,medium,medium,very_high,poor,DEFER_EXPENSIVE_VIDEO,"Potentially new session relative to Otter corpus (Pass 1 no_match — not confirmed new), but representation is video-only with captions/transcript status not_checked. Acquisition would likely require download + transcription (very high effort) without a verified text route. Defer until caption availability can be verified without downloading, or until a cheaper text representation is found.",Possibly a session absent from Otter — but only after expensive AV processing with unverified captions.,catalog_and_external_URL,verify_captions_or_prefer_PDF_before_any_video_acquire; not_a_confirmed_new_lecture,pass3_availability=available_external; captions=not_checked; has_pdf_also=False; pot=potentially_new_session
aosrd-webinars-241-nqr6cW4Gw_A,AOSRD_Clearfield,aosrd_webinars_youtube,Biological Dentistry by Dr. Scott Chandler (Video),biological dentistry by dr scott chandler video,aosrd-webinars-241-nqr6cW4Gw_A,no_match,,,,AOSRD_PDF,https://aosrd.org/wp-content/uploads/2022/06/The-Future-of-Biological-Dentistry-by-Dr-Scott-Chandler.pdf,no,4,unresolved,3,low,low,medium,medium,low,exceptional,ACQUIRE_CANDIDATE,AOSRD PDF is externally available and Pass 1 found no reasonable Otter candidate (potentially_new_session — not a confirmed new lecture). Low-cost text/visual source that could add a session representation absent from the current 98-session Otter corpus.,PDF lecture notes/slides/figures/references for a source without an Otter packet match.,catalog_record_and_URL_only,,pdf_role=potentially_new_source; pass3_pdf_availability=available_external; pass1_rel=potentially_new_session
aosrd-webinars-241-nqr6cW4Gw_A,AOSRD_Clearfield,aosrd_webinars_youtube,Biological Dentistry by Dr. Scott Chandler (Video),biological dentistry by dr scott chandler video,aosrd-webinars-241-nqr6cW4Gw_A,no_match,,,,YouTube_video,https://www.youtube.com/watch?v=nqr6cW4Gw_A,no,2,unresolved,2,very_high,low,medium,low,very_high,weak,DEFER_EXPENSIVE_VIDEO,Pass 1 has no Otter candidate (potentially_new_session — not confirmed new). A companion AOSRD PDF is externally available and is the preferable low-cost text/visual acquisition path. Video captions are unverified; defer expensive video unless a later authorized pass shows a specific AV-only gap after PDF review.,Possibly a session absent from Otter — but only after expensive AV processing with unverified captions.,catalog_and_external_URL;+external_PDF_candidate,verify_captions_or_prefer_PDF_before_any_video_acquire; not_a_confirmed_new_lecture,pass3_availability=available_external; captions=not_checked; has_pdf_also=True; pot=potentially_new_session
aosrd-webinars-242-tiIDS69FRkQ,AOSRD_Clearfield,aosrd_webinars_youtube,Pairing Nutrition with Regenerative Medicine by Dr. Brad Watts – Video,pairing nutrition with regenerative medicine by dr brad watts video,aosrd-webinars-242-tiIDS69FRkQ,possible,0pIRZSR5hLU8vZNbqCJ9pLpRE9M;hxlUjPAXSClySIs4HN1P0CWe_Qk,2025-03-05;2026-06-16,Research/lectures/clearfield-webinar-2025-03-05;Research/lectures/clearfield-webinar-2026-06-16,AOSRD_PDF,https://aosrd.org/pairing-nutrition-with-regenerative-medicine-by-dr-brad-watts/,yes,2,low,2,low,medium,medium,medium,low,moderate,CONDITIONAL_ACQUIRE,Pass 1 relationship is possible only. PDF is a low-cost artifact that could help resolve identity against Otter candidates and/or add slides if the match is later confirmed. Acquire only as an identity-resolution / enrichment step — not as confirmed new knowledge.,Identity-resolution evidence plus possible visual/source material.,0pIRZSR5hLU8vZNbqCJ9pLpRE9M:otter_transcript+otter_summary+mednote_stack+slides_claimed_elsewhere; hxlUjPAXSClySIs4HN1P0CWe_Qk:otter_transcript+otter_summary+mednote_stack+slides_claimed_elsewhere,purpose=identity_resolution; confirm human intent before acquire; do not treat as confirmed same-session until reviewed,pdf_role=identity_resolution_candidate; pass3_pdf_availability=available_external; pass1_rel=possible_existing_session_representation
aosrd-webinars-242-tiIDS69FRkQ,AOSRD_Clearfield,aosrd_webinars_youtube,Pairing Nutrition with Regenerative Medicine by Dr. Brad Watts – Video,pairing nutrition with regenerative medicine by dr brad watts video,aosrd-webinars-242-tiIDS69FRkQ,possible,0pIRZSR5hLU8vZNbqCJ9pLpRE9M;hxlUjPAXSClySIs4HN1P0CWe_Qk,2025-03-05;2026-06-16,Research/lectures/clearfield-webinar-2025-03-05;Research/lectures/clearfield-webinar-2026-06-16,YouTube_video,https://www.youtube.com/watch?v=tiIDS69FRkQ,yes,1,low,1,very_high,high,low,low,high,poor,DEFER_IDENTITY_UNRESOLVED,Pass 1 match is only possible. Video acquisition/processing is expensive and captions are unverified. Resolve identity first; preferably via the low-cost companion PDF before considering video.,Unclear until identity is resolved; may largely duplicate Otter text.,0pIRZSR5hLU8vZNbqCJ9pLpRE9M:otter_transcript+otter_summary+mednote_stack+slides_claimed_elsewhere; hxlUjPAXSClySIs4HN1P0CWe_Qk:otter_transcript+otter_summary+mednote_stack+slides_claimed_elsewhere,resolve_identity_before_video_acquisition; prefer_PDF_first,pass3_availability=available_external; captions=not_checked; has_pdf_also=True
aosrd-webinars-243-4b4B8KsuzqI,AOSRD_Clearfield,aosrd_webinars_youtube,"Homeostasis Hormesis and Chemical Sensitivity by Dr. Kalapala Patel January 25, 2022 -Video",homeostasis hormesis and chemical sensitivity by dr kalapala patel january 25 2022 video,aosrd-webinars-243-4b4B8KsuzqI,no_match,,,,YouTube_video,https://www.youtube.com/watch?v=4b4B8KsuzqI,no,3,unresolved,2,very_high,low,medium,medium,very_high,poor,DEFER_EXPENSIVE_VIDEO,"Potentially new session relative to Otter corpus (Pass 1 no_match — not confirmed new), but representation is video-only with captions/transcript status not_checked. Acquisition would likely require download + transcription (very high effort) without a verified text route. Defer until caption availability can be verified without downloading, or until a cheaper text representation is found.",Possibly a session absent from Otter — but only after expensive AV processing with unverified captions.,catalog_and_external_URL,verify_captions_or_prefer_PDF_before_any_video_acquire; not_a_confirmed_new_lecture,pass3_availability=available_external; captions=not_checked; has_pdf_also=False; pot=potentially_new_session
aosrd-webinars-244-DwiLCdt69H4,AOSRD_Clearfield,aosrd_webinars_youtube,"Solutions on Suicide January 18, 2022 by Joel Peterson -Video",solutions on suicide january 18 2022 by joel peterson video,aosrd-webinars-244-DwiLCdt69H4,possible,FbRyr7EkkewAoPTmXbK9DtUiA_Y,2024-09-24,Research/lectures/clearfield-webinar-2024-09-24,AOSRD_PDF,https://aosrd.org/solutions-on-suicide-january-18-2022-by-joel-peterson/,yes,2,low,2,low,medium,medium,medium,low,moderate,CONDITIONAL_ACQUIRE,Pass 1 relationship is possible only. PDF is a low-cost artifact that could help resolve identity against Otter candidates and/or add slides if the match is later confirmed. Acquire only as an identity-resolution / enrichment step — not as confirmed new knowledge.,Identity-resolution evidence plus possible visual/source material.,FbRyr7EkkewAoPTmXbK9DtUiA_Y:otter_transcript+otter_summary+mednote_stack,purpose=identity_resolution; confirm human intent before acquire; do not treat as confirmed same-session until reviewed,pdf_role=identity_resolution_candidate; pass3_pdf_availability=available_external; pass1_rel=possible_existing_session_representation
aosrd-webinars-244-DwiLCdt69H4,AOSRD_Clearfield,aosrd_webinars_youtube,"Solutions on Suicide January 18, 2022 by Joel Peterson -Video",solutions on suicide january 18 2022 by joel peterson video,aosrd-webinars-244-DwiLCdt69H4,possible,FbRyr7EkkewAoPTmXbK9DtUiA_Y,2024-09-24,Research/lectures/clearfield-webinar-2024-09-24,YouTube_video,https://www.youtube.com/watch?v=DwiLCdt69H4,yes,1,low,1,very_high,high,low,low,high,poor,DEFER_IDENTITY_UNRESOLVED,Pass 1 match is only possible. Video acquisition/processing is expensive and captions are unverified. Resolve identity first; preferably via the low-cost companion PDF before considering video.,Unclear until identity is resolved; may largely duplicate Otter text.,FbRyr7EkkewAoPTmXbK9DtUiA_Y:otter_transcript+otter_summary+mednote_stack,resolve_identity_before_video_acquisition; prefer_PDF_first,pass3_availability=available_external; captions=not_checked; has_pdf_also=True
aosrd-webinars-245-y3Fz32zWP10,AOSRD_Clearfield,aosrd_webinars_youtube,Hypo and Hyperthyroidismare One Internal Disease with Two Different Manifestations by Dr. Parvin Zarrin – Video,hypo and hyperthyroidismare one internal disease with two different manifestations by dr parvin zarrin video,aosrd-webinars-245-y3Fz32zWP10,no_match,,,,AOSRD_PDF,https://aosrd.org/hypo-and-hyperthyroidism-are-one-internal-disease/,no,4,unresolved,3,low,low,medium,medium,low,exceptional,ACQUIRE_CANDIDATE,AOSRD PDF is externally available and Pass 1 found no reasonable Otter candidate (potentially_new_session — not a confirmed new lecture). Low-cost text/visual source that could add a session representation absent from the current 98-session Otter corpus.,PDF lecture notes/slides/figures/references for a source without an Otter packet match.,catalog_record_and_URL_only,,pdf_role=potentially_new_source; pass3_pdf_availability=available_external; pass1_rel=potentially_new_session
aosrd-webinars-245-y3Fz32zWP10,AOSRD_Clearfield,aosrd_webinars_youtube,Hypo and Hyperthyroidismare One Internal Disease with Two Different Manifestations by Dr. Parvin Zarrin – Video,hypo and hyperthyroidismare one internal disease with two different manifestations by dr parvin zarrin video,aosrd-webinars-245-y3Fz32zWP10,no_match,,,,YouTube_video,https://www.youtube.com/watch?v=y3Fz32zWP10,no,2,unresolved,2,very_high,low,medium,low,very_high,weak,DEFER_EXPENSIVE_VIDEO,Pass 1 has no Otter candidate (potentially_new_session — not confirmed new). A companion AOSRD PDF is externally available and is the preferable low-cost text/visual acquisition path. Video captions are unverified; defer expensive video unless a later authorized pass shows a specific AV-only gap after PDF review.,Possibly a session absent from Otter — but only after expensive AV processing with unverified captions.,catalog_and_external_URL;+external_PDF_candidate,verify_captions_or_prefer_PDF_before_any_video_acquire; not_a_confirmed_new_lecture,pass3_availability=available_external; captions=not_checked; has_pdf_also=True; pot=potentially_new_session
aosrd-webinars-246-zBHk2MN9ql8,AOSRD_Clearfield,aosrd_webinars_youtube,AMPK to Manage Chronic Diseases by Dr. Michael Karlfeldt,ampk to manage chronic diseases by dr michael karlfeldt,aosrd-webinars-246-zBHk2MN9ql8,possible,FHVn8qFG7pov0fVMLuuVpKan1hA,2025-07-15,Research/lectures/clearfield-webinar-2025-07-15,YouTube_video,https://youtu.be/zBHk2MN9ql8,yes,1,low,1,very_high,high,low,low,high,poor,DEFER_IDENTITY_UNRESOLVED,Pass 1 match is only possible. Video acquisition/processing is expensive and captions are unverified. Resolve identity first before considering video.,Unclear until identity is resolved; may largely duplicate Otter text.,FHVn8qFG7pov0fVMLuuVpKan1hA:otter_transcript+otter_summary+mednote_stack+slides_claimed_elsewhere,resolve_identity_before_video_acquisition,pass3_availability=available_external; captions=not_checked; has_pdf_also=False
aosrd-webinars-247-d0Eh9F8KA6M,AOSRD_Clearfield,aosrd_webinars_youtube,"Estrogen and Immune Function in Women by Dr. Felice Gersh, December 28, 2021",estrogen and immune function in women by dr felice gersh december 28 2021,aosrd-webinars-247-d0Eh9F8KA6M,possible,OL_Ukp1RYjVvnjsMHnF2eXCXDC8,2024-10-01,Research/lectures/clearfield-webinar-2024-10-01,YouTube_video,https://www.youtube.com/watch?v=d0Eh9F8KA6M,yes,1,low,1,very_high,high,low,low,high,poor,DEFER_IDENTITY_UNRESOLVED,Pass 1 match is only possible. Video acquisition/processing is expensive and captions are unverified. Resolve identity first before considering video.,Unclear until identity is resolved; may largely duplicate Otter text.,OL_Ukp1RYjVvnjsMHnF2eXCXDC8:otter_transcript+otter_summary+mednote_stack,resolve_identity_before_video_acquisition,pass3_availability=available_external; captions=not_checked; has_pdf_also=False
aosrd-webinars-248-qOXpT2wIfTc,AOSRD_Clearfield,aosrd_webinars_youtube,"Quantum Anti-Aging by Dr. Parvin Zarrin, December 21, 2021",quantum anti aging by dr parvin zarrin december 21 2021,aosrd-webinars-248-qOXpT2wIfTc,no_match,,,,YouTube_video,https://www.youtube.com/watch?v=qOXpT2wIfTc,no,3,unresolved,2,very_high,low,medium,medium,very_high,poor,DEFER_EXPENSIVE_VIDEO,"Potentially new session relative to Otter corpus (Pass 1 no_match — not confirmed new), but representation is video-only with captions/transcript status not_checked. Acquisition would likely require download + transcription (very high effort) without a verified text route. Defer until caption availability can be verified without downloading, or until a cheaper text representation is found.",Possibly a session absent from Otter — but only after expensive AV processing with unverified captions.,catalog_and_external_URL,verify_captions_or_prefer_PDF_before_any_video_acquire; not_a_confirmed_new_lecture,pass3_availability=available_external; captions=not_checked; has_pdf_also=False; pot=potentially_new_session
aosrd-webinars-249-3mTLksPwJyo,AOSRD_Clearfield,aosrd_webinars_youtube,"Mycotoxins and Autoimmunity by Andrew Campbell, MD, Dec 14, 2021",mycotoxins and autoimmunity by andrew campbell md dec 14 2021,aosrd-webinars-249-3mTLksPwJyo,possible,v3Md09l1C_mz3hrDPWngln5SYQw;hFcw5MS7FSAuXJGFcnPHqL6j1gM,2025-09-09;2025-01-22,Research/lectures/clearfield-webinar-2025-09-09;Research/lectures/clearfield-webinar-2025-01-22,AOSRD_PDF,https://aosrd.org/wp-content/uploads/2021/12/Mold-and-Mycotoxins-1021.pdf,yes,2,low,2,low,medium,medium,medium,low,moderate,CONDITIONAL_ACQUIRE,Pass 1 relationship is possible only. PDF is a low-cost artifact that could help resolve identity against Otter candidates and/or add slides if the match is later confirmed. Acquire only as an identity-resolution / enrichment step — not as confirmed new knowledge.,Identity-resolution evidence plus possible visual/source material.,v3Md09l1C_mz3hrDPWngln5SYQw:otter_transcript+otter_summary+mednote_stack+slides_claimed_elsewhere; hFcw5MS7FSAuXJGFcnPHqL6j1gM:otter_transcript+otter_summary+mednote_stack+slides_claimed_elsewhere,purpose=identity_resolution; confirm human intent before acquire; do not treat as confirmed same-session until reviewed,pdf_role=identity_resolution_candidate; pass3_pdf_availability=available_external; pass1_rel=possible_existing_session_representation
aosrd-webinars-249-3mTLksPwJyo,AOSRD_Clearfield,aosrd_webinars_youtube,"Mycotoxins and Autoimmunity by Andrew Campbell, MD, Dec 14, 2021",mycotoxins and autoimmunity by andrew campbell md dec 14 2021,aosrd-webinars-249-3mTLksPwJyo,possible,v3Md09l1C_mz3hrDPWngln5SYQw;hFcw5MS7FSAuXJGFcnPHqL6j1gM,2025-09-09;2025-01-22,Research/lectures/clearfield-webinar-2025-09-09;Research/lectures/clearfield-webinar-2025-01-22,YouTube_video,https://www.youtube.com/watch?v=3mTLksPwJyo,yes,1,low,1,very_high,high,low,low,high,poor,DEFER_IDENTITY_UNRESOLVED,Pass 1 match is only possible. Video acquisition/processing is expensive and captions are unverified. Resolve identity first; preferably via the low-cost companion PDF before considering video.,Unclear until identity is resolved; may largely duplicate Otter text.,v3Md09l1C_mz3hrDPWngln5SYQw:otter_transcript+otter_summary+mednote_stack+slides_claimed_elsewhere; hFcw5MS7FSAuXJGFcnPHqL6j1gM:otter_transcript+otter_summary+mednote_stack+slides_claimed_elsewhere,resolve_identity_before_video_acquisition; prefer_PDF_first,pass3_availability=available_external; captions=not_checked; has_pdf_also=True
aosrd-webinars-250-gc0Dld2T9Eg,AOSRD_Clearfield,aosrd_webinars_youtube,"Fascia, Pain Modulation and Autoimmunity by Kathleen O’Neil Smith, MD, December 7, 2021",fascia pain modulation and autoimmunity by kathleen o neil smith md december 7 2021,aosrd-webinars-250-gc0Dld2T9Eg,no_match,,,,YouTube_video,https://www.youtube.com/watch?v=gc0Dld2T9Eg,no,3,unresolved,2,very_high,low,medium,medium,very_high,poor,DEFER_EXPENSIVE_VIDEO,"Potentially new session relative to Otter corpus (Pass 1 no_match — not confirmed new), but representation is video-only with captions/transcript status not_checked. Acquisition would likely require download + transcription (very high effort) without a verified text route. Defer until caption availability can be verified without downloading, or until a cheaper text representation is found.",Possibly a session absent from Otter — but only after expensive AV processing with unverified captions.,catalog_and_external_URL,verify_captions_or_prefer_PDF_before_any_video_acquire; not_a_confirmed_new_lecture,pass3_availability=available_external; captions=not_checked; has_pdf_also=False; pot=potentially_new_session
aosrd-webinars-251-cb7usLlOMJQ,AOSRD_Clearfield,aosrd_webinars_youtube,Current Covid 19 Management with Dr.. Peter McCullough and Dr. Salaheldin Halasa,current covid 19 management with dr peter mccullough and dr salaheldin halasa,aosrd-webinars-251-cb7usLlOMJQ,possible,SdzXWjorAW2NkmSfJoC1PdOzwAE;b2H7gyjRNmbN0l62XtCzeLPovDE;GUt4yZgCp4lNVboAnJBHNMsHO7A,2025-05-20;2025-06-24;2025-05-06,Research/lectures/clearfield-webinar-2025-05-20;Research/lectures/clearfield-webinar-2025-06-24;Research/lectures/clearfield-webinar-2025-05-06,YouTube_video,https://www.youtube.com/watch?v=cb7usLlOMJQ,yes,1,low,1,very_high,high,low,low,high,poor,DEFER_IDENTITY_UNRESOLVED,Pass 1 match is only possible. Video acquisition/processing is expensive and captions are unverified. Resolve identity first before considering video.,Unclear until identity is resolved; may largely duplicate Otter text.,SdzXWjorAW2NkmSfJoC1PdOzwAE:otter_transcript+otter_summary+mednote_stack+slides_claimed_elsewhere; b2H7gyjRNmbN0l62XtCzeLPovDE:otter_transcript+otter_summary+mednote_stack+slides_claimed_elsewhere; GUt4yZgCp4lNVboAnJBHNMsHO7A:otter_transcript+otter_summary+mednote_stack+slides_claimed_elsewhere,resolve_identity_before_video_acquisition,pass3_availability=available_external; captions=not_checked; has_pdf_also=False
aosrd-webinars-252-n5NAl-lGTrA,AOSRD_Clearfield,aosrd_webinars_youtube,“Low Dose Naltrexone” by Dr William Clearfield,low dose naltrexone by dr william clearfield,aosrd-webinars-252-n5NAl-lGTrA,no_match,,,,YouTube_video,https://www.youtube.com/watch?v=n5NAl-lGTrA,no,3,unresolved,2,very_high,low,medium,medium,very_high,poor,DEFER_EXPENSIVE_VIDEO,"Potentially new session relative to Otter corpus (Pass 1 no_match — not confirmed new), but representation is video-only with captions/transcript status not_checked. Acquisition would likely require download + transcription (very high effort) without a verified text route. Defer until caption availability can be verified without downloading, or until a cheaper text representation is found.",Possibly a session absent from Otter — but only after expensive AV processing with unverified captions.,catalog_and_external_URL,verify_captions_or_prefer_PDF_before_any_video_acquire; not_a_confirmed_new_lecture,pass3_availability=available_external; captions=not_checked; has_pdf_also=False; pot=potentially_new_session
aosrd-webinars-253-r_CPjBXzeNI,AOSRD_Clearfield,aosrd_webinars_youtube,"Good and Bad Electromagnetic Fields Jami and Dr Rugerrio, November 23, 2021",good and bad electromagnetic fields jami and dr rugerrio november 23 2021,aosrd-webinars-253-r_CPjBXzeNI,no_match,,,,YouTube_video,https://www.youtube.com/watch?v=r_CPjBXzeNI,no,3,unresolved,2,very_high,low,medium,medium,very_high,poor,DEFER_EXPENSIVE_VIDEO,"Potentially new session relative to Otter corpus (Pass 1 no_match — not confirmed new), but representation is video-only with captions/transcript status not_checked. Acquisition would likely require download + transcription (very high effort) without a verified text route. Defer until caption availability can be verified without downloading, or until a cheaper text representation is found.",Possibly a session absent from Otter — but only after expensive AV processing with unverified captions.,catalog_and_external_URL,verify_captions_or_prefer_PDF_before_any_video_acquire; not_a_confirmed_new_lecture,pass3_availability=available_external; captions=not_checked; has_pdf_also=False; pot=potentially_new_session
aosrd-webinars-254-airYs7uvexw,AOSRD_Clearfield,aosrd_webinars_youtube,Targeting the Innate Repair Receptor to Treat Neuropathy Speakers Dr. James Joseph,targeting the innate repair receptor to treat neuropathy speakers dr james joseph,aosrd-webinars-254-airYs7uvexw,possible,xg4V_A-L8_Ob1jKGBewDTtKzOWg,2024-08-13,Research/lectures/clearfield-webinar-2024-08-13,YouTube_video,https://youtu.be/airYs7uvexw,yes,1,low,1,very_high,high,low,low,high,poor,DEFER_IDENTITY_UNRESOLVED,Pass 1 match is only possible. Video acquisition/processing is expensive and captions are unverified. Resolve identity first before considering video.,Unclear until identity is resolved; may largely duplicate Otter text.,xg4V_A-L8_Ob1jKGBewDTtKzOWg:otter_transcript+otter_summary+mednote_stack+pathway,resolve_identity_before_video_acquisition,pass3_availability=available_external; captions=not_checked; has_pdf_also=False
aosrd-webinars-255-R84GqIcx9VE,AOSRD_Clearfield,aosrd_webinars_youtube,"The Benefits of Adding Safe, Regular, and Effective Corrective Exercise Therapy to Supplement Pharmacological and Homeopathic Remedies. – Dr. David Neuman – Dr. David Neuman",the benefits of adding safe regular and effective corrective exercise therapy to supplement pharmacological and homeopathic remedies dr david neuman dr david neuman,aosrd-webinars-255-R84GqIcx9VE,no_match,,,,YouTube_video,https://youtu.be/R84GqIcx9VE,no,3,unresolved,2,very_high,low,medium,medium,very_high,poor,DEFER_EXPENSIVE_VIDEO,"Potentially new session relative to Otter corpus (Pass 1 no_match — not confirmed new), but representation is video-only with captions/transcript status not_checked. Acquisition would likely require download + transcription (very high effort) without a verified text route. Defer until caption availability can be verified without downloading, or until a cheaper text representation is found.",Possibly a session absent from Otter — but only after expensive AV processing with unverified captions.,catalog_and_external_URL,verify_captions_or_prefer_PDF_before_any_video_acquire; not_a_confirmed_new_lecture,pass3_availability=available_external; captions=not_checked; has_pdf_also=False; pot=potentially_new_session
aosrd-webinars-256-6autPt87jWw,AOSRD_Clearfield,aosrd_webinars_youtube,"Unlocking the Power of Nanotechnology to Prevent and Remedy Chronic Disease by Salaheldin Halasa, MD",unlocking the power of nanotechnology to prevent and remedy chronic disease by salaheldin halasa md,aosrd-webinars-256-6autPt87jWw,possible,3BvIJDrhEXHdWPee7Ztw2x6EmdE,2025-12-10,Research/lectures/clearfield-webinar-2025-12-10,YouTube_video,https://www.youtube.com/watch?v=6autPt87jWw,yes,1,low,1,very_high,high,low,low,high,poor,DEFER_IDENTITY_UNRESOLVED,Pass 1 match is only possible. Video acquisition/processing is expensive and captions are unverified. Resolve identity first before considering video.,Unclear until identity is resolved; may largely duplicate Otter text.,3BvIJDrhEXHdWPee7Ztw2x6EmdE:otter_transcript+otter_summary+mednote_stack+slides_claimed_elsewhere,resolve_identity_before_video_acquisition,pass3_availability=available_external; captions=not_checked; has_pdf_also=False
aosrd-webinars-257-qtvJw-wtpJs,AOSRD_Clearfield,aosrd_webinars_youtube,Chronic Fatigue-Chronic Infections by Dr. Kalapana Patel 19 Oct 2021,chronic fatigue chronic infections by dr kalapana patel 19 oct 2021,aosrd-webinars-257-qtvJw-wtpJs,no_match,,,,YouTube_video,https://www.youtube.com/watch?v=qtvJw-wtpJs,no,3,unresolved,2,very_high,low,medium,medium,very_high,poor,DEFER_EXPENSIVE_VIDEO,"Potentially new session relative to Otter corpus (Pass 1 no_match — not confirmed new), but representation is video-only with captions/transcript status not_checked. Acquisition would likely require download + transcription (very high effort) without a verified text route. Defer until caption availability can be verified without downloading, or until a cheaper text representation is found.",Possibly a session absent from Otter — but only after expensive AV processing with unverified captions.,catalog_and_external_URL,verify_captions_or_prefer_PDF_before_any_video_acquire; not_a_confirmed_new_lecture,pass3_availability=available_external; captions=not_checked; has_pdf_also=False; pot=potentially_new_session
aosrd-webinars-258-z-CQdM_XfG8,AOSRD_Clearfield,aosrd_webinars_youtube,The Glutathione Revolution The Future of Anti Aging Medicine by Dr. Nayan Patel and Dr. Ray Yutani,the glutathione revolution the future of anti aging medicine by dr nayan patel and dr ray yutani,aosrd-webinars-258-z-CQdM_XfG8,possible,JAhRYbDDwDsC4em3dazDKyDw4gM,2025-02-05,Research/lectures/clearfield-webinar-2025-02-05,YouTube_video,https://youtu.be/z-CQdM_XfG8,yes,1,low,1,very_high,high,low,low,high,poor,DEFER_IDENTITY_UNRESOLVED,Pass 1 match is only possible. Video acquisition/processing is expensive and captions are unverified. Resolve identity first before considering video.,Unclear until identity is resolved; may largely duplicate Otter text.,JAhRYbDDwDsC4em3dazDKyDw4gM:otter_transcript+otter_summary+mednote_stack+slides_claimed_elsewhere,resolve_identity_before_video_acquisition,pass3_availability=available_external; captions=not_checked; has_pdf_also=False
aosrd-webinars-259-UmYaeBbRYyw,AOSRD_Clearfield,aosrd_webinars_youtube,Covid 19 Management for the Vaccinated and Unvaccinated by Dr. Dan Stock,covid 19 management for the vaccinated and unvaccinated by dr dan stock,aosrd-webinars-259-UmYaeBbRYyw,no_match,,,,YouTube_video,https://www.youtube.com/watch?v=UmYaeBbRYyw,no,0,unresolved,0,unknown,low,low,low,unknown,poor,NO_ACQUISITION_INDICATED,YouTube_video URL is cataloged but Pass 3 found it unavailable externally (e.g. oEmbed 404).,Nothing while unavailable.,catalog_URL_only,external video currently unavailable,pass3_availability=unavailable_external
aosrd-webinars-260-mk8ixh0kmig,AOSRD_Clearfield,aosrd_webinars_youtube,"The Role of Nutrition in Chronic Disease Management – Dr. John Swartz – Sep 7, 2021",the role of nutrition in chronic disease management dr john swartz sep 7 2021,aosrd-webinars-260-mk8ixh0kmig,possible,Se28ZvfBuNMYHNmwQG9ua7gbTWk,2026-03-10,Research/lectures/clearfield-webinar-2026-03-10,YouTube_video,https://www.youtube.com/watch?v=mk8ixh0kmig,yes,1,low,1,very_high,high,low,low,high,poor,DEFER_IDENTITY_UNRESOLVED,Pass 1 match is only possible. Video acquisition/processing is expensive and captions are unverified. Resolve identity first before considering video.,Unclear until identity is resolved; may largely duplicate Otter text.,Se28ZvfBuNMYHNmwQG9ua7gbTWk:otter_transcript+otter_summary+mednote_stack+slides_claimed_elsewhere,resolve_identity_before_video_acquisition,pass3_availability=available_external; captions=not_checked; has_pdf_also=False
aosrd-webinars-261-qVX_h6blAQw,AOSRD_Clearfield,aosrd_webinars_youtube,"Medical Intuition by Terri Jay  Aug 31, 2021 – Video",medical intuition by terri jay aug 31 2021 video,aosrd-webinars-261-qVX_h6blAQw,no_match,,,,AOSRD_PDF,https://aosrd.org/wp-content/uploads/2021/09/PowerPoint-for-Doctors-Terri-Jay-2.pdf,no,4,unresolved,3,low,low,medium,medium,low,exceptional,ACQUIRE_CANDIDATE,AOSRD PDF is externally available and Pass 1 found no reasonable Otter candidate (potentially_new_session — not a confirmed new lecture). Low-cost text/visual source that could add a session representation absent from the current 98-session Otter corpus.,PDF lecture notes/slides/figures/references for a source without an Otter packet match.,catalog_record_and_URL_only,,pdf_role=potentially_new_source; pass3_pdf_availability=available_external; pass1_rel=potentially_new_session
aosrd-webinars-261-qVX_h6blAQw,AOSRD_Clearfield,aosrd_webinars_youtube,"Medical Intuition by Terri Jay  Aug 31, 2021 – Video",medical intuition by terri jay aug 31 2021 video,aosrd-webinars-261-qVX_h6blAQw,no_match,,,,YouTube_video,https://www.youtube.com/watch?v=qVX_h6blAQw,no,2,unresolved,2,very_high,low,medium,low,very_high,weak,DEFER_EXPENSIVE_VIDEO,Pass 1 has no Otter candidate (potentially_new_session — not confirmed new). A companion AOSRD PDF is externally available and is the preferable low-cost text/visual acquisition path. Video captions are unverified; defer expensive video unless a later authorized pass shows a specific AV-only gap after PDF review.,Possibly a session absent from Otter — but only after expensive AV processing with unverified captions.,catalog_and_external_URL;+external_PDF_candidate,verify_captions_or_prefer_PDF_before_any_video_acquire; not_a_confirmed_new_lecture,pass3_availability=available_external; captions=not_checked; has_pdf_also=True; pot=potentially_new_session
aosrd-webinars-262-z21aTYjo4Us,AOSRD_Clearfield,aosrd_webinars_youtube,"Covid 19 Protocols By Dr. Mike Boehmer, Amex Pharmacy – 27 Aug 2021",covid 19 protocols by dr mike boehmer amex pharmacy 27 aug 2021,aosrd-webinars-262-z21aTYjo4Us,possible,hQzjA4-OBAL6Qn7OOOywEISWs3I,2025-07-08,Research/lectures/clearfield-webinar-2025-07-08,YouTube_video,https://www.youtube.com/watch?v=z21aTYjo4Us,yes,0,low,0,unknown,low,low,low,unknown,poor,NO_ACQUISITION_INDICATED,YouTube_video URL is cataloged but Pass 3 found it unavailable externally (e.g. oEmbed 404).,Nothing while unavailable.,hQzjA4-OBAL6Qn7OOOywEISWs3I:otter_transcript+otter_summary+mednote_stack+slides_claimed_elsewhere,external video currently unavailable,pass3_availability=unavailable_external
aosrd-webinars-263-lCzuTx9LKnQ,AOSRD_Clearfield,aosrd_webinars_youtube,"Chronic Fatigue Syndrome: Road to Resolution: Dr. Todd Born Aug 17, 2021 – Video",chronic fatigue syndrome road to resolution dr todd born aug 17 2021 video,aosrd-webinars-263-lCzuTx9LKnQ,possible,CMNjlQbT2xu4NqL-9gu4VQSt0mo,2024-08-06,Research/lectures/clearfield-webinar-2024-08-06,AOSRD_PDF,https://aosrd.org/wp-content/uploads/2021/08/Chronic-Fatigue-Syndrome-ASORD-1.pdf,yes,2,low,2,low,medium,medium,medium,low,moderate,CONDITIONAL_ACQUIRE,Pass 1 relationship is possible only. PDF is a low-cost artifact that could help resolve identity against Otter candidates and/or add slides if the match is later confirmed. Acquire only as an identity-resolution / enrichment step — not as confirmed new knowledge.,Identity-resolution evidence plus possible visual/source material.,CMNjlQbT2xu4NqL-9gu4VQSt0mo:otter_transcript+otter_summary+mednote_stack,purpose=identity_resolution; confirm human intent before acquire; do not treat as confirmed same-session until reviewed,pdf_role=identity_resolution_candidate; pass3_pdf_availability=available_external; pass1_rel=possible_existing_session_representation
aosrd-webinars-263-lCzuTx9LKnQ,AOSRD_Clearfield,aosrd_webinars_youtube,"Chronic Fatigue Syndrome: Road to Resolution: Dr. Todd Born Aug 17, 2021 – Video",chronic fatigue syndrome road to resolution dr todd born aug 17 2021 video,aosrd-webinars-263-lCzuTx9LKnQ,possible,CMNjlQbT2xu4NqL-9gu4VQSt0mo,2024-08-06,Research/lectures/clearfield-webinar-2024-08-06,YouTube_video,https://www.youtube.com/watch?v=lCzuTx9LKnQ,yes,1,low,1,very_high,high,low,low,high,poor,DEFER_IDENTITY_UNRESOLVED,Pass 1 match is only possible. Video acquisition/processing is expensive and captions are unverified. Resolve identity first; preferably via the low-cost companion PDF before considering video.,Unclear until identity is resolved; may largely duplicate Otter text.,CMNjlQbT2xu4NqL-9gu4VQSt0mo:otter_transcript+otter_summary+mednote_stack,resolve_identity_before_video_acquisition; prefer_PDF_first,pass3_availability=available_external; captions=not_checked; has_pdf_also=True
aosrd-webinars-264-hGZgCspkuI8,AOSRD_Clearfield,aosrd_webinars_youtube,"Endocannabinoid Receptors and Medical Cannabis b Dr. Jeffrey Block, Aug 10, 2021 – Video",endocannabinoid receptors and medical cannabis b dr jeffrey block aug 10 2021 video,aosrd-webinars-264-hGZgCspkuI8,possible,XFeeYcx6xIW9i1HcL0VfsCVvAjY,2024-09-17,Research/lectures/clearfield-webinar-2024-09-17,YouTube_video,https://www.youtube.com/watch?v=hGZgCspkuI8,yes,0,low,0,unknown,low,low,low,unknown,poor,NO_ACQUISITION_INDICATED,YouTube_video URL is cataloged but Pass 3 found it unavailable externally (e.g. oEmbed 404).,Nothing while unavailable.,XFeeYcx6xIW9i1HcL0VfsCVvAjY:otter_transcript+otter_summary+mednote_stack,external video currently unavailable,pass3_availability=unavailable_external
aosrd-webinars-265-iYwInlyFKnQ,AOSRD_Clearfield,aosrd_webinars_youtube,"Natural Immunity via Homeopathic Medicine vs Artificial Immunity via Vaccination by Dr Parvin Zarrin, Aug 3, 2021",natural immunity via homeopathic medicine vs artificial immunity via vaccination by dr parvin zarrin aug 3 2021,aosrd-webinars-265-iYwInlyFKnQ,no_match,,,,YouTube_video,https://www.youtube.com/watch?v=iYwInlyFKnQ,no,3,unresolved,2,very_high,low,medium,medium,very_high,poor,DEFER_EXPENSIVE_VIDEO,"Potentially new session relative to Otter corpus (Pass 1 no_match — not confirmed new), but representation is video-only with captions/transcript status not_checked. Acquisition would likely require download + transcription (very high effort) without a verified text route. Defer until caption availability can be verified without downloading, or until a cheaper text representation is found.",Possibly a session absent from Otter — but only after expensive AV processing with unverified captions.,catalog_and_external_URL,verify_captions_or_prefer_PDF_before_any_video_acquire; not_a_confirmed_new_lecture,pass3_availability=available_external; captions=not_checked; has_pdf_also=False; pot=potentially_new_session
aosrd-webinars-266-qviA4DV_pH4,AOSRD_Clearfield,aosrd_webinars_youtube,"Neural Therapy, Dr. John Burgess – July 27, 2021 – Video",neural therapy dr john burgess july 27 2021 video,aosrd-webinars-266-qviA4DV_pH4,possible,VwrSvok1RCW2X3iJ_Kwbd8JK6k8,2025-11-12,Research/lectures/clearfield-webinar-2025-11-12,YouTube_video,https://www.youtube.com/watch?v=qviA4DV_pH4,yes,1,low,1,very_high,high,low,low,high,poor,DEFER_IDENTITY_UNRESOLVED,Pass 1 match is only possible. Video acquisition/processing is expensive and captions are unverified. Resolve identity first before considering video.,Unclear until identity is resolved; may largely duplicate Otter text.,VwrSvok1RCW2X3iJ_Kwbd8JK6k8:otter_transcript+otter_summary+mednote_stack+slides_claimed_elsewhere,resolve_identity_before_video_acquisition,pass3_availability=available_external; captions=not_checked; has_pdf_also=False
aosrd-webinars-267-60tKHG3mlyg,AOSRD_Clearfield,aosrd_webinars_youtube,Histories in Antiaging Medicine Dr. Kanapala Patel – 23 Jul 2021,histories in antiaging medicine dr kanapala patel 23 jul 2021,aosrd-webinars-267-60tKHG3mlyg,possible,JAhRYbDDwDsC4em3dazDKyDw4gM,2025-02-05,Research/lectures/clearfield-webinar-2025-02-05,YouTube_video,https://www.youtube.com/watch?v=60tKHG3mlyg,yes,1,low,1,very_high,high,low,low,high,poor,DEFER_IDENTITY_UNRESOLVED,Pass 1 match is only possible. Video acquisition/processing is expensive and captions are unverified. Resolve identity first before considering video.,Unclear until identity is resolved; may largely duplicate Otter text.,JAhRYbDDwDsC4em3dazDKyDw4gM:otter_transcript+otter_summary+mednote_stack+slides_claimed_elsewhere,resolve_identity_before_video_acquisition,pass3_availability=available_external; captions=not_checked; has_pdf_also=False
aosrd-webinars-268-2cecK4Jk2vw,AOSRD_Clearfield,aosrd_webinars_youtube,"Genetic Snips and COVID-19 Severity by Dr. Cheryl Ortel July 6, 2021 – Video",genetic snips and covid 19 severity by dr cheryl ortel july 6 2021 video,aosrd-webinars-268-2cecK4Jk2vw,possible,4qg44PRw27Y2Jbzl7MXMYCX0HuI;hQzjA4-OBAL6Qn7OOOywEISWs3I,2025-04-15;2025-07-08,Research/lectures/clearfield-webinar-2025-04-15;Research/lectures/clearfield-webinar-2025-07-08,AOSRD_PDF,https://aosrd.org/wp-content/uploads/2021/07/Genetic-Snips-and-COVID-19-Severity-7.6.21.pdf,yes,2,low,2,low,medium,medium,medium,low,moderate,CONDITIONAL_ACQUIRE,Pass 1 relationship is possible only. PDF is a low-cost artifact that could help resolve identity against Otter candidates and/or add slides if the match is later confirmed. Acquire only as an identity-resolution / enrichment step — not as confirmed new knowledge.,Identity-resolution evidence plus possible visual/source material.,4qg44PRw27Y2Jbzl7MXMYCX0HuI:otter_transcript+otter_summary+mednote_stack+slides_claimed_elsewhere; hQzjA4-OBAL6Qn7OOOywEISWs3I:otter_transcript+otter_summary+mednote_stack+slides_claimed_elsewhere,purpose=identity_resolution; confirm human intent before acquire; do not treat as confirmed same-session until reviewed,pdf_role=identity_resolution_candidate; pass3_pdf_availability=available_external; pass1_rel=possible_existing_session_representation
aosrd-webinars-268-2cecK4Jk2vw,AOSRD_Clearfield,aosrd_webinars_youtube,"Genetic Snips and COVID-19 Severity by Dr. Cheryl Ortel July 6, 2021 – Video",genetic snips and covid 19 severity by dr cheryl ortel july 6 2021 video,aosrd-webinars-268-2cecK4Jk2vw,possible,4qg44PRw27Y2Jbzl7MXMYCX0HuI;hQzjA4-OBAL6Qn7OOOywEISWs3I,2025-04-15;2025-07-08,Research/lectures/clearfield-webinar-2025-04-15;Research/lectures/clearfield-webinar-2025-07-08,YouTube_video,https://www.youtube.com/watch?v=2cecK4Jk2vw,yes,0,low,0,unknown,low,low,low,unknown,poor,NO_ACQUISITION_INDICATED,YouTube_video URL is cataloged but Pass 3 found it unavailable externally (e.g. oEmbed 404).,Nothing while unavailable.,4qg44PRw27Y2Jbzl7MXMYCX0HuI:otter_transcript+otter_summary+mednote_stack+slides_claimed_elsewhere; hQzjA4-OBAL6Qn7OOOywEISWs3I:otter_transcript+otter_summary+mednote_stack+slides_claimed_elsewhere,external video currently unavailable,pass3_availability=unavailable_external
aosrd-webinars-269-egztdM6XALY,AOSRD_Clearfield,aosrd_webinars_youtube,"COVID 19 Pathology and Treatment S Halasa Dec 22, 2020",covid 19 pathology and treatment s halasa dec 22 2020,aosrd-webinars-269-egztdM6XALY,no_match,,,,YouTube_video,https://www.youtube.com/watch?v=egztdM6XALY,no,0,unresolved,0,unknown,low,low,low,unknown,poor,NO_ACQUISITION_INDICATED,YouTube_video URL is cataloged but Pass 3 found it unavailable externally (e.g. oEmbed 404).,Nothing while unavailable.,catalog_URL_only,external video currently unavailable,pass3_availability=unavailable_external
aosrd-webinars-270-2WBm0BYOddM,AOSRD_Clearfield,aosrd_webinars_youtube,The Endocrinology of Autism-Condensed Version,the endocrinology of autism condensed version,aosrd-webinars-270-2WBm0BYOddM,no_match,,,,YouTube_video,https://www.youtube.com/watch?v=2WBm0BYOddM,no,3,unresolved,2,very_high,low,medium,medium,very_high,poor,DEFER_EXPENSIVE_VIDEO,"Potentially new session relative to Otter corpus (Pass 1 no_match — not confirmed new), but representation is video-only with captions/transcript status not_checked. Acquisition would likely require download + transcription (very high effort) without a verified text route. Defer until caption availability can be verified without downloading, or until a cheaper text representation is found.",Possibly a session absent from Otter — but only after expensive AV processing with unverified captions.,catalog_and_external_URL,verify_captions_or_prefer_PDF_before_any_video_acquire; not_a_confirmed_new_lecture,pass3_availability=available_external; captions=not_checked; has_pdf_also=False; pot=potentially_new_session
aosrd-webinars-271-nh8HbHLxrR0,AOSRD_Clearfield,aosrd_webinars_youtube,Chronic DIsease Management Kathleen ONeil Smith,chronic disease management kathleen oneil smith,aosrd-webinars-271-nh8HbHLxrR0,no_match,,,,YouTube_video,https://www.youtube.com/watch?v=nh8HbHLxrR0,no,3,unresolved,2,very_high,low,medium,medium,very_high,poor,DEFER_EXPENSIVE_VIDEO,"Potentially new session relative to Otter corpus (Pass 1 no_match — not confirmed new), but representation is video-only with captions/transcript status not_checked. Acquisition would likely require download + transcription (very high effort) without a verified text route. Defer until caption availability can be verified without downloading, or until a cheaper text representation is found.",Possibly a session absent from Otter — but only after expensive AV processing with unverified captions.,catalog_and_external_URL,verify_captions_or_prefer_PDF_before_any_video_acquire; not_a_confirmed_new_lecture,pass3_availability=available_external; captions=not_checked; has_pdf_also=False; pot=potentially_new_session
aosrd-webinars-272-JV1b52oVfdE,AOSRD_Clearfield,aosrd_webinars_youtube,Optimization of Nutrition by Dr John Swartz – Video,optimization of nutrition by dr john swartz video,aosrd-webinars-272-JV1b52oVfdE,possible,Se28ZvfBuNMYHNmwQG9ua7gbTWk,2026-03-10,Research/lectures/clearfield-webinar-2026-03-10,YouTube_video,https://www.youtube.com/watch?v=JV1b52oVfdE,yes,1,low,1,very_high,high,low,low,high,poor,DEFER_IDENTITY_UNRESOLVED,Pass 1 match is only possible. Video acquisition/processing is expensive and captions are unverified. Resolve identity first before considering video.,Unclear until identity is resolved; may largely duplicate Otter text.,Se28ZvfBuNMYHNmwQG9ua7gbTWk:otter_transcript+otter_summary+mednote_stack+slides_claimed_elsewhere,resolve_identity_before_video_acquisition,pass3_availability=available_external; captions=not_checked; has_pdf_also=False
aosrd-webinars-273-U0qonhUyVEg,AOSRD_Clearfield,aosrd_webinars_youtube,Optimization of Nutrition by Dr John Swartz- VIdeo,optimization of nutrition by dr john swartz video,aosrd-webinars-273-U0qonhUyVEg,possible,Se28ZvfBuNMYHNmwQG9ua7gbTWk,2026-03-10,Research/lectures/clearfield-webinar-2026-03-10,YouTube_video,https://www.youtube.com/watch?v=U0qonhUyVEg,yes,1,low,1,very_high,high,low,low,high,poor,DEFER_IDENTITY_UNRESOLVED,Pass 1 match is only possible. Video acquisition/processing is expensive and captions are unverified. Resolve identity first before considering video.,Unclear until identity is resolved; may largely duplicate Otter text.,Se28ZvfBuNMYHNmwQG9ua7gbTWk:otter_transcript+otter_summary+mednote_stack+slides_claimed_elsewhere,resolve_identity_before_video_acquisition,pass3_availability=available_external; captions=not_checked; has_pdf_also=False
aosrd-webinars-274-RlSklPXfamk,AOSRD_Clearfield,aosrd_webinars_youtube,Endothelial Dysfunction Dr Mary Babcock – Video,endothelial dysfunction dr mary babcock video,aosrd-webinars-274-RlSklPXfamk,possible,GoRuWgRFUBHzZE--rF7qmxgBIOc;KPtFIYDuvg1p0CbfNkYIuOVkwIE,2025-06-17;2025-10-21,Research/lectures/clearfield-webinar-2025-06-17;Research/lectures/clearfield-webinar-2025-10-21,YouTube_video,https://www.youtube.com/watch?v=RlSklPXfamk,yes,1,low,1,very_high,high,low,low,high,poor,DEFER_IDENTITY_UNRESOLVED,Pass 1 match is only possible. Video acquisition/processing is expensive and captions are unverified. Resolve identity first before considering video.,Unclear until identity is resolved; may largely duplicate Otter text.,GoRuWgRFUBHzZE--rF7qmxgBIOc:otter_transcript+otter_summary+mednote_stack+slides_claimed_elsewhere; KPtFIYDuvg1p0CbfNkYIuOVkwIE:otter_transcript+otter_summary+mednote_stack+slides_claimed_elsewhere,resolve_identity_before_video_acquisition,pass3_availability=available_external; captions=not_checked; has_pdf_also=False
aosrd-webinars-275-tWfHeTRpBHw,AOSRD_Clearfield,aosrd_webinars_youtube,Endothelial Dysfunction Dr Mary Babcock – Video,endothelial dysfunction dr mary babcock video,aosrd-webinars-275-tWfHeTRpBHw,possible,GoRuWgRFUBHzZE--rF7qmxgBIOc;KPtFIYDuvg1p0CbfNkYIuOVkwIE,2025-06-17;2025-10-21,Research/lectures/clearfield-webinar-2025-06-17;Research/lectures/clearfield-webinar-2025-10-21,YouTube_video,https://www.youtube.com/watch?v=tWfHeTRpBHw,yes,1,low,1,very_high,high,low,low,high,poor,DEFER_IDENTITY_UNRESOLVED,Pass 1 match is only possible. Video acquisition/processing is expensive and captions are unverified. Resolve identity first before considering video.,Unclear until identity is resolved; may largely duplicate Otter text.,GoRuWgRFUBHzZE--rF7qmxgBIOc:otter_transcript+otter_summary+mednote_stack+slides_claimed_elsewhere; KPtFIYDuvg1p0CbfNkYIuOVkwIE:otter_transcript+otter_summary+mednote_stack+slides_claimed_elsewhere,resolve_identity_before_video_acquisition,pass3_availability=available_external; captions=not_checked; has_pdf_also=False
aosrd-webinars-276-xf6_T9mUZKc,AOSRD_Clearfield,aosrd_webinars_youtube,Low Dose Naltrexone in Rheumtolgy by Dr. Pam Smith – Video,low dose naltrexone in rheumtolgy by dr pam smith video,aosrd-webinars-276-xf6_T9mUZKc,possible,FbRyr7EkkewAoPTmXbK9DtUiA_Y,2024-09-24,Research/lectures/clearfield-webinar-2024-09-24,YouTube_video,https://www.youtube.com/watch?v=xf6_T9mUZKc,yes,1,low,1,very_high,high,low,low,high,poor,DEFER_IDENTITY_UNRESOLVED,Pass 1 match is only possible. Video acquisition/processing is expensive and captions are unverified. Resolve identity first before considering video.,Unclear until identity is resolved; may largely duplicate Otter text.,FbRyr7EkkewAoPTmXbK9DtUiA_Y:otter_transcript+otter_summary+mednote_stack,resolve_identity_before_video_acquisition,pass3_availability=available_external; captions=not_checked; has_pdf_also=False
aosrd-webinars-277-PAwuHkLjBxc,AOSRD_Clearfield,aosrd_webinars_youtube,146th OYG Session | Peptides for Wellness & Brain Function | Dr William Clearfield,146th oyg session peptides for wellness brain function dr william clearfield,aosrd-webinars-277-PAwuHkLjBxc,possible,Zxy20R1uant_QctiZutXLSt-Q-E;ykfPBSHSL3meBk4yGojbTxMVIpA,2025-03-25;2024-10-22,Research/lectures/clearfield-webinar-2025-03-25;Research/lectures/clearfield-webinar-2024-10-22,YouTube_video,https://www.youtube.com/watch?v=PAwuHkLjBxc,yes,1,low,1,very_high,high,low,low,high,poor,DEFER_IDENTITY_UNRESOLVED,Pass 1 match is only possible. Video acquisition/processing is expensive and captions are unverified. Resolve identity first before considering video.,Unclear until identity is resolved; may largely duplicate Otter text.,Zxy20R1uant_QctiZutXLSt-Q-E:otter_transcript+otter_summary+mednote_stack+slides_claimed_elsewhere; ykfPBSHSL3meBk4yGojbTxMVIpA:otter_transcript+otter_summary+mednote_stack+slides_claimed_elsewhere,resolve_identity_before_video_acquisition,pass3_availability=available_external; captions=not_checked; has_pdf_also=False
aosrd-webinars-278-cFsYIDESXoE,AOSRD_Clearfield,aosrd_webinars_youtube,"Managing Post-Covid 19 Stroke, Heart Failure and Vascular Thrombosis by Dr. James Joseph",managing post covid 19 stroke heart failure and vascular thrombosis by dr james joseph,aosrd-webinars-278-cFsYIDESXoE,possible,8zWbW6QDW1P91M_Tbf8iqD9f8TQ;xg4V_A-L8_Ob1jKGBewDTtKzOWg;hQzjA4-OBAL6Qn7OOOywEISWs3I;JAhRYbDDwDsC4em3dazDKyDw4gM,2025-09-16;2024-08-13;2025-07-08;2025-02-05,Research/lectures/clearfield-webinar-2025-09-16;Research/lectures/clearfield-webinar-2024-08-13;Research/lectures/clearfield-webinar-2025-07-08;Research/lectures/clearfield-webinar-2025-02-05,YouTube_video,https://www.youtube.com/watch?v=cFsYIDESXoE,yes,0,low,0,unknown,low,low,low,unknown,poor,NO_ACQUISITION_INDICATED,YouTube_video URL is cataloged but Pass 3 found it unavailable externally (e.g. oEmbed 404).,Nothing while unavailable.,8zWbW6QDW1P91M_Tbf8iqD9f8TQ:otter_transcript+otter_summary+mednote_stack+slides_claimed_elsewhere; xg4V_A-L8_Ob1jKGBewDTtKzOWg:otter_transcript+otter_summary+mednote_stack+pathway; hQzjA4-OBAL6Qn7OOOywEISWs3I:otter_transcript+otter_summary+mednote_stack+slides_claimed_elsewhere; JAhRYbDDwDsC4em3dazDKyDw4gM:otter_transcript+otter_summary+mednote_stack+slides_claimed_elsewhere,external video currently unavailable,pass3_availability=unavailable_external
aosrd-webinars-279-qzuWhT2F_R0,AOSRD_Clearfield,aosrd_webinars_youtube,Case Histories Show Casing the Power of Anti Aging Medicine,case histories show casing the power of anti aging medicine,aosrd-webinars-279-qzuWhT2F_R0,no_match,,,,YouTube_video,https://www.youtube.com/watch?v=qzuWhT2F_R0,no,3,unresolved,2,very_high,low,medium,medium,very_high,poor,DEFER_EXPENSIVE_VIDEO,"Potentially new session relative to Otter corpus (Pass 1 no_match — not confirmed new), but representation is video-only with captions/transcript status not_checked. Acquisition would likely require download + transcription (very high effort) without a verified text route. Defer until caption availability can be verified without downloading, or until a cheaper text representation is found.",Possibly a session absent from Otter — but only after expensive AV processing with unverified captions.,catalog_and_external_URL,verify_captions_or_prefer_PDF_before_any_video_acquire; not_a_confirmed_new_lecture,pass3_availability=available_external; captions=not_checked; has_pdf_also=False; pot=potentially_new_session
aosrd-webinars-280-gLzMZA_eM5g,AOSRD_Clearfield,aosrd_webinars_youtube,Immune Peptides by William Clearfield DO – Video,immune peptides by william clearfield do video,aosrd-webinars-280-gLzMZA_eM5g,possible,avbRWMav2fwgobz9r7HjwR4z44I;lnZUNAyEcVNSN0i3JOEbuJcc15A;Se28ZvfBuNMYHNmwQG9ua7gbTWk;zXf2JR4NKM7KxvOGrUxYJnH-ld8;CMNjlQbT2xu4NqL-9gu4VQSt0mo,2026-06-02;2025-02-19;2026-03-10;2025-12-31;2024-08-06,Research/lectures/clearfield-webinar-2026-06-02;Research/lectures/clearfield-webinar-2025-02-19;Research/lectures/clearfield-webinar-2026-03-10;Research/lectures/clearfield-webinar-2025-12-31;Research/lectures/clearfield-webinar-2024-08-06,AOSRD_PDF,https://aosrd.org/wp-content/uploads/2021/06/Immune-Peptides-w-Intro.pdf,yes,2,low,2,low,medium,medium,medium,low,moderate,CONDITIONAL_ACQUIRE,Pass 1 relationship is possible only. PDF is a low-cost artifact that could help resolve identity against Otter candidates and/or add slides if the match is later confirmed. Acquire only as an identity-resolution / enrichment step — not as confirmed new knowledge.,Identity-resolution evidence plus possible visual/source material.,avbRWMav2fwgobz9r7HjwR4z44I:otter_transcript+otter_summary+mednote_stack+slides_claimed_elsewhere; lnZUNAyEcVNSN0i3JOEbuJcc15A:otter_transcript+otter_summary+mednote_stack+slides_claimed_elsewhere; Se28ZvfBuNMYHNmwQG9ua7gbTWk:otter_transcript+otter_summary+mednote_stack+slides_claimed_elsewhere; zXf2JR4NKM7KxvOGrUxYJnH-ld8:otter_transcript+otter_summary+mednote_stack+slides_claimed_elsewhere; CMNjlQbT2xu4NqL-9gu4VQSt0mo:otter_transcript+otter_summary+mednote_stack,purpose=identity_resolution; confirm human intent before acquire; do not treat as confirmed same-session until reviewed,pdf_role=identity_resolution_candidate; pass3_pdf_availability=available_external; pass1_rel=possible_existing_session_representation
aosrd-webinars-280-gLzMZA_eM5g,AOSRD_Clearfield,aosrd_webinars_youtube,Immune Peptides by William Clearfield DO – Video,immune peptides by william clearfield do video,aosrd-webinars-280-gLzMZA_eM5g,possible,avbRWMav2fwgobz9r7HjwR4z44I;lnZUNAyEcVNSN0i3JOEbuJcc15A;Se28ZvfBuNMYHNmwQG9ua7gbTWk;zXf2JR4NKM7KxvOGrUxYJnH-ld8;CMNjlQbT2xu4NqL-9gu4VQSt0mo,2026-06-02;2025-02-19;2026-03-10;2025-12-31;2024-08-06,Research/lectures/clearfield-webinar-2026-06-02;Research/lectures/clearfield-webinar-2025-02-19;Research/lectures/clearfield-webinar-2026-03-10;Research/lectures/clearfield-webinar-2025-12-31;Research/lectures/clearfield-webinar-2024-08-06,YouTube_video,https://www.youtube.com/watch?v=gLzMZA_eM5g,yes,1,low,1,very_high,high,low,low,high,poor,DEFER_IDENTITY_UNRESOLVED,Pass 1 match is only possible. Video acquisition/processing is expensive and captions are unverified. Resolve identity first; preferably via the low-cost companion PDF before considering video.,Unclear until identity is resolved; may largely duplicate Otter text.,avbRWMav2fwgobz9r7HjwR4z44I:otter_transcript+otter_summary+mednote_stack+slides_claimed_elsewhere; lnZUNAyEcVNSN0i3JOEbuJcc15A:otter_transcript+otter_summary+mednote_stack+slides_claimed_elsewhere; Se28ZvfBuNMYHNmwQG9ua7gbTWk:otter_transcript+otter_summary+mednote_stack+slides_claimed_elsewhere; zXf2JR4NKM7KxvOGrUxYJnH-ld8:otter_transcript+otter_summary+mednote_stack+slides_claimed_elsewhere; CMNjlQbT2xu4NqL-9gu4VQSt0mo:otter_transcript+otter_summary+mednote_stack,resolve_identity_before_video_acquisition; prefer_PDF_first,pass3_availability=available_external; captions=not_checked; has_pdf_also=True
aosrd-webinars-281-6-QJVGV_co4,AOSRD_Clearfield,aosrd_webinars_youtube,Integrative Immunoncology,integrative immunoncology,aosrd-webinars-281-6-QJVGV_co4,no_match,,,,YouTube_video,https://www.youtube.com/watch?v=6-QJVGV_co4,no,3,unresolved,2,very_high,low,medium,medium,very_high,poor,DEFER_EXPENSIVE_VIDEO,"Potentially new session relative to Otter corpus (Pass 1 no_match — not confirmed new), but representation is video-only with captions/transcript status not_checked. Acquisition would likely require download + transcription (very high effort) without a verified text route. Defer until caption availability can be verified without downloading, or until a cheaper text representation is found.",Possibly a session absent from Otter — but only after expensive AV processing with unverified captions.,catalog_and_external_URL,verify_captions_or_prefer_PDF_before_any_video_acquire; not_a_confirmed_new_lecture,pass3_availability=available_external; captions=not_checked; has_pdf_also=False; pot=potentially_new_session
aosrd-webinars-282-KR4KcpbYM9w,AOSRD_Clearfield,aosrd_webinars_youtube,Advanced Laboratory Testing for Rheumatic Diseases – Tyler O’Malley,advanced laboratory testing for rheumatic diseases tyler o malley,aosrd-webinars-282-KR4KcpbYM9w,no_match,,,,YouTube_video,https://www.youtube.com/watch?v=KR4KcpbYM9w,no,3,unresolved,2,very_high,low,medium,medium,very_high,poor,DEFER_EXPENSIVE_VIDEO,"Potentially new session relative to Otter corpus (Pass 1 no_match — not confirmed new), but representation is video-only with captions/transcript status not_checked. Acquisition would likely require download + transcription (very high effort) without a verified text route. Defer until caption availability can be verified without downloading, or until a cheaper text representation is found.",Possibly a session absent from Otter — but only after expensive AV processing with unverified captions.,catalog_and_external_URL,verify_captions_or_prefer_PDF_before_any_video_acquire; not_a_confirmed_new_lecture,pass3_availability=available_external; captions=not_checked; has_pdf_also=False; pot=potentially_new_session
aosrd-webinars-283-cxoIpMhdeJw,AOSRD_Clearfield,aosrd_webinars_youtube,Post Covid 19 Vaccination Syndrome,post covid 19 vaccination syndrome,aosrd-webinars-283-cxoIpMhdeJw,no_match,,,,AOSRD_PDF,https://aosrd.org/wp-content/uploads/2021/04/Post-Covid-19-Vaccine-Toxic-Syndrome.pdf,no,4,unresolved,3,low,low,medium,medium,low,exceptional,ACQUIRE_CANDIDATE,AOSRD PDF is externally available and Pass 1 found no reasonable Otter candidate (potentially_new_session — not a confirmed new lecture). Low-cost text/visual source that could add a session representation absent from the current 98-session Otter corpus.,PDF lecture notes/slides/figures/references for a source without an Otter packet match.,catalog_record_and_URL_only,,pdf_role=potentially_new_source; pass3_pdf_availability=available_external; pass1_rel=potentially_new_session
aosrd-webinars-283-cxoIpMhdeJw,AOSRD_Clearfield,aosrd_webinars_youtube,Post Covid 19 Vaccination Syndrome,post covid 19 vaccination syndrome,aosrd-webinars-283-cxoIpMhdeJw,no_match,,,,YouTube_video,https://www.youtube.com/watch?v=cxoIpMhdeJw,no,0,unresolved,0,unknown,low,low,low,unknown,poor,NO_ACQUISITION_INDICATED,YouTube_video URL is cataloged but Pass 3 found it unavailable externally (e.g. oEmbed 404).,Nothing while unavailable.,catalog_URL_only,external video currently unavailable,pass3_availability=unavailable_external
aosrd-2022-friday-1-anwar-ap-laser-ap-bio-ap-dr-anwar,AOSRD_Clearfield,aosrd_2022_conference,"AP, Laser AP & Bio AP-Dr Anwar — Anwar",ap laser ap bio ap dr anwar anwar,aosrd-2022-friday-1-anwar-ap-laser-ap-bio-ap-dr-anwar,no_match,,,,catalog_only_external_or_machine_path,,no,2,unresolved,1,unknown,medium,unknown,unknown,unknown,unknown,NOT_ENOUGH_INFORMATION,"Catalog entry may be outside the Otter corpus, but no public stream/PDF URL was availability-checked in Pass 3; binaries are claimed on external machine paths only. Not a public-web acquisition candidate in this gate.",Unknown without access to claimed external-machine binaries.,catalog_metadata_only; binaries_claimed_present_elsewhere_pass2,outside_public_web_acquisition_scope_for_this_pass,No public YouTube/Vimeo/Rumble/PDF URL in aosrd-2022 catalog; binaries claimed on /Volumes/... (Pass 2). External public availability not_checked / outside public-web check.
aosrd-2022-friday-2-macheret-nad-injection-and-iv-therapy-2,AOSRD_Clearfield,aosrd_2022_conference,NAD Injection and IV Therapy-2 — Macheret,nad injection and iv therapy 2 macheret,aosrd-2022-friday-2-macheret-nad-injection-and-iv-therapy-2,no_match,,,,catalog_only_external_or_machine_path,,no,2,unresolved,1,unknown,medium,unknown,unknown,unknown,unknown,NOT_ENOUGH_INFORMATION,"Catalog entry may be outside the Otter corpus, but no public stream/PDF URL was availability-checked in Pass 3; binaries are claimed on external machine paths only. Not a public-web acquisition candidate in this gate.",Unknown without access to claimed external-machine binaries.,catalog_metadata_only; binaries_claimed_present_elsewhere_pass2,outside_public_web_acquisition_scope_for_this_pass,No public YouTube/Vimeo/Rumble/PDF URL in aosrd-2022 catalog; binaries claimed on /Volumes/... (Pass 2). External public availability not_checked / outside public-web check.
aosrd-2022-friday-3-lillio-lillo-coronary-artery-calcium-scoring-ppt-for-jll-of,AOSRD_Clearfield,aosrd_2022_conference,Lillo-Coronary Artery Calcium Scoring PPT for JLL of — Lillio,lillo coronary artery calcium scoring ppt for jll of lillio,aosrd-2022-friday-3-lillio-lillo-coronary-artery-calcium-scoring-ppt-for-jll-of,no_match,,,,catalog_only_external_or_machine_path,,no,2,unresolved,1,unknown,medium,unknown,unknown,unknown,unknown,NOT_ENOUGH_INFORMATION,"Catalog entry may be outside the Otter corpus, but no public stream/PDF URL was availability-checked in Pass 3; binaries are claimed on external machine paths only. Not a public-web acquisition candidate in this gate.",Unknown without access to claimed external-machine binaries.,catalog_metadata_only; binaries_claimed_present_elsewhere_pass2,outside_public_web_acquisition_scope_for_this_pass,No public YouTube/Vimeo/Rumble/PDF URL in aosrd-2022 catalog; binaries claimed on /Volumes/... (Pass 2). External public availability not_checked / outside public-web check.
aosrd-2022-friday-4-sundermann-lifestyle-medicine-transforming-primary-care,AOSRD_Clearfield,aosrd_2022_conference,LIFESTYLE MEDICINE-Transforming Primary Care — Sundermann,lifestyle medicine transforming primary care sundermann,aosrd-2022-friday-4-sundermann-lifestyle-medicine-transforming-primary-care,no_match,,,,catalog_only_external_or_machine_path,,no,2,unresolved,1,unknown,medium,unknown,unknown,unknown,unknown,NOT_ENOUGH_INFORMATION,"Catalog entry may be outside the Otter corpus, but no public stream/PDF URL was availability-checked in Pass 3; binaries are claimed on external machine paths only. Not a public-web acquisition candidate in this gate.",Unknown without access to claimed external-machine binaries.,catalog_metadata_only; binaries_claimed_present_elsewhere_pass2,outside_public_web_acquisition_scope_for_this_pass,No public YouTube/Vimeo/Rumble/PDF URL in aosrd-2022 catalog; binaries claimed on /Volumes/... (Pass 2). External public availability not_checked / outside public-web check.
aosrd-2022-friday-5-lezkowitz-opioid-use-disorder-d-leszkovitz,AOSRD_Clearfield,aosrd_2022_conference,Opioid Use Disorder-D. Leszkovitz — Lezkowitz,opioid use disorder d leszkovitz lezkowitz,aosrd-2022-friday-5-lezkowitz-opioid-use-disorder-d-leszkovitz,no_match,,,,catalog_only_external_or_machine_path,,no,2,unresolved,1,unknown,medium,unknown,unknown,unknown,unknown,NOT_ENOUGH_INFORMATION,"Catalog entry may be outside the Otter corpus, but no public stream/PDF URL was availability-checked in Pass 3; binaries are claimed on external machine paths only. Not a public-web acquisition candidate in this gate.",Unknown without access to claimed external-machine binaries.,catalog_metadata_only; binaries_claimed_present_elsewhere_pass2,outside_public_web_acquisition_scope_for_this_pass,No public YouTube/Vimeo/Rumble/PDF URL in aosrd-2022 catalog; binaries claimed on /Volumes/... (Pass 2). External public availability not_checked / outside public-web check.
aosrd-2022-friday-6-speer-looking-at-rheumatic-diseases-1-speer,AOSRD_Clearfield,aosrd_2022_conference,looking at rheumatic diseases_1-Speer — Speer,looking at rheumatic diseases 1 speer speer,aosrd-2022-friday-6-speer-looking-at-rheumatic-diseases-1-speer,no_match,,,,catalog_only_external_or_machine_path,,no,2,unresolved,1,unknown,medium,unknown,unknown,unknown,unknown,NOT_ENOUGH_INFORMATION,"Catalog entry may be outside the Otter corpus, but no public stream/PDF URL was availability-checked in Pass 3; binaries are claimed on external machine paths only. Not a public-web acquisition candidate in this gate.",Unknown without access to claimed external-machine binaries.,catalog_metadata_only; binaries_claimed_present_elsewhere_pass2,outside_public_web_acquisition_scope_for_this_pass,No public YouTube/Vimeo/Rumble/PDF URL in aosrd-2022 catalog; binaries claimed on /Volumes/... (Pass 2). External public availability not_checked / outside public-web check.
aosrd-2022-friday-7-yutani-covid-19-pres-2-1,AOSRD_Clearfield,aosrd_2022_conference,COVID-19 pres 2-1 — Yutani,covid 19 pres 2 1 yutani,aosrd-2022-friday-7-yutani-covid-19-pres-2-1,no_match,,,,catalog_only_external_or_machine_path,,no,2,unresolved,1,unknown,medium,unknown,unknown,unknown,unknown,NOT_ENOUGH_INFORMATION,"Catalog entry may be outside the Otter corpus, but no public stream/PDF URL was availability-checked in Pass 3; binaries are claimed on external machine paths only. Not a public-web acquisition candidate in this gate.",Unknown without access to claimed external-machine binaries.,catalog_metadata_only; binaries_claimed_present_elsewhere_pass2,outside_public_web_acquisition_scope_for_this_pass,No public YouTube/Vimeo/Rumble/PDF URL in aosrd-2022 catalog; binaries claimed on /Volumes/... (Pass 2). External public availability not_checked / outside public-web check.
aosrd-2022-friday-8-o-neil-smith-kos-slide-show,AOSRD_Clearfield,aosrd_2022_conference,KOS-Slide Show — O'Neil Smith,kos slide show o neil smith,aosrd-2022-friday-8-o-neil-smith-kos-slide-show,no_match,,,,catalog_only_external_or_machine_path,,no,2,unresolved,1,unknown,medium,unknown,unknown,unknown,unknown,NOT_ENOUGH_INFORMATION,"Catalog entry may be outside the Otter corpus, but no public stream/PDF URL was availability-checked in Pass 3; binaries are claimed on external machine paths only. Not a public-web acquisition candidate in this gate.",Unknown without access to claimed external-machine binaries.,catalog_metadata_only; binaries_claimed_present_elsewhere_pass2,outside_public_web_acquisition_scope_for_this_pass,No public YouTube/Vimeo/Rumble/PDF URL in aosrd-2022 catalog; binaries claimed on /Volumes/... (Pass 2). External public availability not_checked / outside public-web check.
aosrd-2022-friday-9-marsh-insulin-resistance-effects-on-fertility-aosrd-mar-25-2022,AOSRD_Clearfield,aosrd_2022_conference,Insulin Resistance & Effects on Fertility AOSRD Mar 25 2022 — Marsh,insulin resistance effects on fertility aosrd mar 25 2022 marsh,aosrd-2022-friday-9-marsh-insulin-resistance-effects-on-fertility-aosrd-mar-25-2022,no_match,,,,catalog_only_external_or_machine_path,,no,2,unresolved,1,unknown,medium,unknown,unknown,unknown,unknown,NOT_ENOUGH_INFORMATION,"Catalog entry may be outside the Otter corpus, but no public stream/PDF URL was availability-checked in Pass 3; binaries are claimed on external machine paths only. Not a public-web acquisition candidate in this gate.",Unknown without access to claimed external-machine binaries.,catalog_metadata_only; binaries_claimed_present_elsewhere_pass2,outside_public_web_acquisition_scope_for_this_pass,No public YouTube/Vimeo/Rumble/PDF URL in aosrd-2022 catalog; binaries claimed on /Volumes/... (Pass 2). External public availability not_checked / outside public-web check.
aosrd-2022-saturday-1-bryan-nitric-oxide-for-the-prevention-and-treatment-of-cardiovascular-disease-with-a-splash-of-covid,AOSRD_Clearfield,aosrd_2022_conference,Nitric Oxide for the Prevention and Treatment of Cardiovascular DIsease with a Splash of Covid — Bryan,nitric oxide for the prevention and treatment of cardiovascular disease with a splash of covid bryan,aosrd-2022-saturday-1-bryan-nitric-oxide-for-the-prevention-and-treatment-of-cardiovascular-disease-with-a-splash-of-covid,no_match,,,,catalog_only_external_or_machine_path,,no,2,unresolved,1,unknown,medium,unknown,unknown,unknown,unknown,NOT_ENOUGH_INFORMATION,"Catalog entry may be outside the Otter corpus, but no public stream/PDF URL was availability-checked in Pass 3; binaries are claimed on external machine paths only. Not a public-web acquisition candidate in this gate.",Unknown without access to claimed external-machine binaries.,catalog_metadata_only; binaries_claimed_present_elsewhere_pass2,outside_public_web_acquisition_scope_for_this_pass,No public YouTube/Vimeo/Rumble/PDF URL in aosrd-2022 catalog; binaries claimed on /Volumes/... (Pass 2). External public availability not_checked / outside public-web check.
aosrd-2022-saturday-2-campbell-2022-congress-of-medical-excellence2,AOSRD_Clearfield,aosrd_2022_conference,2022 Congress of Medical Excellence2 — Campbell,2022 congress of medical excellence2 campbell,aosrd-2022-saturday-2-campbell-2022-congress-of-medical-excellence2,possible,j3HjVUuBV5gnR4KrCUuXOZEnPm0,2025-10-14,Research/lectures/clearfield-webinar-2025-10-14,catalog_only_external_or_machine_path,,no,1,low,1,unknown,medium,unknown,unknown,unknown,unknown,DEFER_EXISTING_REPRESENTATION,Possible Otter linkage exists and no public acquire URL is in scope; local Otter text likely sufficient for now.,Unknown without access to claimed external-machine binaries.,catalog_metadata_only; binaries_claimed_present_elsewhere_pass2,outside_public_web_acquisition_scope_for_this_pass,No public YouTube/Vimeo/Rumble/PDF URL in aosrd-2022 catalog; binaries claimed on /Volumes/... (Pass 2). External public availability not_checked / outside public-web check.
aosrd-2022-saturday-3-harris-stellate-ganglion-harris-final,AOSRD_Clearfield,aosrd_2022_conference,Stellate Ganglion Harris Final — Harris,stellate ganglion harris final harris,aosrd-2022-saturday-3-harris-stellate-ganglion-harris-final,no_match,,,,catalog_only_external_or_machine_path,,no,2,unresolved,1,unknown,medium,unknown,unknown,unknown,unknown,NOT_ENOUGH_INFORMATION,"Catalog entry may be outside the Otter corpus, but no public stream/PDF URL was availability-checked in Pass 3; binaries are claimed on external machine paths only. Not a public-web acquisition candidate in this gate.",Unknown without access to claimed external-machine binaries.,catalog_metadata_only; binaries_claimed_present_elsewhere_pass2,outside_public_web_acquisition_scope_for_this_pass,No public YouTube/Vimeo/Rumble/PDF URL in aosrd-2022 catalog; binaries claimed on /Volumes/... (Pass 2). External public availability not_checked / outside public-web check.
aosrd-2022-saturday-4-levy-lecture-hidden-epidemic-las-vegas-virtual-3-26-2022-levy,AOSRD_Clearfield,aosrd_2022_conference,"Lecture, Hidden Epidemic, Las Vegas virtual, 3.26.2022-Levy — Levy",lecture hidden epidemic las vegas virtual 3 26 2022 levy levy,aosrd-2022-saturday-4-levy-lecture-hidden-epidemic-las-vegas-virtual-3-26-2022-levy,no_match,,,,catalog_only_external_or_machine_path,,no,2,unresolved,1,unknown,medium,unknown,unknown,unknown,unknown,NOT_ENOUGH_INFORMATION,"Catalog entry may be outside the Otter corpus, but no public stream/PDF URL was availability-checked in Pass 3; binaries are claimed on external machine paths only. Not a public-web acquisition candidate in this gate.",Unknown without access to claimed external-machine binaries.,catalog_metadata_only; binaries_claimed_present_elsewhere_pass2,outside_public_web_acquisition_scope_for_this_pass,No public YouTube/Vimeo/Rumble/PDF URL in aosrd-2022 catalog; binaries claimed on /Volumes/... (Pass 2). External public availability not_checked / outside public-web check.
aosrd-2022-saturday-5-lozano-american-osteopathic-society-congress-of-medical-excellence-3-25-22-lozano,AOSRD_Clearfield,aosrd_2022_conference,American Osteopathic Society Congress of Medical Excellence 3-25-22-Lozano — Lozano,american osteopathic society congress of medical excellence 3 25 22 lozano lozano,aosrd-2022-saturday-5-lozano-american-osteopathic-society-congress-of-medical-excellence-3-25-22-lozano,no_match,,,,catalog_only_external_or_machine_path,,no,2,unresolved,1,unknown,medium,unknown,unknown,unknown,unknown,NOT_ENOUGH_INFORMATION,"Catalog entry may be outside the Otter corpus, but no public stream/PDF URL was availability-checked in Pass 3; binaries are claimed on external machine paths only. Not a public-web acquisition candidate in this gate.",Unknown without access to claimed external-machine binaries.,catalog_metadata_only; binaries_claimed_present_elsewhere_pass2,outside_public_web_acquisition_scope_for_this_pass,No public YouTube/Vimeo/Rumble/PDF URL in aosrd-2022 catalog; binaries claimed on /Volumes/... (Pass 2). External public availability not_checked / outside public-web check.
aosrd-2022-saturday-6-patel-chronic-fatigue-dyshomeostasis-dr-k-patel-march-2022-meeting,AOSRD_Clearfield,aosrd_2022_conference,CHRONIC FATIGUE –DYSHOMEOSTASIS--Dr. K. Patel March 2022 Meeting — Patel,chronic fatigue dyshomeostasis dr k patel march 2022 meeting patel,aosrd-2022-saturday-6-patel-chronic-fatigue-dyshomeostasis-dr-k-patel-march-2022-meeting,no_match,,,,catalog_only_external_or_machine_path,,no,2,unresolved,1,unknown,medium,unknown,unknown,unknown,unknown,NOT_ENOUGH_INFORMATION,"Catalog entry may be outside the Otter corpus, but no public stream/PDF URL was availability-checked in Pass 3; binaries are claimed on external machine paths only. Not a public-web acquisition candidate in this gate.",Unknown without access to claimed external-machine binaries.,catalog_metadata_only; binaries_claimed_present_elsewhere_pass2,outside_public_web_acquisition_scope_for_this_pass,No public YouTube/Vimeo/Rumble/PDF URL in aosrd-2022 catalog; binaries claimed on /Volumes/... (Pass 2). External public availability not_checked / outside public-web check.
aosrd-2022-saturday-7-born-autoimmune-diseases-asord-1,AOSRD_Clearfield,aosrd_2022_conference,Autoimmune Diseases ASORD (1) — Born,autoimmune diseases asord 1 born,aosrd-2022-saturday-7-born-autoimmune-diseases-asord-1,no_match,,,,catalog_only_external_or_machine_path,,no,2,unresolved,1,unknown,medium,unknown,unknown,unknown,unknown,NOT_ENOUGH_INFORMATION,"Catalog entry may be outside the Otter corpus, but no public stream/PDF URL was availability-checked in Pass 3; binaries are claimed on external machine paths only. Not a public-web acquisition candidate in this gate.",Unknown without access to claimed external-machine binaries.,catalog_metadata_only; binaries_claimed_present_elsewhere_pass2,outside_public_web_acquisition_scope_for_this_pass,No public YouTube/Vimeo/Rumble/PDF URL in aosrd-2022 catalog; binaries claimed on /Volumes/... (Pass 2). External public availability not_checked / outside public-web check.
aosrd-2022-saturday-8-peter-mccullough-mccullough-presentation-pathophysiologic-rationale-for-early-treatment-of-covid-19-nd-jan-30,AOSRD_Clearfield,aosrd_2022_conference,McCullough Presentation Pathophysiologic Rationale for Early Treatment of COVID-19 ND Jan 30 2022 — Peter McCullough,mccullough presentation pathophysiologic rationale for early treatment of covid 19 nd jan 30 2022 peter mccullough,aosrd-2022-saturday-8-peter-mccullough-mccullough-presentation-pathophysiologic-rationale-for-early-treatment-of-covid-19-nd-jan-30,no_match,,,,catalog_only_external_or_machine_path,,no,2,unresolved,1,unknown,medium,unknown,unknown,unknown,unknown,NOT_ENOUGH_INFORMATION,"Catalog entry may be outside the Otter corpus, but no public stream/PDF URL was availability-checked in Pass 3; binaries are claimed on external machine paths only. Not a public-web acquisition candidate in this gate.",Unknown without access to claimed external-machine binaries.,catalog_metadata_only; binaries_claimed_present_elsewhere_pass2,outside_public_web_acquisition_scope_for_this_pass,No public YouTube/Vimeo/Rumble/PDF URL in aosrd-2022 catalog; binaries claimed on /Volumes/... (Pass 2). External public availability not_checked / outside public-web check.
aosrd-2022-saturday-9-james-forsythe-2022-forsythe-immune-protocol-update-march-2022,AOSRD_Clearfield,aosrd_2022_conference,2022 Forsythe Immune Protocol Update March 2022 — James Forsythe,2022 forsythe immune protocol update march 2022 james forsythe,aosrd-2022-saturday-9-james-forsythe-2022-forsythe-immune-protocol-update-march-2022,possible,xg4V_A-L8_Ob1jKGBewDTtKzOWg;hxlUjPAXSClySIs4HN1P0CWe_Qk,2024-08-13;2026-06-16,Research/lectures/clearfield-webinar-2024-08-13;Research/lectures/clearfield-webinar-2026-06-16,catalog_only_external_or_machine_path,,no,1,low,1,unknown,medium,unknown,unknown,unknown,unknown,DEFER_EXISTING_REPRESENTATION,Possible Otter linkage exists and no public acquire URL is in scope; local Otter text likely sufficient for now.,Unknown without access to claimed external-machine binaries.,catalog_metadata_only; binaries_claimed_present_elsewhere_pass2,outside_public_web_acquisition_scope_for_this_pass,No public YouTube/Vimeo/Rumble/PDF URL in aosrd-2022 catalog; binaries claimed on /Volumes/... (Pass 2). External public availability not_checked / outside public-web check.
aosrd-2022-sunday-1-halasa-integrative-immuno-oncology-halasa,AOSRD_Clearfield,aosrd_2022_conference,Integrative Immuno Oncology-Halasa — Halasa,integrative immuno oncology halasa halasa,aosrd-2022-sunday-1-halasa-integrative-immuno-oncology-halasa,possible,JAhRYbDDwDsC4em3dazDKyDw4gM,2025-02-05,Research/lectures/clearfield-webinar-2025-02-05,catalog_only_external_or_machine_path,,no,1,low,1,unknown,medium,unknown,unknown,unknown,unknown,DEFER_EXISTING_REPRESENTATION,Possible Otter linkage exists and no public acquire URL is in scope; local Otter text likely sufficient for now.,Unknown without access to claimed external-machine binaries.,catalog_metadata_only; binaries_claimed_present_elsewhere_pass2,outside_public_web_acquisition_scope_for_this_pass,No public YouTube/Vimeo/Rumble/PDF URL in aosrd-2022 catalog; binaries claimed on /Volumes/... (Pass 2). External public availability not_checked / outside public-web check.
aosrd-2022-sunday-2-farshchian-dr-aj-farshchian-powerpoit,AOSRD_Clearfield,aosrd_2022_conference,Dr AJ. Farshchian Powerpoit — Farshchian,dr aj farshchian powerpoit farshchian,aosrd-2022-sunday-2-farshchian-dr-aj-farshchian-powerpoit,no_match,,,,catalog_only_external_or_machine_path,,no,2,unresolved,1,unknown,medium,unknown,unknown,unknown,unknown,NOT_ENOUGH_INFORMATION,"Catalog entry may be outside the Otter corpus, but no public stream/PDF URL was availability-checked in Pass 3; binaries are claimed on external machine paths only. Not a public-web acquisition candidate in this gate.",Unknown without access to claimed external-machine binaries.,catalog_metadata_only; binaries_claimed_present_elsewhere_pass2,outside_public_web_acquisition_scope_for_this_pass,No public YouTube/Vimeo/Rumble/PDF URL in aosrd-2022 catalog; binaries claimed on /Volumes/... (Pass 2). External public availability not_checked / outside public-web check.
aosrd-2022-sunday-3-pertain-brittany-partain-cb-caps-presentation-come-4-0,AOSRD_Clearfield,aosrd_2022_conference,Brittany Partain CB-CAPs Presentation COME 4.0 — Pertain,brittany partain cb caps presentation come 4 0 pertain,aosrd-2022-sunday-3-pertain-brittany-partain-cb-caps-presentation-come-4-0,no_match,,,,catalog_only_external_or_machine_path,,no,2,unresolved,1,unknown,medium,unknown,unknown,unknown,unknown,NOT_ENOUGH_INFORMATION,"Catalog entry may be outside the Otter corpus, but no public stream/PDF URL was availability-checked in Pass 3; binaries are claimed on external machine paths only. Not a public-web acquisition candidate in this gate.",Unknown without access to claimed external-machine binaries.,catalog_metadata_only; binaries_claimed_present_elsewhere_pass2,outside_public_web_acquisition_scope_for_this_pass,No public YouTube/Vimeo/Rumble/PDF URL in aosrd-2022 catalog; binaries claimed on /Volumes/... (Pass 2). External public availability not_checked / outside public-web check.
aosrd-2022-sunday-4-badal-ultrasound-in-integrative-medicine-dr-r-badal,AOSRD_Clearfield,aosrd_2022_conference,Ultrasound in Integrative Medicine-Dr. R. Badal — Badal,ultrasound in integrative medicine dr r badal badal,aosrd-2022-sunday-4-badal-ultrasound-in-integrative-medicine-dr-r-badal,no_match,,,,catalog_only_external_or_machine_path,,no,2,unresolved,1,unknown,medium,unknown,unknown,unknown,unknown,NOT_ENOUGH_INFORMATION,"Catalog entry may be outside the Otter corpus, but no public stream/PDF URL was availability-checked in Pass 3; binaries are claimed on external machine paths only. Not a public-web acquisition candidate in this gate.",Unknown without access to claimed external-machine binaries.,catalog_metadata_only; binaries_claimed_present_elsewhere_pass2,outside_public_web_acquisition_scope_for_this_pass,No public YouTube/Vimeo/Rumble/PDF URL in aosrd-2022 catalog; binaries claimed on /Volumes/... (Pass 2). External public availability not_checked / outside public-web check.
aosrd-2022-sunday-5-teitelbaum-fibromyalgia-and-post-covid-cfs-rx-practitioners-osteopathy-group-jacob-teitelbaum,AOSRD_Clearfield,aosrd_2022_conference,Fibromyalgia and Post covid CFS Rx -Practitioners- Osteopathy group-Jacob Teitelbaum — Teitelbaum,fibromyalgia and post covid cfs rx practitioners osteopathy group jacob teitelbaum teitelbaum,aosrd-2022-sunday-5-teitelbaum-fibromyalgia-and-post-covid-cfs-rx-practitioners-osteopathy-group-jacob-teitelbaum,no_match,,,,catalog_only_external_or_machine_path,,no,2,unresolved,1,unknown,medium,unknown,unknown,unknown,unknown,NOT_ENOUGH_INFORMATION,"Catalog entry may be outside the Otter corpus, but no public stream/PDF URL was availability-checked in Pass 3; binaries are claimed on external machine paths only. Not a public-web acquisition candidate in this gate.",Unknown without access to claimed external-machine binaries.,catalog_metadata_only; binaries_claimed_present_elsewhere_pass2,outside_public_web_acquisition_scope_for_this_pass,No public YouTube/Vimeo/Rumble/PDF URL in aosrd-2022 catalog; binaries claimed on /Volumes/... (Pass 2). External public availability not_checked / outside public-web check.
aosrd-2022-sunday-6-gersh-pcos-march-2022-osteopathic-conference,AOSRD_Clearfield,aosrd_2022_conference,PCOS March 2022 Osteopathic Conference — Gersh,pcos march 2022 osteopathic conference gersh,aosrd-2022-sunday-6-gersh-pcos-march-2022-osteopathic-conference,possible,OyOI3AvRLueyq57ys04VXI5U1WU,2025-12-17,Research/lectures/clearfield-webinar-2025-12-17,catalog_only_external_or_machine_path,,no,1,low,1,unknown,medium,unknown,unknown,unknown,unknown,DEFER_EXISTING_REPRESENTATION,Possible Otter linkage exists and no public acquire URL is in scope; local Otter text likely sufficient for now.,Unknown without access to claimed external-machine binaries.,catalog_metadata_only; binaries_claimed_present_elsewhere_pass2,outside_public_web_acquisition_scope_for_this_pass,No public YouTube/Vimeo/Rumble/PDF URL in aosrd-2022 catalog; binaries claimed on /Volumes/... (Pass 2). External public availability not_checked / outside public-web check.
aosrd-2022-sunday-7-cruz-march-2022-medical-ethics-presentation-1,AOSRD_Clearfield,aosrd_2022_conference,March 2022 Medical Ethics Presentation (1) — Cruz,march 2022 medical ethics presentation 1 cruz,aosrd-2022-sunday-7-cruz-march-2022-medical-ethics-presentation-1,possible,vZKE66zexBS6KPliMMq0glRxefk;Se28ZvfBuNMYHNmwQG9ua7gbTWk;ClN5CZe78b8lp6a0nf44-DzCDCo,2024-12-04;2026-03-10;2025-03-11,Research/lectures/clearfield-webinar-2024-12-04;Research/lectures/clearfield-webinar-2026-03-10;Research/lectures/clearfield-webinar-2025-03-11,catalog_only_external_or_machine_path,,no,1,low,1,unknown,medium,unknown,unknown,unknown,unknown,DEFER_EXISTING_REPRESENTATION,Possible Otter linkage exists and no public acquire URL is in scope; local Otter text likely sufficient for now.,Unknown without access to claimed external-machine binaries.,catalog_metadata_only; binaries_claimed_present_elsewhere_pass2,outside_public_web_acquisition_scope_for_this_pass,No public YouTube/Vimeo/Rumble/PDF URL in aosrd-2022 catalog; binaries claimed on /Volumes/... (Pass 2). External public availability not_checked / outside public-web check.
aosrd-2022-sunday-8-burgess-suicide-prevention-john-burgess-do-aosrd-4-0,AOSRD_Clearfield,aosrd_2022_conference,Suicide Prevention John Burgess DO AOSRD 4.0 — Burgess,suicide prevention john burgess do aosrd 4 0 burgess,aosrd-2022-sunday-8-burgess-suicide-prevention-john-burgess-do-aosrd-4-0,possible,pfNO6khumfRfVoCync03aVBxZ70;wcHy9pPXoWy5S62-GJbpasQtw2o;TNvBcRwwSnrkWGe2_L3i3lGvYYk;VwrSvok1RCW2X3iJ_Kwbd8JK6k8,2025-03-18;2025-02-12;2024-12-11;2025-11-12,Research/lectures/clearfield-webinar-2025-03-18;Research/lectures/clearfield-webinar-2025-02-12;Research/lectures/clearfield-webinar-2024-12-11;Research/lectures/clearfield-webinar-2025-11-12,catalog_only_external_or_machine_path,,no,1,low,1,unknown,medium,unknown,unknown,unknown,unknown,DEFER_EXISTING_REPRESENTATION,Possible Otter linkage exists and no public acquire URL is in scope; local Otter text likely sufficient for now.,Unknown without access to claimed external-machine binaries.,catalog_metadata_only; binaries_claimed_present_elsewhere_pass2,outside_public_web_acquisition_scope_for_this_pass,No public YouTube/Vimeo/Rumble/PDF URL in aosrd-2022 catalog; binaries claimed on /Volumes/... (Pass 2). External public availability not_checked / outside public-web check.
aosrd-2022-sunday-9-stock-cme-federal-emergency-healthcare-response-daniel-stock-md,AOSRD_Clearfield,aosrd_2022_conference,CME Federal Emergency Healthcare Response-Daniel Stock MD — Stock,cme federal emergency healthcare response daniel stock md stock,aosrd-2022-sunday-9-stock-cme-federal-emergency-healthcare-response-daniel-stock-md,no_match,,,,catalog_only_external_or_machine_path,,no,2,unresolved,1,unknown,medium,unknown,unknown,unknown,unknown,NOT_ENOUGH_INFORMATION,"Catalog entry may be outside the Otter corpus, but no public stream/PDF URL was availability-checked in Pass 3; binaries are claimed on external machine paths only. Not a public-web acquisition candidate in this gate.",Unknown without access to claimed external-machine binaries.,catalog_metadata_only; binaries_claimed_present_elsewhere_pass2,outside_public_web_acquisition_scope_for_this_pass,No public YouTube/Vimeo/Rumble/PDF URL in aosrd-2022 catalog; binaries claimed on /Volumes/... (Pass 2). External public availability not_checked / outside public-web check.
aosrd-2022-interstitial-faculty-slide-show2,AOSRD_Clearfield,aosrd_2022_conference,slide show2 — Faculty,slide show2 faculty,aosrd-2022-interstitial-faculty-slide-show2,no_match,,,,catalog_only_external_or_machine_path,,no,2,unresolved,1,unknown,medium,unknown,unknown,unknown,unknown,NOT_ENOUGH_INFORMATION,"Catalog entry may be outside the Otter corpus, but no public stream/PDF URL was availability-checked in Pass 3; binaries are claimed on external machine paths only. Not a public-web acquisition candidate in this gate.",Unknown without access to claimed external-machine binaries.,catalog_metadata_only; binaries_claimed_present_elsewhere_pass2,outside_public_web_acquisition_scope_for_this_pass,No public YouTube/Vimeo/Rumble/PDF URL in aosrd-2022 catalog; binaries claimed on /Volumes/... (Pass 2). External public availability not_checked / outside public-web check.
aosrd-2022-meta-conference-aosrd-2022-catalog-notes,AOSRD_Clearfield,aosrd_2022_conference,AOSRD 2022 catalog notes — Conference,aosrd 2022 catalog notes conference,aosrd-2022-meta-conference-aosrd-2022-catalog-notes,possible,CQdkPoyCm_xx7nnZ2b80AClK8TM;P1FgRy3FvTrrNYsXISdsJKJeiEg,2025-10-07;2024-11-06,Research/lectures/clearfield-webinar-2025-10-07;Research/lectures/clearfield-webinar-2024-11-06,catalog_only_external_or_machine_path,,no,1,low,1,unknown,medium,unknown,unknown,unknown,unknown,DEFER_EXISTING_REPRESENTATION,Possible Otter linkage exists and no public acquire URL is in scope; local Otter text likely sufficient for now.,Unknown without access to claimed external-machine binaries.,catalog_metadata_only; binaries_claimed_present_elsewhere_pass2,outside_public_web_acquisition_scope_for_this_pass,No public YouTube/Vimeo/Rumble/PDF URL in aosrd-2022 catalog; binaries claimed on /Volumes/... (Pass 2). External public availability not_checked / outside public-web check.
local-downloads-deadman-purple-cover,AOSRD_Clearfield,local_downloads,A Manual of Acupuncture (purple cover),a manual of acupuncture purple cover,local-downloads-deadman-purple-cover,no_match,,,,catalog_only_external_or_machine_path,,no,2,unresolved,1,unknown,medium,unknown,unknown,unknown,unknown,NOT_ENOUGH_INFORMATION,"Catalog entry may be outside the Otter corpus, but no public stream/PDF URL was availability-checked in Pass 3; binaries are claimed on external machine paths only. Not a public-web acquisition candidate in this gate.",Unknown without access to claimed external-machine binaries.,catalog_metadata_only; binaries_claimed_present_elsewhere_pass2,outside_public_web_acquisition_scope_for_this_pass,No public streaming URL in catalog; source_root=/Users/nuu/Downloads/a-manual-of-acupuncture-purple cover.pdf (Pass 2 claimed_present_elsewhere). Public external availability not applicable / not_checked.
local-downloads-acu-resource,AOSRD_Clearfield,local_downloads,Acupuncture resource,acupuncture resource,local-downloads-acu-resource,no_match,,,,catalog_only_external_or_machine_path,,no,2,unresolved,1,unknown,medium,unknown,unknown,unknown,unknown,NOT_ENOUGH_INFORMATION,"Catalog entry may be outside the Otter corpus, but no public stream/PDF URL was availability-checked in Pass 3; binaries are claimed on external machine paths only. Not a public-web acquisition candidate in this gate.",Unknown without access to claimed external-machine binaries.,catalog_metadata_only; binaries_claimed_present_elsewhere_pass2,outside_public_web_acquisition_scope_for_this_pass,No public streaming URL in catalog; source_root=/Users/nuu/Downloads/Acupuncture resource (Pass 2 claimed_present_elsewhere). Public external availability not applicable / not_checked.
local-downloads-insomnia-reference-guide,AOSRD_Clearfield,local_downloads,Insomnia reference guide,insomnia reference guide,local-downloads-insomnia-reference-guide,no_match,,,,catalog_only_external_or_machine_path,,no,2,unresolved,1,unknown,medium,unknown,unknown,unknown,unknown,NOT_ENOUGH_INFORMATION,"Catalog entry may be outside the Otter corpus, but no public stream/PDF URL was availability-checked in Pass 3; binaries are claimed on external machine paths only. Not a public-web acquisition candidate in this gate.",Unknown without access to claimed external-machine binaries.,catalog_metadata_only; binaries_claimed_present_elsewhere_pass2,outside_public_web_acquisition_scope_for_this_pass,No public streaming URL in catalog; source_root=/Users/nuu/Downloads/insomnia_reference_guide.pdf (Pass 2 claimed_present_elsewhere). Public external availability not applicable / not_checked.
local-downloads-hidden-geography-channels-m4a,AOSRD_Clearfield,local_downloads,The hidden geography of acupuncture channels (audio),the hidden geography of acupuncture channels audio,local-downloads-hidden-geography-channels-m4a,no_match,,,,catalog_only_external_or_machine_path,,no,2,unresolved,1,unknown,medium,unknown,unknown,unknown,unknown,NOT_ENOUGH_INFORMATION,"Catalog entry may be outside the Otter corpus, but no public stream/PDF URL was availability-checked in Pass 3; binaries are claimed on external machine paths only. Not a public-web acquisition candidate in this gate.",Unknown without access to claimed external-machine binaries.,catalog_metadata_only; binaries_claimed_present_elsewhere_pass2,outside_public_web_acquisition_scope_for_this_pass,No public streaming URL in catalog; source_root=/Users/nuu/Downloads/The_hidden_geography_of_acupuncture_channels.m4a (Pass 2 claimed_present_elsewhere). Public external availability not applicable / not_checked.
local-downloads-brain-and-mycotoxins,AOSRD_Clearfield,local_downloads,Brain and Mycotoxins,brain and mycotoxins,local-downloads-brain-and-mycotoxins,no_match,,,,catalog_only_external_or_machine_path,,no,2,unresolved,1,unknown,medium,unknown,unknown,unknown,unknown,NOT_ENOUGH_INFORMATION,"Catalog entry may be outside the Otter corpus, but no public stream/PDF URL was availability-checked in Pass 3; binaries are claimed on external machine paths only. Not a public-web acquisition candidate in this gate.",Unknown without access to claimed external-machine binaries.,catalog_metadata_only; binaries_claimed_present_elsewhere_pass2,outside_public_web_acquisition_scope_for_this_pass,No public streaming URL in catalog; source_root=/Users/nuu/Downloads/BrainandMycotoxins.pdf (Pass 2 claimed_present_elsewhere). Public external availability not applicable / not_checked.
local-downloads-campbell-mold-aosrd-2021,AOSRD_Clearfield,local_downloads,Dr Andrew Campbell — Mold and Mycotoxins (AOSRD 2021),dr andrew campbell mold and mycotoxins aosrd 2021,local-downloads-campbell-mold-aosrd-2021,possible,v3Md09l1C_mz3hrDPWngln5SYQw;hFcw5MS7FSAuXJGFcnPHqL6j1gM,,,catalog_only_external_or_machine_path,,no,1,low,1,unknown,medium,unknown,unknown,unknown,unknown,DEFER_EXISTING_REPRESENTATION,Possible Otter linkage exists and no public acquire URL is in scope; local Otter text likely sufficient for now.,Unknown without access to claimed external-machine binaries.,catalog_metadata_only; binaries_claimed_present_elsewhere_pass2,outside_public_web_acquisition_scope_for_this_pass,No public streaming URL in catalog; source_root=/Users/nuu/Downloads/DR andrew Campbell Mold-and-Mycotoxins-AOSRD 2021.pdf (Pass 2 claimed_present_elsewhere). Public external availability not applicable / not_checked.
local-downloads-hashimoto-tano,AOSRD_Clearfield,local_downloads,Hashimoto thyroiditis with Dr Benoit Tano,hashimoto thyroiditis with dr benoit tano,local-downloads-hashimoto-tano,possible,81vgkJ55QnsvesXbnyxCMQPr6Rc;Td9Prx_y7BG6tFzXN3Yl-Iy-NJ8,,,catalog_only_external_or_machine_path,,no,1,low,1,unknown,medium,unknown,unknown,unknown,unknown,DEFER_EXISTING_REPRESENTATION,Possible Otter linkage exists and no public acquire URL is in scope; local Otter text likely sufficient for now.,Unknown without access to claimed external-machine binaries.,catalog_metadata_only; binaries_claimed_present_elsewhere_pass2,outside_public_web_acquisition_scope_for_this_pass,No public streaming URL in catalog; source_root=/Users/nuu/Downloads/Hashimoto thyroididtis with Dr Benoit Tano  (Pass 2 claimed_present_elsewhere). Public external availability not applicable / not_checked.
local-downloads-emily-autoimmune-2026-04,AOSRD_Clearfield,local_downloads,Insights On Emily — a case of Autoimmune Origin,insights on emily a case of autoimmune origin,local-downloads-emily-autoimmune-2026-04,possible,GpGzOhGTH4-q6bror7uHVEIk1Jk,,,catalog_only_external_or_machine_path,,no,1,low,1,unknown,medium,unknown,unknown,unknown,unknown,DEFER_EXISTING_REPRESENTATION,Possible Otter linkage exists and no public acquire URL is in scope; local Otter text likely sufficient for now.,Unknown without access to claimed external-machine binaries.,catalog_metadata_only; binaries_claimed_present_elsewhere_pass2,outside_public_web_acquisition_scope_for_this_pass,No public streaming URL in catalog; source_root=/Users/nuu/Downloads/Insights On Emily:a case of Autoimmune Origin 4 2026 (Pass 2 claimed_present_elsewhere). Public external availability not applicable / not_checked.
local-downloads-integrative-immuno-carbon60,AOSRD_Clearfield,local_downloads,Integrative Immunology — Nutritional Cofactors / Carbon60,integrative immunology nutritional cofactors carbon60,local-downloads-integrative-immuno-carbon60,no_match,,,,catalog_only_external_or_machine_path,,no,2,unresolved,1,unknown,medium,unknown,unknown,unknown,unknown,NOT_ENOUGH_INFORMATION,"Catalog entry may be outside the Otter corpus, but no public stream/PDF URL was availability-checked in Pass 3; binaries are claimed on external machine paths only. Not a public-web acquisition candidate in this gate.",Unknown without access to claimed external-machine binaries.,catalog_metadata_only; binaries_claimed_present_elsewhere_pass2,outside_public_web_acquisition_scope_for_this_pass,No public streaming URL in catalog; source_root=/Users/nuu/Downloads/Integrative Immunology Nutritional Cofactors in Tissue Using Repair Carbon60 (Pass 2 claimed_present_elsewhere). Public external availability not applicable / not_checked.
local-downloads-morgellons-lyme-syphilis,AOSRD_Clearfield,local_downloads,"Overlap between Morgellons, Lyme disease, and syphilis",overlap between morgellons lyme disease and syphilis,local-downloads-morgellons-lyme-syphilis,no_match,,,,catalog_only_external_or_machine_path,,no,2,unresolved,1,unknown,medium,unknown,unknown,unknown,unknown,NOT_ENOUGH_INFORMATION,"Catalog entry may be outside the Otter corpus, but no public stream/PDF URL was availability-checked in Pass 3; binaries are claimed on external machine paths only. Not a public-web acquisition candidate in this gate.",Unknown without access to claimed external-machine binaries.,catalog_metadata_only; binaries_claimed_present_elsewhere_pass2,outside_public_web_acquisition_scope_for_this_pass,No public streaming URL in catalog; source_root=/Users/nuu/Downloads/overlap between Morgellons Lyme disease and syphilis (Pass 2 claimed_present_elsewhere). Public external availability not applicable / not_checked.
local-downloads-colchicine-uses,AOSRD_Clearfield,local_downloads,Colchicine uses,colchicine uses,local-downloads-colchicine-uses,no_match,,,,catalog_only_external_or_machine_path,,no,2,unresolved,1,unknown,medium,unknown,unknown,unknown,unknown,NOT_ENOUGH_INFORMATION,"Catalog entry may be outside the Otter corpus, but no public stream/PDF URL was availability-checked in Pass 3; binaries are claimed on external machine paths only. Not a public-web acquisition candidate in this gate.",Unknown without access to claimed external-machine binaries.,catalog_metadata_only; binaries_claimed_present_elsewhere_pass2,outside_public_web_acquisition_scope_for_this_pass,No public streaming URL in catalog; source_root=/Users/nuu/Downloads/Colchicine uses.pdf (Pass 2 claimed_present_elsewhere). Public external availability not applicable / not_checked.
local-downloads-dna-repair-andrews-2026-04,AOSRD_Clearfield,local_downloads,DNA repair healing with Dr. Bill Andrews,dna repair healing with dr bill andrews,local-downloads-dna-repair-andrews-2026-04,likely,ajVChHpkQS72kcrtN9J03lwNFZ0,,,catalog_only_external_or_machine_path,,no,1,medium,1,unknown,medium,unknown,unknown,unknown,unknown,DEFER_EXISTING_REPRESENTATION,Possible Otter linkage exists and no public acquire URL is in scope; local Otter text likely sufficient for now.,Unknown without access to claimed external-machine binaries.,catalog_metadata_only; binaries_claimed_present_elsewhere_pass2,outside_public_web_acquisition_scope_for_this_pass,No public streaming URL in catalog; source_root=/Users/nuu/Downloads/DNA repair healing with Dr. Bill Andrews 4 28 2026 (Pass 2 claimed_present_elsewhere). Public external availability not applicable / not_checked.
local-downloads-burton-hormones-2026-04,AOSRD_Clearfield,local_downloads,Dr Lindsay Burton — everything hormones lecture,dr lindsay burton everything hormones lecture,local-downloads-burton-hormones-2026-04,possible,OlXuXl73V1RAQ4bVYXoakDZMRnU,,,catalog_only_external_or_machine_path,,no,1,low,1,unknown,medium,unknown,unknown,unknown,unknown,DEFER_EXISTING_REPRESENTATION,Possible Otter linkage exists and no public acquire URL is in scope; local Otter text likely sufficient for now.,Unknown without access to claimed external-machine binaries.,catalog_metadata_only; binaries_claimed_present_elsewhere_pass2,outside_public_web_acquisition_scope_for_this_pass,No public streaming URL in catalog; source_root=/Users/nuu/Downloads/Dr Lindsay Burton everything hormones lecture 4 2026.txt (Pass 2 claimed_present_elsewhere). Public external availability not applicable / not_checked.
local-downloads-hair-follicle-optimization,AOSRD_Clearfield,local_downloads,Hair Follicle Optimization Master Research v0.2,hair follicle optimization master research v0 2,local-downloads-hair-follicle-optimization,no_match,,,,catalog_only_external_or_machine_path,,no,2,unresolved,1,unknown,medium,unknown,unknown,unknown,unknown,NOT_ENOUGH_INFORMATION,"Catalog entry may be outside the Otter corpus, but no public stream/PDF URL was availability-checked in Pass 3; binaries are claimed on external machine paths only. Not a public-web acquisition candidate in this gate.",Unknown without access to claimed external-machine binaries.,catalog_metadata_only; binaries_claimed_present_elsewhere_pass2,outside_public_web_acquisition_scope_for_this_pass,No public streaming URL in catalog; source_root=/Users/nuu/Downloads/Hair_Follicle_Optimization_Master_Research_v0.2.docx (Pass 2 claimed_present_elsewhere). Public external availability not applicable / not_checked.
local-downloads-integrative-medicine-lecture-notes,AOSRD_Clearfield,local_downloads,Integrative medicine lecture notes,integrative medicine lecture notes,local-downloads-integrative-medicine-lecture-notes,no_match,,,,catalog_only_external_or_machine_path,,no,2,unresolved,1,unknown,medium,unknown,unknown,unknown,unknown,NOT_ENOUGH_INFORMATION,"Catalog entry may be outside the Otter corpus, but no public stream/PDF URL was availability-checked in Pass 3; binaries are claimed on external machine paths only. Not a public-web acquisition candidate in this gate.",Unknown without access to claimed external-machine binaries.,catalog_metadata_only; binaries_claimed_present_elsewhere_pass2,outside_public_web_acquisition_scope_for_this_pass,No public streaming URL in catalog; source_root=/Users/nuu/Downloads/integrative_medicine_lecture_notes.docx (Pass 2 claimed_present_elsewhere). Public external availability not applicable / not_checked.
local-downloads-ivermectin-ayurveda-2026-05,AOSRD_Clearfield,local_downloads,"Ivermectin for longevity, cancer, neurodegeneration & quantum Ayurveda",ivermectin for longevity cancer neurodegeneration quantum ayurveda,local-downloads-ivermectin-ayurveda-2026-05,strong,SiB7Ifahh4_dfJVERQgP60auXjw,,,catalog_only_external_or_machine_path,,no,1,high,1,unknown,medium,unknown,unknown,unknown,unknown,DEFER_EXISTING_REPRESENTATION,Possible Otter linkage exists and no public acquire URL is in scope; local Otter text likely sufficient for now.,Unknown without access to claimed external-machine binaries.,catalog_metadata_only; binaries_claimed_present_elsewhere_pass2,outside_public_web_acquisition_scope_for_this_pass,"No public streaming URL in catalog; source_root=/Users/nuu/Downloads/Ivermectin for longevity, cancer, neurodegenerative diseases, & potential of quantum Ayurveda technology 5 19 2026 (Pass 2 claimed_present_elsewhere). Public external availability not applicable / not_checked."
local-downloads-colchicine-cv-prevention,AOSRD_Clearfield,local_downloads,Low-dose colchicine — CV prevention / anti-inflammatory,low dose colchicine cv prevention anti inflammatory,local-downloads-colchicine-cv-prevention,no_match,,,,catalog_only_external_or_machine_path,,no,2,unresolved,1,unknown,medium,unknown,unknown,unknown,unknown,NOT_ENOUGH_INFORMATION,"Catalog entry may be outside the Otter corpus, but no public stream/PDF URL was availability-checked in Pass 3; binaries are claimed on external machine paths only. Not a public-web acquisition candidate in this gate.",Unknown without access to claimed external-machine binaries.,catalog_metadata_only; binaries_claimed_present_elsewhere_pass2,outside_public_web_acquisition_scope_for_this_pass,No public streaming URL in catalog; source_root=/Users/nuu/Downloads/low-dose colchicine as a cost-effective anti-inflammatory therapy for cardiovascular prevention (Pass 2 claimed_present_elsewhere). Public external availability not applicable / not_checked.
local-downloads-dpc-hartman-2026-05,AOSRD_Clearfield,local_downloads,Stefan Hartman — starting a DPC practice (LLC / S-corp),stefan hartman starting a dpc practice llc s corp,local-downloads-dpc-hartman-2026-05,strong,7f1TOn8POnM4I7k7Kv04F-ZbcYA,,,catalog_only_external_or_machine_path,,no,1,high,1,unknown,medium,unknown,unknown,unknown,unknown,DEFER_EXISTING_REPRESENTATION,Possible Otter linkage exists and no public acquire URL is in scope; local Otter text likely sufficient for now.,Unknown without access to claimed external-machine binaries.,catalog_metadata_only; binaries_claimed_present_elsewhere_pass2,outside_public_web_acquisition_scope_for_this_pass,"No public streaming URL in catalog; source_root=/Users/nuu/Downloads/Stefan Hartman presented on starting a DPC practice, emphasizing the benefits of an LLC, S corporation 512 2026 (Pass 2 claimed_present_elsewhere). Public external availability not applicable / not_checked."
local-downloads-peptides-bpc-kpv-2026-05,AOSRD_Clearfield,local_downloads,"Peptides BPC-157, KPV, and lorazotide — gut repair / barrier",peptides bpc 157 kpv and lorazotide gut repair barrier,local-downloads-peptides-bpc-kpv-2026-05,no_match,,,,catalog_only_external_or_machine_path,,no,2,unresolved,1,unknown,medium,unknown,unknown,unknown,unknown,NOT_ENOUGH_INFORMATION,"Catalog entry may be outside the Otter corpus, but no public stream/PDF URL was availability-checked in Pass 3; binaries are claimed on external machine paths only. Not a public-web acquisition candidate in this gate.",Unknown without access to claimed external-machine binaries.,catalog_metadata_only; binaries_claimed_present_elsewhere_pass2,outside_public_web_acquisition_scope_for_this_pass,"No public streaming URL in catalog; source_root=/Users/nuu/Downloads/ peptides BPC 157, KPV, and lorazotide for gut repair, inflammation, and barrier control slides 5 5 2026 (Pass 2 claimed_present_elsewhere). Public external availability not applicable / not_checked."
