record_id,ecosystem,source,original_title,normalized_title,pass1_reference,pass1_match_class,otter_id,otter_date,packet_dir,aosrd_catalog_record,aosrd_web_url,aosrd_pdf_url,aosrd_pdf_availability,youtube_id,youtube_url,youtube_availability,youtube_title,youtube_published_date,youtube_duration,youtube_captions_status,youtube_transcript_indication,vimeo_url,vimeo_availability,vimeo_captions_status,rumble_url,rumble_availability,rumble_captions_status,external_representation_types,relationship_to_existing_bds_session,local_representation_already_present,potentially_new_source_status,external_text_opportunity,notes
aosrd-webinars-000-R0k2AM7bvcw,AOSRD_Clearfield,aosrd_webinars_youtube,We Can’t Keep Eating Like This with Dr. Paul Clayton​  – Video,we can t keep eating like this with dr paul clayton video,aosrd-webinars-000-R0k2AM7bvcw,possible,Se28ZvfBuNMYHNmwQG9ua7gbTWk,2026-03-10,Research/lectures/clearfield-webinar-2026-03-10,present_local,https://aosrd.org/webinars/,,,R0k2AM7bvcw,https://youtu.be/R0k2AM7bvcw,available_external,We Can't Keep Eating Like This with Dr. Paul Clayton​,,,not_checked,not_checked,,,,,,,AOSRD webpage; YouTube video,possible_existing_session_representation,yes,unclear,not_checked,oembed_author=Clearfield Medical Group; timedtext_list_empty; youtube_player_login_wall_prevents_caption_metadata; published_date/duration not_checked (YouTube player metadata blocked); pass1_match_class_frozen=possible; otter_candidates=1; local=otter_transcript_local
aosrd-webinars-001-1FvBmDULAM0,AOSRD_Clearfield,aosrd_webinars_youtube,Peter Zebot-The Second Law of Human Nature  – Video,peter zebot the second law of human nature video,aosrd-webinars-001-1FvBmDULAM0,no_match,,,,present_local,https://aosrd.org/webinars/,,,1FvBmDULAM0,https://youtu.be/1FvBmDULAM0,available_external,Peter Zebot-The Second Law of Human Nature,,,not_checked,not_checked,,,,,,,AOSRD webpage; YouTube video,potentially_new_session,no,potentially_new_session,not_checked,oembed_author=Clearfield Medical Group; timedtext_list_empty; youtube_player_login_wall_prevents_caption_metadata; published_date/duration not_checked (YouTube player metadata blocked); pass1_match_class_frozen=no_match; otter_candidates=0
aosrd-webinars-002-db3pbTDvVzk,AOSRD_Clearfield,aosrd_webinars_youtube,"The Collagen Network-Rebuild, Stregthen and Maintain Immune Regulation, Creatine and Mitochondrial Magnesium with Jill Beckman  – Video",the collagen network rebuild stregthen and maintain immune regulation creatine and mitochondrial magnesium with jill beckman video,aosrd-webinars-002-db3pbTDvVzk,possible,lnZUNAyEcVNSN0i3JOEbuJcc15A,2025-02-19,Research/lectures/clearfield-webinar-2025-02-19,present_local,https://aosrd.org/webinars/,,,db3pbTDvVzk,https://youtu.be/db3pbTDvVzk,available_external,Collagen Network: Rebuild & Strengthen | Jill Beckman,,,not_checked,not_checked,,,,,,,AOSRD webpage; YouTube video,possible_existing_session_representation,yes,unclear,not_checked,oembed_author=Clearfield Medical Group; timedtext_list_empty; youtube_player_login_wall_prevents_caption_metadata; published_date/duration not_checked (YouTube player metadata blocked); pass1_match_class_frozen=possible; otter_candidates=1; local=otter_transcript_local
aosrd-webinars-003-no_8kTiBj6g,AOSRD_Clearfield,aosrd_webinars_youtube,Build Your Own Personalized Nutritional  Formula from the Ground Up With Michael Lomis – Video,build your own personalized nutritional formula from the ground up with michael lomis video,aosrd-webinars-003-no_8kTiBj6g,no_match,,,,present_local,https://aosrd.org/webinars/,,,no_8kTiBj6g,https://youtu.be/no_8kTiBj6g,available_external,Build Your Own Personalized Nutritional  Formula from the Ground Up With Michael Lomis,,,not_checked,not_checked,,,,,,,AOSRD webpage; YouTube video,potentially_new_session,no,potentially_new_session,not_checked,oembed_author=Clearfield Medical Group; timedtext_list_empty; youtube_player_login_wall_prevents_caption_metadata; published_date/duration not_checked (YouTube player metadata blocked); pass1_match_class_frozen=no_match; otter_candidates=0
aosrd-webinars-004-tIwwIf1egq0,AOSRD_Clearfield,aosrd_webinars_youtube,Why Vitamin C Therapy Works – Video,why vitamin c therapy works video,aosrd-webinars-004-tIwwIf1egq0,no_match,,,,present_local,https://aosrd.org/webinars/,,,tIwwIf1egq0,https://youtu.be/tIwwIf1egq0,available_external,Why Vitamin C Therapy Works,,,not_checked,not_checked,,,,,,,AOSRD webpage; YouTube video,potentially_new_session,no,potentially_new_session,not_checked,oembed_author=Clearfield Medical Group; timedtext_list_empty; youtube_player_login_wall_prevents_caption_metadata; published_date/duration not_checked (YouTube player metadata blocked); pass1_match_class_frozen=no_match; otter_candidates=0
aosrd-webinars-005--2J8nSF-a-g,AOSRD_Clearfield,aosrd_webinars_youtube,"When Syndromes Overlap-A Complex Case History of Hyperadrogenism, Multiple Autoimmune Maladies, and Evolving Metabolic Signals – Video",when syndromes overlap a complex case history of hyperadrogenism multiple autoimmune maladies and evolving metabolic signals video,aosrd-webinars-005--2J8nSF-a-g,no_match,,,,present_local,https://aosrd.org/webinars/,,,-2J8nSF-a-g,https://youtu.be/-2J8nSF-a-g,available_external,When Syndromes Overlap: A Complex Medical Case,,,not_checked,not_checked,,,,,,,AOSRD webpage; YouTube video,potentially_new_session,no,potentially_new_session,not_checked,oembed_author=Clearfield Medical Group; timedtext_list_empty; youtube_player_login_wall_prevents_caption_metadata; published_date/duration not_checked (YouTube player metadata blocked); pass1_match_class_frozen=no_match; otter_candidates=0
aosrd-webinars-006-GavfM5gafHU,AOSRD_Clearfield,aosrd_webinars_youtube,The Psychology of Success with Dr. Jim Naccarato – Video,the psychology of success with dr jim naccarato video,aosrd-webinars-006-GavfM5gafHU,no_match,,,,present_local,https://aosrd.org/webinars/,,,GavfM5gafHU,https://youtu.be/GavfM5gafHU,available_external,The Psychology of Success with Dr. Jim Naccarato,,,not_checked,not_checked,,,,,,,AOSRD webpage; YouTube video,potentially_new_session,no,potentially_new_session,not_checked,oembed_author=Clearfield Medical Group; timedtext_list_empty; youtube_player_login_wall_prevents_caption_metadata; published_date/duration not_checked (YouTube player metadata blocked); pass1_match_class_frozen=no_match; otter_candidates=0
aosrd-webinars-007-TcgYciqCmbM,AOSRD_Clearfield,aosrd_webinars_youtube,From Chronic Illness to High Fit Patients with Jake Guidas – Video,from chronic illness to high fit patients with jake guidas video,aosrd-webinars-007-TcgYciqCmbM,no_match,,,,present_local,https://aosrd.org/webinars/,,,TcgYciqCmbM,https://youtu.be/TcgYciqCmbM,available_external,From Chronic Illness to High Fit Patients with Jake Guidas,,,not_checked,not_checked,,,,,,,AOSRD webpage; YouTube video,potentially_new_session,no,potentially_new_session,not_checked,oembed_author=Clearfield Medical Group; timedtext_list_empty; youtube_player_login_wall_prevents_caption_metadata; published_date/duration not_checked (YouTube player metadata blocked); pass1_match_class_frozen=no_match; otter_candidates=0
aosrd-webinars-008-w5yTm2FVNFg,AOSRD_Clearfield,aosrd_webinars_youtube,Ancient Healing Traditions for Modern Times – Video,ancient healing traditions for modern times video,aosrd-webinars-008-w5yTm2FVNFg,no_match,,,,present_local,https://aosrd.org/webinars/,https://aosrd.org/wp-content/uploads/2026/06/Ancient-Wisdom-Modern-Healing1.pdf,available_external,w5yTm2FVNFg,https://youtu.be/w5yTm2FVNFg,available_external,Ancient Healing Traditions for Modern Times,,,not_checked,not_checked,,,,,,,AOSRD webpage; AOSRD PDF; YouTube video,potentially_new_session,no,potentially_new_session,pdf_available,oembed_author=Clearfield Medical Group; timedtext_list_empty; youtube_player_login_wall_prevents_caption_metadata; published_date/duration not_checked (YouTube player metadata blocked); pass1_match_class_frozen=no_match; otter_candidates=0
aosrd-webinars-009-2qegURyj8Yg,AOSRD_Clearfield,aosrd_webinars_youtube,Could Carbon 60 Be the Next Frontier in Longevity Medicine with Bob Greska – Video,could carbon 60 be the next frontier in longevity medicine with bob greska video,aosrd-webinars-009-2qegURyj8Yg,possible,hxlUjPAXSClySIs4HN1P0CWe_Qk,2026-06-16,Research/lectures/clearfield-webinar-2026-06-16,present_local,https://aosrd.org/webinars/,,,2qegURyj8Yg,https://youtu.be/2qegURyj8Yg,available_external,Could Carbon 60 Be the Next Frontier in Longevity Medicine with Bob Greska,,,not_checked,not_checked,,,,,,,AOSRD webpage; YouTube video,possible_existing_session_representation,yes,unclear,not_checked,oembed_author=Clearfield Medical Group; timedtext_list_empty; youtube_player_login_wall_prevents_caption_metadata; published_date/duration not_checked (YouTube player metadata blocked); pass1_match_class_frozen=possible; otter_candidates=1; local=otter_transcript_local
aosrd-webinars-010-_slDDht8T8c,AOSRD_Clearfield,aosrd_webinars_youtube,Integrative Medicine Meets Applied Physics w Dr Chris Meletis – Video,integrative medicine meets applied physics w dr chris meletis video,aosrd-webinars-010-_slDDht8T8c,possible,SiB7Ifahh4_dfJVERQgP60auXjw;sLBIeA_Jmb8LAaQrgfDavdK3onA,2026-05-19;2025-10-28,Research/lectures/clearfield-webinar-2026-05-19;Research/lectures/clearfield-webinar-2025-10-28,present_local,https://aosrd.org/webinars/,,,_slDDht8T8c,https://youtu.be/_slDDht8T8c,available_external,Integrative Medicine Meets Applied Physics w Dr Chris Meletis,,,not_checked,not_checked,,,,,,,AOSRD webpage; YouTube video,possible_existing_session_representation,yes,unclear,not_checked,oembed_author=Clearfield Medical Group; timedtext_list_empty; youtube_player_login_wall_prevents_caption_metadata; published_date/duration not_checked (YouTube player metadata blocked); pass1_match_class_frozen=possible; otter_candidates=2; local=otter_transcript_local
aosrd-webinars-011-4uO525HIEm0,AOSRD_Clearfield,aosrd_webinars_youtube,AI in Healthcare with Dr. Benoit Tano – Video – 17  June 2026,ai in healthcare with dr benoit tano video 17 june 2026,aosrd-webinars-011-4uO525HIEm0,possible,81vgkJ55QnsvesXbnyxCMQPr6Rc,2026-06-09,Research/lectures/clearfield-webinar-2026-06-09,present_local,https://aosrd.org/webinars/,,,4uO525HIEm0,https://youtu.be/4uO525HIEm0,available_external,AI in Healthcare with Dr. Benoit Tano,,,not_checked,not_checked,,,,,,,AOSRD webpage; YouTube video,possible_existing_session_representation,yes,unclear,not_checked,oembed_author=Clearfield Medical Group; timedtext_list_empty; youtube_player_login_wall_prevents_caption_metadata; published_date/duration not_checked (YouTube player metadata blocked); pass1_match_class_frozen=possible; otter_candidates=1; local=otter_transcript_local
aosrd-webinars-012-EcAxOut2zBI,AOSRD_Clearfield,aosrd_webinars_youtube,"Everyone Knows Someone with Cancer, What Can We Do About it with – Video – 17 June 2026",everyone knows someone with cancer what can we do about it with video 17 june 2026,aosrd-webinars-012-EcAxOut2zBI,possible,avbRWMav2fwgobz9r7HjwR4z44I,2026-06-02,Research/lectures/clearfield-webinar-2026-06-02,present_local,https://aosrd.org/webinars/,,,EcAxOut2zBI,https://youtu.be/EcAxOut2zBI,available_external,"Everyone Knows Someone with Cancer, What Can We Do About it with",,,not_checked,not_checked,,,,,,,AOSRD webpage; YouTube video,possible_existing_session_representation,yes,unclear,not_checked,oembed_author=Clearfield Medical Group; timedtext_list_empty; youtube_player_login_wall_prevents_caption_metadata; published_date/duration not_checked (YouTube player metadata blocked); pass1_match_class_frozen=possible; otter_candidates=1; local=otter_transcript_local
aosrd-webinars-013-U2sLxeOYnFU,AOSRD_Clearfield,aosrd_webinars_youtube,The Histology of Morgellons Nobody’s Talking About – Video,the histology of morgellons nobody s talking about video,aosrd-webinars-013-U2sLxeOYnFU,no_match,,,,present_local,https://aosrd.org/webinars/,,,U2sLxeOYnFU,https://www.youtube.com/watch?v=U2sLxeOYnFU,available_external,The Histology of Morgellons Nobody's Talking About,,,not_checked,not_checked,,,,,,,AOSRD webpage; YouTube video,potentially_new_session,no,potentially_new_session,not_checked,oembed_author=Morgellons Discussion and Microscopy Videos; timedtext_list_empty; youtube_player_login_wall_prevents_caption_metadata; published_date/duration not_checked (YouTube player metadata blocked); pass1_match_class_frozen=no_match; otter_candidates=0
aosrd-webinars-014-OOyPAmbcz0U,AOSRD_Clearfield,aosrd_webinars_youtube,Video – 19 May 2026,video 19 may 2026,aosrd-webinars-014-OOyPAmbcz0U,possible,SiB7Ifahh4_dfJVERQgP60auXjw;H1Iomsee4ZUONKKezPDcMBYCvQ0;noIHLP-haQRngsIwy5mlPxVj6SM,2026-05-19;2026-06-30;2026-02-18,Research/lectures/clearfield-webinar-2026-05-19;Research/lectures/clearfield-webinar-2026-06-30;Research/lectures/clearfield-webinar-2026-02-18,present_local,https://aosrd.org/webinars/,,,OOyPAmbcz0U,https://youtu.be/OOyPAmbcz0U,available_external,A Case Study: Lady P. 10 years old with Multiple Autoimmune Issues,,,not_checked,not_checked,,,,,,,AOSRD webpage; YouTube video,possible_existing_session_representation,yes,unclear,not_checked,oembed_author=Clearfield Medical Group; timedtext_list_empty; youtube_player_login_wall_prevents_caption_metadata; published_date/duration not_checked (YouTube player metadata blocked); pass1_match_class_frozen=possible; otter_candidates=3; local=otter_transcript_local
aosrd-webinars-015-vngXuAjbS-4,AOSRD_Clearfield,aosrd_webinars_youtube,The Direct Primary Care Practice Model-How to Do It with Stefan Hartmann – Video – 12 May 2026,the direct primary care practice model how to do it with stefan hartmann video 12 may 2026,aosrd-webinars-015-vngXuAjbS-4,strong,7f1TOn8POnM4I7k7Kv04F-ZbcYA;P7cEH8dwjVWTUDcsolAayRGqqp4,2026-05-12;2024-10-29,Research/lectures/clearfield-webinar-2026-05-12;Research/lectures/clearfield-webinar-2024-10-29,present_local,https://aosrd.org/webinars/,,,vngXuAjbS-4,https://youtu.be/vngXuAjbS-4,available_external,The Direct Primary Care Practice Model-How to Do It with Stefan Hartmann,,,not_checked,not_checked,,,,,,,AOSRD webpage; YouTube video,existing_session_representation,yes,no_new_source_indicated,not_checked,oembed_author=Clearfield Medical Group; timedtext_list_empty; youtube_player_login_wall_prevents_caption_metadata; published_date/duration not_checked (YouTube player metadata blocked); pass1_match_class_frozen=strong; otter_candidates=2; local=otter_transcript_local
aosrd-webinars-016-VbIvp2bY8xs,AOSRD_Clearfield,aosrd_webinars_youtube,What If Aging is the Real Disease with Dr Bill Andrews and Sonny Ngyuen – Video – 6 May 2026,what if aging is the real disease with dr bill andrews and sonny ngyuen video 6 may 2026,aosrd-webinars-016-VbIvp2bY8xs,possible,l416W8yP4i7dv3Jhd5H2F74zMnU;ajVChHpkQS72kcrtN9J03lwNFZ0,2026-01-21;2026-04-28,Research/lectures/clearfield-webinar-2026-01-21;Research/lectures/clearfield-webinar-2026-04-28,present_local,https://aosrd.org/webinars/,,,VbIvp2bY8xs,https://youtu.be/VbIvp2bY8xs,available_external,What If Aging is the Real Disease with Dr Bill Andrews and Sonny Ngyuen,,,not_checked,not_checked,,,,,,,AOSRD webpage; YouTube video,possible_existing_session_representation,yes,unclear,not_checked,oembed_author=Clearfield Medical Group; timedtext_list_empty; youtube_player_login_wall_prevents_caption_metadata; published_date/duration not_checked (YouTube player metadata blocked); pass1_match_class_frozen=possible; otter_candidates=2; local=otter_transcript_local
aosrd-webinars-017-1h0pTWQFHGQ,AOSRD_Clearfield,aosrd_webinars_youtube,The Coimbra Protocol-High Dose Vitamin D for Autoimmune Disease Relief – Video – 6 May 2026,the coimbra protocol high dose vitamin d for autoimmune disease relief video 6 may 2026,aosrd-webinars-017-1h0pTWQFHGQ,possible,dBggaNSwAGYqDBG1O_hdE5Zo1CY,2025-12-03,Research/lectures/clearfield-webinar-2025-12-03,present_local,https://aosrd.org/webinars/,,,1h0pTWQFHGQ,https://youtu.be/1h0pTWQFHGQ,available_external,The Coimbra Protocol-High Dose Vitamin D for Autoimmune Disease Relief,,,not_checked,not_checked,,,,,,,AOSRD webpage; YouTube video,possible_existing_session_representation,yes,unclear,not_checked,oembed_author=Clearfield Medical Group; timedtext_list_empty; youtube_player_login_wall_prevents_caption_metadata; published_date/duration not_checked (YouTube player metadata blocked); pass1_match_class_frozen=possible; otter_candidates=1; local=otter_transcript_local
aosrd-webinars-018-239fPv2g6VI,AOSRD_Clearfield,aosrd_webinars_youtube,Estrogen-Devil or Angel​ – Video – 8 Apr 2026,estrogen devil or angel video 8 apr 2026,aosrd-webinars-018-239fPv2g6VI,no_match,,,,present_local,https://aosrd.org/webinars/,,,239fPv2g6VI,https://youtu.be/239fPv2g6VI,available_external,Estrogen-Devil or Angel,,,not_checked,not_checked,,,,,,,AOSRD webpage; YouTube video,potentially_new_session,no,potentially_new_session,not_checked,oembed_author=Clearfield Medical Group; timedtext_list_empty; youtube_player_login_wall_prevents_caption_metadata; published_date/duration not_checked (YouTube player metadata blocked); pass1_match_class_frozen=no_match; otter_candidates=0
aosrd-webinars-019-D_j_SYnDRBM,AOSRD_Clearfield,aosrd_webinars_youtube,The Multifocal Cardiogram-Artifical Intelligence Meets the EKG with Dr. Sam Fillingane​ – Video – March 2026,the multifocal cardiogram artifical intelligence meets the ekg with dr sam fillingane video march 2026,aosrd-webinars-019-D_j_SYnDRBM,possible,iFe-Jl__wpKT9UKu7NZMWLiMJ5w,2026-03-31,Research/lectures/clearfield-webinar-2026-03-31,present_local,https://aosrd.org/webinars/,,,D_j_SYnDRBM,https://youtu.be/D_j_SYnDRBM,available_external,The Multifocal Cardiogram-Artifical Intelligence Meets the EKG with Dr. Sam Fillingane,,,not_checked,not_checked,,,,,,,AOSRD webpage; YouTube video,possible_existing_session_representation,yes,unclear,not_checked,oembed_author=Clearfield Medical Group; timedtext_list_empty; youtube_player_login_wall_prevents_caption_metadata; published_date/duration not_checked (YouTube player metadata blocked); pass1_match_class_frozen=possible; otter_candidates=1; local=otter_transcript_local
aosrd-webinars-020-IHGfQHUyCaY,AOSRD_Clearfield,aosrd_webinars_youtube,Battlefield Acupuncture with Dr Bill Clearfield​ – Video – March 2026,battlefield acupuncture with dr bill clearfield video march 2026,aosrd-webinars-020-IHGfQHUyCaY,possible,MgYpfjiYtlaKaW_z2gwloZSPQ5o,2026-01-28,Research/lectures/clearfield-webinar-2026-01-28,present_local,https://aosrd.org/webinars/,,,IHGfQHUyCaY,https://youtu.be/IHGfQHUyCaY,available_external,Battlefield Acupuncture with Dr Bill Clearfield,,,not_checked,not_checked,,,,,,,AOSRD webpage; YouTube video,possible_existing_session_representation,yes,unclear,not_checked,oembed_author=Clearfield Medical Group; timedtext_list_empty; youtube_player_login_wall_prevents_caption_metadata; published_date/duration not_checked (YouTube player metadata blocked); pass1_match_class_frozen=possible; otter_candidates=1; local=otter_transcript_local
aosrd-webinars-021-aGltKy2mBBo,AOSRD_Clearfield,aosrd_webinars_youtube,"Frequency, Sound and Autonomic Regulation with Margarita Xistris​ – Video – 3 March 2026",frequency sound and autonomic regulation with margarita xistris video 3 march 2026,aosrd-webinars-021-aGltKy2mBBo,strong,RaBBFKZC2Aa5zl5VmBwF_n4Zwk8,2026-03-04,Research/lectures/clearfield-webinar-2026-03-04,present_local,https://aosrd.org/webinars/,,,aGltKy2mBBo,https://youtu.be/aGltKy2mBBo,available_external,"Frequency, Sound and Autonomic Regulation with Margarita Xistris",,,not_checked,not_checked,,,,,,,AOSRD webpage; YouTube video,existing_session_representation,yes,no_new_source_indicated,not_checked,oembed_author=Clearfield Medical Group; timedtext_list_empty; youtube_player_login_wall_prevents_caption_metadata; published_date/duration not_checked (YouTube player metadata blocked); pass1_match_class_frozen=strong; otter_candidates=1; local=otter_transcript_local
aosrd-webinars-022-Qnnc8l-_VKI,AOSRD_Clearfield,aosrd_webinars_youtube,"Sunshine, Light and Why EMF Protection is More than Skin Deep with Dan Stachofsky​ – Video – 25 March 2026",sunshine light and why emf protection is more than skin deep with dan stachofsky video 25 march 2026,aosrd-webinars-022-Qnnc8l-_VKI,no_match,,,,present_local,https://aosrd.org/webinars/,,,Qnnc8l-_VKI,https://youtu.be/Qnnc8l-_VKI,available_external,"Sunshine, Light and Why EMF Protection is More than Skin Deep with Dan Stachofsky​",,,not_checked,not_checked,,,,,,,AOSRD webpage; YouTube video,potentially_new_session,no,potentially_new_session,not_checked,oembed_author=Clearfield Medical Group; timedtext_list_empty; youtube_player_login_wall_prevents_caption_metadata; published_date/duration not_checked (YouTube player metadata blocked); pass1_match_class_frozen=no_match; otter_candidates=0
aosrd-webinars-023-Tirv1WnOCRY,AOSRD_Clearfield,aosrd_webinars_youtube,The End of Medicine with Dr. Paul Clayton – Video – 12 March 2026,the end of medicine with dr paul clayton video 12 march 2026,aosrd-webinars-023-Tirv1WnOCRY,strong,Se28ZvfBuNMYHNmwQG9ua7gbTWk,2026-03-10,Research/lectures/clearfield-webinar-2026-03-10,present_local,https://aosrd.org/webinars/,,,Tirv1WnOCRY,https://youtu.be/Tirv1WnOCRY,available_external,The End of Medicine with Dr. Paul Clayton,,,not_checked,not_checked,,,,,,,AOSRD webpage; YouTube video,existing_session_representation,yes,no_new_source_indicated,not_checked,oembed_author=Clearfield Medical Group; timedtext_list_empty; youtube_player_login_wall_prevents_caption_metadata; published_date/duration not_checked (YouTube player metadata blocked); pass1_match_class_frozen=strong; otter_candidates=1; local=otter_transcript_local
aosrd-webinars-024-tG56hy020G8,AOSRD_Clearfield,aosrd_webinars_youtube,A Tale of Two Syndromes-PCOS and Hashimoto’s Thyroidits with Dr. Victor Klausner and Bill Clearfield – Video – 3 March 2026,a tale of two syndromes pcos and hashimoto s thyroidits with dr victor klausner and bill clearfield video 3 march 2026,aosrd-webinars-024-tG56hy020G8,possible,eEDmdeOTNokKYKUadQuO_9gDjuo,2026-02-25,Research/lectures/clearfield-webinar-2026-02-25,present_local,https://aosrd.org/webinars/,,,tG56hy020G8,https://youtu.be/tG56hy020G8,available_external,A Tale of Two Syndromes-PCOS and Hashimoto's Thyroidits with Dr. Victor Klausner and Bill Clearfield,,,not_checked,not_checked,,,,,,,AOSRD webpage; YouTube video,possible_existing_session_representation,yes,unclear,not_checked,oembed_author=Clearfield Medical Group; timedtext_list_empty; youtube_player_login_wall_prevents_caption_metadata; published_date/duration not_checked (YouTube player metadata blocked); pass1_match_class_frozen=possible; otter_candidates=1; local=otter_transcript_local
aosrd-webinars-025-FFLoos87gRA,AOSRD_Clearfield,aosrd_webinars_youtube,Stress Dominance-Why Hormone Dysregulation Begins Before Labs Go Abnormal with Dr. Eldred Taylor – Video – 18-Feb-2026,stress dominance why hormone dysregulation begins before labs go abnormal with dr eldred taylor video 18 feb 2026,aosrd-webinars-025-FFLoos87gRA,strong,noIHLP-haQRngsIwy5mlPxVj6SM,2026-02-18,Research/lectures/clearfield-webinar-2026-02-18,present_local,https://aosrd.org/webinars/,,,FFLoos87gRA,https://youtu.be/FFLoos87gRA,available_external,Stress Dominance-Why Hormone Dysregulation Begins Before Labs Go Abnormal with Dr. Eldred Taylor,,,not_checked,not_checked,,,,,,,AOSRD webpage; YouTube video,existing_session_representation,yes,no_new_source_indicated,not_checked,oembed_author=Clearfield Medical Group; timedtext_list_empty; youtube_player_login_wall_prevents_caption_metadata; published_date/duration not_checked (YouTube player metadata blocked); pass1_match_class_frozen=strong; otter_candidates=1; local=otter_transcript_local
aosrd-webinars-026-v3cUiPMVJnw,AOSRD_Clearfield,aosrd_webinars_youtube,Ketamine for Treatment Resistant Depression with Dr. Erwin Boco – Video – 11-Feb-2026,ketamine for treatment resistant depression with dr erwin boco video 11 feb 2026,aosrd-webinars-026-v3cUiPMVJnw,strong,Z9n_3HuDLHeLCNsCxD97Y679BQA,2026-02-11,Research/lectures/clearfield-webinar-2026-02-11,present_local,https://aosrd.org/webinars/,,,v3cUiPMVJnw,https://youtu.be/v3cUiPMVJnw,available_external,Ketamine for Treatment Resistant Depression with Dr. Erwin Boco,,,not_checked,not_checked,,,,,,,AOSRD webpage; YouTube video,existing_session_representation,yes,no_new_source_indicated,not_checked,oembed_author=Clearfield Medical Group; timedtext_list_empty; youtube_player_login_wall_prevents_caption_metadata; published_date/duration not_checked (YouTube player metadata blocked); pass1_match_class_frozen=strong; otter_candidates=1; local=otter_transcript_local
aosrd-webinars-027-ukSSwKzur48,AOSRD_Clearfield,aosrd_webinars_youtube,Mitochondrial Therapeutics for Enhancing Healthspan with Dr. Siobhan Mitchell – Video – 04-Feb-2026,mitochondrial therapeutics for enhancing healthspan with dr siobhan mitchell video 04 feb 2026,aosrd-webinars-027-ukSSwKzur48,strong,GMgbZhdKVzi_Uu9bXvypJxkwwKM,2026-02-04,Research/lectures/clearfield-webinar-2026-02-04,present_local,https://aosrd.org/webinars/,,,ukSSwKzur48,https://youtu.be/ukSSwKzur48,available_external,Mitochondrial Therapeutics for Enhancing Healthspan with Dr. Siobhan Mitchell,,,not_checked,not_checked,,,,,,,AOSRD webpage; YouTube video,existing_session_representation,yes,no_new_source_indicated,not_checked,oembed_author=Clearfield Medical Group; timedtext_list_empty; youtube_player_login_wall_prevents_caption_metadata; published_date/duration not_checked (YouTube player metadata blocked); pass1_match_class_frozen=strong; otter_candidates=1; local=otter_transcript_local
aosrd-webinars-028-IEiWWFt1dUg,AOSRD_Clearfield,aosrd_webinars_youtube,"The What, Why, How and How-Not of Aging with Dr. Bill Andrews – Video – 21-Jan-2026",the what why how and how not of aging with dr bill andrews video 21 jan 2026,aosrd-webinars-028-IEiWWFt1dUg,strong,l416W8yP4i7dv3Jhd5H2F74zMnU;ajVChHpkQS72kcrtN9J03lwNFZ0,2026-01-21;2026-04-28,Research/lectures/clearfield-webinar-2026-01-21;Research/lectures/clearfield-webinar-2026-04-28,present_local,https://aosrd.org/webinars/,,,IEiWWFt1dUg,https://youtu.be/IEiWWFt1dUg,available_external,"The What, Why, How and How-Not of Aging with Dr. Bill Andrews",,,not_checked,not_checked,,,,,,,AOSRD webpage; YouTube video,existing_session_representation,yes,no_new_source_indicated,not_checked,oembed_author=Clearfield Medical Group; timedtext_list_empty; youtube_player_login_wall_prevents_caption_metadata; published_date/duration not_checked (YouTube player metadata blocked); pass1_match_class_frozen=strong; otter_candidates=2; local=otter_transcript_local
aosrd-webinars-029-no_id,AOSRD_Clearfield,aosrd_webinars_vimeo,Cannabis for Dementia with Dr Dustin Sulak – Video – 13-Jan-2026,cannabis for dementia with dr dustin sulak video 13 jan 2026,aosrd-webinars-029-no_id,,,,,present_local,https://aosrd.org/webinars/,,,,,,,,,,,https://vimeo.com/1154258466,available_external,not_checked,,,,AOSRD webpage; Vimeo video,unclear,no,unclear,none_identified,vimeo_page_reachable; captions_not_verified
aosrd-webinars-030-STzYdlwj7lI,AOSRD_Clearfield,aosrd_webinars_youtube,Osteoporosis Testing for Assessing Fracture Risk with Dr. John Neustadt – Video – 01-Jan-2026,osteoporosis testing for assessing fracture risk with dr john neustadt video 01 jan 2026,aosrd-webinars-030-STzYdlwj7lI,possible,GH57wayNAp6iLAYz_3IRSsC5few;y59a2fEx8UgOiThJHr1w-HcQc1U,2026-01-07;2024-08-20,Research/lectures/clearfield-webinar-2026-01-07;Research/lectures/clearfield-webinar-2024-08-20,present_local,https://aosrd.org/webinars/,,,STzYdlwj7lI,https://youtu.be/STzYdlwj7lI,available_external,Osteoporosis Testing for Assessing Fracture Risk with Dr. John Neustadt,,,not_checked,not_checked,,,,,,,AOSRD webpage; YouTube video,possible_existing_session_representation,yes,unclear,not_checked,oembed_author=Clearfield Medical Group; timedtext_list_empty; youtube_player_login_wall_prevents_caption_metadata; published_date/duration not_checked (YouTube player metadata blocked); pass1_match_class_frozen=possible; otter_candidates=2; local=otter_transcript_local
aosrd-webinars-031-jeZ1O-xDl9c,AOSRD_Clearfield,aosrd_webinars_youtube,A Better Cleaner You!! with Dr. Aunna Herbst – Video – 23-Dec-2025,a better cleaner you with dr aunna herbst video 23 dec 2025,aosrd-webinars-031-jeZ1O-xDl9c,no_match,,,,present_local,https://aosrd.org/webinars/,,,jeZ1O-xDl9c,https://youtu.be/jeZ1O-xDl9c,available_external,A Better Cleaner You!! with Dr. Aunna Herbst,,,not_checked,not_checked,,,,,,,AOSRD webpage; YouTube video,potentially_new_session,no,potentially_new_session,not_checked,oembed_author=Clearfield Medical Group; timedtext_list_empty; youtube_player_login_wall_prevents_caption_metadata; published_date/duration not_checked (YouTube player metadata blocked); pass1_match_class_frozen=no_match; otter_candidates=0
aosrd-webinars-032-ujLADWyiIR8,AOSRD_Clearfield,aosrd_webinars_youtube,Menopause and Vasomotor Symptoms-Therapeutic Options with Dr. Felice Gersh – Video – 17-Dec-2025,menopause and vasomotor symptoms therapeutic options with dr felice gersh video 17 dec 2025,aosrd-webinars-032-ujLADWyiIR8,strong,OyOI3AvRLueyq57ys04VXI5U1WU;OL_Ukp1RYjVvnjsMHnF2eXCXDC8,2025-12-17;2024-10-01,Research/lectures/clearfield-webinar-2025-12-17;Research/lectures/clearfield-webinar-2024-10-01,present_local,https://aosrd.org/webinars/,,,ujLADWyiIR8,https://youtu.be/ujLADWyiIR8,available_external,Menopause and Vasomotor Symptoms-Therapeutic Options with Dr. Felice Gersh,,,not_checked,not_checked,,,,,,,AOSRD webpage; YouTube video,existing_session_representation,yes,no_new_source_indicated,not_checked,oembed_author=Clearfield Medical Group; timedtext_list_empty; youtube_player_login_wall_prevents_caption_metadata; published_date/duration not_checked (YouTube player metadata blocked); pass1_match_class_frozen=strong; otter_candidates=2; local=otter_transcript_local
aosrd-webinars-033-0MvEBIG53X4,AOSRD_Clearfield,aosrd_webinars_youtube,"Optimized Nutrient Absorption with Methylated, Nanoscale and Adaptohenic Formulas w Dr. Robert Celaya – Video – 10-Dec-2025",optimized nutrient absorption with methylated nanoscale and adaptohenic formulas w dr robert celaya video 10 dec 2025,aosrd-webinars-033-0MvEBIG53X4,strong,3BvIJDrhEXHdWPee7Ztw2x6EmdE,2025-12-10,Research/lectures/clearfield-webinar-2025-12-10,present_local,https://aosrd.org/webinars/,,,0MvEBIG53X4,https://youtu.be/0MvEBIG53X4,available_external,"Optimized Nutrient Absorption with Methylated, Nanoscale and Adaptohenic Formulas",,,not_checked,not_checked,,,,,,,AOSRD webpage; YouTube video,existing_session_representation,yes,no_new_source_indicated,not_checked,oembed_author=Clearfield Medical Group; timedtext_list_empty; youtube_player_login_wall_prevents_caption_metadata; published_date/duration not_checked (YouTube player metadata blocked); pass1_match_class_frozen=strong; otter_candidates=1; local=otter_transcript_local
aosrd-webinars-034-no_id,AOSRD_Clearfield,aosrd_webinars_vimeo,"HRT, Ice Plunges, Omega-3s and Dead Hangs Saved Me and Now we are Saving Doctors w Stefan Hartmann and his MOM! – Video – 26-Nov-2025",hrt ice plunges omega 3s and dead hangs saved me and now we are saving doctors w stefan hartmann and his mom video 26 nov 2025,aosrd-webinars-034-no_id,,,,,present_local,https://aosrd.org/webinars/,,,,,,,,,,,https://vimeo.com/1143808355,available_external,not_checked,,,,AOSRD webpage; Vimeo video,unclear,no,unclear,none_identified,vimeo_page_reachable; captions_not_verified
aosrd-webinars-035-uxreznI9JQA,AOSRD_Clearfield,aosrd_webinars_youtube,Mind-Mineral Connection with Kelli Hanson – Video – 19-Nov-2025,mind mineral connection with kelli hanson video 19 nov 2025,aosrd-webinars-035-uxreznI9JQA,no_match,,,,present_local,https://aosrd.org/webinars/,,,uxreznI9JQA,https://youtu.be/uxreznI9JQA,available_external,Mind-Mineral Connection with Kelli Hanson,,,not_checked,not_checked,,,,,,,AOSRD webpage; YouTube video,potentially_new_session,no,potentially_new_session,not_checked,oembed_author=Clearfield Medical Group; timedtext_list_empty; youtube_player_login_wall_prevents_caption_metadata; published_date/duration not_checked (YouTube player metadata blocked); pass1_match_class_frozen=no_match; otter_candidates=0
aosrd-webinars-036-2559brkP1fQ,AOSRD_Clearfield,aosrd_webinars_youtube,Neural Therapy with Dr John Burgess – Video – 13-Nov-2025,neural therapy with dr john burgess video 13 nov 2025,aosrd-webinars-036-2559brkP1fQ,strong,VwrSvok1RCW2X3iJ_Kwbd8JK6k8,2025-11-12,Research/lectures/clearfield-webinar-2025-11-12,present_local,https://aosrd.org/webinars/,,,2559brkP1fQ,https://youtu.be/2559brkP1fQ,available_external,Neural Therapy with Dr John Burgess,,,not_checked,not_checked,,,,,,,AOSRD webpage; YouTube video,existing_session_representation,yes,no_new_source_indicated,not_checked,oembed_author=Clearfield Medical Group; timedtext_list_empty; youtube_player_login_wall_prevents_caption_metadata; published_date/duration not_checked (YouTube player metadata blocked); pass1_match_class_frozen=strong; otter_candidates=1; local=otter_transcript_local
aosrd-webinars-037-I7FCw7ECM7I,AOSRD_Clearfield,aosrd_webinars_youtube,NCRPI Monthly AcupunctureIntegrative Medicine Webinar 1200-1300 ET – Video – 07-Nov-2025,ncrpi monthly acupunctureintegrative medicine webinar 1200 1300 et video 07 nov 2025,aosrd-webinars-037-I7FCw7ECM7I,no_match,,,,present_local,https://aosrd.org/webinars/,,,I7FCw7ECM7I,https://youtu.be/I7FCw7ECM7I,available_external,NCRPI Monthly AcupunctureIntegrative Medicine Webinar 1200-1300 ET,,,not_checked,not_checked,,,,,,,AOSRD webpage; YouTube video,potentially_new_session,no,potentially_new_session,not_checked,oembed_author=Clearfield Medical Group; timedtext_list_empty; youtube_player_login_wall_prevents_caption_metadata; published_date/duration not_checked (YouTube player metadata blocked); pass1_match_class_frozen=no_match; otter_candidates=0
aosrd-webinars-038-SA9CiKNjN1E,AOSRD_Clearfield,aosrd_webinars_youtube,Platelet Rich Fibrin; Optimizing the Glycocalyx and a Protocol to  Enhance PRF Quality with Dr. Joni Collins – Video – 5-Nov-2025,platelet rich fibrin optimizing the glycocalyx and a protocol to enhance prf quality with dr joni collins video 5 nov 2025,aosrd-webinars-038-SA9CiKNjN1E,strong,aKanCqrE_LN8_fUCcz8yCi5pTLg,2025-11-05,Research/lectures/clearfield-webinar-2025-11-05,present_local,https://aosrd.org/webinars/,,,SA9CiKNjN1E,https://youtu.be/SA9CiKNjN1E,available_external,Platelet Rich Fibrin; Optimizing the Glycocalyx and a Protocol to  Enhance PRF Quality,,,not_checked,not_checked,,,,,,,AOSRD webpage; YouTube video,existing_session_representation,yes,no_new_source_indicated,not_checked,oembed_author=Clearfield Medical Group; timedtext_list_empty; youtube_player_login_wall_prevents_caption_metadata; published_date/duration not_checked (YouTube player metadata blocked); pass1_match_class_frozen=strong; otter_candidates=1; local=otter_transcript_local
aosrd-webinars-039-FMRyzDsooVY,AOSRD_Clearfield,aosrd_webinars_youtube,"Adrenal Fatigue, Long Covid and the Role of Mitochondria, with Dr. Chris Meletis – Video – 29-Oct-2025",adrenal fatigue long covid and the role of mitochondria with dr chris meletis video 29 oct 2025,aosrd-webinars-039-FMRyzDsooVY,possible,sLBIeA_Jmb8LAaQrgfDavdK3onA;12d7QbwxGiZlK8kVCNzSowPUQXE;SiB7Ifahh4_dfJVERQgP60auXjw,2025-10-28;2025-04-22;2026-05-19,Research/lectures/clearfield-webinar-2025-10-28;Research/lectures/clearfield-webinar-2025-04-22;Research/lectures/clearfield-webinar-2026-05-19,present_local,https://aosrd.org/webinars/,,,FMRyzDsooVY,https://youtu.be/FMRyzDsooVY,available_external,"Adrenal Fatigue, Long Covid and the Role of Mitochondria, with Dr. Chris Meletis",,,not_checked,not_checked,,,,,,,AOSRD webpage; YouTube video,possible_existing_session_representation,yes,unclear,not_checked,oembed_author=Clearfield Medical Group; timedtext_list_empty; youtube_player_login_wall_prevents_caption_metadata; published_date/duration not_checked (YouTube player metadata blocked); pass1_match_class_frozen=possible; otter_candidates=3; local=otter_transcript_local
aosrd-webinars-040-AoJb8OP2goc,AOSRD_Clearfield,aosrd_webinars_youtube,The Glycocalyx-The Hidden Secret of Cardiovascular Health with Dr. Kent Crowley (Video)  – 23-Oct-2025,the glycocalyx the hidden secret of cardiovascular health with dr kent crowley video 23 oct 2025,aosrd-webinars-040-AoJb8OP2goc,possible,KPtFIYDuvg1p0CbfNkYIuOVkwIE;j3HjVUuBV5gnR4KrCUuXOZEnPm0,2025-10-21;2025-10-14,Research/lectures/clearfield-webinar-2025-10-21;Research/lectures/clearfield-webinar-2025-10-14,present_local,https://aosrd.org/webinars/,,,AoJb8OP2goc,https://youtu.be/AoJb8OP2goc,available_external,The Glycocalyx-The Hidden Secret of Cardiovascular Health with Dr. Kent Crowley,,,not_checked,not_checked,,,,,,,AOSRD webpage; YouTube video,possible_existing_session_representation,yes,unclear,not_checked,oembed_author=Clearfield Medical Group; timedtext_list_empty; youtube_player_login_wall_prevents_caption_metadata; published_date/duration not_checked (YouTube player metadata blocked); pass1_match_class_frozen=possible; otter_candidates=2; local=otter_transcript_local
aosrd-webinars-041-ol6SEGI0kyk,AOSRD_Clearfield,aosrd_webinars_youtube,"Conference Preview, Spirituality, Progesterone After Hysterectomy and Lab Tests, Oh My! with Dr. Bill Clearfield and Dr. Melvin Nario (Video)  – 14-Oct-2025",conference preview spirituality progesterone after hysterectomy and lab tests oh my with dr bill clearfield and dr melvin nario video 14 oct 2025,aosrd-webinars-041-ol6SEGI0kyk,strong,j3HjVUuBV5gnR4KrCUuXOZEnPm0,2025-10-14,Research/lectures/clearfield-webinar-2025-10-14,present_local,https://aosrd.org/webinars/,,,ol6SEGI0kyk,https://youtu.be/ol6SEGI0kyk,available_external,"Spirituality, Progesterone After Hysterectomy and Lab Tests, Dr. Bill Clearfield & Dr. Melvin Nario",,,not_checked,not_checked,,,,,,,AOSRD webpage; YouTube video,existing_session_representation,yes,no_new_source_indicated,not_checked,oembed_author=Clearfield Medical Group; timedtext_list_empty; youtube_player_login_wall_prevents_caption_metadata; published_date/duration not_checked (YouTube player metadata blocked); pass1_match_class_frozen=strong; otter_candidates=1; local=otter_transcript_local
aosrd-webinars-042-fVs0ByQDS70,AOSRD_Clearfield,aosrd_webinars_youtube,The Business of Health-The Productivity Equation and the Money Equation with Dr. Benoit Tano (Video)  – 09-Oct-2025,the business of health the productivity equation and the money equation with dr benoit tano video 09 oct 2025,aosrd-webinars-042-fVs0ByQDS70,possible,CQdkPoyCm_xx7nnZ2b80AClK8TM,2025-10-07,Research/lectures/clearfield-webinar-2025-10-07,present_local,https://aosrd.org/webinars/,,,fVs0ByQDS70,https://youtu.be/fVs0ByQDS70,available_external,The Business of Health-The Productivity Equation and the Money Equation with Dr. Benoit Tano,,,not_checked,not_checked,,,,,,,AOSRD webpage; YouTube video,possible_existing_session_representation,yes,unclear,not_checked,oembed_author=Clearfield Medical Group; timedtext_list_empty; youtube_player_login_wall_prevents_caption_metadata; published_date/duration not_checked (YouTube player metadata blocked); pass1_match_class_frozen=possible; otter_candidates=1; local=otter_transcript_local
aosrd-webinars-043-Z9TIUrTjaVw,AOSRD_Clearfield,aosrd_webinars_youtube,Unsuspected Paratism and Infectious Diseases with Dr. Michael Gerber (Video),unsuspected paratism and infectious diseases with dr michael gerber video,aosrd-webinars-043-Z9TIUrTjaVw,possible,R49fIj1w1e0cBaAXOmhNkQ5wdks,2025-08-19,Research/lectures/clearfield-webinar-2025-08-19,present_local,https://aosrd.org/webinars/,,,Z9TIUrTjaVw,https://youtu.be/Z9TIUrTjaVw,available_external,Unsuspected Paratism and Infectious Diseases with Dr. Michael Gerber,,,not_checked,not_checked,,,,,,,AOSRD webpage; YouTube video,possible_existing_session_representation,yes,unclear,not_checked,oembed_author=Clearfield Medical Group; timedtext_list_empty; youtube_player_login_wall_prevents_caption_metadata; published_date/duration not_checked (YouTube player metadata blocked); pass1_match_class_frozen=possible; otter_candidates=1; local=otter_transcript_local
aosrd-webinars-044-MTrSvugiJpo,AOSRD_Clearfield,aosrd_webinars_youtube,Introduction to Peptides w Dr. Bill Clearfield (Video),introduction to peptides w dr bill clearfield video,aosrd-webinars-044-MTrSvugiJpo,possible,pw9yXaKVUW0ETXgSRTRBaLEzqQc,2024-08-27,Research/lectures/clearfield-webinar-2024-08-27,present_local,https://aosrd.org/webinars/,,,MTrSvugiJpo,https://youtu.be/MTrSvugiJpo,available_external,Introduction to Peptides w Dr. Bill Clearfield,,,not_checked,not_checked,,,,,,,AOSRD webpage; YouTube video,possible_existing_session_representation,yes,unclear,not_checked,oembed_author=Clearfield Medical Group; timedtext_list_empty; youtube_player_login_wall_prevents_caption_metadata; published_date/duration not_checked (YouTube player metadata blocked); pass1_match_class_frozen=possible; otter_candidates=1; local=otter_transcript_local
aosrd-webinars-045-wPNq50DbJEY,AOSRD_Clearfield,aosrd_webinars_youtube,"Is There Bias in Medical A.I. with Drs. Benoit Tano, and Anthony James (Video) – 07-Oct-2025",is there bias in medical a i with drs benoit tano and anthony james video 07 oct 2025,aosrd-webinars-045-wPNq50DbJEY,possible,81vgkJ55QnsvesXbnyxCMQPr6Rc;8zWbW6QDW1P91M_Tbf8iqD9f8TQ,2026-06-09;2025-09-16,Research/lectures/clearfield-webinar-2026-06-09;Research/lectures/clearfield-webinar-2025-09-16,present_local,https://aosrd.org/webinars/,,,wPNq50DbJEY,https://youtu.be/wPNq50DbJEY,available_external,"Is There Bias in Medical A.I. with Drs. Benoit Tano, and Anthony James",,,not_checked,not_checked,,,,,,,AOSRD webpage; YouTube video,possible_existing_session_representation,yes,unclear,not_checked,oembed_author=Clearfield Medical Group; timedtext_list_empty; youtube_player_login_wall_prevents_caption_metadata; published_date/duration not_checked (YouTube player metadata blocked); pass1_match_class_frozen=possible; otter_candidates=2; local=otter_transcript_local
aosrd-webinars-046-IzMk74AxJqA,AOSRD_Clearfield,aosrd_webinars_youtube,The Muscle-Microbiome Connecton-Reversing Age Related Muscle Decline with Dr. David Changaris (Video) – 28-Sept-2025,the muscle microbiome connecton reversing age related muscle decline with dr david changaris video 28 sept 2025,aosrd-webinars-046-IzMk74AxJqA,possible,zGyxgM4y1SX_IqTEeKxdJf4l5RM,2025-09-30,Research/lectures/clearfield-webinar-2025-09-30,present_local,https://aosrd.org/webinars/,,,IzMk74AxJqA,https://youtu.be/IzMk74AxJqA,available_external,The Muscle-Microbiome Connecton-Reversing Age Related Muscle Decline with Dr. David Changaris,,,not_checked,not_checked,,,,,,,AOSRD webpage; YouTube video,possible_existing_session_representation,yes,unclear,not_checked,oembed_author=Clearfield Medical Group; timedtext_list_empty; youtube_player_login_wall_prevents_caption_metadata; published_date/duration not_checked (YouTube player metadata blocked); pass1_match_class_frozen=possible; otter_candidates=1; local=otter_transcript_local
aosrd-webinars-047-oiF8bJEpK0M,AOSRD_Clearfield,aosrd_webinars_youtube,Spermadine’s Benefits for the Musculoskeletal System with Dr. Melissa Cano (Video) – 04-Sept-2025,spermadine s benefits for the musculoskeletal system with dr melissa cano video 04 sept 2025,aosrd-webinars-047-oiF8bJEpK0M,possible,YvYB4xEevY7Hh6A_aHUPcm8PMJ4,2025-09-02,Research/lectures/clearfield-webinar-2025-09-02,present_local,https://aosrd.org/webinars/,,,oiF8bJEpK0M,https://youtu.be/oiF8bJEpK0M,available_external,Spermadine's Benefits for the Musculoskeletal System with Dr. Melissa Cano,,,not_checked,not_checked,,,,,,,AOSRD webpage; YouTube video,possible_existing_session_representation,yes,unclear,not_checked,oembed_author=Clearfield Medical Group; timedtext_list_empty; youtube_player_login_wall_prevents_caption_metadata; published_date/duration not_checked (YouTube player metadata blocked); pass1_match_class_frozen=possible; otter_candidates=1; local=otter_transcript_local
aosrd-webinars-048-dZ8JyvHAMjY,AOSRD_Clearfield,aosrd_webinars_youtube,Beyond Pharmogenomics-Addressing Root Causes of Anxiety and Depression with Dr. Sharon Hausman-Cohen (Video) – 05-Aug-2025,beyond pharmogenomics addressing root causes of anxiety and depression with dr sharon hausman cohen video 05 aug 2025,aosrd-webinars-048-dZ8JyvHAMjY,strong,LxOKeD9fWZEycb7WYyMiRLE90EU,2025-08-05,Research/lectures/clearfield-webinar-2025-08-05,present_local,https://aosrd.org/webinars/,,,dZ8JyvHAMjY,https://youtu.be/dZ8JyvHAMjY,available_external,Beyond Pharmogenomics-Addressing Root Causes of Anxiety and Depression with Dr. Sharon Hausman-Cohen,,,not_checked,not_checked,,,,,,,AOSRD webpage; YouTube video,existing_session_representation,yes,no_new_source_indicated,not_checked,oembed_author=Clearfield Medical Group; timedtext_list_empty; youtube_player_login_wall_prevents_caption_metadata; published_date/duration not_checked (YouTube player metadata blocked); pass1_match_class_frozen=strong; otter_candidates=1; local=otter_transcript_local
aosrd-webinars-049-vnJmoRxdV2g,AOSRD_Clearfield,aosrd_webinars_youtube,The Gut-Bone Connection with Dr. John Neustadt (Video) – 13-Aug-2025,the gut bone connection with dr john neustadt video 13 aug 2025,aosrd-webinars-049-vnJmoRxdV2g,possible,O2HiQSKr_hQgWkE4iY8ItSEYg4Y,2025-08-12,Research/lectures/clearfield-webinar-2025-08-12,present_local,https://aosrd.org/webinars/,,,vnJmoRxdV2g,https://youtu.be/vnJmoRxdV2g,available_external,The Gut-Bone Connection with Dr. John Neustadt,,,not_checked,not_checked,,,,,,,AOSRD webpage; YouTube video,possible_existing_session_representation,yes,unclear,not_checked,oembed_author=Clearfield Medical Group; timedtext_list_empty; youtube_player_login_wall_prevents_caption_metadata; published_date/duration not_checked (YouTube player metadata blocked); pass1_match_class_frozen=possible; otter_candidates=1; local=otter_transcript_local
aosrd-webinars-050-XJAq-AZ411U,AOSRD_Clearfield,aosrd_webinars_youtube,"Mojo, Meet Medicine, Hormones, Libido, and Loving Well with Jaquelyn Sammons (Video) – 30-July-2025",mojo meet medicine hormones libido and loving well with jaquelyn sammons video 30 july 2025,aosrd-webinars-050-XJAq-AZ411U,possible,ZdpkFb1zUrwSD134tv35ZcrcaI8,2025-07-29,Research/lectures/clearfield-webinar-2025-07-29,present_local,https://aosrd.org/webinars/,,,XJAq-AZ411U,https://youtu.be/XJAq-AZ411U,available_external,"Mojo, Meet Medicine, Hormones, Libido, and Loving Well with Jaquelyn Sammons",,,not_checked,not_checked,,,,,,,AOSRD webpage; YouTube video,possible_existing_session_representation,yes,unclear,not_checked,oembed_author=Clearfield Medical Group; timedtext_list_empty; youtube_player_login_wall_prevents_caption_metadata; published_date/duration not_checked (YouTube player metadata blocked); pass1_match_class_frozen=possible; otter_candidates=1; local=otter_transcript_local
aosrd-webinars-051-ChjlUoj0HK4,AOSRD_Clearfield,aosrd_webinars_youtube,"Utilizing Membrane Lipid Replacement to Repair, Replace and Renew Mtochondrial Membranes and Increase ATP Production with Ross Pelton RPh (Video) – 29-July-2025",utilizing membrane lipid replacement to repair replace and renew mtochondrial membranes and increase atp production with ross pelton rph video 29 july 2025,aosrd-webinars-051-ChjlUoj0HK4,possible,N9yVVPBjdwE0_VQF5vNgb-MVTSQ,2025-07-22,Research/lectures/clearfield-webinar-2025-07-22,present_local,https://aosrd.org/webinars/,,,ChjlUoj0HK4,https://youtu.be/ChjlUoj0HK4,available_external,Membrane Lipid Replacement to Boost Mitochondria & ATP – Ross Pelton,,,not_checked,not_checked,,,,,,,AOSRD webpage; YouTube video,possible_existing_session_representation,yes,unclear,not_checked,oembed_author=Clearfield Medical Group; timedtext_list_empty; youtube_player_login_wall_prevents_caption_metadata; published_date/duration not_checked (YouTube player metadata blocked); pass1_match_class_frozen=possible; otter_candidates=1; local=otter_transcript_local
aosrd-webinars-052-k7huYi1803c,AOSRD_Clearfield,aosrd_webinars_youtube,Traumatic Brain Injuries Among Service Members and Veterans with Michael Hartford LFACH (Video) – 17-July-2025,traumatic brain injuries among service members and veterans with michael hartford lfach video 17 july 2025,aosrd-webinars-052-k7huYi1803c,possible,ykfPBSHSL3meBk4yGojbTxMVIpA;FHVn8qFG7pov0fVMLuuVpKan1hA;hQzjA4-OBAL6Qn7OOOywEISWs3I,2024-10-22;2025-07-15;2025-07-08,Research/lectures/clearfield-webinar-2024-10-22;Research/lectures/clearfield-webinar-2025-07-15;Research/lectures/clearfield-webinar-2025-07-08,present_local,https://aosrd.org/webinars/,,,k7huYi1803c,https://youtu.be/k7huYi1803c,available_external,Traumatic Brain Injuries Among Service Members and Veterans with Michael Hartford LFACH,,,not_checked,not_checked,,,,,,,AOSRD webpage; YouTube video,possible_existing_session_representation,yes,unclear,not_checked,oembed_author=Clearfield Medical Group; timedtext_list_empty; youtube_player_login_wall_prevents_caption_metadata; published_date/duration not_checked (YouTube player metadata blocked); pass1_match_class_frozen=possible; otter_candidates=3; local=otter_transcript_local
aosrd-webinars-053-Y-_p7jNbZaY,AOSRD_Clearfield,aosrd_webinars_youtube,Clinical Applications of Testosterone for Women Dr William Clearfield (Video),clinical applications of testosterone for women dr william clearfield video,aosrd-webinars-053-Y-_p7jNbZaY,possible,teTBikykKpBtvemVFqClxhmIVaQ;OyOI3AvRLueyq57ys04VXI5U1WU;ClN5CZe78b8lp6a0nf44-DzCDCo;hQzjA4-OBAL6Qn7OOOywEISWs3I;GMgbZhdKVzi_Uu9bXvypJxkwwKM,2024-12-18;2025-12-17;2025-03-11;2025-07-08;2026-02-04,Research/lectures/clearfield-webinar-2024-12-18;Research/lectures/clearfield-webinar-2025-12-17;Research/lectures/clearfield-webinar-2025-03-11;Research/lectures/clearfield-webinar-2025-07-08;Research/lectures/clearfield-webinar-2026-02-04,present_local,https://aosrd.org/webinars/,,,Y-_p7jNbZaY,https://youtu.be/Y-_p7jNbZaY,available_external,Dr. Clearfield at the Androgen Society: Clinical Applications of Testosterone for Women,,,not_checked,not_checked,,,,,,,AOSRD webpage; YouTube video,possible_existing_session_representation,yes,unclear,not_checked,oembed_author=Clearfield Medical Group; timedtext_list_empty; youtube_player_login_wall_prevents_caption_metadata; published_date/duration not_checked (YouTube player metadata blocked); pass1_match_class_frozen=possible; otter_candidates=5; local=otter_transcript_local
aosrd-webinars-054-vCO3HaVDAOM,AOSRD_Clearfield,aosrd_webinars_youtube,Photobiomodulation-Harnessing the Power of Light for Wellbeing with Jordan Hamlin 08-July-2025 (Video),photobiomodulation harnessing the power of light for wellbeing with jordan hamlin 08 july 2025 video,aosrd-webinars-054-vCO3HaVDAOM,strong,hQzjA4-OBAL6Qn7OOOywEISWs3I,2025-07-08,Research/lectures/clearfield-webinar-2025-07-08,present_local,https://aosrd.org/webinars/,,,vCO3HaVDAOM,https://youtu.be/vCO3HaVDAOM,available_external,Photobiomodulation-Harnessing the Power of Light for Wellbeing with Jordan Hamlin,,,not_checked,not_checked,,,,,,,AOSRD webpage; YouTube video,existing_session_representation,yes,no_new_source_indicated,not_checked,oembed_author=Clearfield Medical Group; timedtext_list_empty; youtube_player_login_wall_prevents_caption_metadata; published_date/duration not_checked (YouTube player metadata blocked); pass1_match_class_frozen=strong; otter_candidates=1; local=otter_transcript_local
aosrd-webinars-055-11puCMGl13g,AOSRD_Clearfield,aosrd_webinars_youtube,Mechanisms and Therapeutic Use of Ivermectin and Mebendazole vs. Cancer Stem Cells 02-July-2025 (Video),mechanisms and therapeutic use of ivermectin and mebendazole vs cancer stem cells 02 july 2025 video,aosrd-webinars-055-11puCMGl13g,possible,b2H7gyjRNmbN0l62XtCzeLPovDE,2025-06-24,Research/lectures/clearfield-webinar-2025-06-24,present_local,https://aosrd.org/webinars/,,,11puCMGl13g,https://youtu.be/11puCMGl13g,unavailable_external,,,,not_checked,not_checked,,,,,,,AOSRD webpage; YouTube video,possible_existing_session_representation,yes,unclear,not_checked,oembed 404; timedtext_list_empty; youtube_player_login_wall_prevents_caption_metadata; published_date/duration not_checked (YouTube player metadata blocked); pass1_match_class_frozen=possible; otter_candidates=1; local=otter_transcript_local
aosrd-webinars-056-X9owMRSxKU8,AOSRD_Clearfield,aosrd_webinars_youtube,"Ascorbate Intelligence-The Catalyst Behind Hormones, Mitochondria and Metabolism with Lior Sher 02-July-2025 (Video)",ascorbate intelligence the catalyst behind hormones mitochondria and metabolism with lior sher 02 july 2025 video,aosrd-webinars-056-X9owMRSxKU8,possible,DoY_YVmmJsZyWDMnmIlwfTtYV7k,2025-07-01,Research/lectures/clearfield-webinar-2025-07-01,present_local,https://aosrd.org/webinars/,,,X9owMRSxKU8,https://youtu.be/X9owMRSxKU8,available_external,"Ascorbate Intelligence-The Catalyst Behind Hormones, Mitochondria and Metabolism with Lior Sher",,,not_checked,not_checked,,,,,,,AOSRD webpage; YouTube video,possible_existing_session_representation,yes,unclear,not_checked,oembed_author=Clearfield Medical Group; timedtext_list_empty; youtube_player_login_wall_prevents_caption_metadata; published_date/duration not_checked (YouTube player metadata blocked); pass1_match_class_frozen=possible; otter_candidates=1; local=otter_transcript_local
aosrd-webinars-057-2Wyq9xwKxNo,AOSRD_Clearfield,aosrd_webinars_youtube,"Cholesterol Decoded The Good, the Bad, and the Misunderstood by Dr. Benoit Tano 18-June-2025 (Video)",cholesterol decoded the good the bad and the misunderstood by dr benoit tano 18 june 2025 video,aosrd-webinars-057-2Wyq9xwKxNo,possible,81vgkJ55QnsvesXbnyxCMQPr6Rc;glV8jJH0PlVmEafpjvon_ZOlt6g,2026-06-09;2025-06-03,Research/lectures/clearfield-webinar-2026-06-09;Research/lectures/clearfield-webinar-2025-06-03,present_local,https://aosrd.org/webinars/,,,2Wyq9xwKxNo,https://youtu.be/2Wyq9xwKxNo,available_external,"Cholesterol Decoded The Good, the Bad, and the Misunderstood by Dr. Benoit Tano",,,not_checked,not_checked,,,,,,,AOSRD webpage; YouTube video,possible_existing_session_representation,yes,unclear,not_checked,oembed_author=Clearfield Medical Group; timedtext_list_empty; youtube_player_login_wall_prevents_caption_metadata; published_date/duration not_checked (YouTube player metadata blocked); pass1_match_class_frozen=possible; otter_candidates=2; local=otter_transcript_local
aosrd-webinars-058-Kr52d-glwNw,AOSRD_Clearfield,aosrd_webinars_youtube,Seven Mushrooms for Longevity with Dr. Xochitl Palomino 18-June-2025 (Video),seven mushrooms for longevity with dr xochitl palomino 18 june 2025 video,aosrd-webinars-058-Kr52d-glwNw,possible,hnYI5BcQQLHjFGK0Vv7Jdr3Okdg,2025-06-10,Research/lectures/clearfield-webinar-2025-06-10,present_local,https://aosrd.org/webinars/,,,Kr52d-glwNw,https://youtu.be/Kr52d-glwNw,available_external,Seven Mushrooms for Longevity with Dr. Xochitl Palomino,,,not_checked,not_checked,,,,,,,AOSRD webpage; YouTube video,possible_existing_session_representation,yes,unclear,not_checked,oembed_author=Clearfield Medical Group; timedtext_list_empty; youtube_player_login_wall_prevents_caption_metadata; published_date/duration not_checked (YouTube player metadata blocked); pass1_match_class_frozen=possible; otter_candidates=1; local=otter_transcript_local
aosrd-webinars-059-2g96fVoSALE,AOSRD_Clearfield,aosrd_webinars_youtube,Mitochondrial Dysfunction in Aging 18-June-2025 (Video),mitochondrial dysfunction in aging 18 june 2025 video,aosrd-webinars-059-2g96fVoSALE,possible,GoRuWgRFUBHzZE--rF7qmxgBIOc,2025-06-17,Research/lectures/clearfield-webinar-2025-06-17,present_local,https://aosrd.org/webinars/,,,2g96fVoSALE,https://youtu.be/2g96fVoSALE,available_external,Mitochondrial Dysfunction in Aging,,,not_checked,not_checked,,,,,,,AOSRD webpage; YouTube video,possible_existing_session_representation,yes,unclear,not_checked,oembed_author=Clearfield Medical Group; timedtext_list_empty; youtube_player_login_wall_prevents_caption_metadata; published_date/duration not_checked (YouTube player metadata blocked); pass1_match_class_frozen=possible; otter_candidates=1; local=otter_transcript_local
aosrd-webinars-060-NNAnnAJAIQk,AOSRD_Clearfield,aosrd_webinars_youtube,"Cholesterol Decoded The Good, the Bad, and the Misunderstood by Dr. Benoit Tano 11-June-2025 (Video)",cholesterol decoded the good the bad and the misunderstood by dr benoit tano 11 june 2025 video,aosrd-webinars-060-NNAnnAJAIQk,possible,81vgkJ55QnsvesXbnyxCMQPr6Rc;glV8jJH0PlVmEafpjvon_ZOlt6g,2026-06-09;2025-06-03,Research/lectures/clearfield-webinar-2026-06-09;Research/lectures/clearfield-webinar-2025-06-03,present_local,https://aosrd.org/webinars/,,,NNAnnAJAIQk,https://youtu.be/NNAnnAJAIQk,unavailable_external,,,,not_checked,not_checked,,,,,,,AOSRD webpage; YouTube video,possible_existing_session_representation,yes,unclear,not_checked,oembed 404; timedtext_list_empty; youtube_player_login_wall_prevents_caption_metadata; published_date/duration not_checked (YouTube player metadata blocked); pass1_match_class_frozen=possible; otter_candidates=2; local=otter_transcript_local
aosrd-webinars-061-nrjK17pBbBk,AOSRD_Clearfield,aosrd_webinars_youtube,Seven Mushrooms for Longevity with Dr. Xochitl Palomino 11-June-2025 (Video),seven mushrooms for longevity with dr xochitl palomino 11 june 2025 video,aosrd-webinars-061-nrjK17pBbBk,strong,hnYI5BcQQLHjFGK0Vv7Jdr3Okdg,2025-06-10,Research/lectures/clearfield-webinar-2025-06-10,present_local,https://aosrd.org/webinars/,,,nrjK17pBbBk,https://youtu.be/nrjK17pBbBk,unavailable_external,,,,not_checked,not_checked,,,,,,,AOSRD webpage; YouTube video,existing_session_representation,yes,no_new_source_indicated,not_checked,oembed 404; timedtext_list_empty; youtube_player_login_wall_prevents_caption_metadata; published_date/duration not_checked (YouTube player metadata blocked); pass1_match_class_frozen=strong; otter_candidates=1; local=otter_transcript_local
aosrd-webinars-062-KwIprK6R0yA,AOSRD_Clearfield,aosrd_webinars_youtube,Muscle Centric Health (Video),muscle centric health video,aosrd-webinars-062-KwIprK6R0yA,no_match,,,,present_local,https://aosrd.org/webinars/,,,KwIprK6R0yA,https://youtu.be/KwIprK6R0yA,available_external,Muscle Centric Health,,,not_checked,not_checked,,,,,,,AOSRD webpage; YouTube video,potentially_new_session,no,potentially_new_session,not_checked,oembed_author=Clearfield Medical Group; timedtext_list_empty; youtube_player_login_wall_prevents_caption_metadata; published_date/duration not_checked (YouTube player metadata blocked); pass1_match_class_frozen=no_match; otter_candidates=0
aosrd-webinars-063-4Nhoej8KtNE,AOSRD_Clearfield,aosrd_webinars_youtube,"To Aromatize or Not Aromatize , That is Question. Optimizing HRT in Men, with Dr. Jacquelyn Sammons (Video)",to aromatize or not aromatize that is question optimizing hrt in men with dr jacquelyn sammons video,aosrd-webinars-063-4Nhoej8KtNE,possible,OyOI3AvRLueyq57ys04VXI5U1WU;OlXuXl73V1RAQ4bVYXoakDZMRnU;OL_Ukp1RYjVvnjsMHnF2eXCXDC8,2025-12-17;2026-04-07;2024-10-01,Research/lectures/clearfield-webinar-2025-12-17;Research/lectures/clearfield-webinar-2026-04-07;Research/lectures/clearfield-webinar-2024-10-01,present_local,https://aosrd.org/webinars/,,,4Nhoej8KtNE,https://youtu.be/4Nhoej8KtNE,available_external,"To Aromatize or Not Aromatize , That is Question. Optimizing HRT in Men, with Dr. Jacquelyn Sammons",,,not_checked,not_checked,,,,,,,AOSRD webpage; YouTube video,possible_existing_session_representation,yes,unclear,not_checked,oembed_author=Clearfield Medical Group; timedtext_list_empty; youtube_player_login_wall_prevents_caption_metadata; published_date/duration not_checked (YouTube player metadata blocked); pass1_match_class_frozen=possible; otter_candidates=3; local=otter_transcript_local
aosrd-webinars-064-JRwekVs321Y,AOSRD_Clearfield,aosrd_webinars_youtube,Novel Scientific Considerations for Optimized Lean Muscle Mass with Dr. Chris Melitis 22-Apr-2025 (Video),novel scientific considerations for optimized lean muscle mass with dr chris melitis 22 apr 2025 video,aosrd-webinars-064-JRwekVs321Y,strong,12d7QbwxGiZlK8kVCNzSowPUQXE;5HPCyqwQxi9QD1of8g-CPHrnFcc;TNvBcRwwSnrkWGe2_L3i3lGvYYk,2025-04-22;2025-01-08;2024-12-11,Research/lectures/clearfield-webinar-2025-04-22;Research/lectures/clearfield-webinar-2025-01-08;Research/lectures/clearfield-webinar-2024-12-11,present_local,https://aosrd.org/webinars/,,,JRwekVs321Y,https://youtu.be/JRwekVs321Y,available_external,Novel Scientific Considerations for Optimized Lean Muscle Mass with Dr. Chris Melitis,,,not_checked,not_checked,,,,,,,AOSRD webpage; YouTube video,existing_session_representation,yes,no_new_source_indicated,not_checked,oembed_author=Clearfield Medical Group; timedtext_list_empty; youtube_player_login_wall_prevents_caption_metadata; published_date/duration not_checked (YouTube player metadata blocked); pass1_match_class_frozen=strong; otter_candidates=3; local=otter_transcript_local
aosrd-webinars-065-l0Rjq3pwOR8,AOSRD_Clearfield,aosrd_webinars_youtube,Aging and Anti-Aging through the Lens of the Immune System with Lisa Tamati 15-Apr-2025 (Video),aging and anti aging through the lens of the immune system with lisa tamati 15 apr 2025 video,aosrd-webinars-065-l0Rjq3pwOR8,strong,4qg44PRw27Y2Jbzl7MXMYCX0HuI;pw9yXaKVUW0ETXgSRTRBaLEzqQc;y59a2fEx8UgOiThJHr1w-HcQc1U,2025-04-15;2024-08-27;2024-08-20,Research/lectures/clearfield-webinar-2025-04-15;Research/lectures/clearfield-webinar-2024-08-27;Research/lectures/clearfield-webinar-2024-08-20,present_local,https://aosrd.org/webinars/,,,l0Rjq3pwOR8,https://youtu.be/l0Rjq3pwOR8,available_external,Aging and Anti-Aging through the Lens of the Immune System with Lisa Tamati,,,not_checked,not_checked,,,,,,,AOSRD webpage; YouTube video,existing_session_representation,yes,no_new_source_indicated,not_checked,oembed_author=Clearfield Medical Group; timedtext_list_empty; youtube_player_login_wall_prevents_caption_metadata; published_date/duration not_checked (YouTube player metadata blocked); pass1_match_class_frozen=strong; otter_candidates=3; local=otter_transcript_local
aosrd-webinars-066-DhiMsRLaERI,AOSRD_Clearfield,aosrd_webinars_youtube,Understanding Medical Issues Through a Constitutional Homeopathic Lens with Dr. Payam Hakimi 8-Apr-2025 (Video),understanding medical issues through a constitutional homeopathic lens with dr payam hakimi 8 apr 2025 video,aosrd-webinars-066-DhiMsRLaERI,strong,6Jsw7QNZfMK82hH28Fgc1lAC87k,2025-04-08,Research/lectures/clearfield-webinar-2025-04-08,present_local,https://aosrd.org/webinars/,,,DhiMsRLaERI,https://youtu.be/DhiMsRLaERI,available_external,Understanding Medical Issues Through a Constitutional Homeopathic Lens with Dr. Payam Hakimi,,,not_checked,not_checked,,,,,,,AOSRD webpage; YouTube video,existing_session_representation,yes,no_new_source_indicated,not_checked,oembed_author=Clearfield Medical Group; timedtext_list_empty; youtube_player_login_wall_prevents_caption_metadata; published_date/duration not_checked (YouTube player metadata blocked); pass1_match_class_frozen=strong; otter_candidates=1; local=otter_transcript_local
aosrd-webinars-067-vZ0ervyVVU0,AOSRD_Clearfield,aosrd_webinars_youtube,Train Your Brain! Learn the Joys of Neurofeedback with Dr. Marly Jones 1-Apr-2025 (Video),train your brain learn the joys of neurofeedback with dr marly jones 1 apr 2025 video,aosrd-webinars-067-vZ0ervyVVU0,strong,jZM7WB_BG5YwNdBn2EQBHQM-aNc,2025-04-01,Research/lectures/clearfield-webinar-2025-04-01,present_local,https://aosrd.org/webinars/,,,vZ0ervyVVU0,https://youtu.be/vZ0ervyVVU0,available_external,Train Your Brain! Learn the Joys of Neurofeedback with Dr. Marly Jones,,,not_checked,not_checked,,,,,,,AOSRD webpage; YouTube video,existing_session_representation,yes,no_new_source_indicated,not_checked,oembed_author=Clearfield Medical Group; timedtext_list_empty; youtube_player_login_wall_prevents_caption_metadata; published_date/duration not_checked (YouTube player metadata blocked); pass1_match_class_frozen=strong; otter_candidates=1; local=otter_transcript_local
aosrd-webinars-068-vS6aw3GkcRI,AOSRD_Clearfield,aosrd_webinars_youtube,The Laboratory Functional Medicine with Dr. Bill Clearfield 25-Mar-2025 (Video),the laboratory functional medicine with dr bill clearfield 25 mar 2025 video,aosrd-webinars-068-vS6aw3GkcRI,strong,Zxy20R1uant_QctiZutXLSt-Q-E,2025-03-25,Research/lectures/clearfield-webinar-2025-03-25,present_local,https://aosrd.org/webinars/,https://aosrd.org/wp-content/uploads/2025/03/Copy-of-8.-The-Laboratory-of-Functional-Medicine.pdf,available_external,vS6aw3GkcRI,https://youtu.be/vS6aw3GkcRI,available_external,The Laboratory Functional Medicine with Dr. Bill Clearfield,,,not_checked,not_checked,,,,,,,AOSRD webpage; AOSRD PDF; YouTube video,existing_session_representation,yes,no_new_source_indicated,pdf_available,"oembed_author=Clearfield Medical Group; timedtext_list_empty; youtube_player_login_wall_prevents_caption_metadata; published_date/duration not_checked (YouTube player metadata blocked); pass1_match_class_frozen=strong; otter_candidates=1; local=pdf_local,frames_local,otter_transcript_local"
aosrd-webinars-069-kSvKhj5JSv0,AOSRD_Clearfield,aosrd_webinars_youtube,The Microbiome in Health and Disease with Dr Bill Clearfield 18-Mar-2025 (Video),the microbiome in health and disease with dr bill clearfield 18 mar 2025 video,aosrd-webinars-069-kSvKhj5JSv0,strong,pfNO6khumfRfVoCync03aVBxZ70;P1FgRy3FvTrrNYsXISdsJKJeiEg;ZdpkFb1zUrwSD134tv35ZcrcaI8;0pIRZSR5hLU8vZNbqCJ9pLpRE9M,2025-03-18;2024-11-06;2025-07-29;2025-03-05,Research/lectures/clearfield-webinar-2025-03-18;Research/lectures/clearfield-webinar-2024-11-06;Research/lectures/clearfield-webinar-2025-07-29;Research/lectures/clearfield-webinar-2025-03-05,present_local,https://aosrd.org/webinars/,,,kSvKhj5JSv0,https://youtu.be/kSvKhj5JSv0,available_external,The Microbiome in Health and Disease with Dr Bill Clearfield,,,not_checked,not_checked,,,,,,,AOSRD webpage; YouTube video,existing_session_representation,yes,no_new_source_indicated,not_checked,oembed_author=Clearfield Medical Group; timedtext_list_empty; youtube_player_login_wall_prevents_caption_metadata; published_date/duration not_checked (YouTube player metadata blocked); pass1_match_class_frozen=strong; otter_candidates=4; local=otter_transcript_local
aosrd-webinars-070-inmmno5OVKk,AOSRD_Clearfield,aosrd_webinars_youtube,Small Intestine Bacterial Overgrowth with Dr. Arland Hill 11-Mar-2025 (Video),small intestine bacterial overgrowth with dr arland hill 11 mar 2025 video,aosrd-webinars-070-inmmno5OVKk,strong,ClN5CZe78b8lp6a0nf44-DzCDCo,2025-03-11,Research/lectures/clearfield-webinar-2025-03-11,present_local,https://aosrd.org/webinars/,,,inmmno5OVKk,https://youtu.be/inmmno5OVKk,available_external,Small Intestine Bacterial Overgrowth with Dr. Arland Hill,,,not_checked,not_checked,,,,,,,AOSRD webpage; YouTube video,existing_session_representation,yes,no_new_source_indicated,not_checked,oembed_author=Clearfield Medical Group; timedtext_list_empty; youtube_player_login_wall_prevents_caption_metadata; published_date/duration not_checked (YouTube player metadata blocked); pass1_match_class_frozen=strong; otter_candidates=1; local=otter_transcript_local
aosrd-webinars-071-zKxcCQelKT4,AOSRD_Clearfield,aosrd_webinars_youtube,Culinary Oncology with Chef Laura Pole 04-Mar-2025 (Video),culinary oncology with chef laura pole 04 mar 2025 video,aosrd-webinars-071-zKxcCQelKT4,possible,0pIRZSR5hLU8vZNbqCJ9pLpRE9M,2025-03-05,Research/lectures/clearfield-webinar-2025-03-05,present_local,https://aosrd.org/webinars/,https://aosrd.org/wp-content/uploads/2025/03/Culinary-Translation_slide-handout_2.pdf,available_external,zKxcCQelKT4,https://youtu.be/zKxcCQelKT4,available_external,Culinary Oncology with Chef Laura Pole,,,not_checked,not_checked,,,,,,,AOSRD webpage; AOSRD PDF; YouTube video,possible_existing_session_representation,yes,unclear,pdf_available,oembed_author=Clearfield Medical Group; timedtext_list_empty; youtube_player_login_wall_prevents_caption_metadata; published_date/duration not_checked (YouTube player metadata blocked); pass1_match_class_frozen=possible; otter_candidates=1; local=otter_transcript_local
aosrd-webinars-072-JEF5w29s04Y,AOSRD_Clearfield,aosrd_webinars_youtube,Peptide Deep DiveThymosin Alpha 1 and Thymogen with Stefan Hartmann 19-Feb-2025 (Video),peptide deep divethymosin alpha 1 and thymogen with stefan hartmann 19 feb 2025 video,aosrd-webinars-072-JEF5w29s04Y,strong,lnZUNAyEcVNSN0i3JOEbuJcc15A,2025-02-19,Research/lectures/clearfield-webinar-2025-02-19,present_local,https://aosrd.org/webinars/,,,JEF5w29s04Y,https://youtu.be/JEF5w29s04Y,available_external,Peptide Deep DiveThymosin Alpha 1 and Thymogen with Stefan Hartmann,,,not_checked,not_checked,,,,,,,AOSRD webpage; YouTube video,existing_session_representation,yes,no_new_source_indicated,not_checked,oembed_author=Clearfield Medical Group; timedtext_list_empty; youtube_player_login_wall_prevents_caption_metadata; published_date/duration not_checked (YouTube player metadata blocked); pass1_match_class_frozen=strong; otter_candidates=1; local=otter_transcript_local
aosrd-webinars-073-F3lfAz2jf0M,AOSRD_Clearfield,aosrd_webinars_youtube,Uveal Melanoma Research Project with Dr. Evangelica Papasotiriou 05-Feb-2025 (Video),uveal melanoma research project with dr evangelica papasotiriou 05 feb 2025 video,aosrd-webinars-073-F3lfAz2jf0M,strong,JAhRYbDDwDsC4em3dazDKyDw4gM,2025-02-05,Research/lectures/clearfield-webinar-2025-02-05,present_local,https://aosrd.org/webinars/,,,F3lfAz2jf0M,https://youtu.be/F3lfAz2jf0M,available_external,Uveal Melanoma Research Project with Dr. Evangelica Papasotiriou,,,not_checked,not_checked,,,,,,,AOSRD webpage; YouTube video,existing_session_representation,yes,no_new_source_indicated,not_checked,oembed_author=Clearfield Medical Group; timedtext_list_empty; youtube_player_login_wall_prevents_caption_metadata; published_date/duration not_checked (YouTube player metadata blocked); pass1_match_class_frozen=strong; otter_candidates=1; local=otter_transcript_local
aosrd-webinars-074-0DKMSGQ2wAY,AOSRD_Clearfield,aosrd_webinars_youtube,Poly MVA with Dr. Al Sanchez (Video),poly mva with dr al sanchez video,aosrd-webinars-074-0DKMSGQ2wAY,possible,Ts2MMXvFk3VIGcyQs8K33dvV7lk,2025-01-29,Research/lectures/clearfield-webinar-2025-01-29,present_local,https://aosrd.org/webinars/,,,0DKMSGQ2wAY,https://youtu.be/0DKMSGQ2wAY,available_external,Poly MVA with Dr. Al Sanchez,,,not_checked,not_checked,,,,,,,AOSRD webpage; YouTube video,possible_existing_session_representation,yes,unclear,not_checked,oembed_author=Clearfield Medical Group; timedtext_list_empty; youtube_player_login_wall_prevents_caption_metadata; published_date/duration not_checked (YouTube player metadata blocked); pass1_match_class_frozen=possible; otter_candidates=1; local=otter_transcript_local
aosrd-webinars-075-044uvhXbKng,AOSRD_Clearfield,aosrd_webinars_youtube,Chronic Sinusitis and Sinus Inflammation Due to Mold Toxicity with Dr. Donald Dennis (Video),chronic sinusitis and sinus inflammation due to mold toxicity with dr donald dennis video,aosrd-webinars-075-044uvhXbKng,possible,hFcw5MS7FSAuXJGFcnPHqL6j1gM,2025-01-22,Research/lectures/clearfield-webinar-2025-01-22,present_local,https://aosrd.org/webinars/,,,044uvhXbKng,https://youtu.be/044uvhXbKng,available_external,Chronic Sinusitis and Sinus Inflammation Due to Mold Toxicity with Dr. Donald Dennis,,,not_checked,not_checked,,,,,,,AOSRD webpage; YouTube video,possible_existing_session_representation,yes,unclear,not_checked,oembed_author=Clearfield Medical Group; timedtext_list_empty; youtube_player_login_wall_prevents_caption_metadata; published_date/duration not_checked (YouTube player metadata blocked); pass1_match_class_frozen=possible; otter_candidates=1; local=otter_transcript_local
aosrd-webinars-076-DOa9N5ODRuU,AOSRD_Clearfield,aosrd_webinars_youtube,Mitochondrial Function in Metabolic Disease w Dr. Greg Nacarelli Jan-14-2025 (Video),mitochondrial function in metabolic disease w dr greg nacarelli jan 14 2025 video,aosrd-webinars-076-DOa9N5ODRuU,possible,uRqtR3sy0qaYlUcYL4_tPVC7Tps,2025-01-15,Research/lectures/clearfield-webinar-2025-01-15,present_local,https://aosrd.org/webinars/,,,DOa9N5ODRuU,https://youtu.be/DOa9N5ODRuU,available_external,Mitochondrial Function in Metabolic Disease w Dr. Greg Nacarelli,,,not_checked,not_checked,,,,,,,AOSRD webpage; YouTube video,possible_existing_session_representation,yes,unclear,not_checked,oembed_author=Clearfield Medical Group; timedtext_list_empty; youtube_player_login_wall_prevents_caption_metadata; published_date/duration not_checked (YouTube player metadata blocked); pass1_match_class_frozen=possible; otter_candidates=1; local=otter_transcript_local
aosrd-webinars-077-Y4xe9xz-84s,AOSRD_Clearfield,aosrd_webinars_youtube,Mitochondrial Function and Weight Dontrol with Dr. Chris Meletis Jan-7-2025 (Video),mitochondrial function and weight dontrol with dr chris meletis jan 7 2025 video,aosrd-webinars-077-Y4xe9xz-84s,possible,sLBIeA_Jmb8LAaQrgfDavdK3onA;5HPCyqwQxi9QD1of8g-CPHrnFcc,2025-10-28;2025-01-08,Research/lectures/clearfield-webinar-2025-10-28;Research/lectures/clearfield-webinar-2025-01-08,present_local,https://aosrd.org/webinars/,,,Y4xe9xz-84s,https://youtu.be/Y4xe9xz-84s,available_external,Mitochondrial Function and Weight Dontrol with Dr. Chris Meletis,,,not_checked,not_checked,,,,,,,AOSRD webpage; YouTube video,possible_existing_session_representation,yes,unclear,not_checked,oembed_author=Clearfield Medical Group; timedtext_list_empty; youtube_player_login_wall_prevents_caption_metadata; published_date/duration not_checked (YouTube player metadata blocked); pass1_match_class_frozen=possible; otter_candidates=2; local=otter_transcript_local
aosrd-webinars-078-UPU3Iy5rir0,AOSRD_Clearfield,aosrd_webinars_youtube,The Nuts and Bolts of Hormone Optimization-Putting It All Together-Part 3 Growth Hormone Thyroid a(Video),the nuts and bolts of hormone optimization putting it all together part 3 growth hormone thyroid a video,aosrd-webinars-078-UPU3Iy5rir0,no_match,,,,present_local,https://aosrd.org/webinars/,,,UPU3Iy5rir0,https://youtu.be/UPU3Iy5rir0,available_external,The Nuts and Bolts of Hormone Optimization-Putting It All Together-Part 3 Growth Hormone Thyroid a,,,not_checked,not_checked,,,,,,,AOSRD webpage; YouTube video,potentially_new_session,no,potentially_new_session,not_checked,oembed_author=Clearfield Medical Group; timedtext_list_empty; youtube_player_login_wall_prevents_caption_metadata; published_date/duration not_checked (YouTube player metadata blocked); pass1_match_class_frozen=no_match; otter_candidates=0
aosrd-webinars-079-IcjS_wKZ5bI,AOSRD_Clearfield,aosrd_webinars_youtube,How Hormone Montors are Changing the Way Providers Care for Women with Rosemary Mackenzie – 18-Dec-2024(Video),how hormone montors are changing the way providers care for women with rosemary mackenzie 18 dec 2024 video,aosrd-webinars-079-IcjS_wKZ5bI,strong,teTBikykKpBtvemVFqClxhmIVaQ,2024-12-18,Research/lectures/clearfield-webinar-2024-12-18,present_local,https://aosrd.org/webinars/,,,IcjS_wKZ5bI,https://youtu.be/IcjS_wKZ5bI,available_external,How Hormone Montors are Changing the Way Providers Care for Women with Rosemary Mackenzie,,,not_checked,not_checked,,,,,,,AOSRD webpage; YouTube video,existing_session_representation,yes,no_new_source_indicated,not_checked,oembed_author=Clearfield Medical Group; timedtext_list_empty; youtube_player_login_wall_prevents_caption_metadata; published_date/duration not_checked (YouTube player metadata blocked); pass1_match_class_frozen=strong; otter_candidates=1; local=otter_transcript_local
aosrd-webinars-080-zNlsUByAduM,AOSRD_Clearfield,aosrd_webinars_youtube,"Nearly Everything We Know About Soy is Wrong, Myths vs. Facts on Breast Cancer, Thyroid Function, Skin Aging, and CV Health with Dr. Mark Messina – 10-Dec-2024(Video)",nearly everything we know about soy is wrong myths vs facts on breast cancer thyroid function skin aging and cv health with dr mark messina 10 dec 2024 video,aosrd-webinars-080-zNlsUByAduM,possible,Zxy20R1uant_QctiZutXLSt-Q-E;y59a2fEx8UgOiThJHr1w-HcQc1U;l416W8yP4i7dv3Jhd5H2F74zMnU;FbRyr7EkkewAoPTmXbK9DtUiA_Y;TNvBcRwwSnrkWGe2_L3i3lGvYYk,2025-03-25;2024-08-20;2026-01-21;2024-09-24;2024-12-11,Research/lectures/clearfield-webinar-2025-03-25;Research/lectures/clearfield-webinar-2024-08-20;Research/lectures/clearfield-webinar-2026-01-21;Research/lectures/clearfield-webinar-2024-09-24;Research/lectures/clearfield-webinar-2024-12-11,present_local,https://aosrd.org/webinars/,,,zNlsUByAduM,https://youtu.be/zNlsUByAduM,available_external,"Myths vs. Facts: Soy & Your Health (Breast Cancer, Thyroid, Skin, Heart) with Dr. Mark Messina",,,not_checked,not_checked,,,,,,,AOSRD webpage; YouTube video,possible_existing_session_representation,yes,unclear,not_checked,oembed_author=Clearfield Medical Group; timedtext_list_empty; youtube_player_login_wall_prevents_caption_metadata; published_date/duration not_checked (YouTube player metadata blocked); pass1_match_class_frozen=possible; otter_candidates=5; local=otter_transcript_local
aosrd-webinars-081-HkJyig2OR_E,AOSRD_Clearfield,aosrd_webinars_youtube,The Nuts and Bolts of Bioidentical Hormone Optimization-Part 1 (Video),the nuts and bolts of bioidentical hormone optimization part 1 video,aosrd-webinars-081-HkJyig2OR_E,no_match,,,,present_local,https://aosrd.org/webinars/,,,HkJyig2OR_E,https://youtu.be/HkJyig2OR_E,available_external,The Nuts and Bolts of Bioidentical Hormone Optimization-Part 1,,,not_checked,not_checked,,,,,,,AOSRD webpage; YouTube video,potentially_new_session,no,potentially_new_session,not_checked,oembed_author=Clearfield Medical Group; timedtext_list_empty; youtube_player_login_wall_prevents_caption_metadata; published_date/duration not_checked (YouTube player metadata blocked); pass1_match_class_frozen=no_match; otter_candidates=0
aosrd-webinars-082-UrxfDXzmVuw,AOSRD_Clearfield,aosrd_webinars_youtube,The Nuts and Bolts of Bioidentical Hormone Optimization-Part 2 Hormones-Testoste (Video),the nuts and bolts of bioidentical hormone optimization part 2 hormones testoste video,aosrd-webinars-082-UrxfDXzmVuw,no_match,,,,present_local,https://aosrd.org/webinars/,,,UrxfDXzmVuw,https://youtu.be/UrxfDXzmVuw,available_external,The Nuts and Bolts of Bioidentical Hormone Optimization-Part 2 Hormones-Testoste,,,not_checked,not_checked,,,,,,,AOSRD webpage; YouTube video,potentially_new_session,no,potentially_new_session,not_checked,oembed_author=Clearfield Medical Group; timedtext_list_empty; youtube_player_login_wall_prevents_caption_metadata; published_date/duration not_checked (YouTube player metadata blocked); pass1_match_class_frozen=no_match; otter_candidates=0
aosrd-webinars-083-NNfo5k3x2JE,AOSRD_Clearfield,aosrd_webinars_youtube,Twelve Days of Christmas-Twelve Medical Myths We Believed from Pediatrics to Adulthood 3-Dec-2024 (Video),twelve days of christmas twelve medical myths we believed from pediatrics to adulthood 3 dec 2024 video,aosrd-webinars-083-NNfo5k3x2JE,no_match,,,,present_local,https://aosrd.org/webinars/,,,NNfo5k3x2JE,https://youtu.be/NNfo5k3x2JE,available_external,Twelve Days of Christmas-Twelve Medical Myths We Believed from Pediatrics to Adulthood,,,not_checked,not_checked,,,,,,,AOSRD webpage; YouTube video,potentially_new_session,no,potentially_new_session,not_checked,oembed_author=Clearfield Medical Group; timedtext_list_empty; youtube_player_login_wall_prevents_caption_metadata; published_date/duration not_checked (YouTube player metadata blocked); pass1_match_class_frozen=no_match; otter_candidates=0
aosrd-webinars-084-LCKfDsIgPEw,AOSRD_Clearfield,aosrd_webinars_youtube,Enhancing Cognitive Health-Integrative Approaches for Brain Longevity w Dr. Debbie Smrz 26-Nov-2024 (Video),enhancing cognitive health integrative approaches for brain longevity w dr debbie smrz 26 nov 2024 video,aosrd-webinars-084-LCKfDsIgPEw,strong,vjcply7K-rJtWMYGKgD39abIq9E,2024-11-27,Research/lectures/clearfield-webinar-2024-11-27,present_local,https://aosrd.org/webinars/,,,LCKfDsIgPEw,https://youtu.be/LCKfDsIgPEw,available_external,Enhancing Cognitive Health-Integrative Approaches for Brain Longevity w Dr. Debbie Smrz,,,not_checked,not_checked,,,,,,,AOSRD webpage; YouTube video,existing_session_representation,yes,no_new_source_indicated,not_checked,oembed_author=Clearfield Medical Group; timedtext_list_empty; youtube_player_login_wall_prevents_caption_metadata; published_date/duration not_checked (YouTube player metadata blocked); pass1_match_class_frozen=strong; otter_candidates=1; local=otter_transcript_local
aosrd-webinars-085-VvqxDr3PUwQ,AOSRD_Clearfield,aosrd_webinars_youtube,Hormone Optimization for Men with Dr. William Clearfield 26-Nov-2024 (Video),hormone optimization for men with dr william clearfield 26 nov 2024 video,aosrd-webinars-085-VvqxDr3PUwQ,possible,zlsEo9I_-f-RI9YXiSfAueScYNM;aKanCqrE_LN8_fUCcz8yCi5pTLg,2025-09-23;2025-11-05,Research/lectures/clearfield-webinar-2025-09-23;Research/lectures/clearfield-webinar-2025-11-05,present_local,https://aosrd.org/webinars/,,,VvqxDr3PUwQ,https://youtu.be/VvqxDr3PUwQ,available_external,Hormone Optimization for Men with Dr. William Clearfield,,,not_checked,not_checked,,,,,,,AOSRD webpage; YouTube video,possible_existing_session_representation,yes,unclear,not_checked,oembed_author=Clearfield Medical Group; timedtext_list_empty; youtube_player_login_wall_prevents_caption_metadata; published_date/duration not_checked (YouTube player metadata blocked); pass1_match_class_frozen=possible; otter_candidates=2; local=otter_transcript_local
aosrd-webinars-086-3F5eDzS7HqI,AOSRD_Clearfield,aosrd_webinars_youtube,Personalized Age Management Using Longevity Biomarkers with Dr. Jin-Xiong 19-Nov-2024 (Video),personalized age management using longevity biomarkers with dr jin xiong 19 nov 2024 video,aosrd-webinars-086-3F5eDzS7HqI,possible,qwUT3cyV7gYvn34XQtrA84mAbiI,2024-11-20,Research/lectures/clearfield-webinar-2024-11-20,present_local,https://aosrd.org/webinars/,,,3F5eDzS7HqI,https://youtu.be/3F5eDzS7HqI,available_external,Personalized Age Management Using Longevity Biomarkers with Dr. Jin-Xiong,,,not_checked,not_checked,,,,,,,AOSRD webpage; YouTube video,possible_existing_session_representation,yes,unclear,not_checked,oembed_author=Clearfield Medical Group; timedtext_list_empty; youtube_player_login_wall_prevents_caption_metadata; published_date/duration not_checked (YouTube player metadata blocked); pass1_match_class_frozen=possible; otter_candidates=1; local=otter_transcript_local
aosrd-webinars-087-5ItUoUUJvsg,AOSRD_Clearfield,aosrd_webinars_youtube,"Longevity Project-mTOR, Autophagy, and the Promise of Rapamycin with Dr. Bill Clearfield 5-Nov-2024 (Video)",longevity project mtor autophagy and the promise of rapamycin with dr bill clearfield 5 nov 2024 video,aosrd-webinars-087-5ItUoUUJvsg,possible,qwUT3cyV7gYvn34XQtrA84mAbiI,2024-11-20,Research/lectures/clearfield-webinar-2024-11-20,present_local,https://aosrd.org/webinars/,,,5ItUoUUJvsg,https://youtu.be/5ItUoUUJvsg,available_external,"Longevity Project-mTOR, Autophagy, and the Promise of Rapamycin with Dr. Bill Clearfield",,,not_checked,not_checked,,,,,,,AOSRD webpage; YouTube video,possible_existing_session_representation,yes,unclear,not_checked,oembed_author=Clearfield Medical Group; timedtext_list_empty; youtube_player_login_wall_prevents_caption_metadata; published_date/duration not_checked (YouTube player metadata blocked); pass1_match_class_frozen=possible; otter_candidates=1; local=otter_transcript_local
aosrd-webinars-088-dMzAToPWgfw,AOSRD_Clearfield,aosrd_webinars_youtube,Diversity in the Microbiome with Dr. Piper Dobner Oct-2024 (Video),diversity in the microbiome with dr piper dobner oct 2024 video,aosrd-webinars-088-dMzAToPWgfw,possible,zXf2JR4NKM7KxvOGrUxYJnH-ld8;W7XqKXZ-lIxJJAd2BNF0czu408k,2025-12-31;2026-04-21,Research/lectures/clearfield-webinar-2025-12-31;Research/lectures/clearfield-webinar-2026-04-21,present_local,https://aosrd.org/webinars/,,,dMzAToPWgfw,https://youtu.be/dMzAToPWgfw,available_external,Diversity in the Microbiome with Dr. Piper Dobner,,,not_checked,not_checked,,,,,,,AOSRD webpage; YouTube video,possible_existing_session_representation,yes,unclear,not_checked,oembed_author=Clearfield Medical Group; timedtext_list_empty; youtube_player_login_wall_prevents_caption_metadata; published_date/duration not_checked (YouTube player metadata blocked); pass1_match_class_frozen=possible; otter_candidates=2; local=otter_transcript_local
aosrd-webinars-089-YGd1siNfdVc,AOSRD_Clearfield,aosrd_webinars_youtube,EMF and Depletion of Nitric Oxide with Beth Shirley 8-Oct-2024 (Video),emf and depletion of nitric oxide with beth shirley 8 oct 2024 video,aosrd-webinars-089-YGd1siNfdVc,strong,EqC6yd4bQDKMl2mpzPURPZu-_Pc;FbRyr7EkkewAoPTmXbK9DtUiA_Y,2024-10-08;2024-09-24,Research/lectures/clearfield-webinar-2024-10-08;Research/lectures/clearfield-webinar-2024-09-24,present_local,https://aosrd.org/webinars/,https://aosrd.org/wp-content/uploads/2024/10/EMF-2024.pdf,available_external,YGd1siNfdVc,https://youtu.be/YGd1siNfdVc,available_external,EMF and Depletion of Nitric Oxide with Beth Shirley,,,not_checked,not_checked,,,,,,,AOSRD webpage; AOSRD PDF; YouTube video,existing_session_representation,yes,no_new_source_indicated,pdf_available,oembed_author=Clearfield Medical Group; timedtext_list_empty; youtube_player_login_wall_prevents_caption_metadata; published_date/duration not_checked (YouTube player metadata blocked); pass1_match_class_frozen=strong; otter_candidates=2; local=otter_transcript_local
aosrd-webinars-090-upIlResYnYM,AOSRD_Clearfield,aosrd_webinars_youtube,Optimal Hormones for Optimal Metabolism Function with Dr. Felice Gersh 1-Oct-2024 (Video),optimal hormones for optimal metabolism function with dr felice gersh 1 oct 2024 video,aosrd-webinars-090-upIlResYnYM,strong,OL_Ukp1RYjVvnjsMHnF2eXCXDC8,2024-10-01,Research/lectures/clearfield-webinar-2024-10-01,present_local,https://aosrd.org/webinars/,,,upIlResYnYM,https://youtu.be/upIlResYnYM,available_external,Optimal Hormones for Optimal Metabolism Function with Dr. Felice Gersh,,,not_checked,not_checked,,,,,,,AOSRD webpage; YouTube video,existing_session_representation,yes,no_new_source_indicated,not_checked,oembed_author=Clearfield Medical Group; timedtext_list_empty; youtube_player_login_wall_prevents_caption_metadata; published_date/duration not_checked (YouTube player metadata blocked); pass1_match_class_frozen=strong; otter_candidates=1; local=otter_transcript_local
aosrd-webinars-091-EC0ajS7U0yQ,AOSRD_Clearfield,aosrd_webinars_youtube,Drug Induced Nutrient Depletion with Dr. Harlan Bieley 24-Sep-2024 (Video),drug induced nutrient depletion with dr harlan bieley 24 sep 2024 video,aosrd-webinars-091-EC0ajS7U0yQ,strong,FbRyr7EkkewAoPTmXbK9DtUiA_Y,2024-09-24,Research/lectures/clearfield-webinar-2024-09-24,present_local,https://aosrd.org/webinars/,https://aosrd.org/wp-content/uploads/2024/09/Powerpoint-Drug-induced-Nutrient-Depletion-3-11-23.pptx.pdf,available_external,EC0ajS7U0yQ,https://youtu.be/EC0ajS7U0yQ,available_external,Drug Induced Nutrient Depletion with Dr. Harlan Bieley,,,not_checked,not_checked,,,,,,,AOSRD webpage; AOSRD PDF; YouTube video,existing_session_representation,yes,no_new_source_indicated,pdf_available,oembed_author=Clearfield Medical Group; timedtext_list_empty; youtube_player_login_wall_prevents_caption_metadata; published_date/duration not_checked (YouTube player metadata blocked); pass1_match_class_frozen=strong; otter_candidates=1; local=otter_transcript_local
aosrd-webinars-092-no_id,AOSRD_Clearfield,aosrd_webinars_vimeo,The Evolving Cannabis Space: From Medical Research and Education to Decriminalization and Regulations with Dr. Jeffrey Block Sep-2024 (Video),the evolving cannabis space from medical research and education to decriminalization and regulations with dr jeffrey block sep 2024 video,aosrd-webinars-092-no_id,,,,,present_local,https://aosrd.org/webinars/,,,,,,,,,,,https://vimeo.com/1012405882,available_external,not_checked,,,,AOSRD webpage; Vimeo video,unclear,no,unclear,none_identified,vimeo_page_reachable; captions_not_verified
aosrd-webinars-093-asNZdMRFj4k,AOSRD_Clearfield,aosrd_webinars_youtube,"Case Histories-Stroke Recovery and Ulcerative Colitis-Treating the Person, Not the Disease 10-Sep-2024 (Video)",case histories stroke recovery and ulcerative colitis treating the person not the disease 10 sep 2024 video,aosrd-webinars-093-asNZdMRFj4k,strong,dliX4LcIPRKy-7vE3xcjJ4TlkiI,2024-09-10,Research/lectures/clearfield-webinar-2024-09-10,present_local,https://aosrd.org/webinars/,,,asNZdMRFj4k,https://youtu.be/asNZdMRFj4k,available_external,"Case Histories-Stroke Recovery and Ulcerative Colitis-Treating the Person, Not the Disease",,,not_checked,not_checked,,,,,,,AOSRD webpage; YouTube video,existing_session_representation,yes,no_new_source_indicated,not_checked,oembed_author=Clearfield Medical Group; timedtext_list_empty; youtube_player_login_wall_prevents_caption_metadata; published_date/duration not_checked (YouTube player metadata blocked); pass1_match_class_frozen=strong; otter_candidates=1; local=otter_transcript_local
aosrd-webinars-094-vryHjbho0Os,AOSRD_Clearfield,aosrd_webinars_youtube,Homeopathic Weight Loss Secrets with Heather Hallis 3-Sep-2024 (Video),homeopathic weight loss secrets with heather hallis 3 sep 2024 video,aosrd-webinars-094-vryHjbho0Os,strong,lad4QB8n10SgLwRq48hmZvwDQ2U;y59a2fEx8UgOiThJHr1w-HcQc1U,2024-09-03;2024-08-20,Research/lectures/clearfield-webinar-2024-09-03;Research/lectures/clearfield-webinar-2024-08-20,present_local,https://aosrd.org/webinars/,,,vryHjbho0Os,https://youtu.be/vryHjbho0Os,available_external,Homeopathic Weight Loss Secrets with Heather Hallis,,,not_checked,not_checked,,,,,,,AOSRD webpage; YouTube video,existing_session_representation,yes,no_new_source_indicated,not_checked,oembed_author=Clearfield Medical Group; timedtext_list_empty; youtube_player_login_wall_prevents_caption_metadata; published_date/duration not_checked (YouTube player metadata blocked); pass1_match_class_frozen=strong; otter_candidates=2; local=otter_transcript_local
aosrd-webinars-095-DiZKcMJiLs8,AOSRD_Clearfield,aosrd_webinars_youtube,Pushing the Limits-From Ultra-Endurance to Revolutionary Patient Care with Lisa Tamati 27-Aug-2024 (Video),pushing the limits from ultra endurance to revolutionary patient care with lisa tamati 27 aug 2024 video,aosrd-webinars-095-DiZKcMJiLs8,strong,pw9yXaKVUW0ETXgSRTRBaLEzqQc;4qg44PRw27Y2Jbzl7MXMYCX0HuI;y59a2fEx8UgOiThJHr1w-HcQc1U;wcHy9pPXoWy5S62-GJbpasQtw2o,2024-08-27;2025-04-15;2024-08-20;2025-02-12,Research/lectures/clearfield-webinar-2024-08-27;Research/lectures/clearfield-webinar-2025-04-15;Research/lectures/clearfield-webinar-2024-08-20;Research/lectures/clearfield-webinar-2025-02-12,present_local,https://aosrd.org/webinars/,https://aosrd.org/wp-content/uploads/2024/08/Speaking-Engagement-Osteopathic-Conference.pdf,available_external,DiZKcMJiLs8,https://youtu.be/DiZKcMJiLs8,available_external,From Ultra-Endurance to Revolutionary Patient Care in Integrative Medicine with Lisa Tamati,,,not_checked,not_checked,,,,,,,AOSRD webpage; AOSRD PDF; YouTube video,existing_session_representation,yes,no_new_source_indicated,pdf_available,oembed_author=Clearfield Medical Group; timedtext_list_empty; youtube_player_login_wall_prevents_caption_metadata; published_date/duration not_checked (YouTube player metadata blocked); pass1_match_class_frozen=strong; otter_candidates=4; local=otter_transcript_local
aosrd-webinars-096-3m1kSqjO3yI,AOSRD_Clearfield,aosrd_webinars_youtube,Cancer Treatment Induced Bone Loss with Dr. John Neustadt 21-Aug-2024 (Video),cancer treatment induced bone loss with dr john neustadt 21 aug 2024 video,aosrd-webinars-096-3m1kSqjO3yI,strong,y59a2fEx8UgOiThJHr1w-HcQc1U,2024-08-20,Research/lectures/clearfield-webinar-2024-08-20,present_local,https://aosrd.org/webinars/,,,3m1kSqjO3yI,https://youtu.be/3m1kSqjO3yI,available_external,Cancer Treatment Induced Bone Loss with Dr. John Neustadt,,,not_checked,not_checked,,,,,,,AOSRD webpage; YouTube video,existing_session_representation,yes,no_new_source_indicated,not_checked,oembed_author=Clearfield Medical Group; timedtext_list_empty; youtube_player_login_wall_prevents_caption_metadata; published_date/duration not_checked (YouTube player metadata blocked); pass1_match_class_frozen=strong; otter_candidates=1; local=otter_transcript_local
aosrd-webinars-097-qCHRKOIOdyo,AOSRD_Clearfield,aosrd_webinars_youtube,Diagnostic Assessment of Chronic Disease with Dr. Salaheldin Halasa and Dr James Joseph 13-Aug-2024 (Video),diagnostic assessment of chronic disease with dr salaheldin halasa and dr james joseph 13 aug 2024 video,aosrd-webinars-097-qCHRKOIOdyo,strong,xg4V_A-L8_Ob1jKGBewDTtKzOWg;b2H7gyjRNmbN0l62XtCzeLPovDE;hQzjA4-OBAL6Qn7OOOywEISWs3I;Zxy20R1uant_QctiZutXLSt-Q-E;ajVChHpkQS72kcrtN9J03lwNFZ0,2024-08-13;2025-06-24;2025-07-08;2025-03-25;2026-04-28,Research/lectures/clearfield-webinar-2024-08-13;Research/lectures/clearfield-webinar-2025-06-24;Research/lectures/clearfield-webinar-2025-07-08;Research/lectures/clearfield-webinar-2025-03-25;Research/lectures/clearfield-webinar-2026-04-28,present_local,https://aosrd.org/webinars/,,,qCHRKOIOdyo,https://youtu.be/qCHRKOIOdyo,available_external,Diagnostic Assessment of Chronic Disease with Dr. Salaheldin Halasa and Dr James Joseph.,,,not_checked,not_checked,,,,,,,AOSRD webpage; YouTube video,existing_session_representation,yes,no_new_source_indicated,not_checked,oembed_author=Clearfield Medical Group; timedtext_list_empty; youtube_player_login_wall_prevents_caption_metadata; published_date/duration not_checked (YouTube player metadata blocked); pass1_match_class_frozen=strong; otter_candidates=5; local=otter_transcript_local
aosrd-webinars-098-33LzcsSXUns,AOSRD_Clearfield,aosrd_webinars_youtube,"Human Gut Microbiome, Postbiotic Metabolites and the Microbiome Theory of Aging with Dr. Ross Pelton 06-Aug-2024 (Video)",human gut microbiome postbiotic metabolites and the microbiome theory of aging with dr ross pelton 06 aug 2024 video,aosrd-webinars-098-33LzcsSXUns,strong,CMNjlQbT2xu4NqL-9gu4VQSt0mo,2024-08-06,Research/lectures/clearfield-webinar-2024-08-06,present_local,https://aosrd.org/webinars/,,,33LzcsSXUns,https://youtu.be/33LzcsSXUns,available_external,"Human Gut Microbiome, Postbiotic Metabolites and the Microbiome Theory of Aging with Dr. Ross Pelton",,,not_checked,not_checked,,,,,,,AOSRD webpage; YouTube video,existing_session_representation,yes,no_new_source_indicated,not_checked,oembed_author=Clearfield Medical Group; timedtext_list_empty; youtube_player_login_wall_prevents_caption_metadata; published_date/duration not_checked (YouTube player metadata blocked); pass1_match_class_frozen=strong; otter_candidates=1; local=otter_transcript_local
aosrd-webinars-099-vhO2wI9HZPs,AOSRD_Clearfield,aosrd_webinars_youtube,Novel Peptide Innovations to Enhance Healthspan with Michael Antonelli 30-Jul-2024 (Video),novel peptide innovations to enhance healthspan with michael antonelli 30 jul 2024 video,aosrd-webinars-099-vhO2wI9HZPs,possible,ykfPBSHSL3meBk4yGojbTxMVIpA,2024-10-22,Research/lectures/clearfield-webinar-2024-10-22,present_local,https://aosrd.org/webinars/,,,vhO2wI9HZPs,https://youtu.be/vhO2wI9HZPs,available_external,Novel Peptide Innovations to Enhance Healthspan with Michael Antonelli,,,not_checked,not_checked,,,,,,,AOSRD webpage; YouTube video,possible_existing_session_representation,yes,unclear,not_checked,oembed_author=Clearfield Medical Group; timedtext_list_empty; youtube_player_login_wall_prevents_caption_metadata; published_date/duration not_checked (YouTube player metadata blocked); pass1_match_class_frozen=possible; otter_candidates=1; local=otter_transcript_local
aosrd-webinars-100-TH3WSRAjN-c,AOSRD_Clearfield,aosrd_webinars_youtube,Iron Metabolism and Sucrosomial Iron with Sam Sparhawk 23-Jul-2024 (Video),iron metabolism and sucrosomial iron with sam sparhawk 23 jul 2024 video,aosrd-webinars-100-TH3WSRAjN-c,no_match,,,,present_local,https://aosrd.org/webinars/,,,TH3WSRAjN-c,https://youtu.be/TH3WSRAjN-c,available_external,Iron Metabolism and Sucrosomial Iron with Sam Sparhawk,,,not_checked,not_checked,,,,,,,AOSRD webpage; YouTube video,potentially_new_session,no,potentially_new_session,not_checked,oembed_author=Clearfield Medical Group; timedtext_list_empty; youtube_player_login_wall_prevents_caption_metadata; published_date/duration not_checked (YouTube player metadata blocked); pass1_match_class_frozen=no_match; otter_candidates=0
aosrd-webinars-101-OIYNcWX7NAw,AOSRD_Clearfield,aosrd_webinars_youtube,Introducing C15 The First New Essential Fayy Acid Discovered in 90 Years with Dr. Stephanie Venn-Watson 16-Jul-2024 (Video),introducing c15 the first new essential fayy acid discovered in 90 years with dr stephanie venn watson 16 jul 2024 video,aosrd-webinars-101-OIYNcWX7NAw,possible,SdzXWjorAW2NkmSfJoC1PdOzwAE,2025-05-20,Research/lectures/clearfield-webinar-2025-05-20,present_local,https://aosrd.org/webinars/,,,OIYNcWX7NAw,https://youtu.be/OIYNcWX7NAw,available_external,Introducing C15 The First New Essential Fayy Acid Discovered in 90 Years - Dr. Stephanie Venn-Watson,,,not_checked,not_checked,,,,,,,AOSRD webpage; YouTube video,possible_existing_session_representation,yes,unclear,not_checked,oembed_author=Clearfield Medical Group; timedtext_list_empty; youtube_player_login_wall_prevents_caption_metadata; published_date/duration not_checked (YouTube player metadata blocked); pass1_match_class_frozen=possible; otter_candidates=1; local=otter_transcript_local
aosrd-webinars-102-kBGgYtTAhyo,AOSRD_Clearfield,aosrd_webinars_youtube,Perplexing Neuromuscular and GI Symptoms in a 27 Year Old Male with Dr. Kilee Smith 9-Jul-2024 (Video),perplexing neuromuscular and gi symptoms in a 27 year old male with dr kilee smith 9 jul 2024 video,aosrd-webinars-102-kBGgYtTAhyo,no_match,,,,present_local,https://aosrd.org/webinars/,,,kBGgYtTAhyo,https://youtu.be/kBGgYtTAhyo,available_external,Perplexing Neuromuscular and GI Symptoms in a 27 Year Old Male with Dr. Kilee Smith,,,not_checked,not_checked,,,,,,,AOSRD webpage; YouTube video,potentially_new_session,no,potentially_new_session,not_checked,oembed_author=Clearfield Medical Group; timedtext_list_empty; youtube_player_login_wall_prevents_caption_metadata; published_date/duration not_checked (YouTube player metadata blocked); pass1_match_class_frozen=no_match; otter_candidates=0
aosrd-webinars-103-_5CkbM3QO2A,AOSRD_Clearfield,aosrd_webinars_youtube,Homeopathic Case Studies with Dr Parvin Zarrin 2-Jul-2024 (Video),homeopathic case studies with dr parvin zarrin 2 jul 2024 video,aosrd-webinars-103-_5CkbM3QO2A,no_match,,,,present_local,https://aosrd.org/webinars/,,,_5CkbM3QO2A,https://youtu.be/_5CkbM3QO2A,available_external,Homeopathic Case Studies with Dr Parvin Zarrin,,,not_checked,not_checked,,,,,,,AOSRD webpage; YouTube video,potentially_new_session,no,potentially_new_session,not_checked,oembed_author=Clearfield Medical Group; timedtext_list_empty; youtube_player_login_wall_prevents_caption_metadata; published_date/duration not_checked (YouTube player metadata blocked); pass1_match_class_frozen=no_match; otter_candidates=0
aosrd-webinars-104-i-_y_4834r0,AOSRD_Clearfield,aosrd_webinars_youtube,GLP-1 Masterclass with Jay Campbell and Hunter Williams 25-Jun-2024 (Video),glp 1 masterclass with jay campbell and hunter williams 25 jun 2024 video,aosrd-webinars-104-i-_y_4834r0,possible,t9O9J5vUpWGkKXi-5TqxgKudSvY,2025-04-29,Research/lectures/clearfield-webinar-2025-04-29,present_local,https://aosrd.org/webinars/,,,i-_y_4834r0,https://youtu.be/i-_y_4834r0,available_external,GLP-1 Masterclass with Jay Campbell and Hunter Williams,,,not_checked,not_checked,,,,,,,AOSRD webpage; YouTube video,possible_existing_session_representation,yes,unclear,not_checked,oembed_author=Clearfield Medical Group; timedtext_list_empty; youtube_player_login_wall_prevents_caption_metadata; published_date/duration not_checked (YouTube player metadata blocked); pass1_match_class_frozen=possible; otter_candidates=1; local=otter_transcript_local
aosrd-webinars-105-Zed_tVgD-KI,AOSRD_Clearfield,aosrd_webinars_youtube,Brown adipose tissue is associated with cardiometabolic health 18-Jun-2024 (Video),brown adipose tissue is associated with cardiometabolic health 18 jun 2024 video,aosrd-webinars-105-Zed_tVgD-KI,no_match,,,,present_local,https://aosrd.org/webinars/,,,Zed_tVgD-KI,https://youtu.be/Zed_tVgD-KI,available_external,Cold Forge Therapy with Stefan Hartmann and Synopsis of IFM Int. Conference with Dr. Melvin Nario,,,not_checked,not_checked,,,,,,,AOSRD webpage; YouTube video,potentially_new_session,no,potentially_new_session,not_checked,oembed_author=Clearfield Medical Group; timedtext_list_empty; youtube_player_login_wall_prevents_caption_metadata; published_date/duration not_checked (YouTube player metadata blocked); pass1_match_class_frozen=no_match; otter_candidates=0
aosrd-webinars-106-4DV6p0vAX7M,AOSRD_Clearfield,aosrd_webinars_youtube,"Rapamycin, mTOR, Autophagy and Treating mTOR Syndrome with Dr. Ross Pelton 11-Jun-2024 (Video)",rapamycin mtor autophagy and treating mtor syndrome with dr ross pelton 11 jun 2024 video,aosrd-webinars-106-4DV6p0vAX7M,possible,N9yVVPBjdwE0_VQF5vNgb-MVTSQ,2025-07-22,Research/lectures/clearfield-webinar-2025-07-22,present_local,https://aosrd.org/webinars/,,,4DV6p0vAX7M,https://youtu.be/4DV6p0vAX7M,available_external,"Rapamycin, mTOR, Autophagy and Treating mTOR Syndrome with Dr. Ross Pelton",,,not_checked,not_checked,,,,,,,AOSRD webpage; YouTube video,possible_existing_session_representation,yes,unclear,not_checked,oembed_author=Clearfield Medical Group; timedtext_list_empty; youtube_player_login_wall_prevents_caption_metadata; published_date/duration not_checked (YouTube player metadata blocked); pass1_match_class_frozen=possible; otter_candidates=1; local=otter_transcript_local
aosrd-webinars-107-EedeUbkVxWw,AOSRD_Clearfield,aosrd_webinars_youtube,Prostatitis and Prostate Cancer and IFM Iternational Conference Summary w Dr benoit Tano and Melvin Nario 4-Jun-2024 (Video),prostatitis and prostate cancer and ifm iternational conference summary w dr benoit tano and melvin nario 4 jun 2024 video,aosrd-webinars-107-EedeUbkVxWw,no_match,,,,present_local,https://aosrd.org/webinars/,,,EedeUbkVxWw,https://youtu.be/EedeUbkVxWw,available_external,Prostatitis & Prostate Cancer & IFM Iternational Conference Summary w Dr Benoit Tano & Melvin Nario,,,not_checked,not_checked,,,,,,,AOSRD webpage; YouTube video,potentially_new_session,no,potentially_new_session,not_checked,oembed_author=Clearfield Medical Group; timedtext_list_empty; youtube_player_login_wall_prevents_caption_metadata; published_date/duration not_checked (YouTube player metadata blocked); pass1_match_class_frozen=no_match; otter_candidates=0
aosrd-webinars-108-AZ-yDffpNJY,AOSRD_Clearfield,aosrd_webinars_youtube,Clinical Applications of Cytisine with Dr. James Joseph 21-May-2024 (Video),clinical applications of cytisine with dr james joseph 21 may 2024 video,aosrd-webinars-108-AZ-yDffpNJY,possible,hQzjA4-OBAL6Qn7OOOywEISWs3I,2025-07-08,Research/lectures/clearfield-webinar-2025-07-08,present_local,https://aosrd.org/webinars/,,,AZ-yDffpNJY,https://youtu.be/AZ-yDffpNJY,available_external,Clinical Applications of Cytisine with Dr. James Joseph,,,not_checked,not_checked,,,,,,,AOSRD webpage; YouTube video,possible_existing_session_representation,yes,unclear,not_checked,oembed_author=Clearfield Medical Group; timedtext_list_empty; youtube_player_login_wall_prevents_caption_metadata; published_date/duration not_checked (YouTube player metadata blocked); pass1_match_class_frozen=possible; otter_candidates=1; local=otter_transcript_local
aosrd-webinars-109-rE4aeyVQ2Ho,AOSRD_Clearfield,aosrd_webinars_youtube,Cognition and Immune Function with Dr. John Lewis 14-May-2024 (Video),cognition and immune function with dr john lewis 14 may 2024 video,aosrd-webinars-109-rE4aeyVQ2Ho,possible,avbRWMav2fwgobz9r7HjwR4z44I;y59a2fEx8UgOiThJHr1w-HcQc1U,2026-06-02;2024-08-20,Research/lectures/clearfield-webinar-2026-06-02;Research/lectures/clearfield-webinar-2024-08-20,present_local,https://aosrd.org/webinars/,,,rE4aeyVQ2Ho,https://youtu.be/rE4aeyVQ2Ho,available_external,Cognition and Immune Function with Dr. John Lewis,,,not_checked,not_checked,,,,,,,AOSRD webpage; YouTube video,possible_existing_session_representation,yes,unclear,not_checked,oembed_author=Clearfield Medical Group; timedtext_list_empty; youtube_player_login_wall_prevents_caption_metadata; published_date/duration not_checked (YouTube player metadata blocked); pass1_match_class_frozen=possible; otter_candidates=2; local=otter_transcript_local
aosrd-webinars-110-VlkJVQdCgik,AOSRD_Clearfield,aosrd_webinars_youtube,Endocrinology of Pain Management with Dr. William Clearfield (Video),endocrinology of pain management with dr william clearfield video,aosrd-webinars-110-VlkJVQdCgik,possible,wcHy9pPXoWy5S62-GJbpasQtw2o,2025-02-12,Research/lectures/clearfield-webinar-2025-02-12,present_local,https://aosrd.org/webinars/,,,VlkJVQdCgik,https://youtu.be/VlkJVQdCgik,available_external,Endocrinology of Pain Management with Dr. William Clearfield,,,not_checked,not_checked,,,,,,,AOSRD webpage; YouTube video,possible_existing_session_representation,yes,unclear,not_checked,oembed_author=Clearfield Medical Group; timedtext_list_empty; youtube_player_login_wall_prevents_caption_metadata; published_date/duration not_checked (YouTube player metadata blocked); pass1_match_class_frozen=possible; otter_candidates=1; local=otter_transcript_local
aosrd-webinars-111-6Ydzs4z54kg,AOSRD_Clearfield,aosrd_webinars_youtube,"Harnessing Nature’s Remedies for Chronic Diseases, Mold and Mycotoxins with Jane Santangelo and Dr. William Clearfield 30-Apr-2024 (Video)",harnessing nature s remedies for chronic diseases mold and mycotoxins with jane santangelo and dr william clearfield 30 apr 2024 video,aosrd-webinars-111-6Ydzs4z54kg,possible,hFcw5MS7FSAuXJGFcnPHqL6j1gM;v3Md09l1C_mz3hrDPWngln5SYQw;CQjlfnZLZ-CY25UUEq35pSQ0lug,2025-01-22;2025-09-09;2025-12-24,Research/lectures/clearfield-webinar-2025-01-22;Research/lectures/clearfield-webinar-2025-09-09;Research/lectures/clearfield-webinar-2025-12-24,present_local,https://aosrd.org/webinars/,,,6Ydzs4z54kg,https://youtu.be/6Ydzs4z54kg,available_external,"Harnessing Nature’s Remedies for Chronic Diseases, Mold & Mycotoxins - Jane Santangelo & Dr. William",,,not_checked,not_checked,,,,,,,AOSRD webpage; YouTube video,possible_existing_session_representation,yes,unclear,not_checked,oembed_author=Clearfield Medical Group; timedtext_list_empty; youtube_player_login_wall_prevents_caption_metadata; published_date/duration not_checked (YouTube player metadata blocked); pass1_match_class_frozen=possible; otter_candidates=3; local=otter_transcript_local
aosrd-webinars-112-nzj-iOQyroc,AOSRD_Clearfield,aosrd_webinars_youtube,"Introduction to Hormone Optimization-Part 5 Laboratory Calculations, Hormone History Summary, Hormne Therapy Summary Chart Dr. Bill Clearfield with JR (Video)",introduction to hormone optimization part 5 laboratory calculations hormone history summary hormne therapy summary chart dr bill clearfield with jr video,aosrd-webinars-112-nzj-iOQyroc,possible,OL_Ukp1RYjVvnjsMHnF2eXCXDC8;lad4QB8n10SgLwRq48hmZvwDQ2U;HY-sCmihzh3EJ69WWVwlTT0Ri6s;LvCEhutJR34KphFeXcFdbBQ3PZE;OlXuXl73V1RAQ4bVYXoakDZMRnU,2024-10-01;2024-09-03;2025-11-26;2025-08-26;2026-04-07,Research/lectures/clearfield-webinar-2024-10-01;Research/lectures/clearfield-webinar-2024-09-03;Research/lectures/clearfield-webinar-2025-11-26;Research/lectures/clearfield-webinar-2025-08-26;Research/lectures/clearfield-webinar-2026-04-07,present_local,https://aosrd.org/webinars/,,,nzj-iOQyroc,https://youtu.be/nzj-iOQyroc,available_external,Introduction to Hormone Optimization-Part 5 -  Dr. Bill Clearfield with JR,,,not_checked,not_checked,,,,,,,AOSRD webpage; YouTube video,possible_existing_session_representation,yes,unclear,not_checked,oembed_author=Clearfield Medical Group; timedtext_list_empty; youtube_player_login_wall_prevents_caption_metadata; published_date/duration not_checked (YouTube player metadata blocked); pass1_match_class_frozen=possible; otter_candidates=5; local=otter_transcript_local
aosrd-webinars-113-17THfuKKWg4,AOSRD_Clearfield,aosrd_webinars_youtube,Let’s Talk Progesterone with Carol Peterson RPh 23-Apr-2024 (Video),let s talk progesterone with carol peterson rph 23 apr 2024 video,aosrd-webinars-113-17THfuKKWg4,possible,j3HjVUuBV5gnR4KrCUuXOZEnPm0;W7XqKXZ-lIxJJAd2BNF0czu408k,2025-10-14;2026-04-21,Research/lectures/clearfield-webinar-2025-10-14;Research/lectures/clearfield-webinar-2026-04-21,present_local,https://aosrd.org/webinars/,,,17THfuKKWg4,https://youtu.be/17THfuKKWg4,available_external,Let's Talk Progesterone with Carol Peterson RPh,,,not_checked,not_checked,,,,,,,AOSRD webpage; YouTube video,possible_existing_session_representation,yes,unclear,not_checked,oembed_author=Clearfield Medical Group; timedtext_list_empty; youtube_player_login_wall_prevents_caption_metadata; published_date/duration not_checked (YouTube player metadata blocked); pass1_match_class_frozen=possible; otter_candidates=2; local=otter_transcript_local
aosrd-webinars-114-2m-O4yYr604,AOSRD_Clearfield,aosrd_webinars_youtube,Introduction to Hormone Optimization-Part 4-Laboratory Evaluation JR Student Session (Video),introduction to hormone optimization part 4 laboratory evaluation jr student session video,aosrd-webinars-114-2m-O4yYr604,no_match,,,,present_local,https://aosrd.org/webinars/,,,2m-O4yYr604,https://youtu.be/2m-O4yYr604,available_external,Introduction to Hormone Optimization-Part 4-Laboratory Evaluation JR Student Session,,,not_checked,not_checked,,,,,,,AOSRD webpage; YouTube video,potentially_new_session,no,potentially_new_session,not_checked,oembed_author=Clearfield Medical Group; timedtext_list_empty; youtube_player_login_wall_prevents_caption_metadata; published_date/duration not_checked (YouTube player metadata blocked); pass1_match_class_frozen=no_match; otter_candidates=0
aosrd-webinars-115-o1e-EuQVa0o,AOSRD_Clearfield,aosrd_webinars_youtube,"Introduction to Hormone Optimization-DHEA, Pregnenolone, Prolactin and Beginning Lab Evaluation – JR Student Session (Video)",introduction to hormone optimization dhea pregnenolone prolactin and beginning lab evaluation jr student session video,aosrd-webinars-115-o1e-EuQVa0o,no_match,,,,present_local,https://aosrd.org/webinars/,,,o1e-EuQVa0o,https://youtu.be/o1e-EuQVa0o,available_external,"Introduction to Hormone Optimization-DHEA, Pregnenolone, Prolactin and Beginning Lab Evaluation",,,not_checked,not_checked,,,,,,,AOSRD webpage; YouTube video,potentially_new_session,no,potentially_new_session,not_checked,oembed_author=Clearfield Medical Group; timedtext_list_empty; youtube_player_login_wall_prevents_caption_metadata; published_date/duration not_checked (YouTube player metadata blocked); pass1_match_class_frozen=no_match; otter_candidates=0
aosrd-webinars-116-V8t-J5WqURk,AOSRD_Clearfield,aosrd_webinars_youtube,From Assessment to Action-Comprehensive Strategies for Conquering High Cholesterol – 16-Apr-2024 (Video),from assessment to action comprehensive strategies for conquering high cholesterol 16 apr 2024 video,aosrd-webinars-116-V8t-J5WqURk,no_match,,,,present_local,https://aosrd.org/webinars/,,,V8t-J5WqURk,https://youtu.be/V8t-J5WqURk,available_external,From Assessment to Action-Comprehensive Strategies for Conquering High Cholesterol,,,not_checked,not_checked,,,,,,,AOSRD webpage; YouTube video,potentially_new_session,no,potentially_new_session,not_checked,oembed_author=Clearfield Medical Group; timedtext_list_empty; youtube_player_login_wall_prevents_caption_metadata; published_date/duration not_checked (YouTube player metadata blocked); pass1_match_class_frozen=no_match; otter_candidates=0
aosrd-webinars-117-d5kmBOFcSbE,AOSRD_Clearfield,aosrd_webinars_youtube,"Cardio Metabolic Assessment Testing with Ron Riewold, Joe Torres and Jane Santangelo – 9-Apr-2024 (Video)",cardio metabolic assessment testing with ron riewold joe torres and jane santangelo 9 apr 2024 video,aosrd-webinars-117-d5kmBOFcSbE,no_match,,,,present_local,https://aosrd.org/webinars/,,,d5kmBOFcSbE,https://youtu.be/d5kmBOFcSbE,available_external,"Cardio Metabolic Assessment Testing with Ron Riewold, Joe Torres and Jane Santangelo",,,not_checked,not_checked,,,,,,,AOSRD webpage; YouTube video,potentially_new_session,no,potentially_new_session,not_checked,oembed_author=Clearfield Medical Group; timedtext_list_empty; youtube_player_login_wall_prevents_caption_metadata; published_date/duration not_checked (YouTube player metadata blocked); pass1_match_class_frozen=no_match; otter_candidates=0
aosrd-webinars-118-MVPoDdFWft4,AOSRD_Clearfield,aosrd_webinars_youtube,"Introduction to Hormone Optimization-Part 3 Thyroid, Cortisol, Insulin, DHEA, Pregnenolone and Prolactin – 9-Apr-2024 (Video)",introduction to hormone optimization part 3 thyroid cortisol insulin dhea pregnenolone and prolactin 9 apr 2024 video,aosrd-webinars-118-MVPoDdFWft4,no_match,,,,present_local,https://aosrd.org/webinars/,,,MVPoDdFWft4,https://youtu.be/MVPoDdFWft4,available_external,"Introduction to Hormone Optimization-Part 3 Thyroid,Cortisol,Insulin,DHEA,Pregnenolone and Prolactin",,,not_checked,not_checked,,,,,,,AOSRD webpage; YouTube video,potentially_new_session,no,potentially_new_session,not_checked,oembed_author=Clearfield Medical Group; timedtext_list_empty; youtube_player_login_wall_prevents_caption_metadata; published_date/duration not_checked (YouTube player metadata blocked); pass1_match_class_frozen=no_match; otter_candidates=0
aosrd-webinars-119-o8RnGeIcMCU,AOSRD_Clearfield,aosrd_webinars_youtube,Introduction to Hormone Optimization-Par 1-Homeopathic Edition (Video),introduction to hormone optimization par 1 homeopathic edition video,aosrd-webinars-119-o8RnGeIcMCU,no_match,,,,present_local,https://aosrd.org/webinars/,,,o8RnGeIcMCU,https://youtu.be/o8RnGeIcMCU,available_external,Introduction to Hormone Optimization-Par 1-Homeopathic Edition,,,not_checked,not_checked,,,,,,,AOSRD webpage; YouTube video,potentially_new_session,no,potentially_new_session,not_checked,oembed_author=Clearfield Medical Group; timedtext_list_empty; youtube_player_login_wall_prevents_caption_metadata; published_date/duration not_checked (YouTube player metadata blocked); pass1_match_class_frozen=no_match; otter_candidates=0
aosrd-webinars-120-AQ-D2UUC9yk,AOSRD_Clearfield,aosrd_webinars_youtube,Calocurb-The World’s First GLP-1 Oral Agonist for Weight Loss with Sara Kennedy and Dr. Edward Walker – 2-Apr-2024 (Video),calocurb the world s first glp 1 oral agonist for weight loss with sara kennedy and dr edward walker 2 apr 2024 video,aosrd-webinars-120-AQ-D2UUC9yk,possible,lnZUNAyEcVNSN0i3JOEbuJcc15A,2025-02-19,Research/lectures/clearfield-webinar-2025-02-19,present_local,https://aosrd.org/webinars/,,,AQ-D2UUC9yk,https://youtu.be/AQ-D2UUC9yk,available_external,Calocurb-The World's First GLP-1 Oral Agonist for Weight Loss with Sara Kennedy & Dr. Edward Walker,,,not_checked,not_checked,,,,,,,AOSRD webpage; YouTube video,possible_existing_session_representation,yes,unclear,not_checked,oembed_author=Clearfield Medical Group; timedtext_list_empty; youtube_player_login_wall_prevents_caption_metadata; published_date/duration not_checked (YouTube player metadata blocked); pass1_match_class_frozen=possible; otter_candidates=1; local=otter_transcript_local
aosrd-webinars-121-SOtnBGCgCUE,AOSRD_Clearfield,aosrd_webinars_youtube,Synergy of Nitrate Supplementation and Methylene Blue with Beth Shirley – 19-Mar-2024 (Video),synergy of nitrate supplementation and methylene blue with beth shirley 19 mar 2024 video,aosrd-webinars-121-SOtnBGCgCUE,possible,EqC6yd4bQDKMl2mpzPURPZu-_Pc,2024-10-08,Research/lectures/clearfield-webinar-2024-10-08,present_local,https://aosrd.org/webinars/,,,SOtnBGCgCUE,https://youtu.be/SOtnBGCgCUE,available_external,Synergy of Nitrate Supplementation and Methylene Blue with Beth Shirley,,,not_checked,not_checked,,,,,,,AOSRD webpage; YouTube video,possible_existing_session_representation,yes,unclear,not_checked,oembed_author=Clearfield Medical Group; timedtext_list_empty; youtube_player_login_wall_prevents_caption_metadata; published_date/duration not_checked (YouTube player metadata blocked); pass1_match_class_frozen=possible; otter_candidates=1; local=otter_transcript_local
aosrd-webinars-122--2zRc1QbLiI,AOSRD_Clearfield,aosrd_webinars_youtube,"Long Term Micronutrient Depletion with Dr. Deedra Mason – March 12, 2024 (Video)",long term micronutrient depletion with dr deedra mason march 12 2024 video,aosrd-webinars-122--2zRc1QbLiI,no_match,,,,present_local,https://aosrd.org/webinars/,,,-2zRc1QbLiI,https://youtu.be/-2zRc1QbLiI,available_external,Long Term Micronutrient Depletion with Dr. Deedra Mason,,,not_checked,not_checked,,,,,,,AOSRD webpage; YouTube video,potentially_new_session,no,potentially_new_session,not_checked,oembed_author=Clearfield Medical Group; timedtext_list_empty; youtube_player_login_wall_prevents_caption_metadata; published_date/duration not_checked (YouTube player metadata blocked); pass1_match_class_frozen=no_match; otter_candidates=0
aosrd-webinars-123-B1Z34WJYAN4,AOSRD_Clearfield,aosrd_webinars_youtube,"Breaking Free-Financial Solutions for Medical Professionals with Mr. David Silva – March 5, 2024 (Video)",breaking free financial solutions for medical professionals with mr david silva march 5 2024 video,aosrd-webinars-123-B1Z34WJYAN4,no_match,,,,present_local,https://aosrd.org/webinars/,,,B1Z34WJYAN4,https://youtu.be/B1Z34WJYAN4,available_external,Breaking Free-Financial Solutions for Medical Professionals with Mr. David Silva,,,not_checked,not_checked,,,,,,,AOSRD webpage; YouTube video,potentially_new_session,no,potentially_new_session,not_checked,oembed_author=Clearfield Medical Group; timedtext_list_empty; youtube_player_login_wall_prevents_caption_metadata; published_date/duration not_checked (YouTube player metadata blocked); pass1_match_class_frozen=no_match; otter_candidates=0
aosrd-webinars-124-e8_bNLZcAtg,AOSRD_Clearfield,aosrd_webinars_youtube,"Testosterone-Estrogen-Glp Agonists-and Hormone Optimization with Jay Campbell – Feb 27, 2024 (Video)",testosterone estrogen glp agonists and hormone optimization with jay campbell feb 27 2024 video,aosrd-webinars-124-e8_bNLZcAtg,possible,j3HjVUuBV5gnR4KrCUuXOZEnPm0;t9O9J5vUpWGkKXi-5TqxgKudSvY,2025-10-14;2025-04-29,Research/lectures/clearfield-webinar-2025-10-14;Research/lectures/clearfield-webinar-2025-04-29,present_local,https://aosrd.org/webinars/,,,e8_bNLZcAtg,https://youtu.be/e8_bNLZcAtg,available_external,Testosterone-Estrogen-Glp Agonists-and Hormone Optimization with Jay Campbell,,,not_checked,not_checked,,,,,,,AOSRD webpage; YouTube video,possible_existing_session_representation,yes,unclear,not_checked,oembed_author=Clearfield Medical Group; timedtext_list_empty; youtube_player_login_wall_prevents_caption_metadata; published_date/duration not_checked (YouTube player metadata blocked); pass1_match_class_frozen=possible; otter_candidates=2; local=otter_transcript_local
aosrd-webinars-125-ZgjFBmrC2Fc,AOSRD_Clearfield,aosrd_webinars_youtube,"Testosterone – Aeromatase Inhibitors-and Cortisol, Oh My! with Dr. Salaheldin Halasa – Feb 20, 2024 (Video)",testosterone aeromatase inhibitors and cortisol oh my with dr salaheldin halasa feb 20 2024 video,aosrd-webinars-125-ZgjFBmrC2Fc,possible,GUt4yZgCp4lNVboAnJBHNMsHO7A;Zxy20R1uant_QctiZutXLSt-Q-E,2025-05-06;2025-03-25,Research/lectures/clearfield-webinar-2025-05-06;Research/lectures/clearfield-webinar-2025-03-25,present_local,https://aosrd.org/webinars/,,,ZgjFBmrC2Fc,https://youtu.be/ZgjFBmrC2Fc,available_external,"Testosterone-Aeromatase Inhibitors-and Cortisol, Oh My! with Dr. Salaheldin Halasa",,,not_checked,not_checked,,,,,,,AOSRD webpage; YouTube video,possible_existing_session_representation,yes,unclear,not_checked,oembed_author=Clearfield Medical Group; timedtext_list_empty; youtube_player_login_wall_prevents_caption_metadata; published_date/duration not_checked (YouTube player metadata blocked); pass1_match_class_frozen=possible; otter_candidates=2; local=otter_transcript_local
aosrd-webinars-126-G9uQCF-71w4,AOSRD_Clearfield,aosrd_webinars_youtube,"Safe Use of Ketamin at Home-A Powerful and Versatile Tool for Mental Health and Pain with Dr. Dustin Sulak – Feb 6, 2024 (Video)",safe use of ketamin at home a powerful and versatile tool for mental health and pain with dr dustin sulak feb 6 2024 video,aosrd-webinars-126-G9uQCF-71w4,possible,lBEx4QEhjOy2jlQIxmXZmxIj5BM,2026-01-14,Research/lectures/clearfield-webinar-2026-01-14,present_local,https://aosrd.org/webinars/,,,G9uQCF-71w4,https://youtu.be/G9uQCF-71w4,available_external,Safe Use of Ketamin at Home-A Powerful & Versatile Tool for Mental Health & Pain - Dr. Dustin Sulak,,,not_checked,not_checked,,,,,,,AOSRD webpage; YouTube video,possible_existing_session_representation,yes,unclear,not_checked,oembed_author=Clearfield Medical Group; timedtext_list_empty; youtube_player_login_wall_prevents_caption_metadata; published_date/duration not_checked (YouTube player metadata blocked); pass1_match_class_frozen=possible; otter_candidates=1; local=otter_transcript_local
aosrd-webinars-127-kNW89FhAh-o,AOSRD_Clearfield,aosrd_webinars_youtube,"Using Precision Psychiatry to Improve Mental Health with Dr. Mizyl Damayo – Jan 30, 2024 (Video)",using precision psychiatry to improve mental health with dr mizyl damayo jan 30 2024 video,aosrd-webinars-127-kNW89FhAh-o,no_match,,,,present_local,https://aosrd.org/webinars/,,,kNW89FhAh-o,https://youtu.be/kNW89FhAh-o,available_external,Using Precision Psychiatry to Improve Mental Health with Dr. Mizyl Damayo,,,not_checked,not_checked,,,,,,,AOSRD webpage; YouTube video,potentially_new_session,no,potentially_new_session,not_checked,oembed_author=Clearfield Medical Group; timedtext_list_empty; youtube_player_login_wall_prevents_caption_metadata; published_date/duration not_checked (YouTube player metadata blocked); pass1_match_class_frozen=no_match; otter_candidates=0
aosrd-webinars-128-wX8K3E8-OFk,AOSRD_Clearfield,aosrd_webinars_youtube,"William Clearfield, DO – American Osteopathic Society of Integrative Medicine Lectures – Jan, 2024 (Video)",william clearfield do american osteopathic society of integrative medicine lectures jan 2024 video,aosrd-webinars-128-wX8K3E8-OFk,no_match,,,,present_local,https://aosrd.org/webinars/,,,wX8K3E8-OFk,https://youtu.be/wX8K3E8-OFk,available_external,"William Clearfield, DO - American Osteopathic Society of Integrative Medicine Lectures",,,not_checked,not_checked,,,,,,,AOSRD webpage; YouTube video,potentially_new_session,no,potentially_new_session,not_checked,oembed_author=Clearfield Medical Group; timedtext_list_empty; youtube_player_login_wall_prevents_caption_metadata; published_date/duration not_checked (YouTube player metadata blocked); pass1_match_class_frozen=no_match; otter_candidates=0
aosrd-webinars-129-lGnaMPTB8H4,AOSRD_Clearfield,aosrd_webinars_youtube,"William Clearfield, DO – Endocrinology of Psychiatric Illnesses – Jan, 2024 (Video)",william clearfield do endocrinology of psychiatric illnesses jan 2024 video,aosrd-webinars-129-lGnaMPTB8H4,no_match,,,,present_local,https://aosrd.org/webinars/,,,lGnaMPTB8H4,https://youtu.be/lGnaMPTB8H4,available_external,"William Clearfield, DO - Endocrinology of Psychiatric Illnesses",,,not_checked,not_checked,,,,,,,AOSRD webpage; YouTube video,potentially_new_session,no,potentially_new_session,not_checked,oembed_author=Clearfield Medical Group; timedtext_list_empty; youtube_player_login_wall_prevents_caption_metadata; published_date/duration not_checked (YouTube player metadata blocked); pass1_match_class_frozen=no_match; otter_candidates=0
aosrd-webinars-130-Zg1SS0BMLIE,AOSRD_Clearfield,aosrd_webinars_youtube,"A Brief Recap on Low Dose Naltrexone with Dr. Bill Clearfield and Miklos Major – Jan, 2024 (Video)",a brief recap on low dose naltrexone with dr bill clearfield and miklos major jan 2024 video,aosrd-webinars-130-Zg1SS0BMLIE,variant_derivative,NGmGloKNP2XqOUJP7jB7qBC5eRM;dliX4LcIPRKy-7vE3xcjJ4TlkiI;FbRyr7EkkewAoPTmXbK9DtUiA_Y;teTBikykKpBtvemVFqClxhmIVaQ;P1FgRy3FvTrrNYsXISdsJKJeiEg,2024-11-13;2024-09-10;2024-09-24;2024-12-18;2024-11-06,Research/lectures/clearfield-webinar-2024-11-13;Research/lectures/clearfield-webinar-2024-09-10;Research/lectures/clearfield-webinar-2024-09-24;Research/lectures/clearfield-webinar-2024-12-18;Research/lectures/clearfield-webinar-2024-11-06,present_local,https://aosrd.org/webinars/,,,Zg1SS0BMLIE,https://youtu.be/Zg1SS0BMLIE,available_external,A Brief Recap on Low Dose Naltrexone with Dr. Bill Clearfield and Miklos Major,,,not_checked,not_checked,,,,,,,AOSRD webpage; YouTube video,possible_existing_session_representation,yes,unclear,not_checked,oembed_author=Clearfield Medical Group; timedtext_list_empty; youtube_player_login_wall_prevents_caption_metadata; published_date/duration not_checked (YouTube player metadata blocked); pass1_match_class_frozen=variant_derivative; otter_candidates=5; local=otter_transcript_local
aosrd-webinars-131-VFyRiKGUpX4,AOSRD_Clearfield,aosrd_webinars_youtube,"What We Physicians Can Learn from n Integrative Veterinarian with Dr. Marlene Siegel – Jan 23, 2024 (Video)",what we physicians can learn from n integrative veterinarian with dr marlene siegel jan 23 2024 video,aosrd-webinars-131-VFyRiKGUpX4,possible,XFeeYcx6xIW9i1HcL0VfsCVvAjY,2024-09-17,Research/lectures/clearfield-webinar-2024-09-17,present_local,https://aosrd.org/webinars/,,,VFyRiKGUpX4,https://youtu.be/VFyRiKGUpX4,available_external,What We Physicians Can Learn from n Integrative Veterinarian with Dr. Marlene Siegel,,,not_checked,not_checked,,,,,,,AOSRD webpage; YouTube video,possible_existing_session_representation,yes,unclear,not_checked,oembed_author=Clearfield Medical Group; timedtext_list_empty; youtube_player_login_wall_prevents_caption_metadata; published_date/duration not_checked (YouTube player metadata blocked); pass1_match_class_frozen=possible; otter_candidates=1; local=otter_transcript_local
aosrd-webinars-132-lMv3tfv7nN8,AOSRD_Clearfield,aosrd_webinars_youtube,"Iodine for Chronic Disease Management and Prevention with Stefan Hartmann PA-C – Jan 9, 2024 (Video)",iodine for chronic disease management and prevention with stefan hartmann pa c jan 9 2024 video,aosrd-webinars-132-lMv3tfv7nN8,possible,ykfPBSHSL3meBk4yGojbTxMVIpA;GpGzOhGTH4-q6bror7uHVEIk1Jk,2024-10-22;2026-04-14,Research/lectures/clearfield-webinar-2024-10-22;Research/lectures/clearfield-webinar-2026-04-14,present_local,https://aosrd.org/webinars/,,,lMv3tfv7nN8,https://youtu.be/lMv3tfv7nN8,available_external,Iodine for Chronic Disease Management and Prevention with Stefan Hartmann PA-C,,,not_checked,not_checked,,,,,,,AOSRD webpage; YouTube video,possible_existing_session_representation,yes,unclear,not_checked,oembed_author=Clearfield Medical Group; timedtext_list_empty; youtube_player_login_wall_prevents_caption_metadata; published_date/duration not_checked (YouTube player metadata blocked); pass1_match_class_frozen=possible; otter_candidates=2; local=otter_transcript_local
aosrd-webinars-133-DdsK-SLxdqY,AOSRD_Clearfield,aosrd_webinars_youtube,Introduction to Hormone Optimization-A Manual for Practitioners by Dr. Bill Clearfield with Miklos Major – Jan 2024 (Video),introduction to hormone optimization a manual for practitioners by dr bill clearfield with miklos major jan 2024 video,aosrd-webinars-133-DdsK-SLxdqY,possible,teTBikykKpBtvemVFqClxhmIVaQ;OL_Ukp1RYjVvnjsMHnF2eXCXDC8;lad4QB8n10SgLwRq48hmZvwDQ2U;vjcply7K-rJtWMYGKgD39abIq9E,2024-12-18;2024-10-01;2024-09-03;2024-11-27,Research/lectures/clearfield-webinar-2024-12-18;Research/lectures/clearfield-webinar-2024-10-01;Research/lectures/clearfield-webinar-2024-09-03;Research/lectures/clearfield-webinar-2024-11-27,present_local,https://aosrd.org/webinars/,,,DdsK-SLxdqY,https://youtu.be/DdsK-SLxdqY,available_external,Introduction to Hormone Optimization-A Manual for Practitioners by Dr Bill Clearfield w Miklos Major,,,not_checked,not_checked,,,,,,,AOSRD webpage; YouTube video,possible_existing_session_representation,yes,unclear,not_checked,oembed_author=Clearfield Medical Group; timedtext_list_empty; youtube_player_login_wall_prevents_caption_metadata; published_date/duration not_checked (YouTube player metadata blocked); pass1_match_class_frozen=possible; otter_candidates=4; local=otter_transcript_local
aosrd-webinars-134-LdAfVo2iTT0,AOSRD_Clearfield,aosrd_webinars_youtube,"Discussing the Chronic Disease Prevention Management Core Curriculum with Salaheldin Halasa – Jan 2, 2024 (Video)",discussing the chronic disease prevention management core curriculum with salaheldin halasa jan 2 2024 video,aosrd-webinars-134-LdAfVo2iTT0,possible,5HPCyqwQxi9QD1of8g-CPHrnFcc;GUt4yZgCp4lNVboAnJBHNMsHO7A;Zxy20R1uant_QctiZutXLSt-Q-E,2025-01-08;2025-05-06;2025-03-25,Research/lectures/clearfield-webinar-2025-01-08;Research/lectures/clearfield-webinar-2025-05-06;Research/lectures/clearfield-webinar-2025-03-25,present_local,https://aosrd.org/webinars/,,,LdAfVo2iTT0,https://youtu.be/LdAfVo2iTT0,available_external,Discussing the Chronic Disease Prevention Management Core Curriculum with Salaheldin Halasa,,,not_checked,not_checked,,,,,,,AOSRD webpage; YouTube video,possible_existing_session_representation,yes,unclear,not_checked,oembed_author=Clearfield Medical Group; timedtext_list_empty; youtube_player_login_wall_prevents_caption_metadata; published_date/duration not_checked (YouTube player metadata blocked); pass1_match_class_frozen=possible; otter_candidates=3; local=otter_transcript_local
aosrd-webinars-135-urUVaRF96r8,AOSRD_Clearfield,aosrd_webinars_youtube,"Clearfield – Non-Hormonal Remedies to Relieve Hormonal Symptoms – December, 2023 (Video)",clearfield non hormonal remedies to relieve hormonal symptoms december 2023 video,aosrd-webinars-135-urUVaRF96r8,no_match,,,,present_local,https://aosrd.org/webinars/,,,urUVaRF96r8,https://youtu.be/urUVaRF96r8,available_external,Spotlight on Non-Hormonal Remedies for Hormonal Symptoms with Dr. William Clearfield,,,not_checked,not_checked,,,,,,,AOSRD webpage; YouTube video,potentially_new_session,no,potentially_new_session,not_checked,oembed_author=Clearfield Medical Group; timedtext_list_empty; youtube_player_login_wall_prevents_caption_metadata; published_date/duration not_checked (YouTube player metadata blocked); pass1_match_class_frozen=no_match; otter_candidates=0
aosrd-webinars-136-HfjLBsKBxKM,AOSRD_Clearfield,aosrd_webinars_youtube,"Controlling Glycemic Variability with Stefan Hartmann, PA-C – Tuesday December 26, 2023 (Video)",controlling glycemic variability with stefan hartmann pa c tuesday december 26 2023 video,aosrd-webinars-136-HfjLBsKBxKM,possible,vZKE66zexBS6KPliMMq0glRxefk;TNvBcRwwSnrkWGe2_L3i3lGvYYk;CQjlfnZLZ-CY25UUEq35pSQ0lug,2024-12-04;2024-12-11;2025-12-24,Research/lectures/clearfield-webinar-2024-12-04;Research/lectures/clearfield-webinar-2024-12-11;Research/lectures/clearfield-webinar-2025-12-24,present_local,https://aosrd.org/webinars/,,,HfjLBsKBxKM,https://youtu.be/HfjLBsKBxKM,available_external,"Controlling Glycemic Variability with Stefan Hartmann, PA-C",,,not_checked,not_checked,,,,,,,AOSRD webpage; YouTube video,possible_existing_session_representation,yes,unclear,not_checked,oembed_author=Clearfield Medical Group; timedtext_list_empty; youtube_player_login_wall_prevents_caption_metadata; published_date/duration not_checked (YouTube player metadata blocked); pass1_match_class_frozen=possible; otter_candidates=3; local=otter_transcript_local
aosrd-webinars-137-D1Gh9jMYRo0,AOSRD_Clearfield,aosrd_webinars_youtube,Female Hormone Primer-Part 3 Polycystic Ovaries and Female Pattern Hair Loss (Video),female hormone primer part 3 polycystic ovaries and female pattern hair loss video,aosrd-webinars-137-D1Gh9jMYRo0,no_match,,,,present_local,https://aosrd.org/webinars/,,,D1Gh9jMYRo0,https://youtu.be/D1Gh9jMYRo0,available_external,Female Hormone Primer-Part 3 Polycystic Ovaries and Female Pattern Hair Loss,,,not_checked,not_checked,,,,,,,AOSRD webpage; YouTube video,potentially_new_session,no,potentially_new_session,not_checked,oembed_author=Clearfield Medical Group; timedtext_list_empty; youtube_player_login_wall_prevents_caption_metadata; published_date/duration not_checked (YouTube player metadata blocked); pass1_match_class_frozen=no_match; otter_candidates=0
aosrd-webinars-138-vgRIJLFLR_c,AOSRD_Clearfield,aosrd_webinars_youtube,The Specter of Estrogen Dominance with Carol Peterson Rh P (Video),the specter of estrogen dominance with carol peterson rh p video,aosrd-webinars-138-vgRIJLFLR_c,possible,j3HjVUuBV5gnR4KrCUuXOZEnPm0;FbRyr7EkkewAoPTmXbK9DtUiA_Y,2025-10-14;2024-09-24,Research/lectures/clearfield-webinar-2025-10-14;Research/lectures/clearfield-webinar-2024-09-24,present_local,https://aosrd.org/webinars/,,,vgRIJLFLR_c,https://youtu.be/vgRIJLFLR_c,available_external,The Specter of Estrogen Dominance with Carol Peterson,,,not_checked,not_checked,,,,,,,AOSRD webpage; YouTube video,possible_existing_session_representation,yes,unclear,not_checked,oembed_author=Clearfield Medical Group; timedtext_list_empty; youtube_player_login_wall_prevents_caption_metadata; published_date/duration not_checked (YouTube player metadata blocked); pass1_match_class_frozen=possible; otter_candidates=2; local=otter_transcript_local
aosrd-webinars-139-44Q2wgr0Q2o,AOSRD_Clearfield,aosrd_webinars_youtube,Female Hormone Primer Part 2 Student Session with MM (Video),female hormone primer part 2 student session with mm video,aosrd-webinars-139-44Q2wgr0Q2o,no_match,,,,present_local,https://aosrd.org/webinars/,,,44Q2wgr0Q2o,https://youtu.be/44Q2wgr0Q2o,available_external,Female Hormone Primer Part 2 Student Session with MM,,,not_checked,not_checked,,,,,,,AOSRD webpage; YouTube video,potentially_new_session,no,potentially_new_session,not_checked,oembed_author=Clearfield Medical Group; timedtext_list_empty; youtube_player_login_wall_prevents_caption_metadata; published_date/duration not_checked (YouTube player metadata blocked); pass1_match_class_frozen=no_match; otter_candidates=0
aosrd-webinars-140-Hng9twQ7Amg,AOSRD_Clearfield,aosrd_webinars_youtube,"BiomeFx GI Testing with Katherine Sumner, Microbiome Labs Nov 28, 2023 (Video)",biomefx gi testing with katherine sumner microbiome labs nov 28 2023 video,aosrd-webinars-140-Hng9twQ7Amg,no_match,,,,present_local,https://aosrd.org/webinars/,,,Hng9twQ7Amg,https://youtu.be/Hng9twQ7Amg,unavailable_external,,,,not_checked,not_checked,,,,,,,AOSRD webpage; YouTube video,potentially_new_session,no,potentially_new_session,not_checked,oembed 404; timedtext_list_empty; youtube_player_login_wall_prevents_caption_metadata; published_date/duration not_checked (YouTube player metadata blocked); pass1_match_class_frozen=no_match; otter_candidates=0
aosrd-webinars-141-sqvJDTzrtDc,AOSRD_Clearfield,aosrd_webinars_youtube,"Neuroinflammation-The Road to Neuropsychiatric Illness with Dr. Mark Gordon Nov 21, 2023 (Video)",neuroinflammation the road to neuropsychiatric illness with dr mark gordon nov 21 2023 video,aosrd-webinars-141-sqvJDTzrtDc,no_match,,,,present_local,https://aosrd.org/webinars/,https://aosrd.org/wp-content/uploads/2023/11/Neuroinflammation-the-road-to-Neuropsychiatric-Illnesses-with-Dr.-Mark-Gordon.pdf,available_external,sqvJDTzrtDc,https://youtu.be/sqvJDTzrtDc,available_external,Neuroinflammation The Road to Neuropsychiatric Illness with Dr  Mark Gordon,,,not_checked,not_checked,,,,,,,AOSRD webpage; AOSRD PDF; YouTube video,potentially_new_session,no,potentially_new_session,pdf_available,oembed_author=Clearfield Medical Group; timedtext_list_empty; youtube_player_login_wall_prevents_caption_metadata; published_date/duration not_checked (YouTube player metadata blocked); pass1_match_class_frozen=no_match; otter_candidates=0
aosrd-webinars-142-iLik_iDuz3Q,AOSRD_Clearfield,aosrd_webinars_youtube,Estrogen-Devil or Angel with Dr. Bill Clearfield (Video),estrogen devil or angel with dr bill clearfield video,aosrd-webinars-142-iLik_iDuz3Q,no_match,,,,present_local,https://aosrd.org/webinars/,,,iLik_iDuz3Q,https://youtu.be/iLik_iDuz3Q,available_external,Estrogen Devil or Angel with Dr  Bill Clearfield,,,not_checked,not_checked,,,,,,,AOSRD webpage; YouTube video,potentially_new_session,no,potentially_new_session,not_checked,oembed_author=Clearfield Medical Group; timedtext_list_empty; youtube_player_login_wall_prevents_caption_metadata; published_date/duration not_checked (YouTube player metadata blocked); pass1_match_class_frozen=no_match; otter_candidates=0
aosrd-webinars-143-x_F597yF0Z4,AOSRD_Clearfield,aosrd_webinars_youtube,Female Hormone Primer-Part 1 Student Session w MM (Video),female hormone primer part 1 student session w mm video,aosrd-webinars-143-x_F597yF0Z4,no_match,,,,present_local,https://aosrd.org/webinars/,,,x_F597yF0Z4,https://youtu.be/x_F597yF0Z4,available_external,Female Hormone Primer Part 1 Student Session w MM,,,not_checked,not_checked,,,,,,,AOSRD webpage; YouTube video,potentially_new_session,no,potentially_new_session,not_checked,oembed_author=Clearfield Medical Group; timedtext_list_empty; youtube_player_login_wall_prevents_caption_metadata; published_date/duration not_checked (YouTube player metadata blocked); pass1_match_class_frozen=no_match; otter_candidates=0
aosrd-webinars-144-8ueZMDPM6_U,AOSRD_Clearfield,aosrd_webinars_youtube,"The Role of Oxalates in – Nov 14, 2023 (Video)",the role of oxalates in nov 14 2023 video,aosrd-webinars-144-8ueZMDPM6_U,no_match,,,,present_local,https://aosrd.org/webinars/,,,8ueZMDPM6_U,https://youtu.be/8ueZMDPM6_U,available_external,The Role of Oxalates in,,,not_checked,not_checked,,,,,,,AOSRD webpage; YouTube video,potentially_new_session,no,potentially_new_session,not_checked,oembed_author=Clearfield Medical Group; timedtext_list_empty; youtube_player_login_wall_prevents_caption_metadata; published_date/duration not_checked (YouTube player metadata blocked); pass1_match_class_frozen=no_match; otter_candidates=0
aosrd-webinars-145-l-_Gf5qt0l0,AOSRD_Clearfield,aosrd_webinars_youtube,How to Perform an Intramuscular Injection (Video),how to perform an intramuscular injection video,aosrd-webinars-145-l-_Gf5qt0l0,no_match,,,,present_local,https://aosrd.org/webinars/,,,l-_Gf5qt0l0,https://youtu.be/l-_Gf5qt0l0,unavailable_external,,,,not_checked,not_checked,,,,,,,AOSRD webpage; YouTube video,potentially_new_session,no,potentially_new_session,not_checked,oembed 404; timedtext_list_empty; youtube_player_login_wall_prevents_caption_metadata; published_date/duration not_checked (YouTube player metadata blocked); pass1_match_class_frozen=no_match; otter_candidates=0
aosrd-webinars-146-cptytkOQXD8,AOSRD_Clearfield,aosrd_webinars_youtube,How to Perform a Subcutaneous Injection (Video),how to perform a subcutaneous injection video,aosrd-webinars-146-cptytkOQXD8,no_match,,,,present_local,https://aosrd.org/webinars/,,,cptytkOQXD8,https://youtu.be/cptytkOQXD8,available_external,How to Perform an Intramuscular (Testosterone) Injection,,,not_checked,not_checked,,,,,,,AOSRD webpage; YouTube video,potentially_new_session,no,potentially_new_session,not_checked,oembed_author=Clearfield Medical Group; timedtext_list_empty; youtube_player_login_wall_prevents_caption_metadata; published_date/duration not_checked (YouTube player metadata blocked); pass1_match_class_frozen=no_match; otter_candidates=0
aosrd-webinars-147-l-_Gf5qt0l0,AOSRD_Clearfield,aosrd_webinars_youtube,"Peptides, Where Do We Go from Here-with Jay Campbell – Nov 7, 2023 (Video)",peptides where do we go from here with jay campbell nov 7 2023 video,aosrd-webinars-147-l-_Gf5qt0l0,possible,t9O9J5vUpWGkKXi-5TqxgKudSvY,2025-04-29,Research/lectures/clearfield-webinar-2025-04-29,present_local,https://aosrd.org/webinars/,,,l-_Gf5qt0l0,https://youtu.be/l-_Gf5qt0l0,unavailable_external,,,,not_checked,not_checked,,,,,,,AOSRD webpage; YouTube video,possible_existing_session_representation,yes,unclear,not_checked,oembed 404; timedtext_list_empty; youtube_player_login_wall_prevents_caption_metadata; published_date/duration not_checked (YouTube player metadata blocked); pass1_match_class_frozen=possible; otter_candidates=1; local=otter_transcript_local
aosrd-webinars-148-FcjGN44DJf4,AOSRD_Clearfield,aosrd_webinars_youtube,Basic Hormone Replacement Replenishment for Men Part 4 Student Session with Dr Bill and MM (Video),basic hormone replacement replenishment for men part 4 student session with dr bill and mm video,aosrd-webinars-148-FcjGN44DJf4,possible,Td9Prx_y7BG6tFzXN3Yl-Iy-NJ8;OL_Ukp1RYjVvnjsMHnF2eXCXDC8;teTBikykKpBtvemVFqClxhmIVaQ;HY-sCmihzh3EJ69WWVwlTT0Ri6s;OlXuXl73V1RAQ4bVYXoakDZMRnU,2026-03-17;2024-10-01;2024-12-18;2025-11-26;2026-04-07,Research/lectures/clearfield-webinar-2026-03-17;Research/lectures/clearfield-webinar-2024-10-01;Research/lectures/clearfield-webinar-2024-12-18;Research/lectures/clearfield-webinar-2025-11-26;Research/lectures/clearfield-webinar-2026-04-07,present_local,https://aosrd.org/webinars/,,,FcjGN44DJf4,https://youtu.be/FcjGN44DJf4,available_external,Basic Hormone Replacement Replenishment for Men Part 4 Student Session with Dr  Bill and MM,,,not_checked,not_checked,,,,,,,AOSRD webpage; YouTube video,possible_existing_session_representation,yes,unclear,not_checked,oembed_author=Clearfield Medical Group; timedtext_list_empty; youtube_player_login_wall_prevents_caption_metadata; published_date/duration not_checked (YouTube player metadata blocked); pass1_match_class_frozen=possible; otter_candidates=5; local=otter_transcript_local
aosrd-webinars-149-kuT4ASTALbo,AOSRD_Clearfield,aosrd_webinars_youtube,"Basic Hormone Replacement for Men Part 3 Finasteride, Lab Studies and Testosterone Replacement Dosin (Video)",basic hormone replacement for men part 3 finasteride lab studies and testosterone replacement dosin video,aosrd-webinars-149-kuT4ASTALbo,no_match,,,,present_local,https://aosrd.org/webinars/,,,kuT4ASTALbo,https://youtu.be/kuT4ASTALbo,available_external,"Basic Hormone Replacement for Men, Part 3 Finasteride, Lab Studies and Testosterone Dosing",,,not_checked,not_checked,,,,,,,AOSRD webpage; YouTube video,potentially_new_session,no,potentially_new_session,not_checked,oembed_author=Clearfield Medical Group; timedtext_list_empty; youtube_player_login_wall_prevents_caption_metadata; published_date/duration not_checked (YouTube player metadata blocked); pass1_match_class_frozen=no_match; otter_candidates=0
aosrd-webinars-150-5R21mCnXIPo,AOSRD_Clearfield,aosrd_webinars_youtube,Basic Hormone Replacement for Men Part 2 + Dr C’s Tips for Weight Loss (Video),basic hormone replacement for men part 2 dr c s tips for weight loss video,aosrd-webinars-150-5R21mCnXIPo,no_match,,,,present_local,https://aosrd.org/webinars/,,,5R21mCnXIPo,https://youtu.be/5R21mCnXIPo,available_external,Basic Hormone Replacement for Men Part 2 +  Dr  C's Tips for Weight Loss,,,not_checked,not_checked,,,,,,,AOSRD webpage; YouTube video,potentially_new_session,no,potentially_new_session,not_checked,oembed_author=Clearfield Medical Group; timedtext_list_empty; youtube_player_login_wall_prevents_caption_metadata; published_date/duration not_checked (YouTube player metadata blocked); pass1_match_class_frozen=no_match; otter_candidates=0
aosrd-webinars-151-r62cJY5LmU8,AOSRD_Clearfield,aosrd_webinars_youtube,Basic Hormone Replacement for Men Part 1 Student Session w MM (Video),basic hormone replacement for men part 1 student session w mm video,aosrd-webinars-151-r62cJY5LmU8,no_match,,,,present_local,https://aosrd.org/webinars/,,,r62cJY5LmU8,https://youtu.be/r62cJY5LmU8,available_external,Basic Hormone Replacement for Men Part 1 Student Session w MM,,,not_checked,not_checked,,,,,,,AOSRD webpage; YouTube video,potentially_new_session,no,potentially_new_session,not_checked,oembed_author=Clearfield Medical Group; timedtext_list_empty; youtube_player_login_wall_prevents_caption_metadata; published_date/duration not_checked (YouTube player metadata blocked); pass1_match_class_frozen=no_match; otter_candidates=0
aosrd-webinars-152-rAUra-Qha5M,AOSRD_Clearfield,aosrd_webinars_youtube,"Dementia’s Dirty Dozen with Dr David Ajibade – Oct 31, 2023 (Video)",dementia s dirty dozen with dr david ajibade oct 31 2023 video,aosrd-webinars-152-rAUra-Qha5M,no_match,,,,present_local,https://aosrd.org/webinars/,https://aosrd.org/dementias-dirty-dozen-with-dr-david-ajibade/,available_external,rAUra-Qha5M,https://youtu.be/rAUra-Qha5M,available_external,Dementia's Dirty Dozen with Dr  David Ajibade,,,not_checked,not_checked,,,,,,,AOSRD webpage; AOSRD PDF; YouTube video,potentially_new_session,no,potentially_new_session,pdf_available,oembed_author=Clearfield Medical Group; timedtext_list_empty; youtube_player_login_wall_prevents_caption_metadata; published_date/duration not_checked (YouTube player metadata blocked); pass1_match_class_frozen=no_match; otter_candidates=0
aosrd-webinars-153-xF0qI-tdmWo,AOSRD_Clearfield,aosrd_webinars_youtube,"Another View of the Endocannabinoid System with Dr. Robert Quinn – Oct 24, 2023 (Video)",another view of the endocannabinoid system with dr robert quinn oct 24 2023 video,aosrd-webinars-153-xF0qI-tdmWo,possible,tAtmhIMa7fmRXEWqsjZP4Gl7vkM,2025-02-26,Research/lectures/clearfield-webinar-2025-02-26,present_local,https://aosrd.org/webinars/,https://aosrd.org/another-view-of-the-endocannabinoid-system-with-dr-robert-quinn/,available_external,xF0qI-tdmWo,https://youtu.be/xF0qI-tdmWo,available_external,Another View of the Endocannabinoid System with Dr  Robert Quinn,,,not_checked,not_checked,,,,,,,AOSRD webpage; AOSRD PDF; YouTube video,possible_existing_session_representation,yes,unclear,pdf_available,oembed_author=Clearfield Medical Group; timedtext_list_empty; youtube_player_login_wall_prevents_caption_metadata; published_date/duration not_checked (YouTube player metadata blocked); pass1_match_class_frozen=possible; otter_candidates=1; local=otter_transcript_local
aosrd-webinars-154-S62qYOwRkRs,AOSRD_Clearfield,aosrd_webinars_youtube,"From Marijuana to Mushroom-Are Plants and Fungi ‘Natural’ with Dr. Jeffrey Bock – Oct 17, 2023 (Video)",from marijuana to mushroom are plants and fungi natural with dr jeffrey bock oct 17 2023 video,aosrd-webinars-154-S62qYOwRkRs,no_match,,,,present_local,https://aosrd.org/webinars/,https://aosrd.org/from-marijuana-to-mushroom-are-plants-and-fungi-natural-with-dr-jeffrey-bock/,available_external,S62qYOwRkRs,https://youtu.be/S62qYOwRkRs,available_external,From Marijuana to Mushroom-Are Plants and Fungi 'Natural' with Dr. Jeffrey Bock,,,not_checked,not_checked,,,,,,,AOSRD webpage; AOSRD PDF; YouTube video,potentially_new_session,no,potentially_new_session,pdf_available,oembed_author=Clearfield Medical Group; timedtext_list_empty; youtube_player_login_wall_prevents_caption_metadata; published_date/duration not_checked (YouTube player metadata blocked); pass1_match_class_frozen=no_match; otter_candidates=0
aosrd-webinars-155-acTTjJWf9rk,AOSRD_Clearfield,aosrd_webinars_youtube,"Intermittent Fasting, Stimulating Brown Fat, and Weight Management with Dr Franco Calaveri – Oct 10, 2023 (Video)",intermittent fasting stimulating brown fat and weight management with dr franco calaveri oct 10 2023 video,aosrd-webinars-155-acTTjJWf9rk,no_match,,,,present_local,https://aosrd.org/webinars/,https://aosrd.org/intermittent-fasting-stimulating-brown-fat-and-weight-management-with-dr-francisco-calaveri/,available_external,acTTjJWf9rk,https://youtu.be/acTTjJWf9rk,available_external,"Intermittent Fasting, Stimulating Brown Fat, and Weight Management w Dr Franco Calaveri",,,not_checked,not_checked,,,,,,,AOSRD webpage; AOSRD PDF; YouTube video,potentially_new_session,no,potentially_new_session,pdf_available,oembed_author=Clearfield Medical Group; timedtext_list_empty; youtube_player_login_wall_prevents_caption_metadata; published_date/duration not_checked (YouTube player metadata blocked); pass1_match_class_frozen=no_match; otter_candidates=0
aosrd-webinars-156-rNvF48yMEag,AOSRD_Clearfield,aosrd_webinars_youtube,"How to Choose the Best Stem Cell Sources for Your Practice with Dr. Joy Kong – Oct 3, 2023 (Video)",how to choose the best stem cell sources for your practice with dr joy kong oct 3 2023 video,aosrd-webinars-156-rNvF48yMEag,no_match,,,,present_local,https://aosrd.org/webinars/,https://aosrd.org/how-to-choose-the-best-stem-cell-sources-for-your-practice-with-dr-joy-kong/,available_external,rNvF48yMEag,https://youtu.be/rNvF48yMEag,available_external,How to Choose the Best Stem Cell Sources for Your Practice with Dr  Joy Kong,,,not_checked,not_checked,,,,,,,AOSRD webpage; AOSRD PDF; YouTube video,potentially_new_session,no,potentially_new_session,pdf_available,oembed_author=Clearfield Medical Group; timedtext_list_empty; youtube_player_login_wall_prevents_caption_metadata; published_date/duration not_checked (YouTube player metadata blocked); pass1_match_class_frozen=no_match; otter_candidates=0
aosrd-webinars-157-LEyWVCGO5D4,AOSRD_Clearfield,aosrd_webinars_youtube,"Endocrinology of TBI-Part 2 with Dr. Willliam Clearfield – Sept 26, 2023 (Video)",endocrinology of tbi part 2 with dr willliam clearfield sept 26 2023 video,aosrd-webinars-157-LEyWVCGO5D4,no_match,,,,present_local,https://aosrd.org/webinars/,,,LEyWVCGO5D4,https://youtu.be/LEyWVCGO5D4,available_external,Endocrinology of TBI Part 2 with Dr  Willliam Clearfield,,,not_checked,not_checked,,,,,,,AOSRD webpage; YouTube video,potentially_new_session,no,potentially_new_session,not_checked,oembed_author=Clearfield Medical Group; timedtext_list_empty; youtube_player_login_wall_prevents_caption_metadata; published_date/duration not_checked (YouTube player metadata blocked); pass1_match_class_frozen=no_match; otter_candidates=0
aosrd-webinars-158-BcMb7ZimIEo,AOSRD_Clearfield,aosrd_webinars_youtube,"Ivermectin Feeds Bifidobacterium to Boost Immumity with Dr. Salaheldin Halasa – Sept 19, 2023 (Video)",ivermectin feeds bifidobacterium to boost immumity with dr salaheldin halasa sept 19 2023 video,aosrd-webinars-158-BcMb7ZimIEo,possible,b2H7gyjRNmbN0l62XtCzeLPovDE;xg4V_A-L8_Ob1jKGBewDTtKzOWg,2025-06-24;2024-08-13,Research/lectures/clearfield-webinar-2025-06-24;Research/lectures/clearfield-webinar-2024-08-13,present_local,https://aosrd.org/webinars/,https://aosrd.org/ivermectin-feeds-bifidobactedium-to-boost-immunity/,available_external,BcMb7ZimIEo,https://youtu.be/BcMb7ZimIEo,available_external,Ivermectin Feeds Bifidobacterium to Boost Immumity with Dr  Salaheldin Halasa,,,not_checked,not_checked,,,,,,,AOSRD webpage; AOSRD PDF; YouTube video,possible_existing_session_representation,yes,unclear,pdf_available,oembed_author=Clearfield Medical Group; timedtext_list_empty; youtube_player_login_wall_prevents_caption_metadata; published_date/duration not_checked (YouTube player metadata blocked); pass1_match_class_frozen=possible; otter_candidates=2; local=otter_transcript_local
aosrd-webinars-159-5DmzZRupogw,AOSRD_Clearfield,aosrd_webinars_youtube,"Unlocking the Power of the Mind-Body Connection with Dr. Emmett Miller – Sept 12, 2023 (Video)",unlocking the power of the mind body connection with dr emmett miller sept 12 2023 video,aosrd-webinars-159-5DmzZRupogw,no_match,,,,present_local,https://aosrd.org/webinars/,https://aosrd.org/unlocking-the-power-of-the-mind-body-connection-with-dr-emmett-miller/,available_external,5DmzZRupogw,https://youtu.be/5DmzZRupogw,available_external,Unlocking the Power of the Mind Body Connection with Dr  Emmett Miller,,,not_checked,not_checked,,,,,,,AOSRD webpage; AOSRD PDF; YouTube video,potentially_new_session,no,potentially_new_session,pdf_available,oembed_author=Clearfield Medical Group; timedtext_list_empty; youtube_player_login_wall_prevents_caption_metadata; published_date/duration not_checked (YouTube player metadata blocked); pass1_match_class_frozen=no_match; otter_candidates=0
aosrd-webinars-160-gtoydOZzvx4,AOSRD_Clearfield,aosrd_webinars_youtube,"Introduction to Intravenous Therapy with Dr. Melvin Nario – Sept 5, 2023 (Video)",introduction to intravenous therapy with dr melvin nario sept 5 2023 video,aosrd-webinars-160-gtoydOZzvx4,possible,OL_Ukp1RYjVvnjsMHnF2eXCXDC8;VwrSvok1RCW2X3iJ_Kwbd8JK6k8;LvCEhutJR34KphFeXcFdbBQ3PZE;HY-sCmihzh3EJ69WWVwlTT0Ri6s;jZM7WB_BG5YwNdBn2EQBHQM-aNc,2024-10-01;2025-11-12;2025-08-26;2025-11-26;2025-04-01,Research/lectures/clearfield-webinar-2024-10-01;Research/lectures/clearfield-webinar-2025-11-12;Research/lectures/clearfield-webinar-2025-08-26;Research/lectures/clearfield-webinar-2025-11-26;Research/lectures/clearfield-webinar-2025-04-01,present_local,https://aosrd.org/webinars/,,,gtoydOZzvx4,https://youtu.be/gtoydOZzvx4,available_external,Introduction to Intravenous Therapy with Dr  Melvin Nario,,,not_checked,not_checked,,,,,,,AOSRD webpage; YouTube video,possible_existing_session_representation,yes,unclear,not_checked,oembed_author=Clearfield Medical Group; timedtext_list_empty; youtube_player_login_wall_prevents_caption_metadata; published_date/duration not_checked (YouTube player metadata blocked); pass1_match_class_frozen=possible; otter_candidates=5; local=otter_transcript_local
aosrd-webinars-161-AIJueOlg1II,AOSRD_Clearfield,aosrd_webinars_youtube,"Fundamentals of Functional Medical Testing-Cell Science Systems with Amy Pieczarka RD – Aug 29, 2023 (Video)",fundamentals of functional medical testing cell science systems with amy pieczarka rd aug 29 2023 video,aosrd-webinars-161-AIJueOlg1II,no_match,,,,present_local,https://aosrd.org/webinars/,,,AIJueOlg1II,https://youtu.be/AIJueOlg1II,available_external,Fundamentals of Functional Medical Testing Cell Science Systems with Amy Pieczarka RD,,,not_checked,not_checked,,,,,,,AOSRD webpage; YouTube video,potentially_new_session,no,potentially_new_session,not_checked,oembed_author=Clearfield Medical Group; timedtext_list_empty; youtube_player_login_wall_prevents_caption_metadata; published_date/duration not_checked (YouTube player metadata blocked); pass1_match_class_frozen=no_match; otter_candidates=0
aosrd-webinars-162-gS3mWVj_if4,AOSRD_Clearfield,aosrd_webinars_youtube,"Prostate Community Trial Part 2 w Dr. KAthleen T. Ruddy and Stefan Hartmann PA-C – Aug 22, 2023 (Video)",prostate community trial part 2 w dr kathleen t ruddy and stefan hartmann pa c aug 22 2023 video,aosrd-webinars-162-gS3mWVj_if4,no_match,,,,present_local,https://aosrd.org/webinars/,,,gS3mWVj_if4,https://youtu.be/gS3mWVj_if4,available_external,Prostate Community Trial Part 2 w Dr  KAthleen T  Ruddy and Stefan Hartmann PA C,,,not_checked,not_checked,,,,,,,AOSRD webpage; YouTube video,potentially_new_session,no,potentially_new_session,not_checked,oembed_author=Clearfield Medical Group; timedtext_list_empty; youtube_player_login_wall_prevents_caption_metadata; published_date/duration not_checked (YouTube player metadata blocked); pass1_match_class_frozen=no_match; otter_candidates=0
aosrd-webinars-163--JGUhnhLGrQ,AOSRD_Clearfield,aosrd_webinars_youtube,"Nutritional Excellence-The Kohana Approach to Optimal Health with Dr Rober Quinn – Aug 15, 2023 (Video)",nutritional excellence the kohana approach to optimal health with dr rober quinn aug 15 2023 video,aosrd-webinars-163--JGUhnhLGrQ,possible,CQdkPoyCm_xx7nnZ2b80AClK8TM,2025-10-07,Research/lectures/clearfield-webinar-2025-10-07,present_local,https://aosrd.org/webinars/,https://aosrd.org/nutritional-excellence-the-kohana-approach-to-optimal-health-with-dr-rober-quinn/,available_external,-JGUhnhLGrQ,https://youtu.be/-JGUhnhLGrQ,available_external,Nutritional Excellence-The Kohana Approach to Optimal Health with Dr Rober Quinn,,,not_checked,not_checked,,,,,,,AOSRD webpage; AOSRD PDF; YouTube video,possible_existing_session_representation,yes,unclear,pdf_available,oembed_author=Clearfield Medical Group; timedtext_list_empty; youtube_player_login_wall_prevents_caption_metadata; published_date/duration not_checked (YouTube player metadata blocked); pass1_match_class_frozen=possible; otter_candidates=1; local=otter_transcript_local
aosrd-webinars-164-33dvEh94Xcc,AOSRD_Clearfield,aosrd_webinars_youtube,"Fascia Decompression for You, Your Patients and Your Fur Family – Aug 8, 2023 (Video)",fascia decompression for you your patients and your fur family aug 8 2023 video,aosrd-webinars-164-33dvEh94Xcc,no_match,,,,present_local,https://aosrd.org/webinars/,,,33dvEh94Xcc,https://youtu.be/33dvEh94Xcc,available_external,"Fascia Decompression for You, Your Patients and Your Fur Family",,,not_checked,not_checked,,,,,,,AOSRD webpage; YouTube video,potentially_new_session,no,potentially_new_session,not_checked,oembed_author=Clearfield Medical Group; timedtext_list_empty; youtube_player_login_wall_prevents_caption_metadata; published_date/duration not_checked (YouTube player metadata blocked); pass1_match_class_frozen=no_match; otter_candidates=0
aosrd-webinars-165-bZZJFrrvTcg,AOSRD_Clearfield,aosrd_webinars_youtube,"Estrogen Metabolism and Detoxification with Dr. MElvin Nario – Aug 1, 2023 (Video)",estrogen metabolism and detoxification with dr melvin nario aug 1 2023 video,aosrd-webinars-165-bZZJFrrvTcg,possible,iFe-Jl__wpKT9UKu7NZMWLiMJ5w;CQjlfnZLZ-CY25UUEq35pSQ0lug;v3Md09l1C_mz3hrDPWngln5SYQw,2026-03-31;2025-12-24;2025-09-09,Research/lectures/clearfield-webinar-2026-03-31;Research/lectures/clearfield-webinar-2025-12-24;Research/lectures/clearfield-webinar-2025-09-09,present_local,https://aosrd.org/webinars/,,,bZZJFrrvTcg,https://youtu.be/bZZJFrrvTcg,available_external,Estrogen Metabolism and Detoxification with Dr  MElvin Nario,,,not_checked,not_checked,,,,,,,AOSRD webpage; YouTube video,possible_existing_session_representation,yes,unclear,not_checked,oembed_author=Clearfield Medical Group; timedtext_list_empty; youtube_player_login_wall_prevents_caption_metadata; published_date/duration not_checked (YouTube player metadata blocked); pass1_match_class_frozen=possible; otter_candidates=3; local=otter_transcript_local
aosrd-webinars-166-RM39JRpthTg,AOSRD_Clearfield,aosrd_webinars_youtube,"Pharmacology of Key Emerging Therapies in Chronic DIseases with Dr Mike Boehmer – July 25, 2023 (Video)",pharmacology of key emerging therapies in chronic diseases with dr mike boehmer july 25 2023 video,aosrd-webinars-166-RM39JRpthTg,no_match,,,,present_local,https://aosrd.org/webinars/,https://aosrd.org/wp-content/uploads/2023/07/Pharmacology-of-Emerging-Therapies-in-Chronic-Disease-Management-2023.pdf,available_external,RM39JRpthTg,https://youtu.be/RM39JRpthTg,available_external,Pharmacology of Key Emerging Therapies in Chronic DIseases with Dr  Mike Boehmer,,,not_checked,not_checked,,,,,,,AOSRD webpage; AOSRD PDF; YouTube video,potentially_new_session,no,potentially_new_session,pdf_available,oembed_author=Clearfield Medical Group; timedtext_list_empty; youtube_player_login_wall_prevents_caption_metadata; published_date/duration not_checked (YouTube player metadata blocked); pass1_match_class_frozen=no_match; otter_candidates=0
aosrd-webinars-167-hsbW2KUdJkI,AOSRD_Clearfield,aosrd_webinars_youtube,Early Viral Treatment Post Pandemic Clinical Applications Roundtable (Video),early viral treatment post pandemic clinical applications roundtable video,aosrd-webinars-167-hsbW2KUdJkI,no_match,,,,present_local,https://aosrd.org/webinars/,,,hsbW2KUdJkI,https://youtu.be/hsbW2KUdJkI,available_external,Early Viral Treatment Post Pandemic Clinical Applications Roundtable,,,not_checked,not_checked,,,,,,,AOSRD webpage; YouTube video,potentially_new_session,no,potentially_new_session,not_checked,oembed_author=Clearfield Medical Group; timedtext_list_empty; youtube_player_login_wall_prevents_caption_metadata; published_date/duration not_checked (YouTube player metadata blocked); pass1_match_class_frozen=no_match; otter_candidates=0
aosrd-webinars-168-TmuGhf_1r3s,AOSRD_Clearfield,aosrd_webinars_youtube,"Chronic Fatigue, Homeostasis and Mitochondrial Dysfunction with Dr. K. Patel (Video)",chronic fatigue homeostasis and mitochondrial dysfunction with dr k patel video,aosrd-webinars-168-TmuGhf_1r3s,possible,JAhRYbDDwDsC4em3dazDKyDw4gM,2025-02-05,Research/lectures/clearfield-webinar-2025-02-05,present_local,https://aosrd.org/webinars/,,,TmuGhf_1r3s,https://youtu.be/TmuGhf_1r3s,available_external,"Chronic Fatigue, Homeostasis and Mitochondrial Dysfunction with Dr  K  Patel",,,not_checked,not_checked,,,,,,,AOSRD webpage; YouTube video,possible_existing_session_representation,yes,unclear,not_checked,oembed_author=Clearfield Medical Group; timedtext_list_empty; youtube_player_login_wall_prevents_caption_metadata; published_date/duration not_checked (YouTube player metadata blocked); pass1_match_class_frozen=possible; otter_candidates=1; local=otter_transcript_local
aosrd-webinars-169-xIY-4j04zh0,AOSRD_Clearfield,aosrd_webinars_youtube,"Live Healthier, Better and Longer with Hydrogen by Bob Settineri – July 11, 2023 (Video)",live healthier better and longer with hydrogen by bob settineri july 11 2023 video,aosrd-webinars-169-xIY-4j04zh0,no_match,,,,present_local,https://aosrd.org/webinars/,https://aosrd.org/live-healthier-better-and-longer-with-hydrogen-by-bob-settineri/,available_external,xIY-4j04zh0,https://youtu.be/xIY-4j04zh0,available_external,"Live Healthier, Better and Longer with Hydrogen by Bob Settineri",,,not_checked,not_checked,,,,,,,AOSRD webpage; AOSRD PDF; YouTube video,potentially_new_session,no,potentially_new_session,pdf_available,oembed_author=Clearfield Medical Group; timedtext_list_empty; youtube_player_login_wall_prevents_caption_metadata; published_date/duration not_checked (YouTube player metadata blocked); pass1_match_class_frozen=no_match; otter_candidates=0
aosrd-webinars-170-hj4CXKqCtkg,AOSRD_Clearfield,aosrd_webinars_youtube,"The Incretin Hormones and the New Face of Weight Loss with Dr. William Clearfield – June 28, 2023 (Video)",the incretin hormones and the new face of weight loss with dr william clearfield june 28 2023 video,aosrd-webinars-170-hj4CXKqCtkg,possible,5HPCyqwQxi9QD1of8g-CPHrnFcc,2025-01-08,Research/lectures/clearfield-webinar-2025-01-08,present_local,https://aosrd.org/webinars/,https://aosrd.org/the-incretin-hormones-and-the-new-face-of-weight-loss-with-dr-william-clearfield/,available_external,hj4CXKqCtkg,https://youtu.be/hj4CXKqCtkg,available_external,The Incretin Hormones and the New Face of Weight Loss with Dr  William Clearfield,,,not_checked,not_checked,,,,,,,AOSRD webpage; AOSRD PDF; YouTube video,possible_existing_session_representation,yes,unclear,pdf_available,oembed_author=Clearfield Medical Group; timedtext_list_empty; youtube_player_login_wall_prevents_caption_metadata; published_date/duration not_checked (YouTube player metadata blocked); pass1_match_class_frozen=possible; otter_candidates=1; local=otter_transcript_local
aosrd-webinars-171-wSFbd7D8Lpw,AOSRD_Clearfield,aosrd_webinars_youtube,"Integrative Imunity-Part 2 Dr. Benoit Tano – June 27, 2023 (Video)",integrative imunity part 2 dr benoit tano june 27 2023 video,aosrd-webinars-171-wSFbd7D8Lpw,variant_derivative,81vgkJ55QnsvesXbnyxCMQPr6Rc;wcHy9pPXoWy5S62-GJbpasQtw2o;vn-MouyIRCM7VjShKYhDQr6Mc3U;JAhRYbDDwDsC4em3dazDKyDw4gM;TNvBcRwwSnrkWGe2_L3i3lGvYYk,2026-06-09;2025-02-12;2025-05-27;2025-02-05;2024-12-11,Research/lectures/clearfield-webinar-2026-06-09;Research/lectures/clearfield-webinar-2025-02-12;Research/lectures/clearfield-webinar-2025-05-27;Research/lectures/clearfield-webinar-2025-02-05;Research/lectures/clearfield-webinar-2024-12-11,present_local,https://aosrd.org/webinars/,https://aosrd.org/integrative-imunity-part-2-dr-benoit-tano/,available_external,wSFbd7D8Lpw,https://youtu.be/wSFbd7D8Lpw,available_external,Integrative Imunity-Part 2  Dr. Benoit Tano,,,not_checked,not_checked,,,,,,,AOSRD webpage; AOSRD PDF; YouTube video,possible_existing_session_representation,yes,unclear,pdf_available,oembed_author=Clearfield Medical Group; timedtext_list_empty; youtube_player_login_wall_prevents_caption_metadata; published_date/duration not_checked (YouTube player metadata blocked); pass1_match_class_frozen=variant_derivative; otter_candidates=5; local=otter_transcript_local
aosrd-webinars-172-aPPCKg2l-eQ,AOSRD_Clearfield,aosrd_webinars_youtube,"Introduction to Peptides with Dr. Jay Campbell – June 20, 2023 (Video)",introduction to peptides with dr jay campbell june 20 2023 video,aosrd-webinars-172-aPPCKg2l-eQ,possible,t9O9J5vUpWGkKXi-5TqxgKudSvY,2025-04-29,Research/lectures/clearfield-webinar-2025-04-29,present_local,https://aosrd.org/webinars/,https://aosrd.org/everything-you-ever-wanted-to-peptides-with-dr-jay-campbell/,available_external,aPPCKg2l-eQ,https://youtu.be/aPPCKg2l-eQ,available_external,Introduction to Peptides with Dr. Jay Campbell,,,not_checked,not_checked,,,,,,,AOSRD webpage; AOSRD PDF; YouTube video,possible_existing_session_representation,yes,unclear,pdf_available,oembed_author=Clearfield Medical Group; timedtext_list_empty; youtube_player_login_wall_prevents_caption_metadata; published_date/duration not_checked (YouTube player metadata blocked); pass1_match_class_frozen=possible; otter_candidates=1; local=otter_transcript_local
aosrd-webinars-173-yAA5qJFYPgg,AOSRD_Clearfield,aosrd_webinars_youtube,"The Importance of Polysaccharides for Brain Health and Immune Function with Dr. John E. Lewis – June 13, 2023 (Video)",the importance of polysaccharides for brain health and immune function with dr john e lewis june 13 2023 video,aosrd-webinars-173-yAA5qJFYPgg,possible,y59a2fEx8UgOiThJHr1w-HcQc1U,2024-08-20,Research/lectures/clearfield-webinar-2024-08-20,present_local,https://aosrd.org/webinars/,https://aosrd.org/the-importance-of-polysacchari-unction-with-dr-john-e-lewis/,available_external,yAA5qJFYPgg,https://youtu.be/yAA5qJFYPgg,available_external,The Importance of Polysaccharides for Brain Health and Immune Function with Dr  John E  Lewis,,,not_checked,not_checked,,,,,,,AOSRD webpage; AOSRD PDF; YouTube video,possible_existing_session_representation,yes,unclear,pdf_available,oembed_author=Clearfield Medical Group; timedtext_list_empty; youtube_player_login_wall_prevents_caption_metadata; published_date/duration not_checked (YouTube player metadata blocked); pass1_match_class_frozen=possible; otter_candidates=1; local=otter_transcript_local
aosrd-webinars-174-LcK7emnFeVk,AOSRD_Clearfield,aosrd_webinars_youtube,"Clinical applications of Amlexonax – June 6, 2023 (Video)",clinical applications of amlexonax june 6 2023 video,aosrd-webinars-174-LcK7emnFeVk,no_match,,,,present_local,https://aosrd.org/webinars/,https://aosrd.org/clinical-applications-of-amlexonax/,available_external,LcK7emnFeVk,https://youtu.be/LcK7emnFeVk,available_external,Clinical applications of Amlexonax,,,not_checked,not_checked,,,,,,,AOSRD webpage; AOSRD PDF; YouTube video,potentially_new_session,no,potentially_new_session,pdf_available,oembed_author=Clearfield Medical Group; timedtext_list_empty; youtube_player_login_wall_prevents_caption_metadata; published_date/duration not_checked (YouTube player metadata blocked); pass1_match_class_frozen=no_match; otter_candidates=0
aosrd-webinars-175-wTPrdOyALx0,AOSRD_Clearfield,aosrd_webinars_youtube,"Ehlers Danlos Syndrome Treated with Frequency Specific Microcurrant by Dr. Carol McMakin – May 30, 2023 (Video)",ehlers danlos syndrome treated with frequency specific microcurrant by dr carol mcmakin may 30 2023 video,aosrd-webinars-175-wTPrdOyALx0,possible,vZKE66zexBS6KPliMMq0glRxefk,2024-12-04,Research/lectures/clearfield-webinar-2024-12-04,present_local,https://aosrd.org/webinars/,https://aosrd.org/ehlers-danlos-syndrome-treated-with-frequency-specific-microcurrant-by-dr-carol-mcmakin/,available_external,wTPrdOyALx0,https://youtu.be/wTPrdOyALx0,available_external,Ehlers Danlos Syndrome Treated with Frequency Specific Microcurrant by Dr  Carol McMakin,,,not_checked,not_checked,,,,,,,AOSRD webpage; AOSRD PDF; YouTube video,possible_existing_session_representation,yes,unclear,pdf_available,oembed_author=Clearfield Medical Group; timedtext_list_empty; youtube_player_login_wall_prevents_caption_metadata; published_date/duration not_checked (YouTube player metadata blocked); pass1_match_class_frozen=possible; otter_candidates=1; local=otter_transcript_local
aosrd-webinars-176-5TjogxSEJXY,AOSRD_Clearfield,aosrd_webinars_youtube,"Membrane Lipid Replacement to Improve Mitochondrial Dysfunction with John Casey – May 23, 2023 (Video)",membrane lipid replacement to improve mitochondrial dysfunction with john casey may 23 2023 video,aosrd-webinars-176-5TjogxSEJXY,possible,VwrSvok1RCW2X3iJ_Kwbd8JK6k8;wcHy9pPXoWy5S62-GJbpasQtw2o,2025-11-12;2025-02-12,Research/lectures/clearfield-webinar-2025-11-12;Research/lectures/clearfield-webinar-2025-02-12,present_local,https://aosrd.org/webinars/,,,5TjogxSEJXY,https://youtu.be/5TjogxSEJXY,available_external,Membrane Lipid Replacement to Improve Mitochondrial Dysfunction with John Casey,,,not_checked,not_checked,,,,,,,AOSRD webpage; YouTube video,possible_existing_session_representation,yes,unclear,not_checked,oembed_author=Clearfield Medical Group; timedtext_list_empty; youtube_player_login_wall_prevents_caption_metadata; published_date/duration not_checked (YouTube player metadata blocked); pass1_match_class_frozen=possible; otter_candidates=2; local=otter_transcript_local
aosrd-webinars-177-cVzkS-n0zS4,AOSRD_Clearfield,aosrd_webinars_youtube,"Quantum Cellular Medicine with David Konn – May 16, 2023 (Video)",quantum cellular medicine with david konn may 16 2023 video,aosrd-webinars-177-cVzkS-n0zS4,no_match,,,,present_local,https://aosrd.org/webinars/,,,cVzkS-n0zS4,https://youtu.be/cVzkS-n0zS4,available_external,Quantum Cellular Medicine with David Konn,,,not_checked,not_checked,,,,,,,AOSRD webpage; YouTube video,potentially_new_session,no,potentially_new_session,not_checked,oembed_author=Clearfield Medical Group; timedtext_list_empty; youtube_player_login_wall_prevents_caption_metadata; published_date/duration not_checked (YouTube player metadata blocked); pass1_match_class_frozen=no_match; otter_candidates=0
aosrd-webinars-178-D7o1Fdgy42o,AOSRD_Clearfield,aosrd_webinars_youtube,"Cannabis 101 with Dr. Kent Crowley – May 9, 2023 (Video)",cannabis 101 with dr kent crowley may 9 2023 video,aosrd-webinars-178-D7o1Fdgy42o,possible,KPtFIYDuvg1p0CbfNkYIuOVkwIE,2025-10-21,Research/lectures/clearfield-webinar-2025-10-21,present_local,https://aosrd.org/webinars/,https://aosrd.org/cannabis-101-with-dr-kent-crowley/,available_external,D7o1Fdgy42o,https://youtu.be/D7o1Fdgy42o,available_external,Alternative Therapies with Dr Kent Crowley,,,not_checked,not_checked,,,,,,,AOSRD webpage; AOSRD PDF; YouTube video,possible_existing_session_representation,yes,unclear,pdf_available,oembed_author=Clearfield Medical Group; timedtext_list_empty; youtube_player_login_wall_prevents_caption_metadata; published_date/duration not_checked (YouTube player metadata blocked); pass1_match_class_frozen=possible; otter_candidates=1; local=otter_transcript_local
aosrd-webinars-179-9suZ_6zVHEM,AOSRD_Clearfield,aosrd_webinars_youtube,"Methylene Blue with Dr. Bill Clearfield – May 8, 2023 (Video)",methylene blue with dr bill clearfield may 8 2023 video,aosrd-webinars-179-9suZ_6zVHEM,possible,wcHy9pPXoWy5S62-GJbpasQtw2o;JAhRYbDDwDsC4em3dazDKyDw4gM,2025-02-12;2025-02-05,Research/lectures/clearfield-webinar-2025-02-12;Research/lectures/clearfield-webinar-2025-02-05,present_local,https://aosrd.org/webinars/,https://aosrd.org/methylene-blue-with-dr-bill-clearfield/,available_external,9suZ_6zVHEM,https://youtu.be/9suZ_6zVHEM,available_external,Methylene Blue with Dr Bill Clearfield,,,not_checked,not_checked,,,,,,,AOSRD webpage; AOSRD PDF; YouTube video,possible_existing_session_representation,yes,unclear,pdf_available,oembed_author=Clearfield Medical Group; timedtext_list_empty; youtube_player_login_wall_prevents_caption_metadata; published_date/duration not_checked (YouTube player metadata blocked); pass1_match_class_frozen=possible; otter_candidates=2; local=otter_transcript_local
aosrd-webinars-180-XS22Ub34U-o,AOSRD_Clearfield,aosrd_webinars_youtube,"Autism with Dr. Jenny Blanchard Stone – April 25, 2023 (Video)",autism with dr jenny blanchard stone april 25 2023 video,aosrd-webinars-180-XS22Ub34U-o,no_match,,,,present_local,https://aosrd.org/webinars/,https://aosrd.org/autism-with-dr-jenny-blanchard-stone/,available_external,XS22Ub34U-o,https://youtu.be/XS22Ub34U-o,available_external,Autism with Dr. Jenny Blanchard Stone,,,not_checked,not_checked,,,,,,,AOSRD webpage; AOSRD PDF; YouTube video,potentially_new_session,no,potentially_new_session,pdf_available,oembed_author=Clearfield Medical Group; timedtext_list_empty; youtube_player_login_wall_prevents_caption_metadata; published_date/duration not_checked (YouTube player metadata blocked); pass1_match_class_frozen=no_match; otter_candidates=0
aosrd-webinars-181-0u1-ve92hd0,AOSRD_Clearfield,aosrd_webinars_youtube,"RESToration-Fueling Optimal Sleep with Nitric Oxide with Dr. Chris Melitus – April 18, 2023 (Video)",restoration fueling optimal sleep with nitric oxide with dr chris melitus april 18 2023 video,aosrd-webinars-181-0u1-ve92hd0,possible,EqC6yd4bQDKMl2mpzPURPZu-_Pc;FbRyr7EkkewAoPTmXbK9DtUiA_Y,2024-10-08;2024-09-24,Research/lectures/clearfield-webinar-2024-10-08;Research/lectures/clearfield-webinar-2024-09-24,present_local,https://aosrd.org/webinars/,,,0u1-ve92hd0,https://youtu.be/0u1-ve92hd0,available_external,RESToration Fueling Optimal Sleep with Nitric Oxide with Dr  Chris Melitus,,,not_checked,not_checked,,,,,,,AOSRD webpage; YouTube video,possible_existing_session_representation,yes,unclear,not_checked,oembed_author=Clearfield Medical Group; timedtext_list_empty; youtube_player_login_wall_prevents_caption_metadata; published_date/duration not_checked (YouTube player metadata blocked); pass1_match_class_frozen=possible; otter_candidates=2; local=otter_transcript_local
aosrd-webinars-182-FsuYMzPyjWE,AOSRD_Clearfield,aosrd_webinars_youtube,"The New Face of Weight Loss with Dr. Bill Clearfield – April 11, 2023 (Video)",the new face of weight loss with dr bill clearfield april 11 2023 video,aosrd-webinars-182-FsuYMzPyjWE,possible,5HPCyqwQxi9QD1of8g-CPHrnFcc,2025-01-08,Research/lectures/clearfield-webinar-2025-01-08,present_local,https://aosrd.org/webinars/,https://aosrd.org/the-new-face-of-weight-loss-with-dr-bill-clearfield/,available_external,FsuYMzPyjWE,https://youtu.be/FsuYMzPyjWE,available_external,The New Face of Weight Loss with Dr  Bill Clearfield,,,not_checked,not_checked,,,,,,,AOSRD webpage; AOSRD PDF; YouTube video,possible_existing_session_representation,yes,unclear,pdf_available,oembed_author=Clearfield Medical Group; timedtext_list_empty; youtube_player_login_wall_prevents_caption_metadata; published_date/duration not_checked (YouTube player metadata blocked); pass1_match_class_frozen=possible; otter_candidates=1; local=otter_transcript_local
aosrd-webinars-183-CW3op9BkNI8,AOSRD_Clearfield,aosrd_webinars_youtube,"Behind the Scenes Thyroid Mechanisms with Dr. Brad Watts – April 4, 2023 (Video)",behind the scenes thyroid mechanisms with dr brad watts april 4 2023 video,aosrd-webinars-183-CW3op9BkNI8,no_match,,,,present_local,https://aosrd.org/webinars/,https://aosrd.org/behind-the-scenes-thyroid-mechanisms-with-dr-brad-watts/,available_external,CW3op9BkNI8,https://youtu.be/CW3op9BkNI8,available_external,Behind the Scenes Thyroid Mechanisms with Dr  Brad Watts,,,not_checked,not_checked,,,,,,,AOSRD webpage; AOSRD PDF; YouTube video,potentially_new_session,no,potentially_new_session,pdf_available,oembed_author=Clearfield Medical Group; timedtext_list_empty; youtube_player_login_wall_prevents_caption_metadata; published_date/duration not_checked (YouTube player metadata blocked); pass1_match_class_frozen=no_match; otter_candidates=0
aosrd-webinars-184-4nZN4zvp_Uk,AOSRD_Clearfield,aosrd_webinars_youtube,"Bioregulatory Medicine Applied to Fur Babies with Dr. Marlene Siegel – March 21, 2023 (Video)",bioregulatory medicine applied to fur babies with dr marlene siegel march 21 2023 video,aosrd-webinars-184-4nZN4zvp_Uk,no_match,,,,present_local,https://aosrd.org/webinars/,https://aosrd.org/bioregulatory-medicine-applied-to-fur-babies-with-dr-marlene-siegel/,available_external,4nZN4zvp_Uk,https://youtu.be/4nZN4zvp_Uk,available_external,Bioregulatory Medicine Applied to Fur Babies with Dr  Marlene Siegel,,,not_checked,not_checked,,,,,,,AOSRD webpage; AOSRD PDF; YouTube video,potentially_new_session,no,potentially_new_session,pdf_available,oembed_author=Clearfield Medical Group; timedtext_list_empty; youtube_player_login_wall_prevents_caption_metadata; published_date/duration not_checked (YouTube player metadata blocked); pass1_match_class_frozen=no_match; otter_candidates=0
aosrd-webinars-185-AZvxTJWqeBA,AOSRD_Clearfield,aosrd_webinars_youtube,"Glutathione Update with Dr. Nayan Patel – March 14, 2023 (Video)",glutathione update with dr nayan patel march 14 2023 video,aosrd-webinars-185-AZvxTJWqeBA,possible,JAhRYbDDwDsC4em3dazDKyDw4gM,2025-02-05,Research/lectures/clearfield-webinar-2025-02-05,present_local,https://aosrd.org/webinars/,https://aosrd.org/glutathione-update-with-dr-nayan-patel/,available_external,AZvxTJWqeBA,https://youtu.be/AZvxTJWqeBA,available_external,Glutathione Update with Dr. Nayan Patel,,,not_checked,not_checked,,,,,,,AOSRD webpage; AOSRD PDF; YouTube video,possible_existing_session_representation,yes,unclear,pdf_available,oembed_author=Clearfield Medical Group; timedtext_list_empty; youtube_player_login_wall_prevents_caption_metadata; published_date/duration not_checked (YouTube player metadata blocked); pass1_match_class_frozen=possible; otter_candidates=1; local=otter_transcript_local
aosrd-webinars-186-hUswEBL-LBc,AOSRD_Clearfield,aosrd_webinars_youtube,"Muscle Centric Medicine -Principles of Exercise Science with Stefan Hartmann PA – March 7, 2023 (Video)",muscle centric medicine principles of exercise science with stefan hartmann pa march 7 2023 video,aosrd-webinars-186-hUswEBL-LBc,possible,CQjlfnZLZ-CY25UUEq35pSQ0lug;H1Iomsee4ZUONKKezPDcMBYCvQ0;TNvBcRwwSnrkWGe2_L3i3lGvYYk;ykfPBSHSL3meBk4yGojbTxMVIpA,2025-12-24;2026-06-30;2024-12-11;2024-10-22,Research/lectures/clearfield-webinar-2025-12-24;Research/lectures/clearfield-webinar-2026-06-30;Research/lectures/clearfield-webinar-2024-12-11;Research/lectures/clearfield-webinar-2024-10-22,present_local,https://aosrd.org/webinars/,https://aosrd.org/update-on-glutathione-therapy-with-dr-nayan-patel/,available_external,hUswEBL-LBc,https://youtu.be/hUswEBL-LBc,available_external,Muscle Centric Medicine  Principles of Exercise Science with Stefan Hartmann PA,,,not_checked,not_checked,,,,,,,AOSRD webpage; AOSRD PDF; YouTube video,possible_existing_session_representation,yes,unclear,pdf_available,oembed_author=Clearfield Medical Group; timedtext_list_empty; youtube_player_login_wall_prevents_caption_metadata; published_date/duration not_checked (YouTube player metadata blocked); pass1_match_class_frozen=possible; otter_candidates=4; local=otter_transcript_local
aosrd-webinars-187-no_id,AOSRD_Clearfield,aosrd_webinars_vimeo,"Functional Medicine Approach to ADHD with Dr. John Neustadt – February 28, 2023 (Video)",functional medicine approach to adhd with dr john neustadt february 28 2023 video,aosrd-webinars-187-no_id,,,,,present_local,https://aosrd.org/webinars/,https://aosrd.org/functional-medicine-approach-to-adhd-with-dr-john-neustadt/,available_external,,,,,,,,,https://vimeo.com/803796489,available_external,not_checked,,,,AOSRD webpage; AOSRD PDF; Vimeo video,unclear,no,unclear,pdf_available,vimeo_page_reachable; captions_not_verified
aosrd-webinars-188-no_id,AOSRD_Clearfield,aosrd_webinars_vimeo,"The Courage to Face Covid with Dr Peter McCullough – February 21, 2023 (Video)",the courage to face covid with dr peter mccullough february 21 2023 video,aosrd-webinars-188-no_id,,,,,present_local,https://aosrd.org/webinars/,https://aosrd.org/the-courage-to-face-covid-with-dr-peter-mccullough-2/,available_external,,,,,,,,,https://vimeo.com/802421040,available_external,not_checked,,,,AOSRD webpage; AOSRD PDF; Vimeo video,unclear,no,unclear,pdf_available,vimeo_page_reachable; captions_not_verified
aosrd-webinars-189-bMobTwHmWhM,AOSRD_Clearfield,aosrd_webinars_youtube,"Integrative Immunology with Dr. Benoit Tano – February 14, 2023 (Video)",integrative immunology with dr benoit tano february 14 2023 video,aosrd-webinars-189-bMobTwHmWhM,possible,81vgkJ55QnsvesXbnyxCMQPr6Rc;wcHy9pPXoWy5S62-GJbpasQtw2o;JAhRYbDDwDsC4em3dazDKyDw4gM,2026-06-09;2025-02-12;2025-02-05,Research/lectures/clearfield-webinar-2026-06-09;Research/lectures/clearfield-webinar-2025-02-12;Research/lectures/clearfield-webinar-2025-02-05,present_local,https://aosrd.org/webinars/,https://aosrd.org/integrative-immunology-with-dr-benoit-tano/,available_external,bMobTwHmWhM,https://youtu.be/bMobTwHmWhM,available_external,Integrative Immunology with Dr. Benoit Tano,,,not_checked,not_checked,,,,,,,AOSRD webpage; AOSRD PDF; YouTube video,possible_existing_session_representation,yes,unclear,pdf_available,oembed_author=Clearfield Medical Group; timedtext_list_empty; youtube_player_login_wall_prevents_caption_metadata; published_date/duration not_checked (YouTube player metadata blocked); pass1_match_class_frozen=possible; otter_candidates=3; local=otter_transcript_local
aosrd-webinars-190-5hQ-anaFGIU,AOSRD_Clearfield,aosrd_webinars_youtube,"The Ancestral Diet as Treatment for Chronic Disease with Stefan Hartmann, PA – February 8, 2023 (Video)",the ancestral diet as treatment for chronic disease with stefan hartmann pa february 8 2023 video,aosrd-webinars-190-5hQ-anaFGIU,possible,CQjlfnZLZ-CY25UUEq35pSQ0lug;lnZUNAyEcVNSN0i3JOEbuJcc15A,2025-12-24;2025-02-19,Research/lectures/clearfield-webinar-2025-12-24;Research/lectures/clearfield-webinar-2025-02-19,present_local,https://aosrd.org/webinars/,https://aosrd.org/the-ancestral-diet-as-treatment-for-chronic-disease-with-stefan-hartmann-pa/,available_external,5hQ-anaFGIU,https://youtu.be/5hQ-anaFGIU,available_external,"The Ancestral Diet as Treatment for Chronic Disease with Stefan Hartmann, PA",,,not_checked,not_checked,,,,,,,AOSRD webpage; AOSRD PDF; YouTube video,possible_existing_session_representation,yes,unclear,pdf_available,oembed_author=Clearfield Medical Group; timedtext_list_empty; youtube_player_login_wall_prevents_caption_metadata; published_date/duration not_checked (YouTube player metadata blocked); pass1_match_class_frozen=possible; otter_candidates=2; local=otter_transcript_local
aosrd-webinars-191-ZrOMyfW29og,AOSRD_Clearfield,aosrd_webinars_youtube,"Interpreting Test Results with Dr. Andrew Campbell – January 31, 2023 (Video)",interpreting test results with dr andrew campbell january 31 2023 video,aosrd-webinars-191-ZrOMyfW29og,possible,uRqtR3sy0qaYlUcYL4_tPVC7Tps;l416W8yP4i7dv3Jhd5H2F74zMnU;j3HjVUuBV5gnR4KrCUuXOZEnPm0;hFcw5MS7FSAuXJGFcnPHqL6j1gM;5HPCyqwQxi9QD1of8g-CPHrnFcc,2025-01-15;2026-01-21;2025-10-14;2025-01-22;2025-01-08,Research/lectures/clearfield-webinar-2025-01-15;Research/lectures/clearfield-webinar-2026-01-21;Research/lectures/clearfield-webinar-2025-10-14;Research/lectures/clearfield-webinar-2025-01-22;Research/lectures/clearfield-webinar-2025-01-08,present_local,https://aosrd.org/webinars/,https://aosrd.org/wp-content/uploads/2023/01/Interpretation-of-test-results-.pdf,available_external,ZrOMyfW29og,https://youtu.be/ZrOMyfW29og,available_external,Interpreting Test Results with Dr  Andrew Campbell,,,not_checked,not_checked,,,,,,,AOSRD webpage; AOSRD PDF; YouTube video,possible_existing_session_representation,yes,unclear,pdf_available,oembed_author=Clearfield Medical Group; timedtext_list_empty; youtube_player_login_wall_prevents_caption_metadata; published_date/duration not_checked (YouTube player metadata blocked); pass1_match_class_frozen=possible; otter_candidates=5; local=otter_transcript_local
aosrd-webinars-192-E6pwg1bmNJk,AOSRD_Clearfield,aosrd_webinars_youtube,"Surgical and Medical Management of Mycotoxin Neurotoxicity with Dr. Donald Dennis – January 24, 2023 (Video)",surgical and medical management of mycotoxin neurotoxicity with dr donald dennis january 24 2023 video,aosrd-webinars-192-E6pwg1bmNJk,possible,hFcw5MS7FSAuXJGFcnPHqL6j1gM;uRqtR3sy0qaYlUcYL4_tPVC7Tps,2025-01-22;2025-01-15,Research/lectures/clearfield-webinar-2025-01-22;Research/lectures/clearfield-webinar-2025-01-15,present_local,https://aosrd.org/webinars/,,,E6pwg1bmNJk,https://youtu.be/E6pwg1bmNJk,available_external,Surgical and Medical Management of Mycotoxin Neurotoxicity with Dr  Donald Dennis,,,not_checked,not_checked,,,,,,,AOSRD webpage; YouTube video,possible_existing_session_representation,yes,unclear,not_checked,oembed_author=Clearfield Medical Group; timedtext_list_empty; youtube_player_login_wall_prevents_caption_metadata; published_date/duration not_checked (YouTube player metadata blocked); pass1_match_class_frozen=possible; otter_candidates=2; local=otter_transcript_local
aosrd-webinars-193-3HKa-GZK_Qw,AOSRD_Clearfield,aosrd_webinars_youtube,"Menopause-The Impact on Skin and HAir by Dr. Felice Gersh – January 17, 2023 (Video)",menopause the impact on skin and hair by dr felice gersh january 17 2023 video,aosrd-webinars-193-3HKa-GZK_Qw,possible,OL_Ukp1RYjVvnjsMHnF2eXCXDC8,2024-10-01,Research/lectures/clearfield-webinar-2024-10-01,present_local,https://aosrd.org/webinars/,https://aosrd.org/menopause-the-impact-on-skin-and-hair-by-dr-felice-gersh/,available_external,3HKa-GZK_Qw,https://youtu.be/3HKa-GZK_Qw,available_external,Menopause The Impact on Skin and HAir by Dr  Felice Gersh,,,not_checked,not_checked,,,,,,,AOSRD webpage; AOSRD PDF; YouTube video,possible_existing_session_representation,yes,unclear,pdf_available,oembed_author=Clearfield Medical Group; timedtext_list_empty; youtube_player_login_wall_prevents_caption_metadata; published_date/duration not_checked (YouTube player metadata blocked); pass1_match_class_frozen=possible; otter_candidates=1; local=otter_transcript_local
aosrd-webinars-194-no_id,AOSRD_Clearfield,aosrd_webinars_rumble,"Medical Freedom: Stefan Hartmann, PA’s Presentation to the Florida Delegates of State Legislature(Video)",medical freedom stefan hartmann pa s presentation to the florida delegates of state legislature video,aosrd-webinars-194-no_id,,,,,present_local,https://aosrd.org/webinars/,,,,,,,,,,,,,,https://rumble.com/v253881-stefan-iron-direct-primary-care-presentation-to-florida-delegates-of-the-st.html,not_checked,not_checked,AOSRD webpage; Rumble video,unclear,no,unclear,none_identified,rumble HTTP 403 from audit host; availability not independently verified
aosrd-webinars-195-i-q4BtUNVuI,AOSRD_Clearfield,aosrd_webinars_youtube,"The 14-3-3n Biomarker for Rheumatoid Arthritis Diagnosis, Prognosis, and Monitoring with Dr. Nima Mazinani – January 10, 2023(Video)",the 14 3 3n biomarker for rheumatoid arthritis diagnosis prognosis and monitoring with dr nima mazinani january 10 2023 video,aosrd-webinars-195-i-q4BtUNVuI,no_match,,,,present_local,https://aosrd.org/webinars/,https://aosrd.org/wp-content/uploads/2023/01/14-3-3eta_AOSIM_Final_2023.pdf,available_external,i-q4BtUNVuI,https://youtu.be/i-q4BtUNVuI,available_external,The 14 3 3n Biomarker for Rheumatoid Arthritis with Dr  Nima Mazinani,,,not_checked,not_checked,,,,,,,AOSRD webpage; AOSRD PDF; YouTube video,potentially_new_session,no,potentially_new_session,pdf_available,oembed_author=Clearfield Medical Group; timedtext_list_empty; youtube_player_login_wall_prevents_caption_metadata; published_date/duration not_checked (YouTube player metadata blocked); pass1_match_class_frozen=no_match; otter_candidates=0
aosrd-webinars-196-Td9ybE_W-wU,AOSRD_Clearfield,aosrd_webinars_youtube,"The Role of the Renin-Angiotensin Components in Atherosclerosis with Dr. James Joseph – January 3, 2023(Video)",the role of the renin angiotensin components in atherosclerosis with dr james joseph january 3 2023 video,aosrd-webinars-196-Td9ybE_W-wU,possible,xg4V_A-L8_Ob1jKGBewDTtKzOWg;JAhRYbDDwDsC4em3dazDKyDw4gM,2024-08-13;2025-02-05,Research/lectures/clearfield-webinar-2024-08-13;Research/lectures/clearfield-webinar-2025-02-05,present_local,https://aosrd.org/webinars/,https://aosrd.org/the-role-of-the-renin-angiotensin-components-in-atherosclerosis-with-dr-james-joseph/,available_external,Td9ybE_W-wU,https://youtu.be/Td9ybE_W-wU,available_external,The Role of the Renin Angiotensin System in Atherosclerotic Vascular Disease with Dr  James Joseph,,,not_checked,not_checked,,,,,,,AOSRD webpage; AOSRD PDF; YouTube video,possible_existing_session_representation,yes,unclear,pdf_available,oembed_author=Clearfield Medical Group; timedtext_list_empty; youtube_player_login_wall_prevents_caption_metadata; published_date/duration not_checked (YouTube player metadata blocked); pass1_match_class_frozen=possible; otter_candidates=2; local=otter_transcript_local
aosrd-webinars-197-92sBrfKcyfE,AOSRD_Clearfield,aosrd_webinars_youtube,"Oxytocin to Treat Chronic Disease-Part 2 with Dr. Salaheldin Halasa – December 27, 2022(Video)",oxytocin to treat chronic disease part 2 with dr salaheldin halasa december 27 2022 video,aosrd-webinars-197-92sBrfKcyfE,variant_derivative,EqC6yd4bQDKMl2mpzPURPZu-_Pc;3BvIJDrhEXHdWPee7Ztw2x6EmdE;Zxy20R1uant_QctiZutXLSt-Q-E;b2H7gyjRNmbN0l62XtCzeLPovDE;SdzXWjorAW2NkmSfJoC1PdOzwAE,2024-10-08;2025-12-10;2025-03-25;2025-06-24;2025-05-20,Research/lectures/clearfield-webinar-2024-10-08;Research/lectures/clearfield-webinar-2025-12-10;Research/lectures/clearfield-webinar-2025-03-25;Research/lectures/clearfield-webinar-2025-06-24;Research/lectures/clearfield-webinar-2025-05-20,present_local,https://aosrd.org/webinars/,https://aosrd.org/oxytocin-utilization-in-chronic-disease-management-with-dr-salaheldin-halasa/,available_external,92sBrfKcyfE,https://youtu.be/92sBrfKcyfE,available_external,Oxytocin to Treat Chronic Disease-Part 2 with Dr. Salaheldin Halasa,,,not_checked,not_checked,,,,,,,AOSRD webpage; AOSRD PDF; YouTube video,possible_existing_session_representation,yes,unclear,pdf_available,oembed_author=Clearfield Medical Group; timedtext_list_empty; youtube_player_login_wall_prevents_caption_metadata; published_date/duration not_checked (YouTube player metadata blocked); pass1_match_class_frozen=variant_derivative; otter_candidates=5; local=otter_transcript_local
aosrd-webinars-198-fwLHIoDOipY,AOSRD_Clearfield,aosrd_webinars_youtube,"The Role of Nutrition and Prevention – December 20, 2022(Video)",the role of nutrition and prevention december 20 2022 video,aosrd-webinars-198-fwLHIoDOipY,no_match,,,,present_local,https://aosrd.org/webinars/,https://aosrd.org/wp-content/uploads/2022/12/The-Role-of-Nutrition-and-Prevention-1.pdf,available_external,fwLHIoDOipY,https://youtu.be/fwLHIoDOipY,available_external,The Role of Nutrition in Disease Prevention with Dr  John Swartz,,,not_checked,not_checked,,,,,,,AOSRD webpage; AOSRD PDF; YouTube video,potentially_new_session,no,potentially_new_session,pdf_available,oembed_author=Clearfield Medical Group; timedtext_list_empty; youtube_player_login_wall_prevents_caption_metadata; published_date/duration not_checked (YouTube player metadata blocked); pass1_match_class_frozen=no_match; otter_candidates=0
aosrd-webinars-199-GpYX1_vmLFI,AOSRD_Clearfield,aosrd_webinars_youtube,"Fracture Proof Your Bones-A Comprehensive Guide to Osteoporosis with Dr. John Neustadt – December 14, 2022(Video)",fracture proof your bones a comprehensive guide to osteoporosis with dr john neustadt december 14 2022 video,aosrd-webinars-199-GpYX1_vmLFI,possible,y59a2fEx8UgOiThJHr1w-HcQc1U;GH57wayNAp6iLAYz_3IRSsC5few,2024-08-20;2026-01-07,Research/lectures/clearfield-webinar-2024-08-20;Research/lectures/clearfield-webinar-2026-01-07,present_local,https://aosrd.org/webinars/,https://aosrd.org/fracture-proof-your-bones-a-comprehensive-guide-to-osteoporosis-with-dr-john-neustadt/,available_external,GpYX1_vmLFI,https://youtu.be/GpYX1_vmLFI,available_external,Fracture Proof Your Bones A Comprehensive Guide to Osteoporosis with Dr  John Neustadt,,,not_checked,not_checked,,,,,,,AOSRD webpage; AOSRD PDF; YouTube video,possible_existing_session_representation,yes,unclear,pdf_available,oembed_author=Clearfield Medical Group; timedtext_list_empty; youtube_player_login_wall_prevents_caption_metadata; published_date/duration not_checked (YouTube player metadata blocked); pass1_match_class_frozen=possible; otter_candidates=2; local=otter_transcript_local
aosrd-webinars-200-8vtxAVALprY,AOSRD_Clearfield,aosrd_webinars_youtube,"Integrative Psychiatry, Neurofeedback, and the Treatment Resistant Patient with Dr. John Finnick – December 6, 2022(Video)",integrative psychiatry neurofeedback and the treatment resistant patient with dr john finnick december 6 2022 video,aosrd-webinars-200-8vtxAVALprY,no_match,,,,present_local,https://aosrd.org/webinars/,https://aosrd.org/integrative-psychiatry-neurofeedback-and-the-treatment-resistant-patient-with-dr-john-finnick/,available_external,8vtxAVALprY,https://youtu.be/8vtxAVALprY,available_external,"Integrative Psychiatry, Neurofeedback, and the Treatment Resistant Patient with Dr. John Finnick",,,not_checked,not_checked,,,,,,,AOSRD webpage; AOSRD PDF; YouTube video,potentially_new_session,no,potentially_new_session,pdf_available,oembed_author=Clearfield Medical Group; timedtext_list_empty; youtube_player_login_wall_prevents_caption_metadata; published_date/duration not_checked (YouTube player metadata blocked); pass1_match_class_frozen=no_match; otter_candidates=0
aosrd-webinars-201-8blzjFv9r8I,AOSRD_Clearfield,aosrd_webinars_youtube,"Osteopathic Manipulation in Treating Pain, and Substance Abuse – November 29, 2022(Video)",osteopathic manipulation in treating pain and substance abuse november 29 2022 video,aosrd-webinars-201-8blzjFv9r8I,no_match,,,,present_local,https://aosrd.org/webinars/,https://aosrd.org/osteopathic-manipulation-in-pain-and-substance-abuse/,available_external,8blzjFv9r8I,https://youtu.be/8blzjFv9r8I,available_external,"Osteopathic Manipulation in Treating Pain, and Substance Abuse",,,not_checked,not_checked,,,,,,,AOSRD webpage; AOSRD PDF; YouTube video,potentially_new_session,no,potentially_new_session,pdf_available,oembed_author=Clearfield Medical Group; timedtext_list_empty; youtube_player_login_wall_prevents_caption_metadata; published_date/duration not_checked (YouTube player metadata blocked); pass1_match_class_frozen=no_match; otter_candidates=0
aosrd-webinars-202-x6BIrL8qmzk,AOSRD_Clearfield,aosrd_webinars_youtube,"Oxytocin Utilization in Chronic Disease Management with Dr. Salaheldin Halasa – November 23, 2022(Video)",oxytocin utilization in chronic disease management with dr salaheldin halasa november 23 2022 video,aosrd-webinars-202-x6BIrL8qmzk,possible,GUt4yZgCp4lNVboAnJBHNMsHO7A;EqC6yd4bQDKMl2mpzPURPZu-_Pc,2025-05-06;2024-10-08,Research/lectures/clearfield-webinar-2025-05-06;Research/lectures/clearfield-webinar-2024-10-08,present_local,https://aosrd.org/webinars/,https://aosrd.org/oxytocin-utilization-in-chronic-disease-management-with-dr-salaheldin-halasa/,available_external,x6BIrL8qmzk,https://youtu.be/x6BIrL8qmzk,available_external,Oxytocin Utilization in Chronic Disease Management with Dr. Salaheldin Halasa,,,not_checked,not_checked,,,,,,,AOSRD webpage; AOSRD PDF; YouTube video,possible_existing_session_representation,yes,unclear,pdf_available,oembed_author=Clearfield Medical Group; timedtext_list_empty; youtube_player_login_wall_prevents_caption_metadata; published_date/duration not_checked (YouTube player metadata blocked); pass1_match_class_frozen=possible; otter_candidates=2; local=otter_transcript_local
aosrd-webinars-203-4u_3c_lFUzs,AOSRD_Clearfield,aosrd_webinars_youtube,"Type-1 Diabetes Outcomes, Therapies, and Future Innovations with Dr. Andrew Koutnik – November 8, 2022(Video)",type 1 diabetes outcomes therapies and future innovations with dr andrew koutnik november 8 2022 video,aosrd-webinars-203-4u_3c_lFUzs,possible,j3HjVUuBV5gnR4KrCUuXOZEnPm0,2025-10-14,Research/lectures/clearfield-webinar-2025-10-14,present_local,https://aosrd.org/webinars/,https://aosrd.org/type-1-diabetes-outcomes-therapies-and-future-innovations-with-dr-andrew-koutnik/,available_external,4u_3c_lFUzs,https://youtu.be/4u_3c_lFUzs,available_external,"Type 1 Diabetes Outcomes, Therapies, and Future Innovations with Dr  Andrew Koutnik",,,not_checked,not_checked,,,,,,,AOSRD webpage; AOSRD PDF; YouTube video,possible_existing_session_representation,yes,unclear,pdf_available,oembed_author=Clearfield Medical Group; timedtext_list_empty; youtube_player_login_wall_prevents_caption_metadata; published_date/duration not_checked (YouTube player metadata blocked); pass1_match_class_frozen=possible; otter_candidates=1; local=otter_transcript_local
aosrd-webinars-204-Qy2mrgSpVNg,AOSRD_Clearfield,aosrd_webinars_youtube,"The Positive Side of the Plummeting Health Index in America with Dr. Mark Lafferty – November 1, 2022(Video)",the positive side of the plummeting health index in america with dr mark lafferty november 1 2022 video,aosrd-webinars-204-Qy2mrgSpVNg,possible,qwUT3cyV7gYvn34XQtrA84mAbiI;P1FgRy3FvTrrNYsXISdsJKJeiEg;Zxy20R1uant_QctiZutXLSt-Q-E,2024-11-20;2024-11-06;2025-03-25,Research/lectures/clearfield-webinar-2024-11-20;Research/lectures/clearfield-webinar-2024-11-06;Research/lectures/clearfield-webinar-2025-03-25,present_local,https://aosrd.org/webinars/,https://aosrd.org/the-positive-side-of-the-plummeting-health-index-in-america/,available_external,Qy2mrgSpVNg,https://youtu.be/Qy2mrgSpVNg,available_external,The Positive Side of the Plummeting Health Index in America with Dr  Mark Lafferty,,,not_checked,not_checked,,,,,,,AOSRD webpage; AOSRD PDF; YouTube video,possible_existing_session_representation,yes,unclear,pdf_available,oembed_author=Clearfield Medical Group; timedtext_list_empty; youtube_player_login_wall_prevents_caption_metadata; published_date/duration not_checked (YouTube player metadata blocked); pass1_match_class_frozen=possible; otter_candidates=3; local=otter_transcript_local
aosrd-webinars-205-no_id,AOSRD_Clearfield,aosrd_webinars_vimeo,"Prostate Community Trial A Global Community Trial for the Treatment of Prostate Enlargement and Prostate Cancer with Stefan Hartmann PA-C and Manual – October 25, 2022(Video)",prostate community trial a global community trial for the treatment of prostate enlargement and prostate cancer with stefan hartmann pa c and manual october 25 2022 video,aosrd-webinars-205-no_id,,,,,present_local,https://aosrd.org/webinars/,https://aosrd.org/prostate-community-trial-a-global-community-trial-for-the-treatment-of-prostate-enlargement-and-prostate-cancer-with-stefan-hartmann-pa-c-and-manual/,available_external,,,,,,,,,https://vimeo.com/765242781,available_external,not_checked,,,,AOSRD webpage; AOSRD PDF; Vimeo video,unclear,no,unclear,pdf_available,vimeo_page_reachable; captions_not_verified
aosrd-webinars-206-Inw1HrqQfaQ,AOSRD_Clearfield,aosrd_webinars_youtube,Intervegrated Interventional Radiology by Dr. Brian Evans (Video),intervegrated interventional radiology by dr brian evans video,aosrd-webinars-206-Inw1HrqQfaQ,no_match,,,,present_local,https://aosrd.org/webinars/,,,Inw1HrqQfaQ,https://youtu.be/Inw1HrqQfaQ,available_external,Intervegrated Interventional Radiology by Dr. Brian Evans,,,not_checked,not_checked,,,,,,,AOSRD webpage; YouTube video,potentially_new_session,no,potentially_new_session,not_checked,oembed_author=Clearfield Medical Group; timedtext_list_empty; youtube_player_login_wall_prevents_caption_metadata; published_date/duration not_checked (YouTube player metadata blocked); pass1_match_class_frozen=no_match; otter_candidates=0
aosrd-webinars-207-0cBElywMkUY,AOSRD_Clearfield,aosrd_webinars_youtube,"Plasmalogens, Brain Health, and Longevity-What Every Integrative and Osteopathic Physician Needs to Know by Dr. Dayan Goodenowe Tuesday October 11, 2022 (Video)",plasmalogens brain health and longevity what every integrative and osteopathic physician needs to know by dr dayan goodenowe tuesday october 11 2022 video,aosrd-webinars-207-0cBElywMkUY,possible,vjcply7K-rJtWMYGKgD39abIq9E;ZdpkFb1zUrwSD134tv35ZcrcaI8;HY-sCmihzh3EJ69WWVwlTT0Ri6s,2024-11-27;2025-07-29;2025-11-26,Research/lectures/clearfield-webinar-2024-11-27;Research/lectures/clearfield-webinar-2025-07-29;Research/lectures/clearfield-webinar-2025-11-26,present_local,https://aosrd.org/webinars/,https://aosrd.org/plasmalogens-brain-health-and-longevity-what-every-integrative-and-osteopathic-physician-needs-to-know-by-dr-dayan-goodenowe/,available_external,0cBElywMkUY,https://youtu.be/0cBElywMkUY,available_external,"Plasmalogens, Brain Health, and Longevity What Every Integrative and Osteopathic Physician",,,not_checked,not_checked,,,,,,,AOSRD webpage; AOSRD PDF; YouTube video,possible_existing_session_representation,yes,unclear,pdf_available,oembed_author=Clearfield Medical Group; timedtext_list_empty; youtube_player_login_wall_prevents_caption_metadata; published_date/duration not_checked (YouTube player metadata blocked); pass1_match_class_frozen=possible; otter_candidates=3; local=otter_transcript_local
aosrd-webinars-208-6jbaJncCJOY,AOSRD_Clearfield,aosrd_webinars_youtube,"Teaching Physician About Radon with Chris Kelly, Radon Program Officer, Universit of Nevada, Reno September 27, 2022 (Video)",teaching physician about radon with chris kelly radon program officer universit of nevada reno september 27 2022 video,aosrd-webinars-208-6jbaJncCJOY,possible,sLBIeA_Jmb8LAaQrgfDavdK3onA,2025-10-28,Research/lectures/clearfield-webinar-2025-10-28,present_local,https://aosrd.org/webinars/,,,6jbaJncCJOY,https://youtu.be/6jbaJncCJOY,available_external,"Teaching Physician About Radon with Chris Kelly, Radon Program Officer, Universit of Nevada, Reno",,,not_checked,not_checked,,,,,,,AOSRD webpage; YouTube video,possible_existing_session_representation,yes,unclear,not_checked,oembed_author=Clearfield Medical Group; timedtext_list_empty; youtube_player_login_wall_prevents_caption_metadata; published_date/duration not_checked (YouTube player metadata blocked); pass1_match_class_frozen=possible; otter_candidates=1; local=otter_transcript_local
aosrd-webinars-209-728P3vA7hsU,AOSRD_Clearfield,aosrd_webinars_youtube,"Molds, Mycotoxins and the Brain-An Evidenced Based Presentation by Dr. Andrew Campbell (Video)",molds mycotoxins and the brain an evidenced based presentation by dr andrew campbell video,aosrd-webinars-209-728P3vA7hsU,possible,hFcw5MS7FSAuXJGFcnPHqL6j1gM;v3Md09l1C_mz3hrDPWngln5SYQw,2025-01-22;2025-09-09,Research/lectures/clearfield-webinar-2025-01-22;Research/lectures/clearfield-webinar-2025-09-09,present_local,https://aosrd.org/webinars/,https://aosrd.org/molds-mycotoxins-and-the-brain-an-evidenced-based-presentation-by-dr-andrew-campbell/,available_external,728P3vA7hsU,https://youtu.be/728P3vA7hsU,available_external,"Molds, Mycotoxins and the Brain-An Evidenced Based Presentation by Dr. Andrew Campbell",,,not_checked,not_checked,,,,,,,AOSRD webpage; AOSRD PDF; YouTube video,possible_existing_session_representation,yes,unclear,pdf_available,oembed_author=Clearfield Medical Group; timedtext_list_empty; youtube_player_login_wall_prevents_caption_metadata; published_date/duration not_checked (YouTube player metadata blocked); pass1_match_class_frozen=possible; otter_candidates=2; local=otter_transcript_local
aosrd-webinars-210-cTMj6l8otsA,AOSRD_Clearfield,aosrd_webinars_youtube,Muscle Testing with Dr. Clyde Porter (Video),muscle testing with dr clyde porter video,aosrd-webinars-210-cTMj6l8otsA,no_match,,,,present_local,https://aosrd.org/webinars/,,,cTMj6l8otsA,https://www.youtube.com/watch?v=cTMj6l8otsA,available_external,Muscle Testing with Dr. Clyde Porter,,,not_checked,not_checked,,,,,,,AOSRD webpage; YouTube video,potentially_new_session,no,potentially_new_session,not_checked,oembed_author=Clearfield Medical Group; timedtext_list_empty; youtube_player_login_wall_prevents_caption_metadata; published_date/duration not_checked (YouTube player metadata blocked); pass1_match_class_frozen=no_match; otter_candidates=0
aosrd-webinars-211-xXkcEzAgITI,AOSRD_Clearfield,aosrd_webinars_youtube,Brain Omega-The Connection Between Vision and Cognition by Dr. Michael Nelson (Video),brain omega the connection between vision and cognition by dr michael nelson video,aosrd-webinars-211-xXkcEzAgITI,possible,ykfPBSHSL3meBk4yGojbTxMVIpA,2024-10-22,Research/lectures/clearfield-webinar-2024-10-22,present_local,https://aosrd.org/webinars/,,,xXkcEzAgITI,https://youtu.be/xXkcEzAgITI,available_external,Brain Omega The Connection Between Vision and Cognition by Dr  Mchael Nelson,,,not_checked,not_checked,,,,,,,AOSRD webpage; YouTube video,possible_existing_session_representation,yes,unclear,not_checked,oembed_author=Clearfield Medical Group; timedtext_list_empty; youtube_player_login_wall_prevents_caption_metadata; published_date/duration not_checked (YouTube player metadata blocked); pass1_match_class_frozen=possible; otter_candidates=1; local=otter_transcript_local
aosrd-webinars-212-11lqZNd_70Q,AOSRD_Clearfield,aosrd_webinars_youtube,"Menopause, Hormones, and Brain Health wih Dr Felice Gersh (Video)",menopause hormones and brain health wih dr felice gersh video,aosrd-webinars-212-11lqZNd_70Q,possible,OL_Ukp1RYjVvnjsMHnF2eXCXDC8,2024-10-01,Research/lectures/clearfield-webinar-2024-10-01,present_local,https://aosrd.org/webinars/,,,11lqZNd_70Q,https://www.youtube.com/watch?v=11lqZNd_70Q,available_external,"Menopause, Hormones, and Brain Health wih Dr  Felice Gersh",,,not_checked,not_checked,,,,,,,AOSRD webpage; YouTube video,possible_existing_session_representation,yes,unclear,not_checked,oembed_author=Clearfield Medical Group; timedtext_list_empty; youtube_player_login_wall_prevents_caption_metadata; published_date/duration not_checked (YouTube player metadata blocked); pass1_match_class_frozen=possible; otter_candidates=1; local=otter_transcript_local
aosrd-webinars-213-npC7R8AeoV8,AOSRD_Clearfield,aosrd_webinars_youtube,Depression by Dr. Ron Centric (Video),depression by dr ron centric video,aosrd-webinars-213-npC7R8AeoV8,no_match,,,,present_local,https://aosrd.org/webinars/,,,npC7R8AeoV8,https://www.youtube.com/watch?v=npC7R8AeoV8,available_external,Depression by Dr. Ron Centric,,,not_checked,not_checked,,,,,,,AOSRD webpage; YouTube video,potentially_new_session,no,potentially_new_session,not_checked,oembed_author=Clearfield Medical Group; timedtext_list_empty; youtube_player_login_wall_prevents_caption_metadata; published_date/duration not_checked (YouTube player metadata blocked); pass1_match_class_frozen=no_match; otter_candidates=0
aosrd-webinars-214-Zf7hlrZ7Ljo,AOSRD_Clearfield,aosrd_webinars_youtube,Gut-Brain Connection by Dr. Brad Watts (Video),gut brain connection by dr brad watts video,aosrd-webinars-214-Zf7hlrZ7Ljo,no_match,,,,present_local,https://aosrd.org/webinars/,https://aosrd.org/wp-content/uploads/2022/08/Clinical-Manifestations-on-Gut-Brain-Connections.pdf,available_external,Zf7hlrZ7Ljo,https://youtu.be/Zf7hlrZ7Ljo,available_external,Gut-Brain Connection by Dr. Brad Watts,,,not_checked,not_checked,,,,,,,AOSRD webpage; AOSRD PDF; YouTube video,potentially_new_session,no,potentially_new_session,pdf_available,oembed_author=Clearfield Medical Group; timedtext_list_empty; youtube_player_login_wall_prevents_caption_metadata; published_date/duration not_checked (YouTube player metadata blocked); pass1_match_class_frozen=no_match; otter_candidates=0
aosrd-webinars-215-P0N8GWKt-VM,AOSRD_Clearfield,aosrd_webinars_youtube,Medical Cannibis for Chronic Pain-Hype or Reality by Dr. Mikhail Kogan (Video),medical cannibis for chronic pain hype or reality by dr mikhail kogan video,aosrd-webinars-215-P0N8GWKt-VM,no_match,,,,present_local,https://aosrd.org/webinars/,,,P0N8GWKt-VM,https://youtu.be/P0N8GWKt-VM,available_external,Medical Cannibis for Chronic Pain-Hype or Reality by Dr. Mikhail Kogan,,,not_checked,not_checked,,,,,,,AOSRD webpage; YouTube video,potentially_new_session,no,potentially_new_session,not_checked,oembed_author=Clearfield Medical Group; timedtext_list_empty; youtube_player_login_wall_prevents_caption_metadata; published_date/duration not_checked (YouTube player metadata blocked); pass1_match_class_frozen=no_match; otter_candidates=0
aosrd-webinars-216-aCTMwsJz6ZY,AOSRD_Clearfield,aosrd_webinars_youtube,Stress Devil or Angel by Dr Mikhail Berman (Video),stress devil or angel by dr mikhail berman video,aosrd-webinars-216-aCTMwsJz6ZY,no_match,,,,present_local,https://aosrd.org/webinars/,,,aCTMwsJz6ZY,https://youtu.be/aCTMwsJz6ZY,available_external,Stress Devil or Angel by Dr  Mikhail Berman,,,not_checked,not_checked,,,,,,,AOSRD webpage; YouTube video,potentially_new_session,no,potentially_new_session,not_checked,oembed_author=Clearfield Medical Group; timedtext_list_empty; youtube_player_login_wall_prevents_caption_metadata; published_date/duration not_checked (YouTube player metadata blocked); pass1_match_class_frozen=no_match; otter_candidates=0
aosrd-webinars-217-vNgGCNkgzTA,AOSRD_Clearfield,aosrd_webinars_youtube,Whole Body Detox by Bob Greska and Erica Kahn (Video),whole body detox by bob greska and erica kahn video,aosrd-webinars-217-vNgGCNkgzTA,possible,hxlUjPAXSClySIs4HN1P0CWe_Qk,2026-06-16,Research/lectures/clearfield-webinar-2026-06-16,present_local,https://aosrd.org/webinars/,,,vNgGCNkgzTA,https://youtu.be/vNgGCNkgzTA,available_external,Whole Body Detox by Bob Greska and Erica Kahn,,,not_checked,not_checked,,,,,,,AOSRD webpage; YouTube video,possible_existing_session_representation,yes,unclear,not_checked,oembed_author=Clearfield Medical Group; timedtext_list_empty; youtube_player_login_wall_prevents_caption_metadata; published_date/duration not_checked (YouTube player metadata blocked); pass1_match_class_frozen=possible; otter_candidates=1; local=otter_transcript_local
aosrd-webinars-218-fCe8O3iWFJI,AOSRD_Clearfield,aosrd_webinars_youtube,Hashimoto’s Thyroiditis by Dr. Pam Smith. Date: 7/19/2022 (Video),hashimoto s thyroiditis by dr pam smith date 7 19 2022 video,aosrd-webinars-218-fCe8O3iWFJI,no_match,,,,present_local,https://aosrd.org/webinars/,,,fCe8O3iWFJI,https://youtu.be/fCe8O3iWFJI,available_external,Hashimoto's Thyroiditis Dr  Pam Smith,,,not_checked,not_checked,,,,,,,AOSRD webpage; YouTube video,potentially_new_session,no,potentially_new_session,not_checked,oembed_author=Clearfield Medical Group; timedtext_list_empty; youtube_player_login_wall_prevents_caption_metadata; published_date/duration not_checked (YouTube player metadata blocked); pass1_match_class_frozen=no_match; otter_candidates=0
aosrd-webinars-219-4w6nt-jqz4s,AOSRD_Clearfield,aosrd_webinars_youtube,The Importance of the Upper Cervical Spine The Atlas Orthogonal Perspective by Dr. Dennis Harding (Video),the importance of the upper cervical spine the atlas orthogonal perspective by dr dennis harding video,aosrd-webinars-219-4w6nt-jqz4s,no_match,,,,present_local,https://aosrd.org/webinars/,,,4w6nt-jqz4s,https://youtu.be/4w6nt-jqz4s,available_external,The Importance of the Upper Cervical Spine The Atlas Orthogonal Perspective by Dr  Dennis Harding,,,not_checked,not_checked,,,,,,,AOSRD webpage; YouTube video,potentially_new_session,no,potentially_new_session,not_checked,oembed_author=Clearfield Medical Group; timedtext_list_empty; youtube_player_login_wall_prevents_caption_metadata; published_date/duration not_checked (YouTube player metadata blocked); pass1_match_class_frozen=no_match; otter_candidates=0
aosrd-webinars-220-SDvhsZzb6dk,AOSRD_Clearfield,aosrd_webinars_youtube,Micronutrients in Chronic Disease States by Dr. Kedar Prasad (Video),micronutrients in chronic disease states by dr kedar prasad video,aosrd-webinars-220-SDvhsZzb6dk,no_match,,,,present_local,https://aosrd.org/webinars/,,,SDvhsZzb6dk,https://youtu.be/SDvhsZzb6dk,available_external,Micronutrients in Chronic Disease States by Dr  Kedar Prasad,,,not_checked,not_checked,,,,,,,AOSRD webpage; YouTube video,potentially_new_session,no,potentially_new_session,not_checked,oembed_author=Clearfield Medical Group; timedtext_list_empty; youtube_player_login_wall_prevents_caption_metadata; published_date/duration not_checked (YouTube player metadata blocked); pass1_match_class_frozen=no_match; otter_candidates=0
aosrd-webinars-221-MmQQQCArvdc,AOSRD_Clearfield,aosrd_webinars_youtube,"Hashimoto’s Thyroiditis by Salaheldin Halasa, MD (Video)",hashimoto s thyroiditis by salaheldin halasa md video,aosrd-webinars-221-MmQQQCArvdc,possible,xg4V_A-L8_Ob1jKGBewDTtKzOWg;SdzXWjorAW2NkmSfJoC1PdOzwAE;b2H7gyjRNmbN0l62XtCzeLPovDE,2024-08-13;2025-05-20;2025-06-24,Research/lectures/clearfield-webinar-2024-08-13;Research/lectures/clearfield-webinar-2025-05-20;Research/lectures/clearfield-webinar-2025-06-24,present_local,https://aosrd.org/webinars/,,,MmQQQCArvdc,https://youtu.be/MmQQQCArvdc,available_external,"Hashimoto's Thyroiditis by Salaheldin Halasa, MD",,,not_checked,not_checked,,,,,,,AOSRD webpage; YouTube video,possible_existing_session_representation,yes,unclear,not_checked,oembed_author=Clearfield Medical Group; timedtext_list_empty; youtube_player_login_wall_prevents_caption_metadata; published_date/duration not_checked (YouTube player metadata blocked); pass1_match_class_frozen=possible; otter_candidates=3; local=otter_transcript_local
aosrd-webinars-222-7VK4bSpD9t8,AOSRD_Clearfield,aosrd_webinars_youtube,Introduction to Bioidentical Hormones by Dr. William Clearfield (Video),introduction to bioidentical hormones by dr william clearfield video,aosrd-webinars-222-7VK4bSpD9t8,possible,OlXuXl73V1RAQ4bVYXoakDZMRnU,2026-04-07,Research/lectures/clearfield-webinar-2026-04-07,present_local,https://aosrd.org/webinars/,,,7VK4bSpD9t8,https://youtu.be/7VK4bSpD9t8,available_external,Introduction to Bioidentical Hormones by Dr  William Clearfield,,,not_checked,not_checked,,,,,,,AOSRD webpage; YouTube video,possible_existing_session_representation,yes,unclear,not_checked,oembed_author=Clearfield Medical Group; timedtext_list_empty; youtube_player_login_wall_prevents_caption_metadata; published_date/duration not_checked (YouTube player metadata blocked); pass1_match_class_frozen=possible; otter_candidates=1; local=otter_transcript_local
aosrd-webinars-223-YUkfwX92wGw,AOSRD_Clearfield,aosrd_webinars_youtube,Interleukin-6 The Key to Inflammation by Dr. James Joseph (Video),interleukin 6 the key to inflammation by dr james joseph video,aosrd-webinars-223-YUkfwX92wGw,possible,xg4V_A-L8_Ob1jKGBewDTtKzOWg;JAhRYbDDwDsC4em3dazDKyDw4gM,2024-08-13;2025-02-05,Research/lectures/clearfield-webinar-2024-08-13;Research/lectures/clearfield-webinar-2025-02-05,present_local,https://aosrd.org/webinars/,,,YUkfwX92wGw,https://youtu.be/YUkfwX92wGw,available_external,Interleukin 6 The Key to Inflammation by Dr  James Joseph,,,not_checked,not_checked,,,,,,,AOSRD webpage; YouTube video,possible_existing_session_representation,yes,unclear,not_checked,oembed_author=Clearfield Medical Group; timedtext_list_empty; youtube_player_login_wall_prevents_caption_metadata; published_date/duration not_checked (YouTube player metadata blocked); pass1_match_class_frozen=possible; otter_candidates=2; local=otter_transcript_local
aosrd-webinars-224-qORv5ARtglk,AOSRD_Clearfield,aosrd_webinars_youtube,The Future of Biological Dentistry: Where Do We Go from Here? with Dr. Scott Chandler (Video),the future of biological dentistry where do we go from here with dr scott chandler video,aosrd-webinars-224-qORv5ARtglk,no_match,,,,present_local,https://aosrd.org/webinars/,https://aosrd.org/wp-content/uploads/2022/06/The-Future-of-Biological-Dentistry-by-Dr-Scott-Chandler.pdf,available_external,qORv5ARtglk,https://youtu.be/qORv5ARtglk,available_external,The Future of Biological Dentistry by Dr Scott Chandler,,,not_checked,not_checked,,,,,,,AOSRD webpage; AOSRD PDF; YouTube video,potentially_new_session,no,potentially_new_session,pdf_available,oembed_author=Clearfield Medical Group; timedtext_list_empty; youtube_player_login_wall_prevents_caption_metadata; published_date/duration not_checked (YouTube player metadata blocked); pass1_match_class_frozen=no_match; otter_candidates=0
aosrd-webinars-225-UU98xo0Fl_s,AOSRD_Clearfield,aosrd_webinars_youtube,"Substance Abuse in OMT, PMR, and Pain Management Medicine with Dr. David Leszkovitz (Video)",substance abuse in omt pmr and pain management medicine with dr david leszkovitz video,aosrd-webinars-225-UU98xo0Fl_s,no_match,,,,present_local,https://aosrd.org/webinars/,,,UU98xo0Fl_s,https://youtu.be/UU98xo0Fl_s,available_external,"Substance Abuse in OMT, PMR, and Pain Management Medicine with Dr. David Leszkovitz",,,not_checked,not_checked,,,,,,,AOSRD webpage; YouTube video,potentially_new_session,no,potentially_new_session,not_checked,oembed_author=Clearfield Medical Group; timedtext_list_empty; youtube_player_login_wall_prevents_caption_metadata; published_date/duration not_checked (YouTube player metadata blocked); pass1_match_class_frozen=no_match; otter_candidates=0
aosrd-webinars-226-no_id,AOSRD_Clearfield,aosrd_webinars_vimeo,The Courage to Face Covid-19 By Dr. Peter Mccullough (Video),the courage to face covid 19 by dr peter mccullough video,aosrd-webinars-226-no_id,,,,,present_local,https://aosrd.org/webinars/,https://aosrd.org/the-courage-to-face-covid-with-dr-peter-mccullough-2/,available_external,,,,,,,,,https://vimeo.com/714014007,available_external,not_checked,,,,AOSRD webpage; AOSRD PDF; Vimeo video,unclear,no,unclear,pdf_available,vimeo_page_reachable; captions_not_verified
aosrd-webinars-227-FNuUgbmOf44,AOSRD_Clearfield,aosrd_webinars_youtube,Discovering the Path to Health by Dr. Mark Lafferty (Video),discovering the path to health by dr mark lafferty video,aosrd-webinars-227-FNuUgbmOf44,no_match,,,,present_local,https://aosrd.org/webinars/,,,FNuUgbmOf44,https://youtu.be/FNuUgbmOf44,available_external,Discovering the Path to Health by Dr. Mark Lafferty,,,not_checked,not_checked,,,,,,,AOSRD webpage; YouTube video,potentially_new_session,no,potentially_new_session,not_checked,oembed_author=Clearfield Medical Group; timedtext_list_empty; youtube_player_login_wall_prevents_caption_metadata; published_date/duration not_checked (YouTube player metadata blocked); pass1_match_class_frozen=no_match; otter_candidates=0
aosrd-webinars-228-YApM3jxDJuc,AOSRD_Clearfield,aosrd_webinars_youtube,The Role of Angiotensin-Converting Enzyme 2 in Sars-CoV 2 by Dr. Halasa,the role of angiotensin converting enzyme 2 in sars cov 2 by dr halasa,aosrd-webinars-228-YApM3jxDJuc,no_match,,,,present_local,https://aosrd.org/webinars/,,,YApM3jxDJuc,https://youtu.be/YApM3jxDJuc,available_external,The Role of Angiotensin-Converting Enzyme 2 in Sars-CoV 2 by Dr. Halasa,,,not_checked,not_checked,,,,,,,AOSRD webpage; YouTube video,potentially_new_session,no,potentially_new_session,not_checked,oembed_author=Clearfield Medical Group; timedtext_list_empty; youtube_player_login_wall_prevents_caption_metadata; published_date/duration not_checked (YouTube player metadata blocked); pass1_match_class_frozen=no_match; otter_candidates=0
aosrd-webinars-229-no_id,AOSRD_Clearfield,aosrd_webinars_vimeo,Pathophysiologic Rationale for Early Treatment of COVID-19 with Dr. Peter McCoullough,pathophysiologic rationale for early treatment of covid 19 with dr peter mccoullough,aosrd-webinars-229-no_id,,,,,present_local,https://aosrd.org/webinars/,,,,,,,,,,,https://vimeo.com/708132620/fdbff70b66,available_external,not_checked,,,,AOSRD webpage; Vimeo video,unclear,no,unclear,none_identified,vimeo_page_reachable; captions_not_verified
aosrd-webinars-230-P7DyhMvm0SA,AOSRD_Clearfield,aosrd_webinars_youtube,Anti-Aging Medicine with Dr. Mikhail Berman (Video),anti aging medicine with dr mikhail berman video,aosrd-webinars-230-P7DyhMvm0SA,no_match,,,,present_local,https://aosrd.org/webinars/,https://aosrd.org/anti-aging-medicine-with-dr-mikhail-berman/,available_external,P7DyhMvm0SA,https://youtu.be/P7DyhMvm0SA,available_external,Anti Aging Medicine The Art of Aging Gracefully,,,not_checked,not_checked,,,,,,,AOSRD webpage; AOSRD PDF; YouTube video,potentially_new_session,no,potentially_new_session,pdf_available,oembed_author=Clearfield Medical Group; timedtext_list_empty; youtube_player_login_wall_prevents_caption_metadata; published_date/duration not_checked (YouTube player metadata blocked); pass1_match_class_frozen=no_match; otter_candidates=0
aosrd-webinars-231-HNjzfx3w6U4,AOSRD_Clearfield,aosrd_webinars_youtube,US Canada Hormone Conference Progesterone (Video),us canada hormone conference progesterone video,aosrd-webinars-231-HNjzfx3w6U4,no_match,,,,present_local,https://aosrd.org/webinars/,,,HNjzfx3w6U4,https://youtu.be/HNjzfx3w6U4,available_external,US Canada Hormone Conference Progesterone,,,not_checked,not_checked,,,,,,,AOSRD webpage; YouTube video,potentially_new_session,no,potentially_new_session,not_checked,oembed_author=Clearfield Medical Group; timedtext_list_empty; youtube_player_login_wall_prevents_caption_metadata; published_date/duration not_checked (YouTube player metadata blocked); pass1_match_class_frozen=no_match; otter_candidates=0
aosrd-webinars-232-rqFCphSMW1o,AOSRD_Clearfield,aosrd_webinars_youtube,Integrative Medicine and the Law by Judge Egan Walker (Video),integrative medicine and the law by judge egan walker video,aosrd-webinars-232-rqFCphSMW1o,no_match,,,,present_local,https://aosrd.org/webinars/,https://aosrd.org/integrative-medicine-and-the-law-by-judge-egan-walker/,available_external,rqFCphSMW1o,https://youtu.be/rqFCphSMW1o,available_external,Integrative Medicine and the Law by Judge Egan Walker,,,not_checked,not_checked,,,,,,,AOSRD webpage; AOSRD PDF; YouTube video,potentially_new_session,no,potentially_new_session,pdf_available,oembed_author=Clearfield Medical Group; timedtext_list_empty; youtube_player_login_wall_prevents_caption_metadata; published_date/duration not_checked (YouTube player metadata blocked); pass1_match_class_frozen=no_match; otter_candidates=0
aosrd-webinars-233-GFCg9tySvGI,AOSRD_Clearfield,aosrd_webinars_youtube,"New Horizons in Cancer Treatment by Kalapana Patel, MD (Video)",new horizons in cancer treatment by kalapana patel md video,aosrd-webinars-233-GFCg9tySvGI,no_match,,,,present_local,https://aosrd.org/webinars/,https://aosrd.org/new-horizons-in-cancer-treatment-kalapana-patel-md/,available_external,GFCg9tySvGI,https://youtu.be/GFCg9tySvGI,available_external,"New Horizons in Cancer Treatment by Kalapana Patel, MD",,,not_checked,not_checked,,,,,,,AOSRD webpage; AOSRD PDF; YouTube video,potentially_new_session,no,potentially_new_session,pdf_available,oembed_author=Clearfield Medical Group; timedtext_list_empty; youtube_player_login_wall_prevents_caption_metadata; published_date/duration not_checked (YouTube player metadata blocked); pass1_match_class_frozen=no_match; otter_candidates=0
aosrd-webinars-234-5xpAcQ8J7hE,AOSRD_Clearfield,aosrd_webinars_youtube,"Frequency Specific Microcurrent by Carol McMakin, MA,DC (Video)",frequency specific microcurrent by carol mcmakin ma dc video,aosrd-webinars-234-5xpAcQ8J7hE,no_match,,,,present_local,https://aosrd.org/webinars/,https://aosrd.org/frequency-specific-microcurrent-by-carol-mcmakin-madc/,available_external,5xpAcQ8J7hE,https://youtu.be/5xpAcQ8J7hE,available_external,"Frequency Specific Microcurrent by Carol McMakin, MA,DC",,,not_checked,not_checked,,,,,,,AOSRD webpage; AOSRD PDF; YouTube video,potentially_new_session,no,potentially_new_session,pdf_available,oembed_author=Clearfield Medical Group; timedtext_list_empty; youtube_player_login_wall_prevents_caption_metadata; published_date/duration not_checked (YouTube player metadata blocked); pass1_match_class_frozen=no_match; otter_candidates=0
aosrd-webinars-235-4ErgdNqYbRc,AOSRD_Clearfield,aosrd_webinars_youtube,Integrative Immuno Oncology Part 2 by Dr. Salaheldin Halasa (Video),integrative immuno oncology part 2 by dr salaheldin halasa video,aosrd-webinars-235-4ErgdNqYbRc,variant_derivative,SdzXWjorAW2NkmSfJoC1PdOzwAE;b2H7gyjRNmbN0l62XtCzeLPovDE;JAhRYbDDwDsC4em3dazDKyDw4gM,2025-05-20;2025-06-24;2025-02-05,Research/lectures/clearfield-webinar-2025-05-20;Research/lectures/clearfield-webinar-2025-06-24;Research/lectures/clearfield-webinar-2025-02-05,present_local,https://aosrd.org/webinars/,https://aosrd.org/integrative-immuno-oncology-salaheldin-halasa-md/,available_external,4ErgdNqYbRc,https://youtu.be/4ErgdNqYbRc,available_external,Immuno Oncology Part 2 by Dr. Salaheldin Halasa,,,not_checked,not_checked,,,,,,,AOSRD webpage; AOSRD PDF; YouTube video,possible_existing_session_representation,yes,unclear,pdf_available,oembed_author=Clearfield Medical Group; timedtext_list_empty; youtube_player_login_wall_prevents_caption_metadata; published_date/duration not_checked (YouTube player metadata blocked); pass1_match_class_frozen=variant_derivative; otter_candidates=3; local=otter_transcript_local
aosrd-webinars-236-JdOL-00shnA,AOSRD_Clearfield,aosrd_webinars_youtube,"Chronic Fatigue Syndrome by Dr. Jacob Teitelbaum March 15, 2022 (Video)",chronic fatigue syndrome by dr jacob teitelbaum march 15 2022 video,aosrd-webinars-236-JdOL-00shnA,possible,eEDmdeOTNokKYKUadQuO_9gDjuo,2026-02-25,Research/lectures/clearfield-webinar-2026-02-25,present_local,https://aosrd.org/webinars/,https://aosrd.org/chronic-fatigue-syndrome/,available_external,JdOL-00shnA,https://youtu.be/JdOL-00shnA,available_external,Chronic Fatigue Syndrome Dr  Jacob Teitelbaum,,,not_checked,not_checked,,,,,,,AOSRD webpage; AOSRD PDF; YouTube video,possible_existing_session_representation,yes,unclear,pdf_available,oembed_author=Clearfield Medical Group; timedtext_list_empty; youtube_player_login_wall_prevents_caption_metadata; published_date/duration not_checked (YouTube player metadata blocked); pass1_match_class_frozen=possible; otter_candidates=1; local=otter_transcript_local
aosrd-webinars-237-p59K6kGBP-Y,AOSRD_Clearfield,aosrd_webinars_youtube,Integrative Immuno Oncology by Dr. Salaheldin Halasa (Video),integrative immuno oncology by dr salaheldin halasa video,aosrd-webinars-237-p59K6kGBP-Y,possible,b2H7gyjRNmbN0l62XtCzeLPovDE;SdzXWjorAW2NkmSfJoC1PdOzwAE,2025-06-24;2025-05-20,Research/lectures/clearfield-webinar-2025-06-24;Research/lectures/clearfield-webinar-2025-05-20,present_local,https://aosrd.org/webinars/,https://aosrd.org/integrative-immuno-oncology-salaheldin-halasa-md/,available_external,p59K6kGBP-Y,https://youtu.be/p59K6kGBP-Y,available_external,Integrative Immuno Oncology by Dr. Salaheldin Halasa,,,not_checked,not_checked,,,,,,,AOSRD webpage; AOSRD PDF; YouTube video,possible_existing_session_representation,yes,unclear,pdf_available,oembed_author=Clearfield Medical Group; timedtext_list_empty; youtube_player_login_wall_prevents_caption_metadata; published_date/duration not_checked (YouTube player metadata blocked); pass1_match_class_frozen=possible; otter_candidates=2; local=otter_transcript_local
aosrd-webinars-238-oMjTc20O6Ps,AOSRD_Clearfield,aosrd_webinars_youtube,What I Learned from the Osteopathic Masters-Dr. William Richwine (Video),what i learned from the osteopathic masters dr william richwine video,aosrd-webinars-238-oMjTc20O6Ps,no_match,,,,present_local,https://aosrd.org/webinars/,https://aosrd.org/wp-content/uploads/2022/03/What-I-learned-from-the-Osteopathic-Masters-and....-Richwine-William-final-2022.0301-pdf.pdf,available_external,oMjTc20O6Ps,https://youtu.be/oMjTc20O6Ps,available_external,What I Learned from the Osteopathic Masters-Dr. William Richwine,,,not_checked,not_checked,,,,,,,AOSRD webpage; AOSRD PDF; YouTube video,potentially_new_session,no,potentially_new_session,pdf_available,oembed_author=Clearfield Medical Group; timedtext_list_empty; youtube_player_login_wall_prevents_caption_metadata; published_date/duration not_checked (YouTube player metadata blocked); pass1_match_class_frozen=no_match; otter_candidates=0
aosrd-webinars-239-NsYPG3wCjiY,AOSRD_Clearfield,aosrd_webinars_youtube,Dermatology Review: Top Ten Chronic Conditions (Part 1) by Dr. Mike Boehmer (Video),dermatology review top ten chronic conditions part 1 by dr mike boehmer video,aosrd-webinars-239-NsYPG3wCjiY,no_match,,,,present_local,https://aosrd.org/webinars/,,,NsYPG3wCjiY,https://www.youtube.com/watch?v=NsYPG3wCjiY,available_external,Dermatology Review: Top Ten Chronic Conditions (Part 1) by Dr. Mike Boehmer,,,not_checked,not_checked,,,,,,,AOSRD webpage; YouTube video,potentially_new_session,no,potentially_new_session,not_checked,oembed_author=Clearfield Medical Group; timedtext_list_empty; youtube_player_login_wall_prevents_caption_metadata; published_date/duration not_checked (YouTube player metadata blocked); pass1_match_class_frozen=no_match; otter_candidates=0
aosrd-webinars-240-HThPoDCqANk,AOSRD_Clearfield,aosrd_webinars_youtube,Physician Burnout-A Real Problem and a Way Forward by Dr. Yusuf Erskine (Video),physician burnout a real problem and a way forward by dr yusuf erskine video,aosrd-webinars-240-HThPoDCqANk,no_match,,,,present_local,https://aosrd.org/webinars/,,,HThPoDCqANk,https://youtu.be/HThPoDCqANk,available_external,Physician Burnout A Real Problem and a Way Forward Yusuf Erskine,,,not_checked,not_checked,,,,,,,AOSRD webpage; YouTube video,potentially_new_session,no,potentially_new_session,not_checked,oembed_author=Clearfield Medical Group; timedtext_list_empty; youtube_player_login_wall_prevents_caption_metadata; published_date/duration not_checked (YouTube player metadata blocked); pass1_match_class_frozen=no_match; otter_candidates=0
aosrd-webinars-241-nqr6cW4Gw_A,AOSRD_Clearfield,aosrd_webinars_youtube,Biological Dentistry by Dr. Scott Chandler (Video),biological dentistry by dr scott chandler video,aosrd-webinars-241-nqr6cW4Gw_A,no_match,,,,present_local,https://aosrd.org/webinars/,https://aosrd.org/wp-content/uploads/2022/06/The-Future-of-Biological-Dentistry-by-Dr-Scott-Chandler.pdf,available_external,nqr6cW4Gw_A,https://www.youtube.com/watch?v=nqr6cW4Gw_A,available_external,Biological Denistry Dr  Scott Chandler,,,not_checked,not_checked,,,,,,,AOSRD webpage; AOSRD PDF; YouTube video,potentially_new_session,no,potentially_new_session,pdf_available,oembed_author=Clearfield Medical Group; timedtext_list_empty; youtube_player_login_wall_prevents_caption_metadata; published_date/duration not_checked (YouTube player metadata blocked); pass1_match_class_frozen=no_match; otter_candidates=0
aosrd-webinars-242-tiIDS69FRkQ,AOSRD_Clearfield,aosrd_webinars_youtube,Pairing Nutrition with Regenerative Medicine by Dr. Brad Watts – Video,pairing nutrition with regenerative medicine by dr brad watts video,aosrd-webinars-242-tiIDS69FRkQ,possible,0pIRZSR5hLU8vZNbqCJ9pLpRE9M;hxlUjPAXSClySIs4HN1P0CWe_Qk,2025-03-05;2026-06-16,Research/lectures/clearfield-webinar-2025-03-05;Research/lectures/clearfield-webinar-2026-06-16,present_local,https://aosrd.org/webinars/,https://aosrd.org/pairing-nutrition-with-regenerative-medicine-by-dr-brad-watts/,available_external,tiIDS69FRkQ,https://www.youtube.com/watch?v=tiIDS69FRkQ,available_external,Pairing Nutrition with Regenerative Medicine by Dr. Brad Watts,,,not_checked,not_checked,,,,,,,AOSRD webpage; AOSRD PDF; YouTube video,possible_existing_session_representation,yes,unclear,pdf_available,oembed_author=Clearfield Medical Group; timedtext_list_empty; youtube_player_login_wall_prevents_caption_metadata; published_date/duration not_checked (YouTube player metadata blocked); pass1_match_class_frozen=possible; otter_candidates=2; local=otter_transcript_local
aosrd-webinars-243-4b4B8KsuzqI,AOSRD_Clearfield,aosrd_webinars_youtube,"Homeostasis Hormesis and Chemical Sensitivity by Dr. Kalapala Patel January 25, 2022 -Video",homeostasis hormesis and chemical sensitivity by dr kalapala patel january 25 2022 video,aosrd-webinars-243-4b4B8KsuzqI,no_match,,,,present_local,https://aosrd.org/webinars/,,,4b4B8KsuzqI,https://www.youtube.com/watch?v=4b4B8KsuzqI,available_external,"Homeostasis Hormesis and Chemical Sensitivity by Dr. Kalapala Patel January 25, 2022",,,not_checked,not_checked,,,,,,,AOSRD webpage; YouTube video,potentially_new_session,no,potentially_new_session,not_checked,oembed_author=Clearfield Medical Group; timedtext_list_empty; youtube_player_login_wall_prevents_caption_metadata; published_date/duration not_checked (YouTube player metadata blocked); pass1_match_class_frozen=no_match; otter_candidates=0
aosrd-webinars-244-DwiLCdt69H4,AOSRD_Clearfield,aosrd_webinars_youtube,"Solutions on Suicide January 18, 2022 by Joel Peterson -Video",solutions on suicide january 18 2022 by joel peterson video,aosrd-webinars-244-DwiLCdt69H4,possible,FbRyr7EkkewAoPTmXbK9DtUiA_Y,2024-09-24,Research/lectures/clearfield-webinar-2024-09-24,present_local,https://aosrd.org/webinars/,https://aosrd.org/solutions-on-suicide-january-18-2022-by-joel-peterson/,available_external,DwiLCdt69H4,https://www.youtube.com/watch?v=DwiLCdt69H4,available_external,Solutions on Suicide,,,not_checked,not_checked,,,,,,,AOSRD webpage; AOSRD PDF; YouTube video,possible_existing_session_representation,yes,unclear,pdf_available,oembed_author=Clearfield Medical Group; timedtext_list_empty; youtube_player_login_wall_prevents_caption_metadata; published_date/duration not_checked (YouTube player metadata blocked); pass1_match_class_frozen=possible; otter_candidates=1; local=otter_transcript_local
aosrd-webinars-245-y3Fz32zWP10,AOSRD_Clearfield,aosrd_webinars_youtube,Hypo and Hyperthyroidismare One Internal Disease with Two Different Manifestations by Dr. Parvin Zarrin – Video,hypo and hyperthyroidismare one internal disease with two different manifestations by dr parvin zarrin video,aosrd-webinars-245-y3Fz32zWP10,no_match,,,,present_local,https://aosrd.org/webinars/,https://aosrd.org/hypo-and-hyperthyroidism-are-one-internal-disease/,available_external,y3Fz32zWP10,https://www.youtube.com/watch?v=y3Fz32zWP10,available_external,Hypo and Hyperthyroidismare One Internal Disease with Two Different Manifestations,,,not_checked,not_checked,,,,,,,AOSRD webpage; AOSRD PDF; YouTube video,potentially_new_session,no,potentially_new_session,pdf_available,oembed_author=Clearfield Medical Group; timedtext_list_empty; youtube_player_login_wall_prevents_caption_metadata; published_date/duration not_checked (YouTube player metadata blocked); pass1_match_class_frozen=no_match; otter_candidates=0
aosrd-webinars-246-zBHk2MN9ql8,AOSRD_Clearfield,aosrd_webinars_youtube,AMPK to Manage Chronic Diseases by Dr. Michael Karlfeldt,ampk to manage chronic diseases by dr michael karlfeldt,aosrd-webinars-246-zBHk2MN9ql8,possible,FHVn8qFG7pov0fVMLuuVpKan1hA,2025-07-15,Research/lectures/clearfield-webinar-2025-07-15,present_local,https://aosrd.org/webinars/,,,zBHk2MN9ql8,https://youtu.be/zBHk2MN9ql8,available_external,AMPK to Manage Chronic Diseases by Dr. Michael Karlfeldt,,,not_checked,not_checked,,,,,,,AOSRD webpage; YouTube video,possible_existing_session_representation,yes,unclear,not_checked,oembed_author=Clearfield Medical Group; timedtext_list_empty; youtube_player_login_wall_prevents_caption_metadata; published_date/duration not_checked (YouTube player metadata blocked); pass1_match_class_frozen=possible; otter_candidates=1; local=otter_transcript_local
aosrd-webinars-247-d0Eh9F8KA6M,AOSRD_Clearfield,aosrd_webinars_youtube,"Estrogen and Immune Function in Women by Dr. Felice Gersh, December 28, 2021",estrogen and immune function in women by dr felice gersh december 28 2021,aosrd-webinars-247-d0Eh9F8KA6M,possible,OL_Ukp1RYjVvnjsMHnF2eXCXDC8,2024-10-01,Research/lectures/clearfield-webinar-2024-10-01,present_local,https://aosrd.org/webinars/,,,d0Eh9F8KA6M,https://www.youtube.com/watch?v=d0Eh9F8KA6M,available_external,Estrogen and Immune Function in Women by Dr. Felice Gersh,,,not_checked,not_checked,,,,,,,AOSRD webpage; YouTube video,possible_existing_session_representation,yes,unclear,not_checked,oembed_author=Clearfield Medical Group; timedtext_list_empty; youtube_player_login_wall_prevents_caption_metadata; published_date/duration not_checked (YouTube player metadata blocked); pass1_match_class_frozen=possible; otter_candidates=1; local=otter_transcript_local
aosrd-webinars-248-qOXpT2wIfTc,AOSRD_Clearfield,aosrd_webinars_youtube,"Quantum Anti-Aging by Dr. Parvin Zarrin, December 21, 2021",quantum anti aging by dr parvin zarrin december 21 2021,aosrd-webinars-248-qOXpT2wIfTc,no_match,,,,present_local,https://aosrd.org/webinars/,,,qOXpT2wIfTc,https://www.youtube.com/watch?v=qOXpT2wIfTc,available_external,Quantum Anti-Aging by Dr. Parvin Zarrin,,,not_checked,not_checked,,,,,,,AOSRD webpage; YouTube video,potentially_new_session,no,potentially_new_session,not_checked,oembed_author=Clearfield Medical Group; timedtext_list_empty; youtube_player_login_wall_prevents_caption_metadata; published_date/duration not_checked (YouTube player metadata blocked); pass1_match_class_frozen=no_match; otter_candidates=0
aosrd-webinars-249-3mTLksPwJyo,AOSRD_Clearfield,aosrd_webinars_youtube,"Mycotoxins and Autoimmunity by Andrew Campbell, MD, Dec 14, 2021",mycotoxins and autoimmunity by andrew campbell md dec 14 2021,aosrd-webinars-249-3mTLksPwJyo,possible,v3Md09l1C_mz3hrDPWngln5SYQw;hFcw5MS7FSAuXJGFcnPHqL6j1gM,2025-09-09;2025-01-22,Research/lectures/clearfield-webinar-2025-09-09;Research/lectures/clearfield-webinar-2025-01-22,present_local,https://aosrd.org/webinars/,https://aosrd.org/wp-content/uploads/2021/12/Mold-and-Mycotoxins-1021.pdf,available_external,3mTLksPwJyo,https://www.youtube.com/watch?v=3mTLksPwJyo,available_external,"Mycotoxins and Autoimmunity by Andrew Campbell, MD",,,not_checked,not_checked,,,,,,,AOSRD webpage; AOSRD PDF; YouTube video,possible_existing_session_representation,yes,unclear,pdf_available,oembed_author=Clearfield Medical Group; timedtext_list_empty; youtube_player_login_wall_prevents_caption_metadata; published_date/duration not_checked (YouTube player metadata blocked); pass1_match_class_frozen=possible; otter_candidates=2; local=otter_transcript_local
aosrd-webinars-250-gc0Dld2T9Eg,AOSRD_Clearfield,aosrd_webinars_youtube,"Fascia, Pain Modulation and Autoimmunity by Kathleen O’Neil Smith, MD, December 7, 2021",fascia pain modulation and autoimmunity by kathleen o neil smith md december 7 2021,aosrd-webinars-250-gc0Dld2T9Eg,no_match,,,,present_local,https://aosrd.org/webinars/,,,gc0Dld2T9Eg,https://www.youtube.com/watch?v=gc0Dld2T9Eg,available_external,"Fascia, Pain Modulation and Autoimmunity by Kathleen O'Neil Smith, MD",,,not_checked,not_checked,,,,,,,AOSRD webpage; YouTube video,potentially_new_session,no,potentially_new_session,not_checked,oembed_author=Clearfield Medical Group; timedtext_list_empty; youtube_player_login_wall_prevents_caption_metadata; published_date/duration not_checked (YouTube player metadata blocked); pass1_match_class_frozen=no_match; otter_candidates=0
aosrd-webinars-251-cb7usLlOMJQ,AOSRD_Clearfield,aosrd_webinars_youtube,Current Covid 19 Management with Dr.. Peter McCullough and Dr. Salaheldin Halasa,current covid 19 management with dr peter mccullough and dr salaheldin halasa,aosrd-webinars-251-cb7usLlOMJQ,possible,SdzXWjorAW2NkmSfJoC1PdOzwAE;b2H7gyjRNmbN0l62XtCzeLPovDE;GUt4yZgCp4lNVboAnJBHNMsHO7A,2025-05-20;2025-06-24;2025-05-06,Research/lectures/clearfield-webinar-2025-05-20;Research/lectures/clearfield-webinar-2025-06-24;Research/lectures/clearfield-webinar-2025-05-06,present_local,https://aosrd.org/webinars/,,,cb7usLlOMJQ,https://www.youtube.com/watch?v=cb7usLlOMJQ,available_external,COVID-19 SUMMIT,,,not_checked,not_checked,,,,,,,AOSRD webpage; YouTube video,possible_existing_session_representation,yes,unclear,not_checked,oembed_author=Salaheldin Halasa; timedtext_list_empty; youtube_player_login_wall_prevents_caption_metadata; published_date/duration not_checked (YouTube player metadata blocked); pass1_match_class_frozen=possible; otter_candidates=3; local=otter_transcript_local
aosrd-webinars-252-n5NAl-lGTrA,AOSRD_Clearfield,aosrd_webinars_youtube,“Low Dose Naltrexone” by Dr William Clearfield,low dose naltrexone by dr william clearfield,aosrd-webinars-252-n5NAl-lGTrA,no_match,,,,present_local,https://aosrd.org/webinars/,,,n5NAl-lGTrA,https://www.youtube.com/watch?v=n5NAl-lGTrA,available_external,"""Low Dose Naltrexone"" by Dr William Clearfield",,,not_checked,not_checked,,,,,,,AOSRD webpage; YouTube video,potentially_new_session,no,potentially_new_session,not_checked,oembed_author=Clearfield Medical Group; timedtext_list_empty; youtube_player_login_wall_prevents_caption_metadata; published_date/duration not_checked (YouTube player metadata blocked); pass1_match_class_frozen=no_match; otter_candidates=0
aosrd-webinars-253-r_CPjBXzeNI,AOSRD_Clearfield,aosrd_webinars_youtube,"Good and Bad Electromagnetic Fields Jami and Dr Rugerrio, November 23, 2021",good and bad electromagnetic fields jami and dr rugerrio november 23 2021,aosrd-webinars-253-r_CPjBXzeNI,no_match,,,,present_local,https://aosrd.org/webinars/,,,r_CPjBXzeNI,https://www.youtube.com/watch?v=r_CPjBXzeNI,available_external,"Good and Bad Electromagnetic Fields   Jami and Dr  Rugerrio, November 23, 2021",,,not_checked,not_checked,,,,,,,AOSRD webpage; YouTube video,potentially_new_session,no,potentially_new_session,not_checked,oembed_author=Clearfield Medical Group; timedtext_list_empty; youtube_player_login_wall_prevents_caption_metadata; published_date/duration not_checked (YouTube player metadata blocked); pass1_match_class_frozen=no_match; otter_candidates=0
aosrd-webinars-254-airYs7uvexw,AOSRD_Clearfield,aosrd_webinars_youtube,Targeting the Innate Repair Receptor to Treat Neuropathy Speakers Dr. James Joseph,targeting the innate repair receptor to treat neuropathy speakers dr james joseph,aosrd-webinars-254-airYs7uvexw,possible,xg4V_A-L8_Ob1jKGBewDTtKzOWg,2024-08-13,Research/lectures/clearfield-webinar-2024-08-13,present_local,https://aosrd.org/webinars/,,,airYs7uvexw,https://youtu.be/airYs7uvexw,available_external,Targeting the Innate Repair Receptor to Treat Neuropathy Speakers - Dr. James Joseph,,,not_checked,not_checked,,,,,,,AOSRD webpage; YouTube video,possible_existing_session_representation,yes,unclear,not_checked,oembed_author=Clearfield Medical Group; timedtext_list_empty; youtube_player_login_wall_prevents_caption_metadata; published_date/duration not_checked (YouTube player metadata blocked); pass1_match_class_frozen=possible; otter_candidates=1; local=otter_transcript_local
aosrd-webinars-255-R84GqIcx9VE,AOSRD_Clearfield,aosrd_webinars_youtube,"The Benefits of Adding Safe, Regular, and Effective Corrective Exercise Therapy to Supplement Pharmacological and Homeopathic Remedies. – Dr. David Neuman – Dr. David Neuman",the benefits of adding safe regular and effective corrective exercise therapy to supplement pharmacological and homeopathic remedies dr david neuman dr david neuman,aosrd-webinars-255-R84GqIcx9VE,no_match,,,,present_local,https://aosrd.org/webinars/,,,R84GqIcx9VE,https://youtu.be/R84GqIcx9VE,available_external,The Benefits of Corrective Exercise Therapy to Supplement Pharmacological and Homeopathic Remedies.,,,not_checked,not_checked,,,,,,,AOSRD webpage; YouTube video,potentially_new_session,no,potentially_new_session,not_checked,oembed_author=Clearfield Medical Group; timedtext_list_empty; youtube_player_login_wall_prevents_caption_metadata; published_date/duration not_checked (YouTube player metadata blocked); pass1_match_class_frozen=no_match; otter_candidates=0
aosrd-webinars-256-6autPt87jWw,AOSRD_Clearfield,aosrd_webinars_youtube,"Unlocking the Power of Nanotechnology to Prevent and Remedy Chronic Disease by Salaheldin Halasa, MD",unlocking the power of nanotechnology to prevent and remedy chronic disease by salaheldin halasa md,aosrd-webinars-256-6autPt87jWw,possible,3BvIJDrhEXHdWPee7Ztw2x6EmdE,2025-12-10,Research/lectures/clearfield-webinar-2025-12-10,present_local,https://aosrd.org/webinars/,,,6autPt87jWw,https://www.youtube.com/watch?v=6autPt87jWw,available_external,"Unlocking the Power of Nanotechnology to Prevent and Remedy Chronic Disease by Salaheldin Halasa, MD",,,not_checked,not_checked,,,,,,,AOSRD webpage; YouTube video,possible_existing_session_representation,yes,unclear,not_checked,oembed_author=Clearfield Medical Group; timedtext_list_empty; youtube_player_login_wall_prevents_caption_metadata; published_date/duration not_checked (YouTube player metadata blocked); pass1_match_class_frozen=possible; otter_candidates=1; local=otter_transcript_local
aosrd-webinars-257-qtvJw-wtpJs,AOSRD_Clearfield,aosrd_webinars_youtube,Chronic Fatigue-Chronic Infections by Dr. Kalapana Patel 19 Oct 2021,chronic fatigue chronic infections by dr kalapana patel 19 oct 2021,aosrd-webinars-257-qtvJw-wtpJs,no_match,,,,present_local,https://aosrd.org/webinars/,,,qtvJw-wtpJs,https://www.youtube.com/watch?v=qtvJw-wtpJs,available_external,Chronic Fatigue Chronic Infections by Dr  Kalapana Patel,,,not_checked,not_checked,,,,,,,AOSRD webpage; YouTube video,potentially_new_session,no,potentially_new_session,not_checked,oembed_author=Clearfield Medical Group; timedtext_list_empty; youtube_player_login_wall_prevents_caption_metadata; published_date/duration not_checked (YouTube player metadata blocked); pass1_match_class_frozen=no_match; otter_candidates=0
aosrd-webinars-258-z-CQdM_XfG8,AOSRD_Clearfield,aosrd_webinars_youtube,The Glutathione Revolution The Future of Anti Aging Medicine by Dr. Nayan Patel and Dr. Ray Yutani,the glutathione revolution the future of anti aging medicine by dr nayan patel and dr ray yutani,aosrd-webinars-258-z-CQdM_XfG8,possible,JAhRYbDDwDsC4em3dazDKyDw4gM,2025-02-05,Research/lectures/clearfield-webinar-2025-02-05,present_local,https://aosrd.org/webinars/,,,z-CQdM_XfG8,https://youtu.be/z-CQdM_XfG8,available_external,The Glutathione Revolution  The Future of Anti Aging Medicine by Dr. Nayan Patel and Dr. Ray Yutani,,,not_checked,not_checked,,,,,,,AOSRD webpage; YouTube video,possible_existing_session_representation,yes,unclear,not_checked,oembed_author=Clearfield Medical Group; timedtext_list_empty; youtube_player_login_wall_prevents_caption_metadata; published_date/duration not_checked (YouTube player metadata blocked); pass1_match_class_frozen=possible; otter_candidates=1; local=otter_transcript_local
aosrd-webinars-259-UmYaeBbRYyw,AOSRD_Clearfield,aosrd_webinars_youtube,Covid 19 Management for the Vaccinated and Unvaccinated by Dr. Dan Stock,covid 19 management for the vaccinated and unvaccinated by dr dan stock,aosrd-webinars-259-UmYaeBbRYyw,no_match,,,,present_local,https://aosrd.org/webinars/,,,UmYaeBbRYyw,https://www.youtube.com/watch?v=UmYaeBbRYyw,unavailable_external,,,,not_checked,not_checked,,,,,,,AOSRD webpage; YouTube video,potentially_new_session,no,potentially_new_session,not_checked,oembed 404; timedtext_list_empty; youtube_player_login_wall_prevents_caption_metadata; published_date/duration not_checked (YouTube player metadata blocked); pass1_match_class_frozen=no_match; otter_candidates=0
aosrd-webinars-260-mk8ixh0kmig,AOSRD_Clearfield,aosrd_webinars_youtube,"The Role of Nutrition in Chronic Disease Management – Dr. John Swartz – Sep 7, 2021",the role of nutrition in chronic disease management dr john swartz sep 7 2021,aosrd-webinars-260-mk8ixh0kmig,possible,Se28ZvfBuNMYHNmwQG9ua7gbTWk,2026-03-10,Research/lectures/clearfield-webinar-2026-03-10,present_local,https://aosrd.org/webinars/,,,mk8ixh0kmig,https://www.youtube.com/watch?v=mk8ixh0kmig,available_external,A Look at Nutrition in Chronic Diseases Management by Dr. John Swartz,,,not_checked,not_checked,,,,,,,AOSRD webpage; YouTube video,possible_existing_session_representation,yes,unclear,not_checked,oembed_author=Clearfield Medical Group; timedtext_list_empty; youtube_player_login_wall_prevents_caption_metadata; published_date/duration not_checked (YouTube player metadata blocked); pass1_match_class_frozen=possible; otter_candidates=1; local=otter_transcript_local
aosrd-webinars-261-qVX_h6blAQw,AOSRD_Clearfield,aosrd_webinars_youtube,"Medical Intuition by Terri Jay  Aug 31, 2021 – Video",medical intuition by terri jay aug 31 2021 video,aosrd-webinars-261-qVX_h6blAQw,no_match,,,,present_local,https://aosrd.org/webinars/,https://aosrd.org/wp-content/uploads/2021/09/PowerPoint-for-Doctors-Terri-Jay-2.pdf,available_external,qVX_h6blAQw,https://www.youtube.com/watch?v=qVX_h6blAQw,available_external,Medical Intuition by Terri Jay 2021/08/31,,,not_checked,not_checked,,,,,,,AOSRD webpage; AOSRD PDF; YouTube video,potentially_new_session,no,potentially_new_session,pdf_available,oembed_author=Clearfield Medical Group; timedtext_list_empty; youtube_player_login_wall_prevents_caption_metadata; published_date/duration not_checked (YouTube player metadata blocked); pass1_match_class_frozen=no_match; otter_candidates=0
aosrd-webinars-262-z21aTYjo4Us,AOSRD_Clearfield,aosrd_webinars_youtube,"Covid 19 Protocols By Dr. Mike Boehmer, Amex Pharmacy – 27 Aug 2021",covid 19 protocols by dr mike boehmer amex pharmacy 27 aug 2021,aosrd-webinars-262-z21aTYjo4Us,possible,hQzjA4-OBAL6Qn7OOOywEISWs3I,2025-07-08,Research/lectures/clearfield-webinar-2025-07-08,present_local,https://aosrd.org/webinars/,,,z21aTYjo4Us,https://www.youtube.com/watch?v=z21aTYjo4Us,unavailable_external,,,,not_checked,not_checked,,,,,,,AOSRD webpage; YouTube video,possible_existing_session_representation,yes,unclear,not_checked,oembed 404; timedtext_list_empty; youtube_player_login_wall_prevents_caption_metadata; published_date/duration not_checked (YouTube player metadata blocked); pass1_match_class_frozen=possible; otter_candidates=1; local=otter_transcript_local
aosrd-webinars-263-lCzuTx9LKnQ,AOSRD_Clearfield,aosrd_webinars_youtube,"Chronic Fatigue Syndrome: Road to Resolution: Dr. Todd Born Aug 17, 2021 – Video",chronic fatigue syndrome road to resolution dr todd born aug 17 2021 video,aosrd-webinars-263-lCzuTx9LKnQ,possible,CMNjlQbT2xu4NqL-9gu4VQSt0mo,2024-08-06,Research/lectures/clearfield-webinar-2024-08-06,present_local,https://aosrd.org/webinars/,https://aosrd.org/wp-content/uploads/2021/08/Chronic-Fatigue-Syndrome-ASORD-1.pdf,available_external,lCzuTx9LKnQ,https://www.youtube.com/watch?v=lCzuTx9LKnQ,available_external,"Chronic Fatigue Syndrome: Road to Resolution: Dr. Todd Born August 17, 2021",,,not_checked,not_checked,,,,,,,AOSRD webpage; AOSRD PDF; YouTube video,possible_existing_session_representation,yes,unclear,pdf_available,oembed_author=Clearfield Medical Group; timedtext_list_empty; youtube_player_login_wall_prevents_caption_metadata; published_date/duration not_checked (YouTube player metadata blocked); pass1_match_class_frozen=possible; otter_candidates=1; local=otter_transcript_local
aosrd-webinars-264-hGZgCspkuI8,AOSRD_Clearfield,aosrd_webinars_youtube,"Endocannabinoid Receptors and Medical Cannabis b Dr. Jeffrey Block, Aug 10, 2021 – Video",endocannabinoid receptors and medical cannabis b dr jeffrey block aug 10 2021 video,aosrd-webinars-264-hGZgCspkuI8,possible,XFeeYcx6xIW9i1HcL0VfsCVvAjY,2024-09-17,Research/lectures/clearfield-webinar-2024-09-17,present_local,https://aosrd.org/webinars/,,,hGZgCspkuI8,https://www.youtube.com/watch?v=hGZgCspkuI8,unavailable_external,,,,not_checked,not_checked,,,,,,,AOSRD webpage; YouTube video,possible_existing_session_representation,yes,unclear,not_checked,oembed 404; timedtext_list_empty; youtube_player_login_wall_prevents_caption_metadata; published_date/duration not_checked (YouTube player metadata blocked); pass1_match_class_frozen=possible; otter_candidates=1; local=otter_transcript_local
aosrd-webinars-265-iYwInlyFKnQ,AOSRD_Clearfield,aosrd_webinars_youtube,"Natural Immunity via Homeopathic Medicine vs Artificial Immunity via Vaccination by Dr Parvin Zarrin, Aug 3, 2021",natural immunity via homeopathic medicine vs artificial immunity via vaccination by dr parvin zarrin aug 3 2021,aosrd-webinars-265-iYwInlyFKnQ,no_match,,,,present_local,https://aosrd.org/webinars/,,,iYwInlyFKnQ,https://www.youtube.com/watch?v=iYwInlyFKnQ,available_external,Natural Immunity via Homeopathic Medicine vs Artificial Immunity via Vaccination by Dr Parvin Zarrin,,,not_checked,not_checked,,,,,,,AOSRD webpage; YouTube video,potentially_new_session,no,potentially_new_session,not_checked,oembed_author=Clearfield Medical Group; timedtext_list_empty; youtube_player_login_wall_prevents_caption_metadata; published_date/duration not_checked (YouTube player metadata blocked); pass1_match_class_frozen=no_match; otter_candidates=0
aosrd-webinars-266-qviA4DV_pH4,AOSRD_Clearfield,aosrd_webinars_youtube,"Neural Therapy, Dr. John Burgess – July 27, 2021 – Video",neural therapy dr john burgess july 27 2021 video,aosrd-webinars-266-qviA4DV_pH4,possible,VwrSvok1RCW2X3iJ_Kwbd8JK6k8,2025-11-12,Research/lectures/clearfield-webinar-2025-11-12,present_local,https://aosrd.org/webinars/,,,qviA4DV_pH4,https://www.youtube.com/watch?v=qviA4DV_pH4,available_external,"Neural Therapy, Dr  John Burgess",,,not_checked,not_checked,,,,,,,AOSRD webpage; YouTube video,possible_existing_session_representation,yes,unclear,not_checked,oembed_author=Clearfield Medical Group; timedtext_list_empty; youtube_player_login_wall_prevents_caption_metadata; published_date/duration not_checked (YouTube player metadata blocked); pass1_match_class_frozen=possible; otter_candidates=1; local=otter_transcript_local
aosrd-webinars-267-60tKHG3mlyg,AOSRD_Clearfield,aosrd_webinars_youtube,Histories in Antiaging Medicine Dr. Kanapala Patel – 23 Jul 2021,histories in antiaging medicine dr kanapala patel 23 jul 2021,aosrd-webinars-267-60tKHG3mlyg,possible,JAhRYbDDwDsC4em3dazDKyDw4gM,2025-02-05,Research/lectures/clearfield-webinar-2025-02-05,present_local,https://aosrd.org/webinars/,,,60tKHG3mlyg,https://www.youtube.com/watch?v=60tKHG3mlyg,available_external,Case Histories in Antiaging Medicine Dr  Kanapala Patel,,,not_checked,not_checked,,,,,,,AOSRD webpage; YouTube video,possible_existing_session_representation,yes,unclear,not_checked,oembed_author=Clearfield Medical Group; timedtext_list_empty; youtube_player_login_wall_prevents_caption_metadata; published_date/duration not_checked (YouTube player metadata blocked); pass1_match_class_frozen=possible; otter_candidates=1; local=otter_transcript_local
aosrd-webinars-268-2cecK4Jk2vw,AOSRD_Clearfield,aosrd_webinars_youtube,"Genetic Snips and COVID-19 Severity by Dr. Cheryl Ortel July 6, 2021 – Video",genetic snips and covid 19 severity by dr cheryl ortel july 6 2021 video,aosrd-webinars-268-2cecK4Jk2vw,possible,4qg44PRw27Y2Jbzl7MXMYCX0HuI;hQzjA4-OBAL6Qn7OOOywEISWs3I,2025-04-15;2025-07-08,Research/lectures/clearfield-webinar-2025-04-15;Research/lectures/clearfield-webinar-2025-07-08,present_local,https://aosrd.org/webinars/,https://aosrd.org/wp-content/uploads/2021/07/Genetic-Snips-and-COVID-19-Severity-7.6.21.pdf,available_external,2cecK4Jk2vw,https://www.youtube.com/watch?v=2cecK4Jk2vw,unavailable_external,,,,not_checked,not_checked,,,,,,,AOSRD webpage; AOSRD PDF; YouTube video,possible_existing_session_representation,yes,unclear,pdf_available,oembed 404; timedtext_list_empty; youtube_player_login_wall_prevents_caption_metadata; published_date/duration not_checked (YouTube player metadata blocked); pass1_match_class_frozen=possible; otter_candidates=2; local=otter_transcript_local
aosrd-webinars-269-egztdM6XALY,AOSRD_Clearfield,aosrd_webinars_youtube,"COVID 19 Pathology and Treatment S Halasa Dec 22, 2020",covid 19 pathology and treatment s halasa dec 22 2020,aosrd-webinars-269-egztdM6XALY,no_match,,,,present_local,https://aosrd.org/webinars/,,,egztdM6XALY,https://www.youtube.com/watch?v=egztdM6XALY,unavailable_external,,,,not_checked,not_checked,,,,,,,AOSRD webpage; YouTube video,potentially_new_session,no,potentially_new_session,not_checked,oembed 404; timedtext_list_empty; youtube_player_login_wall_prevents_caption_metadata; published_date/duration not_checked (YouTube player metadata blocked); pass1_match_class_frozen=no_match; otter_candidates=0
aosrd-webinars-270-2WBm0BYOddM,AOSRD_Clearfield,aosrd_webinars_youtube,The Endocrinology of Autism-Condensed Version,the endocrinology of autism condensed version,aosrd-webinars-270-2WBm0BYOddM,no_match,,,,present_local,https://aosrd.org/webinars/,,,2WBm0BYOddM,https://www.youtube.com/watch?v=2WBm0BYOddM,available_external,Endocrinology of Autism Brief Version,,,not_checked,not_checked,,,,,,,AOSRD webpage; YouTube video,potentially_new_session,no,potentially_new_session,not_checked,oembed_author=Clearfield Medical Group; timedtext_list_empty; youtube_player_login_wall_prevents_caption_metadata; published_date/duration not_checked (YouTube player metadata blocked); pass1_match_class_frozen=no_match; otter_candidates=0
aosrd-webinars-271-nh8HbHLxrR0,AOSRD_Clearfield,aosrd_webinars_youtube,Chronic DIsease Management Kathleen ONeil Smith,chronic disease management kathleen oneil smith,aosrd-webinars-271-nh8HbHLxrR0,no_match,,,,present_local,https://aosrd.org/webinars/,,,nh8HbHLxrR0,https://www.youtube.com/watch?v=nh8HbHLxrR0,available_external,Chronic DIsease Management Kathleen ONeil Smith,,,not_checked,not_checked,,,,,,,AOSRD webpage; YouTube video,potentially_new_session,no,potentially_new_session,not_checked,oembed_author=Clearfield Medical Group; timedtext_list_empty; youtube_player_login_wall_prevents_caption_metadata; published_date/duration not_checked (YouTube player metadata blocked); pass1_match_class_frozen=no_match; otter_candidates=0
aosrd-webinars-272-JV1b52oVfdE,AOSRD_Clearfield,aosrd_webinars_youtube,Optimization of Nutrition by Dr John Swartz – Video,optimization of nutrition by dr john swartz video,aosrd-webinars-272-JV1b52oVfdE,possible,Se28ZvfBuNMYHNmwQG9ua7gbTWk,2026-03-10,Research/lectures/clearfield-webinar-2026-03-10,present_local,https://aosrd.org/webinars/,,,JV1b52oVfdE,https://www.youtube.com/watch?v=JV1b52oVfdE,available_external,Optimization of Nutrition by Dr  John Swartz,,,not_checked,not_checked,,,,,,,AOSRD webpage; YouTube video,possible_existing_session_representation,yes,unclear,not_checked,oembed_author=Clearfield Medical Group; timedtext_list_empty; youtube_player_login_wall_prevents_caption_metadata; published_date/duration not_checked (YouTube player metadata blocked); pass1_match_class_frozen=possible; otter_candidates=1; local=otter_transcript_local
aosrd-webinars-273-U0qonhUyVEg,AOSRD_Clearfield,aosrd_webinars_youtube,Optimization of Nutrition by Dr John Swartz- VIdeo,optimization of nutrition by dr john swartz video,aosrd-webinars-273-U0qonhUyVEg,possible,Se28ZvfBuNMYHNmwQG9ua7gbTWk,2026-03-10,Research/lectures/clearfield-webinar-2026-03-10,present_local,https://aosrd.org/webinars/,,,U0qonhUyVEg,https://www.youtube.com/watch?v=U0qonhUyVEg,available_external,Dr HalasaImmunelecture#1,,,not_checked,not_checked,,,,,,,AOSRD webpage; YouTube video,possible_existing_session_representation,yes,unclear,not_checked,oembed_author=Clearfield Medical Group; timedtext_list_empty; youtube_player_login_wall_prevents_caption_metadata; published_date/duration not_checked (YouTube player metadata blocked); pass1_match_class_frozen=possible; otter_candidates=1; local=otter_transcript_local
aosrd-webinars-274-RlSklPXfamk,AOSRD_Clearfield,aosrd_webinars_youtube,Endothelial Dysfunction Dr Mary Babcock – Video,endothelial dysfunction dr mary babcock video,aosrd-webinars-274-RlSklPXfamk,possible,GoRuWgRFUBHzZE--rF7qmxgBIOc;KPtFIYDuvg1p0CbfNkYIuOVkwIE,2025-06-17;2025-10-21,Research/lectures/clearfield-webinar-2025-06-17;Research/lectures/clearfield-webinar-2025-10-21,present_local,https://aosrd.org/webinars/,,,RlSklPXfamk,https://www.youtube.com/watch?v=RlSklPXfamk,available_external,Endothelial Dysfunction Dr  Mary Babcock,,,not_checked,not_checked,,,,,,,AOSRD webpage; YouTube video,possible_existing_session_representation,yes,unclear,not_checked,oembed_author=Clearfield Medical Group; timedtext_list_empty; youtube_player_login_wall_prevents_caption_metadata; published_date/duration not_checked (YouTube player metadata blocked); pass1_match_class_frozen=possible; otter_candidates=2; local=otter_transcript_local
aosrd-webinars-275-tWfHeTRpBHw,AOSRD_Clearfield,aosrd_webinars_youtube,Endothelial Dysfunction Dr Mary Babcock – Video,endothelial dysfunction dr mary babcock video,aosrd-webinars-275-tWfHeTRpBHw,possible,GoRuWgRFUBHzZE--rF7qmxgBIOc;KPtFIYDuvg1p0CbfNkYIuOVkwIE,2025-06-17;2025-10-21,Research/lectures/clearfield-webinar-2025-06-17;Research/lectures/clearfield-webinar-2025-10-21,present_local,https://aosrd.org/webinars/,,,tWfHeTRpBHw,https://www.youtube.com/watch?v=tWfHeTRpBHw,available_external,DrHalasaImmunelecture#2,,,not_checked,not_checked,,,,,,,AOSRD webpage; YouTube video,possible_existing_session_representation,yes,unclear,not_checked,oembed_author=Clearfield Medical Group; timedtext_list_empty; youtube_player_login_wall_prevents_caption_metadata; published_date/duration not_checked (YouTube player metadata blocked); pass1_match_class_frozen=possible; otter_candidates=2; local=otter_transcript_local
aosrd-webinars-276-xf6_T9mUZKc,AOSRD_Clearfield,aosrd_webinars_youtube,Low Dose Naltrexone in Rheumtolgy by Dr. Pam Smith – Video,low dose naltrexone in rheumtolgy by dr pam smith video,aosrd-webinars-276-xf6_T9mUZKc,possible,FbRyr7EkkewAoPTmXbK9DtUiA_Y,2024-09-24,Research/lectures/clearfield-webinar-2024-09-24,present_local,https://aosrd.org/webinars/,,,xf6_T9mUZKc,https://www.youtube.com/watch?v=xf6_T9mUZKc,available_external,Low Dose Naltrexone in Rheumtolgy by Dr  Pam Smith,,,not_checked,not_checked,,,,,,,AOSRD webpage; YouTube video,possible_existing_session_representation,yes,unclear,not_checked,oembed_author=Clearfield Medical Group; timedtext_list_empty; youtube_player_login_wall_prevents_caption_metadata; published_date/duration not_checked (YouTube player metadata blocked); pass1_match_class_frozen=possible; otter_candidates=1; local=otter_transcript_local
aosrd-webinars-277-PAwuHkLjBxc,AOSRD_Clearfield,aosrd_webinars_youtube,146th OYG Session | Peptides for Wellness & Brain Function | Dr William Clearfield,146th oyg session peptides for wellness brain function dr william clearfield,aosrd-webinars-277-PAwuHkLjBxc,possible,Zxy20R1uant_QctiZutXLSt-Q-E;ykfPBSHSL3meBk4yGojbTxMVIpA,2025-03-25;2024-10-22,Research/lectures/clearfield-webinar-2025-03-25;Research/lectures/clearfield-webinar-2024-10-22,present_local,https://aosrd.org/webinars/,,,PAwuHkLjBxc,https://www.youtube.com/watch?v=PAwuHkLjBxc,available_external,146th OYG Session | Peptides for Wellness &  Brain Function | Dr William Clearfield | United States,,,not_checked,not_checked,,,,,,,AOSRD webpage; YouTube video,possible_existing_session_representation,yes,unclear,not_checked,oembed_author=Own Your Growth; timedtext_list_empty; youtube_player_login_wall_prevents_caption_metadata; published_date/duration not_checked (YouTube player metadata blocked); pass1_match_class_frozen=possible; otter_candidates=2; local=otter_transcript_local
aosrd-webinars-278-cFsYIDESXoE,AOSRD_Clearfield,aosrd_webinars_youtube,"Managing Post-Covid 19 Stroke, Heart Failure and Vascular Thrombosis by Dr. James Joseph",managing post covid 19 stroke heart failure and vascular thrombosis by dr james joseph,aosrd-webinars-278-cFsYIDESXoE,possible,8zWbW6QDW1P91M_Tbf8iqD9f8TQ;xg4V_A-L8_Ob1jKGBewDTtKzOWg;hQzjA4-OBAL6Qn7OOOywEISWs3I;JAhRYbDDwDsC4em3dazDKyDw4gM,2025-09-16;2024-08-13;2025-07-08;2025-02-05,Research/lectures/clearfield-webinar-2025-09-16;Research/lectures/clearfield-webinar-2024-08-13;Research/lectures/clearfield-webinar-2025-07-08;Research/lectures/clearfield-webinar-2025-02-05,present_local,https://aosrd.org/webinars/,,,cFsYIDESXoE,https://www.youtube.com/watch?v=cFsYIDESXoE,unavailable_external,,,,not_checked,not_checked,,,,,,,AOSRD webpage; YouTube video,possible_existing_session_representation,yes,unclear,not_checked,oembed 404; timedtext_list_empty; youtube_player_login_wall_prevents_caption_metadata; published_date/duration not_checked (YouTube player metadata blocked); pass1_match_class_frozen=possible; otter_candidates=4; local=otter_transcript_local
aosrd-webinars-279-qzuWhT2F_R0,AOSRD_Clearfield,aosrd_webinars_youtube,Case Histories Show Casing the Power of Anti Aging Medicine,case histories show casing the power of anti aging medicine,aosrd-webinars-279-qzuWhT2F_R0,no_match,,,,present_local,https://aosrd.org/webinars/,,,qzuWhT2F_R0,https://www.youtube.com/watch?v=qzuWhT2F_R0,available_external,Case Histories Show Casing the Poer of Anti Aging Medicine,,,not_checked,not_checked,,,,,,,AOSRD webpage; YouTube video,potentially_new_session,no,potentially_new_session,not_checked,oembed_author=Clearfield Medical Group; timedtext_list_empty; youtube_player_login_wall_prevents_caption_metadata; published_date/duration not_checked (YouTube player metadata blocked); pass1_match_class_frozen=no_match; otter_candidates=0
aosrd-webinars-280-gLzMZA_eM5g,AOSRD_Clearfield,aosrd_webinars_youtube,Immune Peptides by William Clearfield DO – Video,immune peptides by william clearfield do video,aosrd-webinars-280-gLzMZA_eM5g,possible,avbRWMav2fwgobz9r7HjwR4z44I;lnZUNAyEcVNSN0i3JOEbuJcc15A;Se28ZvfBuNMYHNmwQG9ua7gbTWk;zXf2JR4NKM7KxvOGrUxYJnH-ld8;CMNjlQbT2xu4NqL-9gu4VQSt0mo,2026-06-02;2025-02-19;2026-03-10;2025-12-31;2024-08-06,Research/lectures/clearfield-webinar-2026-06-02;Research/lectures/clearfield-webinar-2025-02-19;Research/lectures/clearfield-webinar-2026-03-10;Research/lectures/clearfield-webinar-2025-12-31;Research/lectures/clearfield-webinar-2024-08-06,present_local,https://aosrd.org/webinars/,https://aosrd.org/wp-content/uploads/2021/06/Immune-Peptides-w-Intro.pdf,available_external,gLzMZA_eM5g,https://www.youtube.com/watch?v=gLzMZA_eM5g,available_external,Immune Peptides,,,not_checked,not_checked,,,,,,,AOSRD webpage; AOSRD PDF; YouTube video,possible_existing_session_representation,yes,unclear,pdf_available,oembed_author=Clearfield Medical Group; timedtext_list_empty; youtube_player_login_wall_prevents_caption_metadata; published_date/duration not_checked (YouTube player metadata blocked); pass1_match_class_frozen=possible; otter_candidates=5; local=otter_transcript_local
aosrd-webinars-281-6-QJVGV_co4,AOSRD_Clearfield,aosrd_webinars_youtube,Integrative Immunoncology,integrative immunoncology,aosrd-webinars-281-6-QJVGV_co4,no_match,,,,present_local,https://aosrd.org/webinars/,,,6-QJVGV_co4,https://www.youtube.com/watch?v=6-QJVGV_co4,available_external,Integrative Immunoncology,,,not_checked,not_checked,,,,,,,AOSRD webpage; YouTube video,potentially_new_session,no,potentially_new_session,not_checked,oembed_author=Clearfield Medical Group; timedtext_list_empty; youtube_player_login_wall_prevents_caption_metadata; published_date/duration not_checked (YouTube player metadata blocked); pass1_match_class_frozen=no_match; otter_candidates=0
aosrd-webinars-282-KR4KcpbYM9w,AOSRD_Clearfield,aosrd_webinars_youtube,Advanced Laboratory Testing for Rheumatic Diseases – Tyler O’Malley,advanced laboratory testing for rheumatic diseases tyler o malley,aosrd-webinars-282-KR4KcpbYM9w,no_match,,,,present_local,https://aosrd.org/webinars/,,,KR4KcpbYM9w,https://www.youtube.com/watch?v=KR4KcpbYM9w,available_external,Advanced Laboratory Testing for Rheumatic Diseases,,,not_checked,not_checked,,,,,,,AOSRD webpage; YouTube video,potentially_new_session,no,potentially_new_session,not_checked,oembed_author=Clearfield Medical Group; timedtext_list_empty; youtube_player_login_wall_prevents_caption_metadata; published_date/duration not_checked (YouTube player metadata blocked); pass1_match_class_frozen=no_match; otter_candidates=0
aosrd-webinars-283-cxoIpMhdeJw,AOSRD_Clearfield,aosrd_webinars_youtube,Post Covid 19 Vaccination Syndrome,post covid 19 vaccination syndrome,aosrd-webinars-283-cxoIpMhdeJw,no_match,,,,present_local,https://aosrd.org/webinars/,https://aosrd.org/wp-content/uploads/2021/04/Post-Covid-19-Vaccine-Toxic-Syndrome.pdf,available_external,cxoIpMhdeJw,https://www.youtube.com/watch?v=cxoIpMhdeJw,unavailable_external,,,,not_checked,not_checked,,,,,,,AOSRD webpage; AOSRD PDF; YouTube video,potentially_new_session,no,potentially_new_session,pdf_available,oembed 404; timedtext_list_empty; youtube_player_login_wall_prevents_caption_metadata; published_date/duration not_checked (YouTube player metadata blocked); pass1_match_class_frozen=no_match; otter_candidates=0
aosrd-2022-friday-1-anwar-ap-laser-ap-bio-ap-dr-anwar,AOSRD_Clearfield,aosrd_2022_conference,"AP, Laser AP & Bio AP-Dr Anwar — Anwar",ap laser ap bio ap dr anwar anwar,aosrd-2022-friday-1-anwar-ap-laser-ap-bio-ap-dr-anwar,no_match,,,,present_local,,,,,,,,,,,,,,,,,,catalog_only_external_paths,potentially_new_session,no,potentially_new_session,none_identified,No public YouTube/Vimeo/Rumble/PDF URL in aosrd-2022 catalog; binaries claimed on /Volumes/... (Pass 2). External public availability not_checked / outside public-web check.
aosrd-2022-friday-2-macheret-nad-injection-and-iv-therapy-2,AOSRD_Clearfield,aosrd_2022_conference,NAD Injection and IV Therapy-2 — Macheret,nad injection and iv therapy 2 macheret,aosrd-2022-friday-2-macheret-nad-injection-and-iv-therapy-2,no_match,,,,present_local,,,,,,,,,,,,,,,,,,catalog_only_external_paths,potentially_new_session,no,potentially_new_session,none_identified,No public YouTube/Vimeo/Rumble/PDF URL in aosrd-2022 catalog; binaries claimed on /Volumes/... (Pass 2). External public availability not_checked / outside public-web check.
aosrd-2022-friday-3-lillio-lillo-coronary-artery-calcium-scoring-ppt-for-jll-of,AOSRD_Clearfield,aosrd_2022_conference,Lillo-Coronary Artery Calcium Scoring PPT for JLL of — Lillio,lillo coronary artery calcium scoring ppt for jll of lillio,aosrd-2022-friday-3-lillio-lillo-coronary-artery-calcium-scoring-ppt-for-jll-of,no_match,,,,present_local,,,,,,,,,,,,,,,,,,catalog_only_external_paths,potentially_new_session,no,potentially_new_session,none_identified,No public YouTube/Vimeo/Rumble/PDF URL in aosrd-2022 catalog; binaries claimed on /Volumes/... (Pass 2). External public availability not_checked / outside public-web check.
aosrd-2022-friday-4-sundermann-lifestyle-medicine-transforming-primary-care,AOSRD_Clearfield,aosrd_2022_conference,LIFESTYLE MEDICINE-Transforming Primary Care — Sundermann,lifestyle medicine transforming primary care sundermann,aosrd-2022-friday-4-sundermann-lifestyle-medicine-transforming-primary-care,no_match,,,,present_local,,,,,,,,,,,,,,,,,,catalog_only_external_paths,potentially_new_session,no,potentially_new_session,none_identified,No public YouTube/Vimeo/Rumble/PDF URL in aosrd-2022 catalog; binaries claimed on /Volumes/... (Pass 2). External public availability not_checked / outside public-web check.
aosrd-2022-friday-5-lezkowitz-opioid-use-disorder-d-leszkovitz,AOSRD_Clearfield,aosrd_2022_conference,Opioid Use Disorder-D. Leszkovitz — Lezkowitz,opioid use disorder d leszkovitz lezkowitz,aosrd-2022-friday-5-lezkowitz-opioid-use-disorder-d-leszkovitz,no_match,,,,present_local,,,,,,,,,,,,,,,,,,catalog_only_external_paths,potentially_new_session,no,potentially_new_session,none_identified,No public YouTube/Vimeo/Rumble/PDF URL in aosrd-2022 catalog; binaries claimed on /Volumes/... (Pass 2). External public availability not_checked / outside public-web check.
aosrd-2022-friday-6-speer-looking-at-rheumatic-diseases-1-speer,AOSRD_Clearfield,aosrd_2022_conference,looking at rheumatic diseases_1-Speer — Speer,looking at rheumatic diseases 1 speer speer,aosrd-2022-friday-6-speer-looking-at-rheumatic-diseases-1-speer,no_match,,,,present_local,,,,,,,,,,,,,,,,,,catalog_only_external_paths,potentially_new_session,no,potentially_new_session,none_identified,No public YouTube/Vimeo/Rumble/PDF URL in aosrd-2022 catalog; binaries claimed on /Volumes/... (Pass 2). External public availability not_checked / outside public-web check.
aosrd-2022-friday-7-yutani-covid-19-pres-2-1,AOSRD_Clearfield,aosrd_2022_conference,COVID-19 pres 2-1 — Yutani,covid 19 pres 2 1 yutani,aosrd-2022-friday-7-yutani-covid-19-pres-2-1,no_match,,,,present_local,,,,,,,,,,,,,,,,,,catalog_only_external_paths,potentially_new_session,no,potentially_new_session,none_identified,No public YouTube/Vimeo/Rumble/PDF URL in aosrd-2022 catalog; binaries claimed on /Volumes/... (Pass 2). External public availability not_checked / outside public-web check.
aosrd-2022-friday-8-o-neil-smith-kos-slide-show,AOSRD_Clearfield,aosrd_2022_conference,KOS-Slide Show — O'Neil Smith,kos slide show o neil smith,aosrd-2022-friday-8-o-neil-smith-kos-slide-show,no_match,,,,present_local,,,,,,,,,,,,,,,,,,catalog_only_external_paths,potentially_new_session,no,potentially_new_session,none_identified,No public YouTube/Vimeo/Rumble/PDF URL in aosrd-2022 catalog; binaries claimed on /Volumes/... (Pass 2). External public availability not_checked / outside public-web check.
aosrd-2022-friday-9-marsh-insulin-resistance-effects-on-fertility-aosrd-mar-25-2022,AOSRD_Clearfield,aosrd_2022_conference,Insulin Resistance & Effects on Fertility AOSRD Mar 25 2022 — Marsh,insulin resistance effects on fertility aosrd mar 25 2022 marsh,aosrd-2022-friday-9-marsh-insulin-resistance-effects-on-fertility-aosrd-mar-25-2022,no_match,,,,present_local,,,,,,,,,,,,,,,,,,catalog_only_external_paths,potentially_new_session,no,potentially_new_session,none_identified,No public YouTube/Vimeo/Rumble/PDF URL in aosrd-2022 catalog; binaries claimed on /Volumes/... (Pass 2). External public availability not_checked / outside public-web check.
aosrd-2022-saturday-1-bryan-nitric-oxide-for-the-prevention-and-treatment-of-cardiovascular-disease-with-a-splash-of-covid,AOSRD_Clearfield,aosrd_2022_conference,Nitric Oxide for the Prevention and Treatment of Cardiovascular DIsease with a Splash of Covid — Bryan,nitric oxide for the prevention and treatment of cardiovascular disease with a splash of covid bryan,aosrd-2022-saturday-1-bryan-nitric-oxide-for-the-prevention-and-treatment-of-cardiovascular-disease-with-a-splash-of-covid,no_match,,,,present_local,,,,,,,,,,,,,,,,,,catalog_only_external_paths,potentially_new_session,no,potentially_new_session,none_identified,No public YouTube/Vimeo/Rumble/PDF URL in aosrd-2022 catalog; binaries claimed on /Volumes/... (Pass 2). External public availability not_checked / outside public-web check.
aosrd-2022-saturday-2-campbell-2022-congress-of-medical-excellence2,AOSRD_Clearfield,aosrd_2022_conference,2022 Congress of Medical Excellence2 — Campbell,2022 congress of medical excellence2 campbell,aosrd-2022-saturday-2-campbell-2022-congress-of-medical-excellence2,possible,j3HjVUuBV5gnR4KrCUuXOZEnPm0,2025-10-14,Research/lectures/clearfield-webinar-2025-10-14,present_local,,,,,,,,,,,,,,,,,,catalog_only_external_paths,possible_existing_session_representation,no,unclear,none_identified,No public YouTube/Vimeo/Rumble/PDF URL in aosrd-2022 catalog; binaries claimed on /Volumes/... (Pass 2). External public availability not_checked / outside public-web check.
aosrd-2022-saturday-3-harris-stellate-ganglion-harris-final,AOSRD_Clearfield,aosrd_2022_conference,Stellate Ganglion Harris Final — Harris,stellate ganglion harris final harris,aosrd-2022-saturday-3-harris-stellate-ganglion-harris-final,no_match,,,,present_local,,,,,,,,,,,,,,,,,,catalog_only_external_paths,potentially_new_session,no,potentially_new_session,none_identified,No public YouTube/Vimeo/Rumble/PDF URL in aosrd-2022 catalog; binaries claimed on /Volumes/... (Pass 2). External public availability not_checked / outside public-web check.
aosrd-2022-saturday-4-levy-lecture-hidden-epidemic-las-vegas-virtual-3-26-2022-levy,AOSRD_Clearfield,aosrd_2022_conference,"Lecture, Hidden Epidemic, Las Vegas virtual, 3.26.2022-Levy — Levy",lecture hidden epidemic las vegas virtual 3 26 2022 levy levy,aosrd-2022-saturday-4-levy-lecture-hidden-epidemic-las-vegas-virtual-3-26-2022-levy,no_match,,,,present_local,,,,,,,,,,,,,,,,,,catalog_only_external_paths,potentially_new_session,no,potentially_new_session,none_identified,No public YouTube/Vimeo/Rumble/PDF URL in aosrd-2022 catalog; binaries claimed on /Volumes/... (Pass 2). External public availability not_checked / outside public-web check.
aosrd-2022-saturday-5-lozano-american-osteopathic-society-congress-of-medical-excellence-3-25-22-lozano,AOSRD_Clearfield,aosrd_2022_conference,American Osteopathic Society Congress of Medical Excellence 3-25-22-Lozano — Lozano,american osteopathic society congress of medical excellence 3 25 22 lozano lozano,aosrd-2022-saturday-5-lozano-american-osteopathic-society-congress-of-medical-excellence-3-25-22-lozano,no_match,,,,present_local,,,,,,,,,,,,,,,,,,catalog_only_external_paths,potentially_new_session,no,potentially_new_session,none_identified,No public YouTube/Vimeo/Rumble/PDF URL in aosrd-2022 catalog; binaries claimed on /Volumes/... (Pass 2). External public availability not_checked / outside public-web check.
aosrd-2022-saturday-6-patel-chronic-fatigue-dyshomeostasis-dr-k-patel-march-2022-meeting,AOSRD_Clearfield,aosrd_2022_conference,CHRONIC FATIGUE –DYSHOMEOSTASIS--Dr. K. Patel March 2022 Meeting — Patel,chronic fatigue dyshomeostasis dr k patel march 2022 meeting patel,aosrd-2022-saturday-6-patel-chronic-fatigue-dyshomeostasis-dr-k-patel-march-2022-meeting,no_match,,,,present_local,,,,,,,,,,,,,,,,,,catalog_only_external_paths,potentially_new_session,no,potentially_new_session,none_identified,No public YouTube/Vimeo/Rumble/PDF URL in aosrd-2022 catalog; binaries claimed on /Volumes/... (Pass 2). External public availability not_checked / outside public-web check.
aosrd-2022-saturday-7-born-autoimmune-diseases-asord-1,AOSRD_Clearfield,aosrd_2022_conference,Autoimmune Diseases ASORD (1) — Born,autoimmune diseases asord 1 born,aosrd-2022-saturday-7-born-autoimmune-diseases-asord-1,no_match,,,,present_local,,,,,,,,,,,,,,,,,,catalog_only_external_paths,potentially_new_session,no,potentially_new_session,none_identified,No public YouTube/Vimeo/Rumble/PDF URL in aosrd-2022 catalog; binaries claimed on /Volumes/... (Pass 2). External public availability not_checked / outside public-web check.
aosrd-2022-saturday-8-peter-mccullough-mccullough-presentation-pathophysiologic-rationale-for-early-treatment-of-covid-19-nd-jan-30,AOSRD_Clearfield,aosrd_2022_conference,McCullough Presentation Pathophysiologic Rationale for Early Treatment of COVID-19 ND Jan 30 2022 — Peter McCullough,mccullough presentation pathophysiologic rationale for early treatment of covid 19 nd jan 30 2022 peter mccullough,aosrd-2022-saturday-8-peter-mccullough-mccullough-presentation-pathophysiologic-rationale-for-early-treatment-of-covid-19-nd-jan-30,no_match,,,,present_local,,,,,,,,,,,,,,,,,,catalog_only_external_paths,potentially_new_session,no,potentially_new_session,none_identified,No public YouTube/Vimeo/Rumble/PDF URL in aosrd-2022 catalog; binaries claimed on /Volumes/... (Pass 2). External public availability not_checked / outside public-web check.
aosrd-2022-saturday-9-james-forsythe-2022-forsythe-immune-protocol-update-march-2022,AOSRD_Clearfield,aosrd_2022_conference,2022 Forsythe Immune Protocol Update March 2022 — James Forsythe,2022 forsythe immune protocol update march 2022 james forsythe,aosrd-2022-saturday-9-james-forsythe-2022-forsythe-immune-protocol-update-march-2022,possible,xg4V_A-L8_Ob1jKGBewDTtKzOWg;hxlUjPAXSClySIs4HN1P0CWe_Qk,2024-08-13;2026-06-16,Research/lectures/clearfield-webinar-2024-08-13;Research/lectures/clearfield-webinar-2026-06-16,present_local,,,,,,,,,,,,,,,,,,catalog_only_external_paths,possible_existing_session_representation,no,unclear,none_identified,No public YouTube/Vimeo/Rumble/PDF URL in aosrd-2022 catalog; binaries claimed on /Volumes/... (Pass 2). External public availability not_checked / outside public-web check.
aosrd-2022-sunday-1-halasa-integrative-immuno-oncology-halasa,AOSRD_Clearfield,aosrd_2022_conference,Integrative Immuno Oncology-Halasa — Halasa,integrative immuno oncology halasa halasa,aosrd-2022-sunday-1-halasa-integrative-immuno-oncology-halasa,possible,JAhRYbDDwDsC4em3dazDKyDw4gM,2025-02-05,Research/lectures/clearfield-webinar-2025-02-05,present_local,,,,,,,,,,,,,,,,,,catalog_only_external_paths,possible_existing_session_representation,no,unclear,none_identified,No public YouTube/Vimeo/Rumble/PDF URL in aosrd-2022 catalog; binaries claimed on /Volumes/... (Pass 2). External public availability not_checked / outside public-web check.
aosrd-2022-sunday-2-farshchian-dr-aj-farshchian-powerpoit,AOSRD_Clearfield,aosrd_2022_conference,Dr AJ. Farshchian Powerpoit — Farshchian,dr aj farshchian powerpoit farshchian,aosrd-2022-sunday-2-farshchian-dr-aj-farshchian-powerpoit,no_match,,,,present_local,,,,,,,,,,,,,,,,,,catalog_only_external_paths,potentially_new_session,no,potentially_new_session,none_identified,No public YouTube/Vimeo/Rumble/PDF URL in aosrd-2022 catalog; binaries claimed on /Volumes/... (Pass 2). External public availability not_checked / outside public-web check.
aosrd-2022-sunday-3-pertain-brittany-partain-cb-caps-presentation-come-4-0,AOSRD_Clearfield,aosrd_2022_conference,Brittany Partain CB-CAPs Presentation COME 4.0 — Pertain,brittany partain cb caps presentation come 4 0 pertain,aosrd-2022-sunday-3-pertain-brittany-partain-cb-caps-presentation-come-4-0,no_match,,,,present_local,,,,,,,,,,,,,,,,,,catalog_only_external_paths,potentially_new_session,no,potentially_new_session,none_identified,No public YouTube/Vimeo/Rumble/PDF URL in aosrd-2022 catalog; binaries claimed on /Volumes/... (Pass 2). External public availability not_checked / outside public-web check.
aosrd-2022-sunday-4-badal-ultrasound-in-integrative-medicine-dr-r-badal,AOSRD_Clearfield,aosrd_2022_conference,Ultrasound in Integrative Medicine-Dr. R. Badal — Badal,ultrasound in integrative medicine dr r badal badal,aosrd-2022-sunday-4-badal-ultrasound-in-integrative-medicine-dr-r-badal,no_match,,,,present_local,,,,,,,,,,,,,,,,,,catalog_only_external_paths,potentially_new_session,no,potentially_new_session,none_identified,No public YouTube/Vimeo/Rumble/PDF URL in aosrd-2022 catalog; binaries claimed on /Volumes/... (Pass 2). External public availability not_checked / outside public-web check.
aosrd-2022-sunday-5-teitelbaum-fibromyalgia-and-post-covid-cfs-rx-practitioners-osteopathy-group-jacob-teitelbaum,AOSRD_Clearfield,aosrd_2022_conference,Fibromyalgia and Post covid CFS Rx -Practitioners- Osteopathy group-Jacob Teitelbaum — Teitelbaum,fibromyalgia and post covid cfs rx practitioners osteopathy group jacob teitelbaum teitelbaum,aosrd-2022-sunday-5-teitelbaum-fibromyalgia-and-post-covid-cfs-rx-practitioners-osteopathy-group-jacob-teitelbaum,no_match,,,,present_local,,,,,,,,,,,,,,,,,,catalog_only_external_paths,potentially_new_session,no,potentially_new_session,none_identified,No public YouTube/Vimeo/Rumble/PDF URL in aosrd-2022 catalog; binaries claimed on /Volumes/... (Pass 2). External public availability not_checked / outside public-web check.
aosrd-2022-sunday-6-gersh-pcos-march-2022-osteopathic-conference,AOSRD_Clearfield,aosrd_2022_conference,PCOS March 2022 Osteopathic Conference — Gersh,pcos march 2022 osteopathic conference gersh,aosrd-2022-sunday-6-gersh-pcos-march-2022-osteopathic-conference,possible,OyOI3AvRLueyq57ys04VXI5U1WU,2025-12-17,Research/lectures/clearfield-webinar-2025-12-17,present_local,,,,,,,,,,,,,,,,,,catalog_only_external_paths,possible_existing_session_representation,no,unclear,none_identified,No public YouTube/Vimeo/Rumble/PDF URL in aosrd-2022 catalog; binaries claimed on /Volumes/... (Pass 2). External public availability not_checked / outside public-web check.
aosrd-2022-sunday-7-cruz-march-2022-medical-ethics-presentation-1,AOSRD_Clearfield,aosrd_2022_conference,March 2022 Medical Ethics Presentation (1) — Cruz,march 2022 medical ethics presentation 1 cruz,aosrd-2022-sunday-7-cruz-march-2022-medical-ethics-presentation-1,possible,vZKE66zexBS6KPliMMq0glRxefk;Se28ZvfBuNMYHNmwQG9ua7gbTWk;ClN5CZe78b8lp6a0nf44-DzCDCo,2024-12-04;2026-03-10;2025-03-11,Research/lectures/clearfield-webinar-2024-12-04;Research/lectures/clearfield-webinar-2026-03-10;Research/lectures/clearfield-webinar-2025-03-11,present_local,,,,,,,,,,,,,,,,,,catalog_only_external_paths,possible_existing_session_representation,no,unclear,none_identified,No public YouTube/Vimeo/Rumble/PDF URL in aosrd-2022 catalog; binaries claimed on /Volumes/... (Pass 2). External public availability not_checked / outside public-web check.
aosrd-2022-sunday-8-burgess-suicide-prevention-john-burgess-do-aosrd-4-0,AOSRD_Clearfield,aosrd_2022_conference,Suicide Prevention John Burgess DO AOSRD 4.0 — Burgess,suicide prevention john burgess do aosrd 4 0 burgess,aosrd-2022-sunday-8-burgess-suicide-prevention-john-burgess-do-aosrd-4-0,possible,pfNO6khumfRfVoCync03aVBxZ70;wcHy9pPXoWy5S62-GJbpasQtw2o;TNvBcRwwSnrkWGe2_L3i3lGvYYk;VwrSvok1RCW2X3iJ_Kwbd8JK6k8,2025-03-18;2025-02-12;2024-12-11;2025-11-12,Research/lectures/clearfield-webinar-2025-03-18;Research/lectures/clearfield-webinar-2025-02-12;Research/lectures/clearfield-webinar-2024-12-11;Research/lectures/clearfield-webinar-2025-11-12,present_local,,,,,,,,,,,,,,,,,,catalog_only_external_paths,possible_existing_session_representation,no,unclear,none_identified,No public YouTube/Vimeo/Rumble/PDF URL in aosrd-2022 catalog; binaries claimed on /Volumes/... (Pass 2). External public availability not_checked / outside public-web check.
aosrd-2022-sunday-9-stock-cme-federal-emergency-healthcare-response-daniel-stock-md,AOSRD_Clearfield,aosrd_2022_conference,CME Federal Emergency Healthcare Response-Daniel Stock MD — Stock,cme federal emergency healthcare response daniel stock md stock,aosrd-2022-sunday-9-stock-cme-federal-emergency-healthcare-response-daniel-stock-md,no_match,,,,present_local,,,,,,,,,,,,,,,,,,catalog_only_external_paths,potentially_new_session,no,potentially_new_session,none_identified,No public YouTube/Vimeo/Rumble/PDF URL in aosrd-2022 catalog; binaries claimed on /Volumes/... (Pass 2). External public availability not_checked / outside public-web check.
aosrd-2022-interstitial-faculty-slide-show2,AOSRD_Clearfield,aosrd_2022_conference,slide show2 — Faculty,slide show2 faculty,aosrd-2022-interstitial-faculty-slide-show2,no_match,,,,present_local,,,,,,,,,,,,,,,,,,catalog_only_external_paths,potentially_new_session,no,potentially_new_session,none_identified,No public YouTube/Vimeo/Rumble/PDF URL in aosrd-2022 catalog; binaries claimed on /Volumes/... (Pass 2). External public availability not_checked / outside public-web check.
aosrd-2022-meta-conference-aosrd-2022-catalog-notes,AOSRD_Clearfield,aosrd_2022_conference,AOSRD 2022 catalog notes — Conference,aosrd 2022 catalog notes conference,aosrd-2022-meta-conference-aosrd-2022-catalog-notes,possible,CQdkPoyCm_xx7nnZ2b80AClK8TM;P1FgRy3FvTrrNYsXISdsJKJeiEg,2025-10-07;2024-11-06,Research/lectures/clearfield-webinar-2025-10-07;Research/lectures/clearfield-webinar-2024-11-06,present_local,,,,,,,,,,,,,,,,,,catalog_only_external_paths,possible_existing_session_representation,no,unclear,none_identified,No public YouTube/Vimeo/Rumble/PDF URL in aosrd-2022 catalog; binaries claimed on /Volumes/... (Pass 2). External public availability not_checked / outside public-web check.
local-downloads-deadman-purple-cover,AOSRD_Clearfield,local_downloads,A Manual of Acupuncture (purple cover),a manual of acupuncture purple cover,local-downloads-deadman-purple-cover,no_match,,,,present_local,,,,,,,,,,,,,,,,,,catalog_only_local_machine_paths,potentially_new_session,no,potentially_new_session,none_identified,No public streaming URL in catalog; source_root=/Users/nuu/Downloads/a-manual-of-acupuncture-purple cover.pdf (Pass 2 claimed_present_elsewhere). Public external availability not applicable / not_checked.
local-downloads-acu-resource,AOSRD_Clearfield,local_downloads,Acupuncture resource,acupuncture resource,local-downloads-acu-resource,no_match,,,,present_local,,,,,,,,,,,,,,,,,,catalog_only_local_machine_paths,potentially_new_session,no,potentially_new_session,none_identified,No public streaming URL in catalog; source_root=/Users/nuu/Downloads/Acupuncture resource (Pass 2 claimed_present_elsewhere). Public external availability not applicable / not_checked.
local-downloads-insomnia-reference-guide,AOSRD_Clearfield,local_downloads,Insomnia reference guide,insomnia reference guide,local-downloads-insomnia-reference-guide,no_match,,,,present_local,,,,,,,,,,,,,,,,,,catalog_only_local_machine_paths,potentially_new_session,no,potentially_new_session,none_identified,No public streaming URL in catalog; source_root=/Users/nuu/Downloads/insomnia_reference_guide.pdf (Pass 2 claimed_present_elsewhere). Public external availability not applicable / not_checked.
local-downloads-hidden-geography-channels-m4a,AOSRD_Clearfield,local_downloads,The hidden geography of acupuncture channels (audio),the hidden geography of acupuncture channels audio,local-downloads-hidden-geography-channels-m4a,no_match,,,,present_local,,,,,,,,,,,,,,,,,,catalog_only_local_machine_paths,potentially_new_session,no,potentially_new_session,none_identified,No public streaming URL in catalog; source_root=/Users/nuu/Downloads/The_hidden_geography_of_acupuncture_channels.m4a (Pass 2 claimed_present_elsewhere). Public external availability not applicable / not_checked.
local-downloads-brain-and-mycotoxins,AOSRD_Clearfield,local_downloads,Brain and Mycotoxins,brain and mycotoxins,local-downloads-brain-and-mycotoxins,no_match,,,,present_local,,,,,,,,,,,,,,,,,,catalog_only_local_machine_paths,potentially_new_session,no,potentially_new_session,none_identified,No public streaming URL in catalog; source_root=/Users/nuu/Downloads/BrainandMycotoxins.pdf (Pass 2 claimed_present_elsewhere). Public external availability not applicable / not_checked.
local-downloads-campbell-mold-aosrd-2021,AOSRD_Clearfield,local_downloads,Dr Andrew Campbell — Mold and Mycotoxins (AOSRD 2021),dr andrew campbell mold and mycotoxins aosrd 2021,local-downloads-campbell-mold-aosrd-2021,possible,v3Md09l1C_mz3hrDPWngln5SYQw;hFcw5MS7FSAuXJGFcnPHqL6j1gM,,,present_local,,,,,,,,,,,,,,,,,,catalog_only_local_machine_paths,possible_existing_session_representation,no,unclear,none_identified,No public streaming URL in catalog; source_root=/Users/nuu/Downloads/DR andrew Campbell Mold-and-Mycotoxins-AOSRD 2021.pdf (Pass 2 claimed_present_elsewhere). Public external availability not applicable / not_checked.
local-downloads-hashimoto-tano,AOSRD_Clearfield,local_downloads,Hashimoto thyroiditis with Dr Benoit Tano,hashimoto thyroiditis with dr benoit tano,local-downloads-hashimoto-tano,possible,81vgkJ55QnsvesXbnyxCMQPr6Rc;Td9Prx_y7BG6tFzXN3Yl-Iy-NJ8,,,present_local,,,,,,,,,,,,,,,,,,catalog_only_local_machine_paths,possible_existing_session_representation,no,unclear,none_identified,No public streaming URL in catalog; source_root=/Users/nuu/Downloads/Hashimoto thyroididtis with Dr Benoit Tano  (Pass 2 claimed_present_elsewhere). Public external availability not applicable / not_checked.
local-downloads-emily-autoimmune-2026-04,AOSRD_Clearfield,local_downloads,Insights On Emily — a case of Autoimmune Origin,insights on emily a case of autoimmune origin,local-downloads-emily-autoimmune-2026-04,possible,GpGzOhGTH4-q6bror7uHVEIk1Jk,,,present_local,,,,,,,,,,,,,,,,,,catalog_only_local_machine_paths,possible_existing_session_representation,no,unclear,none_identified,No public streaming URL in catalog; source_root=/Users/nuu/Downloads/Insights On Emily:a case of Autoimmune Origin 4 2026 (Pass 2 claimed_present_elsewhere). Public external availability not applicable / not_checked.
local-downloads-integrative-immuno-carbon60,AOSRD_Clearfield,local_downloads,Integrative Immunology — Nutritional Cofactors / Carbon60,integrative immunology nutritional cofactors carbon60,local-downloads-integrative-immuno-carbon60,no_match,,,,present_local,,,,,,,,,,,,,,,,,,catalog_only_local_machine_paths,potentially_new_session,no,potentially_new_session,none_identified,No public streaming URL in catalog; source_root=/Users/nuu/Downloads/Integrative Immunology Nutritional Cofactors in Tissue Using Repair Carbon60 (Pass 2 claimed_present_elsewhere). Public external availability not applicable / not_checked.
local-downloads-morgellons-lyme-syphilis,AOSRD_Clearfield,local_downloads,"Overlap between Morgellons, Lyme disease, and syphilis",overlap between morgellons lyme disease and syphilis,local-downloads-morgellons-lyme-syphilis,no_match,,,,present_local,,,,,,,,,,,,,,,,,,catalog_only_local_machine_paths,potentially_new_session,no,potentially_new_session,none_identified,No public streaming URL in catalog; source_root=/Users/nuu/Downloads/overlap between Morgellons Lyme disease and syphilis (Pass 2 claimed_present_elsewhere). Public external availability not applicable / not_checked.
local-downloads-colchicine-uses,AOSRD_Clearfield,local_downloads,Colchicine uses,colchicine uses,local-downloads-colchicine-uses,no_match,,,,present_local,,,,,,,,,,,,,,,,,,catalog_only_local_machine_paths,potentially_new_session,no,potentially_new_session,none_identified,No public streaming URL in catalog; source_root=/Users/nuu/Downloads/Colchicine uses.pdf (Pass 2 claimed_present_elsewhere). Public external availability not applicable / not_checked.
local-downloads-dna-repair-andrews-2026-04,AOSRD_Clearfield,local_downloads,DNA repair healing with Dr. Bill Andrews,dna repair healing with dr bill andrews,local-downloads-dna-repair-andrews-2026-04,likely,ajVChHpkQS72kcrtN9J03lwNFZ0,,,present_local,,,,,,,,,,,,,,,,,,catalog_only_local_machine_paths,probable_existing_session_representation,no,no_new_source_indicated,none_identified,No public streaming URL in catalog; source_root=/Users/nuu/Downloads/DNA repair healing with Dr. Bill Andrews 4 28 2026 (Pass 2 claimed_present_elsewhere). Public external availability not applicable / not_checked.
local-downloads-burton-hormones-2026-04,AOSRD_Clearfield,local_downloads,Dr Lindsay Burton — everything hormones lecture,dr lindsay burton everything hormones lecture,local-downloads-burton-hormones-2026-04,possible,OlXuXl73V1RAQ4bVYXoakDZMRnU,,,present_local,,,,,,,,,,,,,,,,,,catalog_only_local_machine_paths,possible_existing_session_representation,no,unclear,none_identified,No public streaming URL in catalog; source_root=/Users/nuu/Downloads/Dr Lindsay Burton everything hormones lecture 4 2026.txt (Pass 2 claimed_present_elsewhere). Public external availability not applicable / not_checked.
local-downloads-hair-follicle-optimization,AOSRD_Clearfield,local_downloads,Hair Follicle Optimization Master Research v0.2,hair follicle optimization master research v0 2,local-downloads-hair-follicle-optimization,no_match,,,,present_local,,,,,,,,,,,,,,,,,,catalog_only_local_machine_paths,potentially_new_session,no,potentially_new_session,none_identified,No public streaming URL in catalog; source_root=/Users/nuu/Downloads/Hair_Follicle_Optimization_Master_Research_v0.2.docx (Pass 2 claimed_present_elsewhere). Public external availability not applicable / not_checked.
local-downloads-integrative-medicine-lecture-notes,AOSRD_Clearfield,local_downloads,Integrative medicine lecture notes,integrative medicine lecture notes,local-downloads-integrative-medicine-lecture-notes,no_match,,,,present_local,,,,,,,,,,,,,,,,,,catalog_only_local_machine_paths,potentially_new_session,no,potentially_new_session,none_identified,No public streaming URL in catalog; source_root=/Users/nuu/Downloads/integrative_medicine_lecture_notes.docx (Pass 2 claimed_present_elsewhere). Public external availability not applicable / not_checked.
local-downloads-ivermectin-ayurveda-2026-05,AOSRD_Clearfield,local_downloads,"Ivermectin for longevity, cancer, neurodegeneration & quantum Ayurveda",ivermectin for longevity cancer neurodegeneration quantum ayurveda,local-downloads-ivermectin-ayurveda-2026-05,strong,SiB7Ifahh4_dfJVERQgP60auXjw,,,present_local,,,,,,,,,,,,,,,,,,catalog_only_local_machine_paths,existing_session_representation,no,no_new_source_indicated,none_identified,"No public streaming URL in catalog; source_root=/Users/nuu/Downloads/Ivermectin for longevity, cancer, neurodegenerative diseases, & potential of quantum Ayurveda technology 5 19 2026 (Pass 2 claimed_present_elsewhere). Public external availability not applicable / not_checked."
local-downloads-colchicine-cv-prevention,AOSRD_Clearfield,local_downloads,Low-dose colchicine — CV prevention / anti-inflammatory,low dose colchicine cv prevention anti inflammatory,local-downloads-colchicine-cv-prevention,no_match,,,,present_local,,,,,,,,,,,,,,,,,,catalog_only_local_machine_paths,potentially_new_session,no,potentially_new_session,none_identified,No public streaming URL in catalog; source_root=/Users/nuu/Downloads/low-dose colchicine as a cost-effective anti-inflammatory therapy for cardiovascular prevention (Pass 2 claimed_present_elsewhere). Public external availability not applicable / not_checked.
local-downloads-dpc-hartman-2026-05,AOSRD_Clearfield,local_downloads,Stefan Hartman — starting a DPC practice (LLC / S-corp),stefan hartman starting a dpc practice llc s corp,local-downloads-dpc-hartman-2026-05,strong,7f1TOn8POnM4I7k7Kv04F-ZbcYA,,,present_local,,,,,,,,,,,,,,,,,,catalog_only_local_machine_paths,existing_session_representation,no,no_new_source_indicated,none_identified,"No public streaming URL in catalog; source_root=/Users/nuu/Downloads/Stefan Hartman presented on starting a DPC practice, emphasizing the benefits of an LLC, S corporation 512 2026 (Pass 2 claimed_present_elsewhere). Public external availability not applicable / not_checked."
local-downloads-peptides-bpc-kpv-2026-05,AOSRD_Clearfield,local_downloads,"Peptides BPC-157, KPV, and lorazotide — gut repair / barrier",peptides bpc 157 kpv and lorazotide gut repair barrier,local-downloads-peptides-bpc-kpv-2026-05,no_match,,,,present_local,,,,,,,,,,,,,,,,,,catalog_only_local_machine_paths,potentially_new_session,no,potentially_new_session,none_identified,"No public streaming URL in catalog; source_root=/Users/nuu/Downloads/ peptides BPC 157, KPV, and lorazotide for gut repair, inflammation, and barrier control slides 5 5 2026 (Pass 2 claimed_present_elsewhere). Public external availability not applicable / not_checked."
