record_id,ecosystem,source,original_title,normalized_title,pass1_reference,otter_id,otter_date,packet_dir,packet_json_status,raw_transcript_status,summary_status,structured_lecture_notes_status,quiz_status,key_takeaways_status,infographic_data_status,infographic_status,readme_status,slides_status,slides_claimed_downloaded,slide_pdf_status,slide_images_status,audio_status,video_status,pathway_status,content_kit_status,knowledge_leaves_status,aosrd_catalog_status,aosrd_pdf_url_status,aosrd_pdf_local_status,youtube_id,youtube_url_status,youtube_video_local_status,vimeo_url_status,vimeo_video_local_status,rumble_url_status,rumble_video_local_status,overall_local_representation_status,processing_state_based_on_local_inventory,notes
otter-CMNjlQbT2xu4NqL-9gu4VQSt0mo,AOSRD_Clearfield,clearfield_otter,"Tuesday Integrative Health Webinar — August 6, 2024: Gut Microbiome, Postbiotic Metabolites & Oral Probiotic Dilemma",tuesday integrative health webinar august 6 2024 gut microbiome postbiotic metabolites oral probiotic dilemma,aosrd-webinars-098-33LzcsSXUns:strong;aosrd-webinars-263-lCzuTx9LKnQ:possible;aosrd-webinars-280-gLzMZA_eM5g:possible,CMNjlQbT2xu4NqL-9gu4VQSt0mo,2024-08-06,Research/lectures/clearfield-webinar-2024-08-06,present_local,present_local,present_local,present_local,present_local,present_local,present_local,absent,present_local,absent,false,absent,absent,absent,absent,absent,absent,absent,cataloged_external,cataloged_external,absent,,not_checked,absent,not_checked,absent,not_checked,absent,present_local,text_complete,"otter-manifest.slides_downloaded=true but packet.slides status=none/count=0; treated as absent per packet.json (manifest appears blanket-true); pass1_web_candidates=3 (unconfirmed identity); sync=transcript_only; pass1_candidate_youtube_ids=33LzcsSXUns,gLzMZA_eM5g,lCzuTx9LKnQ (unconfirmed); pass1_candidate_pdf_urls=2 (unconfirmed identity)"
otter-xg4V_A-L8_Ob1jKGBewDTtKzOWg,AOSRD_Clearfield,clearfield_otter,Tuesday Integrative Health Webinar — CDPM Four Pillars / Redox & Immune Modulation,tuesday integrative health webinar cdpm four pillars redox immune modulation,aosrd-webinars-097-qCHRKOIOdyo:strong;aosrd-webinars-158-BcMb7ZimIEo:possible;aosrd-webinars-196-Td9ybE_W-wU:possible;aosrd-webinars-221-MmQQQCArvdc:possible;aosrd-webinars-223-YUkfwX92wGw:possible;aosrd-webinars-254-airYs7uvexw:possible;aosrd-webinars-278-cFsYIDESXoE:possible;aosrd-2022-saturday-9-james-forsythe-2022-forsythe-immune-protocol-update-march-2022:possible,xg4V_A-L8_Ob1jKGBewDTtKzOWg,2024-08-13,Research/lectures/clearfield-webinar-2024-08-13,present_local,present_local,present_local,present_local,present_local,present_local,present_local,absent,present_local,absent,false,absent,absent,absent,absent,present_local,present_local,absent,cataloged_external,cataloged_external,absent,,not_checked,absent,not_checked,absent,not_checked,absent,present_local,text_complete,"otter-manifest.slides_downloaded=true but packet.slides status=none/count=0; treated as absent per packet.json (manifest appears blanket-true); pass1_web_candidates=8 (unconfirmed identity); sync=transcript_only; pass1_candidate_youtube_ids=BcMb7ZimIEo,MmQQQCArvdc,Td9ybE_W-wU,YUkfwX92wGw,airYs7uvexw,cFsYIDESXoE,qCHRKOIOdyo (unconfirmed); pass1_candidate_pdf_urls=3 (unconfirmed identity)"
otter-y59a2fEx8UgOiThJHr1w-HcQc1U,AOSRD_Clearfield,clearfield_otter,"Tuesday Integrative Health Webinar — August 20, 2024: Cancer Treatment–Induced Osteoporosis & Fracture-First Bone Care (Dr. John Newstead)",tuesday integrative health webinar august 20 2024 cancer treatment induced osteoporosis fracture first bone care dr john newstead,aosrd-webinars-030-STzYdlwj7lI:possible;aosrd-webinars-065-l0Rjq3pwOR8:possible;aosrd-webinars-080-zNlsUByAduM:possible;aosrd-webinars-094-vryHjbho0Os:possible;aosrd-webinars-095-DiZKcMJiLs8:possible;aosrd-webinars-096-3m1kSqjO3yI:strong;aosrd-webinars-109-rE4aeyVQ2Ho:possible;aosrd-webinars-173-yAA5qJFYPgg:possible;aosrd-webinars-187:possible;aosrd-webinars-199-GpYX1_vmLFI:possible,y59a2fEx8UgOiThJHr1w-HcQc1U,2024-08-20,Research/lectures/clearfield-webinar-2024-08-20,present_local,present_local,present_local,present_local,present_local,present_local,present_local,absent,present_local,absent,false,absent,absent,absent,absent,absent,absent,absent,cataloged_external,cataloged_external,absent,,not_checked,absent,not_checked,absent,not_checked,absent,present_local,text_complete,"otter-manifest.slides_downloaded=true but packet.slides status=none/count=0; treated as absent per packet.json (manifest appears blanket-true); pass1_web_candidates=10 (unconfirmed identity); sync=transcript_only; pass1_candidate_youtube_ids=3m1kSqjO3yI,DiZKcMJiLs8,GpYX1_vmLFI,STzYdlwj7lI,l0Rjq3pwOR8,rE4aeyVQ2Ho,vryHjbho0Os,yAA5qJFYPgg,zNlsUByAduM (unconfirmed); pass1_candidate_pdf_urls=4 (unconfirmed identity)"
otter-pw9yXaKVUW0ETXgSRTRBaLEzqQc,AOSRD_Clearfield,clearfield_otter,"Tuesday Integrative Health Webinar — August 27, 2024: Lisa Tamati — Resilience, Advocacy & Mother’s Stroke/Cancer Recovery",tuesday integrative health webinar august 27 2024 lisa tamati resilience advocacy mother s stroke cancer recovery,aosrd-webinars-044-MTrSvugiJpo:possible;aosrd-webinars-065-l0Rjq3pwOR8:possible;aosrd-webinars-095-DiZKcMJiLs8:strong,pw9yXaKVUW0ETXgSRTRBaLEzqQc,2024-08-27,Research/lectures/clearfield-webinar-2024-08-27,present_local,present_local,present_local,present_local,present_local,present_local,present_local,absent,present_local,absent,false,absent,absent,absent,absent,absent,absent,absent,cataloged_external,cataloged_external,absent,,not_checked,absent,not_checked,absent,not_checked,absent,present_local,text_complete,"otter-manifest.slides_downloaded=true but packet.slides status=none/count=0; treated as absent per packet.json (manifest appears blanket-true); pass1_web_candidates=3 (unconfirmed identity); sync=transcript_only; pass1_candidate_youtube_ids=DiZKcMJiLs8,MTrSvugiJpo,l0Rjq3pwOR8 (unconfirmed); pass1_candidate_pdf_urls=1 (unconfirmed identity)"
otter-lad4QB8n10SgLwRq48hmZvwDQ2U,AOSRD_Clearfield,clearfield_otter,"Tuesday Integrative Health Webinar — September 3, 2024: Hormone-Balancing Drops, Insulin Resistance & Poly Homeopathy",tuesday integrative health webinar september 3 2024 hormone balancing drops insulin resistance poly homeopathy,aosrd-webinars-094-vryHjbho0Os:strong;aosrd-webinars-112-nzj-iOQyroc:possible;aosrd-webinars-133-DdsK-SLxdqY:possible,lad4QB8n10SgLwRq48hmZvwDQ2U,2024-09-03,Research/lectures/clearfield-webinar-2024-09-03,present_local,present_local,present_local,present_local,present_local,present_local,present_local,absent,present_local,absent,false,absent,absent,absent,absent,absent,absent,absent,cataloged_external,not_checked,absent,,not_checked,absent,not_checked,absent,not_checked,absent,present_local,text_complete,"otter-manifest.slides_downloaded=true but packet.slides status=none/count=0; treated as absent per packet.json (manifest appears blanket-true); pass1_web_candidates=3 (unconfirmed identity); sync=transcript_only; pass1_candidate_youtube_ids=DdsK-SLxdqY,nzj-iOQyroc,vryHjbho0Os (unconfirmed)"
otter-dliX4LcIPRKy-7vE3xcjJ4TlkiI,AOSRD_Clearfield,clearfield_otter,"Tuesday Integrative Health Webinar — September 10, 2024: Classical Homeopathy Cases (Stroke & Crohn’s)",tuesday integrative health webinar september 10 2024 classical homeopathy cases stroke crohn s,aosrd-webinars-093-asNZdMRFj4k:strong;aosrd-webinars-130-Zg1SS0BMLIE:variant_derivative,dliX4LcIPRKy-7vE3xcjJ4TlkiI,2024-09-10,Research/lectures/clearfield-webinar-2024-09-10,present_local,present_local,present_local,present_local,present_local,present_local,present_local,absent,present_local,absent,false,absent,absent,absent,absent,absent,absent,absent,cataloged_external,not_checked,absent,,not_checked,absent,not_checked,absent,not_checked,absent,present_local,text_complete,"otter-manifest.slides_downloaded=true but packet.slides status=none/count=0; treated as absent per packet.json (manifest appears blanket-true); pass1_web_candidates=2 (unconfirmed identity); sync=transcript_only; pass1_candidate_youtube_ids=Zg1SS0BMLIE,asNZdMRFj4k (unconfirmed)"
otter-XFeeYcx6xIW9i1HcL0VfsCVvAjY,AOSRD_Clearfield,clearfield_otter,"Tuesday Integrative Health Webinar — September 17, 2024: Evolving Cannabis Space, ECS & Evidence (Jeffrey Block)",tuesday integrative health webinar september 17 2024 evolving cannabis space ecs evidence jeffrey block,aosrd-webinars-092:possible;aosrd-webinars-131-VFyRiKGUpX4:possible;aosrd-webinars-264-hGZgCspkuI8:possible,XFeeYcx6xIW9i1HcL0VfsCVvAjY,2024-09-17,Research/lectures/clearfield-webinar-2024-09-17,present_local,present_local,present_local,present_local,present_local,present_local,present_local,absent,present_local,absent,false,absent,absent,absent,absent,absent,absent,absent,cataloged_external,not_checked,absent,,not_checked,absent,not_checked,absent,not_checked,absent,present_local,text_complete,"otter-manifest.slides_downloaded=true but packet.slides status=none/count=0; treated as absent per packet.json (manifest appears blanket-true); pass1_web_candidates=3 (unconfirmed identity); sync=transcript_only; pass1_candidate_youtube_ids=VFyRiKGUpX4,hGZgCspkuI8 (unconfirmed)"
otter-FbRyr7EkkewAoPTmXbK9DtUiA_Y,AOSRD_Clearfield,clearfield_otter,"Tuesday Integrative Health Webinar — September 24, 2024: Drug-Induced Nutrient Depletion & Nitric Oxide",tuesday integrative health webinar september 24 2024 drug induced nutrient depletion nitric oxide,aosrd-webinars-080-zNlsUByAduM:possible;aosrd-webinars-089-YGd1siNfdVc:possible;aosrd-webinars-091-EC0ajS7U0yQ:strong;aosrd-webinars-130-Zg1SS0BMLIE:variant_derivative;aosrd-webinars-138-vgRIJLFLR_c:possible;aosrd-webinars-181-0u1-ve92hd0:possible;aosrd-webinars-244-DwiLCdt69H4:possible;aosrd-webinars-276-xf6_T9mUZKc:possible,FbRyr7EkkewAoPTmXbK9DtUiA_Y,2024-09-24,Research/lectures/clearfield-webinar-2024-09-24,present_local,present_local,present_local,present_local,present_local,present_local,present_local,absent,present_local,absent,false,absent,absent,absent,absent,absent,absent,absent,cataloged_external,cataloged_external,absent,,not_checked,absent,not_checked,absent,not_checked,absent,present_local,text_complete,"otter-manifest.slides_downloaded=true but packet.slides status=none/count=0; treated as absent per packet.json (manifest appears blanket-true); pass1_web_candidates=8 (unconfirmed identity); sync=transcript_only; pass1_candidate_youtube_ids=0u1-ve92hd0,DwiLCdt69H4,EC0ajS7U0yQ,YGd1siNfdVc,Zg1SS0BMLIE,vgRIJLFLR_c,xf6_T9mUZKc,zNlsUByAduM (unconfirmed); pass1_candidate_pdf_urls=3 (unconfirmed identity)"
otter-OL_Ukp1RYjVvnjsMHnF2eXCXDC8,AOSRD_Clearfield,clearfield_otter,"Tuesday Integrative Health Webinar — October 1, 2024: Physiologic Menopausal HRT with Felice Gersh",tuesday integrative health webinar october 1 2024 physiologic menopausal hrt with felice gersh,aosrd-webinars-032-ujLADWyiIR8:possible;aosrd-webinars-063-4Nhoej8KtNE:possible;aosrd-webinars-090-upIlResYnYM:strong;aosrd-webinars-112-nzj-iOQyroc:possible;aosrd-webinars-133-DdsK-SLxdqY:possible;aosrd-webinars-148-FcjGN44DJf4:possible;aosrd-webinars-160-gtoydOZzvx4:possible;aosrd-webinars-193-3HKa-GZK_Qw:possible;aosrd-webinars-212-11lqZNd_70Q:possible;aosrd-webinars-247-d0Eh9F8KA6M:possible,OL_Ukp1RYjVvnjsMHnF2eXCXDC8,2024-10-01,Research/lectures/clearfield-webinar-2024-10-01,present_local,present_local,present_local,present_local,present_local,present_local,present_local,absent,present_local,absent,false,absent,absent,absent,absent,absent,absent,absent,cataloged_external,cataloged_external,absent,,not_checked,absent,not_checked,absent,not_checked,absent,present_local,text_complete,"otter-manifest.slides_downloaded=true but packet.slides status=none/count=0; treated as absent per packet.json (manifest appears blanket-true); pass1_web_candidates=10 (unconfirmed identity); sync=transcript_only; pass1_candidate_youtube_ids=11lqZNd_70Q,3HKa-GZK_Qw,4Nhoej8KtNE,DdsK-SLxdqY,FcjGN44DJf4,d0Eh9F8KA6M,gtoydOZzvx4,nzj-iOQyroc,ujLADWyiIR8,upIlResYnYM (unconfirmed); pass1_candidate_pdf_urls=1 (unconfirmed identity)"
otter-EqC6yd4bQDKMl2mpzPURPZu-_Pc,AOSRD_Clearfield,clearfield_otter,"Tuesday Integrative Health Webinar — Nitric Oxide, EMF & Compounding Adjuncts",tuesday integrative health webinar nitric oxide emf compounding adjuncts,aosrd-webinars-089-YGd1siNfdVc:strong;aosrd-webinars-121-SOtnBGCgCUE:possible;aosrd-webinars-181-0u1-ve92hd0:possible;aosrd-webinars-197-92sBrfKcyfE:variant_derivative;aosrd-webinars-202-x6BIrL8qmzk:possible,EqC6yd4bQDKMl2mpzPURPZu-_Pc,2024-10-08,Research/lectures/clearfield-webinar-2024-10-08,present_local,present_local,present_local,present_local,present_local,present_local,present_local,absent,present_local,absent,false,absent,absent,absent,absent,absent,absent,absent,cataloged_external,cataloged_external,absent,,not_checked,absent,not_checked,absent,not_checked,absent,present_local,text_complete,"otter-manifest.slides_downloaded=true but packet.slides status=none/count=0; treated as absent per packet.json (manifest appears blanket-true); pass1_web_candidates=5 (unconfirmed identity); sync=transcript_only; pass1_candidate_youtube_ids=0u1-ve92hd0,92sBrfKcyfE,SOtnBGCgCUE,YGd1siNfdVc,x6BIrL8qmzk (unconfirmed); pass1_candidate_pdf_urls=3 (unconfirmed identity)"
otter-o1l0-NkpGtaNkGUULd_nBUbyoLs,AOSRD_Clearfield,clearfield_otter,Tuesday Integrative Health Webinar — Rojan Kavash Intro / Recording Logistics,tuesday integrative health webinar rojan kavash intro recording logistics,,o1l0-NkpGtaNkGUULd_nBUbyoLs,2024-10-15,Research/lectures/clearfield-webinar-2024-10-15,present_local,present_local,present_local,present_local,present_local,present_local,present_local,absent,present_local,absent,false,absent,absent,absent,absent,absent,absent,absent,absent,not_checked,absent,,not_checked,absent,not_checked,absent,not_checked,absent,present_local,text_complete,otter-manifest.slides_downloaded=true but packet.slides status=none/count=0; treated as absent per packet.json (manifest appears blanket-true); sync=transcript_only
otter-ykfPBSHSL3meBk4yGojbTxMVIpA,AOSRD_Clearfield,clearfield_otter,"Tuesday Integrative Health Webinar — October 22, 2024: DHA, Lutein & Zeaxanthin for Brain Health",tuesday integrative health webinar october 22 2024 dha lutein zeaxanthin for brain health,aosrd-webinars-052-k7huYi1803c:possible;aosrd-webinars-099-vhO2wI9HZPs:possible;aosrd-webinars-132-lMv3tfv7nN8:possible;aosrd-webinars-186-hUswEBL-LBc:possible;aosrd-webinars-205:possible;aosrd-webinars-211-xXkcEzAgITI:possible;aosrd-webinars-277-PAwuHkLjBxc:possible,ykfPBSHSL3meBk4yGojbTxMVIpA,2024-10-22,Research/lectures/clearfield-webinar-2024-10-22,present_local,present_local,present_local,present_local,present_local,present_local,present_local,absent,present_local,claimed_present_elsewhere,true,absent,claimed_present_elsewhere,absent,absent,absent,absent,absent,cataloged_external,cataloged_external,absent,,not_checked,absent,not_checked,absent,not_checked,absent,present_local,text_plus_visual_claimed_elsewhere,"slides claimed downloaded (count=68, packet.status=downloaded); 0 JPEG/PNG under slides/ on this disk (gitignore Research/lectures/*/slides/*.jpeg); pass1_web_candidates=7 (unconfirmed identity); sync=transcript_plus_screenshots; pass1_candidate_youtube_ids=PAwuHkLjBxc,hUswEBL-LBc,k7huYi1803c,lMv3tfv7nN8,vhO2wI9HZPs,xXkcEzAgITI (unconfirmed); pass1_candidate_pdf_urls=2 (unconfirmed identity)"
otter-P7cEH8dwjVWTUDcsolAayRGqqp4,AOSRD_Clearfield,clearfield_otter,Tuesday Integrative Health Webinar — Cash-Based Practice / Stairway System (Gallogly),tuesday integrative health webinar cash based practice stairway system gallogly,aosrd-webinars-015-vngXuAjbS-4:possible,P7cEH8dwjVWTUDcsolAayRGqqp4,2024-10-29,Research/lectures/clearfield-webinar-2024-10-29,present_local,present_local,present_local,present_local,present_local,present_local,present_local,absent,present_local,claimed_present_elsewhere,true,absent,claimed_present_elsewhere,absent,absent,absent,absent,absent,cataloged_external,not_checked,absent,,not_checked,absent,not_checked,absent,not_checked,absent,present_local,text_plus_visual_claimed_elsewhere,"slides claimed downloaded (count=110, packet.status=downloaded); 0 JPEG/PNG under slides/ on this disk (gitignore Research/lectures/*/slides/*.jpeg); pass1_web_candidates=1 (unconfirmed identity); sync=transcript_only; pass1_candidate_youtube_ids=vngXuAjbS-4 (unconfirmed)"
otter-P1FgRy3FvTrrNYsXISdsJKJeiEg,AOSRD_Clearfield,clearfield_otter,"Tuesday Integrative Health Webinar — November 6, 2024: Microbiome Diversity & Fecal Microbiota Transplant",tuesday integrative health webinar november 6 2024 microbiome diversity fecal microbiota transplant,aosrd-webinars-069-kSvKhj5JSv0:possible;aosrd-webinars-130-Zg1SS0BMLIE:variant_derivative;aosrd-webinars-204-Qy2mrgSpVNg:possible;aosrd-2022-meta-conference-aosrd-2022-catalog-notes:possible,P1FgRy3FvTrrNYsXISdsJKJeiEg,2024-11-06,Research/lectures/clearfield-webinar-2024-11-06,present_local,present_local,present_local,present_local,present_local,present_local,present_local,absent,present_local,claimed_present_elsewhere,true,absent,claimed_present_elsewhere,absent,absent,absent,absent,absent,cataloged_external,cataloged_external,absent,,not_checked,absent,not_checked,absent,not_checked,absent,present_local,text_plus_visual_claimed_elsewhere,"slides claimed downloaded (count=53, packet.status=downloaded); 0 JPEG/PNG under slides/ on this disk (gitignore Research/lectures/*/slides/*.jpeg); pass1_web_candidates=4 (unconfirmed identity); sync=transcript_plus_screenshots; pass1_candidate_youtube_ids=Qy2mrgSpVNg,Zg1SS0BMLIE,kSvKhj5JSv0 (unconfirmed); pass1_candidate_pdf_urls=2 (unconfirmed identity)"
otter-NGmGloKNP2XqOUJP7jB7qBC5eRM,AOSRD_Clearfield,clearfield_otter,"Tuesday Integrative Health Webinar — November 13, 2024",tuesday integrative health webinar november 13 2024,aosrd-webinars-130-Zg1SS0BMLIE:variant_derivative,NGmGloKNP2XqOUJP7jB7qBC5eRM,2024-11-13,Research/lectures/clearfield-webinar-2024-11-13,present_local,present_local,present_local,present_local,present_local,present_local,present_local,absent,present_local,claimed_present_elsewhere,true,absent,claimed_present_elsewhere,absent,absent,absent,absent,absent,cataloged_external,not_checked,absent,,not_checked,absent,not_checked,absent,not_checked,absent,present_local,text_plus_visual_claimed_elsewhere,"slides claimed downloaded (count=47, packet.status=downloaded); 0 JPEG/PNG under slides/ on this disk (gitignore Research/lectures/*/slides/*.jpeg); pass1_web_candidates=1 (unconfirmed identity); sync=transcript_only; pass1_candidate_youtube_ids=Zg1SS0BMLIE (unconfirmed)"
otter-qwUT3cyV7gYvn34XQtrA84mAbiI,AOSRD_Clearfield,clearfield_otter,"Tuesday Integrative Health Webinar — November 20, 2024: Longevity Biomarkers (NAD, Klotho, Inflammation)",tuesday integrative health webinar november 20 2024 longevity biomarkers nad klotho inflammation,aosrd-webinars-034:possible;aosrd-webinars-086-3F5eDzS7HqI:possible;aosrd-webinars-087-5ItUoUUJvsg:possible;aosrd-webinars-204-Qy2mrgSpVNg:possible,qwUT3cyV7gYvn34XQtrA84mAbiI,2024-11-20,Research/lectures/clearfield-webinar-2024-11-20,present_local,present_local,present_local,present_local,present_local,present_local,present_local,absent,present_local,claimed_present_elsewhere,true,absent,claimed_present_elsewhere,absent,absent,absent,absent,absent,cataloged_external,cataloged_external,absent,,not_checked,absent,not_checked,absent,not_checked,absent,present_local,text_plus_visual_claimed_elsewhere,"slides claimed downloaded (count=56, packet.status=downloaded); 0 JPEG/PNG under slides/ on this disk (gitignore Research/lectures/*/slides/*.jpeg); pass1_web_candidates=4 (unconfirmed identity); sync=transcript_plus_screenshots; pass1_candidate_youtube_ids=3F5eDzS7HqI,5ItUoUUJvsg,Qy2mrgSpVNg (unconfirmed); pass1_candidate_pdf_urls=1 (unconfirmed identity)"
otter-vjcply7K-rJtWMYGKgD39abIq9E,AOSRD_Clearfield,clearfield_otter,"Tuesday Integrative Health Webinar — November 27, 2024: Brain Health Crisis, Women’s Hormones & Cognitive Prevention (Dr. Debbie Smurz)",tuesday integrative health webinar november 27 2024 brain health crisis women s hormones cognitive prevention dr debbie smurz,aosrd-webinars-084-LCKfDsIgPEw:strong;aosrd-webinars-133-DdsK-SLxdqY:possible;aosrd-webinars-207-0cBElywMkUY:possible,vjcply7K-rJtWMYGKgD39abIq9E,2024-11-27,Research/lectures/clearfield-webinar-2024-11-27,present_local,present_local,present_local,present_local,present_local,present_local,present_local,absent,present_local,claimed_present_elsewhere,true,absent,claimed_present_elsewhere,absent,absent,absent,absent,absent,cataloged_external,cataloged_external,absent,,not_checked,absent,not_checked,absent,not_checked,absent,present_local,text_plus_visual_claimed_elsewhere,"slides claimed downloaded (count=117, packet.status=downloaded); 0 JPEG/PNG under slides/ on this disk (gitignore Research/lectures/*/slides/*.jpeg); pass1_web_candidates=3 (unconfirmed identity); sync=transcript_plus_screenshots; pass1_candidate_youtube_ids=0cBElywMkUY,DdsK-SLxdqY,LCKfDsIgPEw (unconfirmed); pass1_candidate_pdf_urls=1 (unconfirmed identity)"
otter-vZKE66zexBS6KPliMMq0glRxefk,AOSRD_Clearfield,clearfield_otter,"Tuesday Integrative Health Webinar — December 4, 2024: 12 Medical Myths (Christmas Edition)",tuesday integrative health webinar december 4 2024 12 medical myths christmas edition,aosrd-webinars-034:possible;aosrd-webinars-136-HfjLBsKBxKM:possible;aosrd-webinars-175-wTPrdOyALx0:possible;aosrd-webinars-205:possible;aosrd-2022-sunday-7-cruz-march-2022-medical-ethics-presentation-1:possible,vZKE66zexBS6KPliMMq0glRxefk,2024-12-04,Research/lectures/clearfield-webinar-2024-12-04,present_local,present_local,present_local,present_local,present_local,present_local,present_local,absent,present_local,claimed_present_elsewhere,true,absent,claimed_present_elsewhere,absent,absent,absent,absent,absent,cataloged_external,cataloged_external,absent,,not_checked,absent,not_checked,absent,not_checked,absent,present_local,text_plus_visual_claimed_elsewhere,"slides claimed downloaded (count=79, packet.status=downloaded); 0 JPEG/PNG under slides/ on this disk (gitignore Research/lectures/*/slides/*.jpeg); pass1_web_candidates=5 (unconfirmed identity); sync=transcript_plus_screenshots; pass1_candidate_youtube_ids=HfjLBsKBxKM,wTPrdOyALx0 (unconfirmed); pass1_candidate_pdf_urls=3 (unconfirmed identity)"
otter-TNvBcRwwSnrkWGe2_L3i3lGvYYk,AOSRD_Clearfield,clearfield_otter,"Tuesday Integrative Health Webinar — December 11, 2024: Soy Foods, Isoflavones & Controversies",tuesday integrative health webinar december 11 2024 soy foods isoflavones controversies,aosrd-webinars-064-JRwekVs321Y:possible;aosrd-webinars-080-zNlsUByAduM:possible;aosrd-webinars-136-HfjLBsKBxKM:possible;aosrd-webinars-171-wSFbd7D8Lpw:variant_derivative;aosrd-webinars-186-hUswEBL-LBc:possible;aosrd-2022-sunday-8-burgess-suicide-prevention-john-burgess-do-aosrd-4-0:possible,TNvBcRwwSnrkWGe2_L3i3lGvYYk,2024-12-11,Research/lectures/clearfield-webinar-2024-12-11,present_local,present_local,present_local,present_local,present_local,present_local,present_local,absent,present_local,claimed_present_elsewhere,true,absent,claimed_present_elsewhere,absent,absent,absent,absent,absent,cataloged_external,cataloged_external,absent,,not_checked,absent,not_checked,absent,not_checked,absent,present_local,text_plus_visual_claimed_elsewhere,"slides claimed downloaded (count=160, packet.status=downloaded); 0 JPEG/PNG under slides/ on this disk (gitignore Research/lectures/*/slides/*.jpeg); pass1_web_candidates=6 (unconfirmed identity); sync=transcript_plus_screenshots; pass1_candidate_youtube_ids=HfjLBsKBxKM,JRwekVs321Y,hUswEBL-LBc,wSFbd7D8Lpw,zNlsUByAduM (unconfirmed); pass1_candidate_pdf_urls=3 (unconfirmed identity)"
otter-teTBikykKpBtvemVFqClxhmIVaQ,AOSRD_Clearfield,clearfield_otter,"Tuesday Integrative Health Webinar — December 18, 2024: Urinary Hormone Monitors & Women's Care (McKenzie / Mira)",tuesday integrative health webinar december 18 2024 urinary hormone monitors women s care mckenzie mira,aosrd-webinars-053-Y-_p7jNbZaY:possible;aosrd-webinars-079-IcjS_wKZ5bI:strong;aosrd-webinars-130-Zg1SS0BMLIE:variant_derivative;aosrd-webinars-133-DdsK-SLxdqY:possible;aosrd-webinars-148-FcjGN44DJf4:possible,teTBikykKpBtvemVFqClxhmIVaQ,2024-12-18,Research/lectures/clearfield-webinar-2024-12-18,present_local,present_local,present_local,present_local,present_local,present_local,present_local,absent,present_local,claimed_present_elsewhere,true,absent,claimed_present_elsewhere,absent,absent,absent,absent,absent,cataloged_external,not_checked,absent,,not_checked,absent,not_checked,absent,not_checked,absent,present_local,text_plus_visual_claimed_elsewhere,"slides claimed downloaded (count=138, packet.status=downloaded); 0 JPEG/PNG under slides/ on this disk (gitignore Research/lectures/*/slides/*.jpeg); pass1_web_candidates=5 (unconfirmed identity); sync=transcript_plus_screenshots; pass1_candidate_youtube_ids=DdsK-SLxdqY,FcjGN44DJf4,IcjS_wKZ5bI,Y-_p7jNbZaY,Zg1SS0BMLIE (unconfirmed)"
otter-5HPCyqwQxi9QD1of8g-CPHrnFcc,AOSRD_Clearfield,clearfield_otter,"Tuesday Integrative Health Webinar — January 8, 2025: Rapid Weight Loss, Muscle Preservation, NAD & Fortetropin",tuesday integrative health webinar january 8 2025 rapid weight loss muscle preservation nad fortetropin,aosrd-webinars-064-JRwekVs321Y:possible;aosrd-webinars-077-Y4xe9xz-84s:possible;aosrd-webinars-134-LdAfVo2iTT0:possible;aosrd-webinars-170-hj4CXKqCtkg:possible;aosrd-webinars-182-FsuYMzPyjWE:possible;aosrd-webinars-191-ZrOMyfW29og:possible,5HPCyqwQxi9QD1of8g-CPHrnFcc,2025-01-08,Research/lectures/clearfield-webinar-2025-01-08,present_local,present_local,present_local,present_local,present_local,present_local,present_local,absent,present_local,claimed_present_elsewhere,true,absent,claimed_present_elsewhere,absent,absent,absent,absent,absent,cataloged_external,cataloged_external,absent,,not_checked,absent,not_checked,absent,not_checked,absent,present_local,text_plus_visual_claimed_elsewhere,"slides claimed downloaded (count=122, packet.status=downloaded); 0 JPEG/PNG under slides/ on this disk (gitignore Research/lectures/*/slides/*.jpeg); pass1_web_candidates=6 (unconfirmed identity); sync=transcript_plus_screenshots; pass1_candidate_youtube_ids=FsuYMzPyjWE,JRwekVs321Y,LdAfVo2iTT0,Y4xe9xz-84s,ZrOMyfW29og,hj4CXKqCtkg (unconfirmed); pass1_candidate_pdf_urls=3 (unconfirmed identity)"
otter-uRqtR3sy0qaYlUcYL4_tPVC7Tps,AOSRD_Clearfield,clearfield_otter,"Tuesday Integrative Health Webinar — January 15, 2025: Metabolomics Pathways & Metabolic Syndrome",tuesday integrative health webinar january 15 2025 metabolomics pathways metabolic syndrome,aosrd-webinars-076-DOa9N5ODRuU:possible;aosrd-webinars-191-ZrOMyfW29og:possible;aosrd-webinars-192-E6pwg1bmNJk:possible,uRqtR3sy0qaYlUcYL4_tPVC7Tps,2025-01-15,Research/lectures/clearfield-webinar-2025-01-15,present_local,present_local,present_local,present_local,present_local,present_local,present_local,absent,present_local,claimed_present_elsewhere,true,absent,claimed_present_elsewhere,absent,absent,absent,absent,absent,cataloged_external,cataloged_external,absent,,not_checked,absent,not_checked,absent,not_checked,absent,present_local,text_plus_visual_claimed_elsewhere,"slides claimed downloaded (count=180, packet.status=downloaded); 0 JPEG/PNG under slides/ on this disk (gitignore Research/lectures/*/slides/*.jpeg); pass1_web_candidates=3 (unconfirmed identity); sync=transcript_plus_screenshots; pass1_candidate_youtube_ids=DOa9N5ODRuU,E6pwg1bmNJk,ZrOMyfW29og (unconfirmed); pass1_candidate_pdf_urls=1 (unconfirmed identity)"
otter-hFcw5MS7FSAuXJGFcnPHqL6j1gM,AOSRD_Clearfield,clearfield_otter,"Tuesday Integrative Health Webinar — January 22, 2025: Mold, Mycotoxins & the Sinus–Brain Axis (Dr. Dennis)",tuesday integrative health webinar january 22 2025 mold mycotoxins the sinus brain axis dr dennis,aosrd-webinars-075-044uvhXbKng:possible;aosrd-webinars-111-6Ydzs4z54kg:possible;aosrd-webinars-191-ZrOMyfW29og:possible;aosrd-webinars-192-E6pwg1bmNJk:possible;aosrd-webinars-205:possible;aosrd-webinars-209-728P3vA7hsU:possible;aosrd-webinars-249-3mTLksPwJyo:possible;local-downloads-campbell-mold-aosrd-2021:possible,hFcw5MS7FSAuXJGFcnPHqL6j1gM,2025-01-22,Research/lectures/clearfield-webinar-2025-01-22,present_local,present_local,present_local,present_local,present_local,present_local,present_local,absent,present_local,claimed_present_elsewhere,true,absent,claimed_present_elsewhere,absent,absent,absent,absent,absent,cataloged_external,cataloged_external,absent,,not_checked,absent,not_checked,absent,not_checked,absent,present_local,text_plus_visual_claimed_elsewhere,"slides claimed downloaded (count=177, packet.status=downloaded); 0 JPEG/PNG under slides/ on this disk (gitignore Research/lectures/*/slides/*.jpeg); pass1_web_candidates=8 (unconfirmed identity); sync=transcript_plus_screenshots; pass1_candidate_youtube_ids=044uvhXbKng,3mTLksPwJyo,6Ydzs4z54kg,728P3vA7hsU,E6pwg1bmNJk,ZrOMyfW29og (unconfirmed); pass1_candidate_pdf_urls=5 (unconfirmed identity)"
otter-Ts2MMXvFk3VIGcyQs8K33dvV7lk,AOSRD_Clearfield,clearfield_otter,Tuesday Integrative Health Webinar — Poly-MVA / LAMC Mitochondrial Medicine,tuesday integrative health webinar poly mva lamc mitochondrial medicine,aosrd-webinars-074-0DKMSGQ2wAY:possible,Ts2MMXvFk3VIGcyQs8K33dvV7lk,2025-01-29,Research/lectures/clearfield-webinar-2025-01-29,present_local,present_local,present_local,present_local,present_local,present_local,present_local,absent,present_local,claimed_present_elsewhere,true,absent,claimed_present_elsewhere,absent,absent,absent,absent,absent,cataloged_external,not_checked,absent,,not_checked,absent,not_checked,absent,not_checked,absent,present_local,text_plus_visual_claimed_elsewhere,"slides claimed downloaded (count=105, packet.status=downloaded); 0 JPEG/PNG under slides/ on this disk (gitignore Research/lectures/*/slides/*.jpeg); pass1_web_candidates=1 (unconfirmed identity); sync=transcript_only; pass1_candidate_youtube_ids=0DKMSGQ2wAY (unconfirmed)"
otter-JAhRYbDDwDsC4em3dazDKyDw4gM,AOSRD_Clearfield,clearfield_otter,"Tuesday Integrative Health Webinar — February 5, 2025: Uveal Melanoma Molecular Vulnerabilities",tuesday integrative health webinar february 5 2025 uveal melanoma molecular vulnerabilities,aosrd-webinars-073-F3lfAz2jf0M:strong;aosrd-webinars-168-TmuGhf_1r3s:possible;aosrd-webinars-171-wSFbd7D8Lpw:variant_derivative;aosrd-webinars-179-9suZ_6zVHEM:possible;aosrd-webinars-185-AZvxTJWqeBA:possible;aosrd-webinars-189-bMobTwHmWhM:possible;aosrd-webinars-196-Td9ybE_W-wU:possible;aosrd-webinars-223-YUkfwX92wGw:possible;aosrd-webinars-235-4ErgdNqYbRc:variant_derivative;aosrd-webinars-258-z-CQdM_XfG8:possible;aosrd-webinars-267-60tKHG3mlyg:possible;aosrd-webinars-278-cFsYIDESXoE:possible;aosrd-2022-sunday-1-halasa-integrative-immuno-oncology-halasa:possible,JAhRYbDDwDsC4em3dazDKyDw4gM,2025-02-05,Research/lectures/clearfield-webinar-2025-02-05,present_local,present_local,present_local,present_local,present_local,present_local,present_local,absent,present_local,claimed_present_elsewhere,true,absent,claimed_present_elsewhere,absent,absent,absent,absent,absent,cataloged_external,cataloged_external,absent,,not_checked,absent,not_checked,absent,not_checked,absent,present_local,text_plus_visual_claimed_elsewhere,"slides claimed downloaded (count=75, packet.status=downloaded); 0 JPEG/PNG under slides/ on this disk (gitignore Research/lectures/*/slides/*.jpeg); pass1_web_candidates=13 (unconfirmed identity); sync=transcript_plus_screenshots; pass1_candidate_youtube_ids=4ErgdNqYbRc,60tKHG3mlyg,9suZ_6zVHEM,AZvxTJWqeBA,F3lfAz2jf0M,Td9ybE_W-wU,TmuGhf_1r3s,YUkfwX92wGw,bMobTwHmWhM,cFsYIDESXoE,wSFbd7D8Lpw,z-CQdM_XfG8 (unconfirmed); pass1_candidate_pdf_urls=7 (unconfirmed identity)"
otter-wcHy9pPXoWy5S62-GJbpasQtw2o,AOSRD_Clearfield,clearfield_otter,"Tuesday Integrative Health Webinar — February 12, 2025: Red Light Method & Photobiomodulation",tuesday integrative health webinar february 12 2025 red light method photobiomodulation,aosrd-webinars-095-DiZKcMJiLs8:possible;aosrd-webinars-110-VlkJVQdCgik:possible;aosrd-webinars-171-wSFbd7D8Lpw:variant_derivative;aosrd-webinars-176-5TjogxSEJXY:possible;aosrd-webinars-179-9suZ_6zVHEM:possible;aosrd-webinars-189-bMobTwHmWhM:possible;aosrd-2022-sunday-8-burgess-suicide-prevention-john-burgess-do-aosrd-4-0:possible,wcHy9pPXoWy5S62-GJbpasQtw2o,2025-02-12,Research/lectures/clearfield-webinar-2025-02-12,present_local,present_local,present_local,present_local,present_local,present_local,present_local,absent,present_local,claimed_present_elsewhere,true,absent,claimed_present_elsewhere,absent,absent,absent,absent,absent,cataloged_external,cataloged_external,absent,,not_checked,absent,not_checked,absent,not_checked,absent,present_local,text_plus_visual_claimed_elsewhere,"slides claimed downloaded (count=17, packet.status=downloaded); 0 JPEG/PNG under slides/ on this disk (gitignore Research/lectures/*/slides/*.jpeg); pass1_web_candidates=7 (unconfirmed identity); sync=transcript_plus_screenshots; pass1_candidate_youtube_ids=5TjogxSEJXY,9suZ_6zVHEM,DiZKcMJiLs8,VlkJVQdCgik,bMobTwHmWhM,wSFbd7D8Lpw (unconfirmed); pass1_candidate_pdf_urls=5 (unconfirmed identity)"
otter-lnZUNAyEcVNSN0i3JOEbuJcc15A,AOSRD_Clearfield,clearfield_otter,"Tuesday Integrative Health Webinar — February 19, 2025: Thymosin Alpha-1 & Thymogen Immune Peptides",tuesday integrative health webinar february 19 2025 thymosin alpha 1 thymogen immune peptides,aosrd-webinars-002-db3pbTDvVzk:possible;aosrd-webinars-072-JEF5w29s04Y:strong;aosrd-webinars-120-AQ-D2UUC9yk:possible;aosrd-webinars-190-5hQ-anaFGIU:possible;aosrd-webinars-205:possible;aosrd-webinars-280-gLzMZA_eM5g:possible,lnZUNAyEcVNSN0i3JOEbuJcc15A,2025-02-19,Research/lectures/clearfield-webinar-2025-02-19,present_local,present_local,present_local,present_local,present_local,present_local,present_local,absent,present_local,claimed_present_elsewhere,true,absent,claimed_present_elsewhere,absent,absent,absent,absent,absent,cataloged_external,cataloged_external,absent,,not_checked,absent,not_checked,absent,not_checked,absent,present_local,text_plus_visual_claimed_elsewhere,"slides claimed downloaded (count=49, packet.status=downloaded); 0 JPEG/PNG under slides/ on this disk (gitignore Research/lectures/*/slides/*.jpeg); pass1_web_candidates=6 (unconfirmed identity); sync=transcript_plus_screenshots; pass1_candidate_youtube_ids=5hQ-anaFGIU,AQ-D2UUC9yk,JEF5w29s04Y,db3pbTDvVzk,gLzMZA_eM5g (unconfirmed); pass1_candidate_pdf_urls=3 (unconfirmed identity)"
otter-tAtmhIMa7fmRXEWqsjZP4Gl7vkM,AOSRD_Clearfield,clearfield_otter,"Tuesday Integrative Health Webinar — February 26, 2025: Cannabis Therapeutics, ECS & Product Literacy (Robert Quinn)",tuesday integrative health webinar february 26 2025 cannabis therapeutics ecs product literacy robert quinn,aosrd-webinars-153-xF0qI-tdmWo:possible,tAtmhIMa7fmRXEWqsjZP4Gl7vkM,2025-02-26,Research/lectures/clearfield-webinar-2025-02-26,present_local,present_local,present_local,present_local,present_local,present_local,present_local,absent,present_local,claimed_present_elsewhere,true,absent,claimed_present_elsewhere,absent,absent,absent,absent,absent,cataloged_external,cataloged_external,absent,,not_checked,absent,not_checked,absent,not_checked,absent,present_local,text_plus_visual_claimed_elsewhere,"slides claimed downloaded (count=78, packet.status=downloaded); 0 JPEG/PNG under slides/ on this disk (gitignore Research/lectures/*/slides/*.jpeg); pass1_web_candidates=1 (unconfirmed identity); sync=transcript_plus_screenshots; pass1_candidate_youtube_ids=xF0qI-tdmWo (unconfirmed); pass1_candidate_pdf_urls=1 (unconfirmed identity)"
otter-0pIRZSR5hLU8vZNbqCJ9pLpRE9M,AOSRD_Clearfield,clearfield_otter,"Tuesday Integrative Health Webinar — March 5, 2025: Culinary Translation & Health-Supportive Eating in Cancer Care",tuesday integrative health webinar march 5 2025 culinary translation health supportive eating in cancer care,aosrd-webinars-069-kSvKhj5JSv0:possible;aosrd-webinars-071-zKxcCQelKT4:possible;aosrd-webinars-242-tiIDS69FRkQ:possible,0pIRZSR5hLU8vZNbqCJ9pLpRE9M,2025-03-05,Research/lectures/clearfield-webinar-2025-03-05,present_local,present_local,present_local,present_local,present_local,present_local,present_local,absent,present_local,claimed_present_elsewhere,true,absent,claimed_present_elsewhere,absent,absent,absent,absent,absent,cataloged_external,cataloged_external,absent,,not_checked,absent,not_checked,absent,not_checked,absent,present_local,text_plus_visual_claimed_elsewhere,"slides claimed downloaded (count=111, packet.status=downloaded); 0 JPEG/PNG under slides/ on this disk (gitignore Research/lectures/*/slides/*.jpeg); pass1_web_candidates=3 (unconfirmed identity); sync=transcript_plus_screenshots; pass1_candidate_youtube_ids=kSvKhj5JSv0,tiIDS69FRkQ,zKxcCQelKT4 (unconfirmed); pass1_candidate_pdf_urls=2 (unconfirmed identity)"
otter-ClN5CZe78b8lp6a0nf44-DzCDCo,AOSRD_Clearfield,clearfield_otter,"Tuesday Integrative Health Webinar — March 11, 2025: SIBO Relapse Prevention & Three-Phase Care",tuesday integrative health webinar march 11 2025 sibo relapse prevention three phase care,aosrd-webinars-053-Y-_p7jNbZaY:possible;aosrd-webinars-070-inmmno5OVKk:strong;aosrd-2022-sunday-7-cruz-march-2022-medical-ethics-presentation-1:possible,ClN5CZe78b8lp6a0nf44-DzCDCo,2025-03-11,Research/lectures/clearfield-webinar-2025-03-11,present_local,present_local,present_local,present_local,present_local,present_local,present_local,absent,present_local,claimed_present_elsewhere,true,absent,claimed_present_elsewhere,absent,absent,present_local,present_local,present_local,cataloged_external,cataloged_external,absent,,not_checked,absent,not_checked,absent,not_checked,absent,present_local,text_plus_visual_claimed_elsewhere,"slides claimed downloaded (count=73, packet.status=downloaded); 0 JPEG/PNG under slides/ on this disk (gitignore Research/lectures/*/slides/*.jpeg); knowledge_leaves_refs=4; files_exist=4; pass1_web_candidates=3 (unconfirmed identity); sync=transcript_plus_screenshots; pass1_candidate_youtube_ids=Y-_p7jNbZaY,inmmno5OVKk (unconfirmed); pass1_candidate_pdf_urls=1 (unconfirmed identity)"
otter-pfNO6khumfRfVoCync03aVBxZ70,AOSRD_Clearfield,clearfield_otter,"Tuesday Integrative Health Webinar — March 18, 2025: Gut Microbiome, Barrier Integrity & Four R Protocol",tuesday integrative health webinar march 18 2025 gut microbiome barrier integrity four r protocol,aosrd-webinars-069-kSvKhj5JSv0:strong;aosrd-2022-sunday-8-burgess-suicide-prevention-john-burgess-do-aosrd-4-0:possible,pfNO6khumfRfVoCync03aVBxZ70,2025-03-18,Research/lectures/clearfield-webinar-2025-03-18,present_local,present_local,present_local,present_local,present_local,present_local,present_local,absent,present_local,claimed_present_elsewhere,true,absent,claimed_present_elsewhere,absent,absent,absent,absent,absent,cataloged_external,cataloged_external,absent,,not_checked,absent,not_checked,absent,not_checked,absent,present_local,text_plus_visual_claimed_elsewhere,"slides claimed downloaded (count=183, packet.status=downloaded); 0 JPEG/PNG under slides/ on this disk (gitignore Research/lectures/*/slides/*.jpeg); pass1_web_candidates=2 (unconfirmed identity); sync=transcript_plus_screenshots; pass1_candidate_youtube_ids=kSvKhj5JSv0 (unconfirmed); pass1_candidate_pdf_urls=1 (unconfirmed identity)"
otter-Zxy20R1uant_QctiZutXLSt-Q-E,AOSRD_Clearfield,clearfield_otter,"Tuesday Integrative Health Webinar — March 25, 2025: Laboratory of Functional Medicine",tuesday integrative health webinar march 25 2025 laboratory of functional medicine,aosrd-webinars-068-vS6aw3GkcRI:strong;aosrd-webinars-080-zNlsUByAduM:possible;aosrd-webinars-097-qCHRKOIOdyo:possible;aosrd-webinars-125-ZgjFBmrC2Fc:possible;aosrd-webinars-134-LdAfVo2iTT0:possible;aosrd-webinars-197-92sBrfKcyfE:variant_derivative;aosrd-webinars-204-Qy2mrgSpVNg:possible;aosrd-webinars-277-PAwuHkLjBxc:possible,Zxy20R1uant_QctiZutXLSt-Q-E,2025-03-25,Research/lectures/clearfield-webinar-2025-03-25,present_local,present_local,present_local,present_local,present_local,present_local,present_local,absent,present_local,claimed_present_elsewhere,true,absent,claimed_present_elsewhere,absent,absent,absent,absent,absent,cataloged_external,cataloged_external,absent,,not_checked,absent,not_checked,absent,not_checked,absent,present_local,text_plus_visual_claimed_elsewhere,"slides claimed downloaded (count=159, packet.status=downloaded); 0 JPEG/PNG under slides/ on this disk (gitignore Research/lectures/*/slides/*.jpeg); pass1_web_candidates=8 (unconfirmed identity); sync=transcript_plus_screenshots; pass1_candidate_youtube_ids=92sBrfKcyfE,LdAfVo2iTT0,PAwuHkLjBxc,Qy2mrgSpVNg,ZgjFBmrC2Fc,qCHRKOIOdyo,vS6aw3GkcRI,zNlsUByAduM (unconfirmed); pass1_candidate_pdf_urls=3 (unconfirmed identity)"
otter-jZM7WB_BG5YwNdBn2EQBHQM-aNc,AOSRD_Clearfield,clearfield_otter,"Tuesday Integrative Health Webinar — April 1, 2025: Neurofeedback & Neuro Optimal for Integrative Practice",tuesday integrative health webinar april 1 2025 neurofeedback neuro optimal for integrative practice,aosrd-webinars-067-vZ0ervyVVU0:strong;aosrd-webinars-160-gtoydOZzvx4:possible,jZM7WB_BG5YwNdBn2EQBHQM-aNc,2025-04-01,Research/lectures/clearfield-webinar-2025-04-01,present_local,present_local,present_local,present_local,present_local,present_local,present_local,absent,present_local,claimed_present_elsewhere,true,absent,claimed_present_elsewhere,absent,absent,absent,absent,absent,cataloged_external,not_checked,absent,,not_checked,absent,not_checked,absent,not_checked,absent,present_local,text_plus_visual_claimed_elsewhere,"slides claimed downloaded (count=79, packet.status=downloaded); 0 JPEG/PNG under slides/ on this disk (gitignore Research/lectures/*/slides/*.jpeg); pass1_web_candidates=2 (unconfirmed identity); sync=transcript_plus_screenshots; pass1_candidate_youtube_ids=gtoydOZzvx4,vZ0ervyVVU0 (unconfirmed)"
otter-6Jsw7QNZfMK82hH28Fgc1lAC87k,AOSRD_Clearfield,clearfield_otter,Tuesday Integrative Health Webinar — Clinical Homeopathy Constitutions (Hakimi),tuesday integrative health webinar clinical homeopathy constitutions hakimi,aosrd-webinars-066-DhiMsRLaERI:strong,6Jsw7QNZfMK82hH28Fgc1lAC87k,2025-04-08,Research/lectures/clearfield-webinar-2025-04-08,present_local,present_local,present_local,present_local,present_local,present_local,present_local,absent,present_local,claimed_present_elsewhere,true,absent,claimed_present_elsewhere,absent,absent,absent,absent,absent,cataloged_external,not_checked,absent,,not_checked,absent,not_checked,absent,not_checked,absent,present_local,text_plus_visual_claimed_elsewhere,"slides claimed downloaded (count=98, packet.status=downloaded); 0 JPEG/PNG under slides/ on this disk (gitignore Research/lectures/*/slides/*.jpeg); pass1_web_candidates=1 (unconfirmed identity); sync=transcript_only; pass1_candidate_youtube_ids=DhiMsRLaERI (unconfirmed)"
otter-4qg44PRw27Y2Jbzl7MXMYCX0HuI,AOSRD_Clearfield,clearfield_otter,"Tuesday Integrative Health Webinar — April 15, 2025: Immunosenescence & Four-Pillar Immune Formula",tuesday integrative health webinar april 15 2025 immunosenescence four pillar immune formula,aosrd-webinars-065-l0Rjq3pwOR8:strong;aosrd-webinars-095-DiZKcMJiLs8:possible;aosrd-webinars-268-2cecK4Jk2vw:possible,4qg44PRw27Y2Jbzl7MXMYCX0HuI,2025-04-15,Research/lectures/clearfield-webinar-2025-04-15,present_local,present_local,present_local,present_local,present_local,present_local,present_local,absent,present_local,claimed_present_elsewhere,true,absent,claimed_present_elsewhere,absent,absent,absent,absent,absent,cataloged_external,cataloged_external,absent,,not_checked,absent,not_checked,absent,not_checked,absent,present_local,text_plus_visual_claimed_elsewhere,"slides claimed downloaded (count=67, packet.status=downloaded); 0 JPEG/PNG under slides/ on this disk (gitignore Research/lectures/*/slides/*.jpeg); pass1_web_candidates=3 (unconfirmed identity); sync=transcript_plus_screenshots; pass1_candidate_youtube_ids=2cecK4Jk2vw,DiZKcMJiLs8,l0Rjq3pwOR8 (unconfirmed); pass1_candidate_pdf_urls=2 (unconfirmed identity)"
otter-12d7QbwxGiZlK8kVCNzSowPUQXE,AOSRD_Clearfield,clearfield_otter,"Tuesday Integrative Health Webinar — April 22, 2025: Muscle-Centric Longevity, Myostatin & Fortetropin",tuesday integrative health webinar april 22 2025 muscle centric longevity myostatin fortetropin,aosrd-webinars-039-FMRyzDsooVY:possible;aosrd-webinars-064-JRwekVs321Y:strong,12d7QbwxGiZlK8kVCNzSowPUQXE,2025-04-22,Research/lectures/clearfield-webinar-2025-04-22,present_local,present_local,present_local,present_local,present_local,present_local,present_local,absent,present_local,claimed_present_elsewhere,true,absent,claimed_present_elsewhere,absent,absent,absent,absent,absent,cataloged_external,not_checked,absent,,not_checked,absent,not_checked,absent,not_checked,absent,present_local,text_plus_visual_claimed_elsewhere,"slides claimed downloaded (count=119, packet.status=downloaded); 0 JPEG/PNG under slides/ on this disk (gitignore Research/lectures/*/slides/*.jpeg); pass1_web_candidates=2 (unconfirmed identity); sync=transcript_plus_screenshots; pass1_candidate_youtube_ids=FMRyzDsooVY,JRwekVs321Y (unconfirmed)"
otter-t9O9J5vUpWGkKXi-5TqxgKudSvY,AOSRD_Clearfield,clearfield_otter,"Tuesday Integrative Health Webinar — Peptide Stacking Master Class (April 29, 2025)",tuesday integrative health webinar peptide stacking master class april 29 2025,aosrd-webinars-104-i-_y_4834r0:possible;aosrd-webinars-124-e8_bNLZcAtg:possible;aosrd-webinars-147-l-_Gf5qt0l0:possible;aosrd-webinars-172-aPPCKg2l-eQ:possible,t9O9J5vUpWGkKXi-5TqxgKudSvY,2025-04-29,Research/lectures/clearfield-webinar-2025-04-29,present_local,present_local,present_local,present_local,present_local,present_local,present_local,absent,present_local,claimed_present_elsewhere,true,absent,claimed_present_elsewhere,absent,absent,absent,absent,absent,cataloged_external,cataloged_external,absent,,not_checked,absent,not_checked,absent,not_checked,absent,present_local,text_plus_visual_claimed_elsewhere,"slides claimed downloaded (count=149, packet.status=downloaded); 0 JPEG/PNG under slides/ on this disk (gitignore Research/lectures/*/slides/*.jpeg); pass1_web_candidates=4 (unconfirmed identity); sync=transcript_only; pass1_candidate_youtube_ids=aPPCKg2l-eQ,e8_bNLZcAtg,i-_y_4834r0,l-_Gf5qt0l0 (unconfirmed); pass1_candidate_pdf_urls=1 (unconfirmed identity)"
otter-GUt4yZgCp4lNVboAnJBHNMsHO7A,AOSRD_Clearfield,clearfield_otter,"Tuesday Integrative Health Webinar — May 6, 2025: Male Aromatization & Aromatase Blockade on TRT",tuesday integrative health webinar may 6 2025 male aromatization aromatase blockade on trt,aosrd-webinars-125-ZgjFBmrC2Fc:possible;aosrd-webinars-134-LdAfVo2iTT0:possible;aosrd-webinars-202-x6BIrL8qmzk:possible;aosrd-webinars-251-cb7usLlOMJQ:possible,GUt4yZgCp4lNVboAnJBHNMsHO7A,2025-05-06,Research/lectures/clearfield-webinar-2025-05-06,present_local,present_local,present_local,present_local,present_local,present_local,present_local,absent,present_local,claimed_present_elsewhere,true,absent,claimed_present_elsewhere,absent,absent,absent,absent,absent,cataloged_external,cataloged_external,absent,,not_checked,absent,not_checked,absent,not_checked,absent,present_local,text_plus_visual_claimed_elsewhere,"slides claimed downloaded (count=44, packet.status=downloaded); 0 JPEG/PNG under slides/ on this disk (gitignore Research/lectures/*/slides/*.jpeg); pass1_web_candidates=4 (unconfirmed identity); sync=transcript_plus_screenshots; pass1_candidate_youtube_ids=LdAfVo2iTT0,ZgjFBmrC2Fc,cb7usLlOMJQ,x6BIrL8qmzk (unconfirmed); pass1_candidate_pdf_urls=1 (unconfirmed identity)"
otter-BRyWDM9ITTExatqTCXuEeElOOlI,AOSRD_Clearfield,clearfield_otter,"Tuesday Integrative Health Webinar — May 13, 2025: Dynamic Hormone Tracking & Precision Vitamin C",tuesday integrative health webinar may 13 2025 dynamic hormone tracking precision vitamin c,,BRyWDM9ITTExatqTCXuEeElOOlI,2025-05-13,Research/lectures/clearfield-webinar-2025-05-13,present_local,present_local,present_local,present_local,present_local,present_local,present_local,absent,present_local,claimed_present_elsewhere,true,absent,claimed_present_elsewhere,absent,absent,absent,absent,absent,absent,not_checked,absent,,not_checked,absent,not_checked,absent,not_checked,absent,present_local,text_plus_visual_claimed_elsewhere,"slides claimed downloaded (count=85, packet.status=downloaded); 0 JPEG/PNG under slides/ on this disk (gitignore Research/lectures/*/slides/*.jpeg); sync=transcript_plus_screenshots"
otter-SdzXWjorAW2NkmSfJoC1PdOzwAE,AOSRD_Clearfield,clearfield_otter,"Tuesday Integrative Health Webinar — May 20, 2025: Outperforming Oncologists (CDPM Delivery, TME & NK Exosomes)",tuesday integrative health webinar may 20 2025 outperforming oncologists cdpm delivery tme nk exosomes,aosrd-webinars-101-OIYNcWX7NAw:possible;aosrd-webinars-197-92sBrfKcyfE:variant_derivative;aosrd-webinars-221-MmQQQCArvdc:possible;aosrd-webinars-235-4ErgdNqYbRc:variant_derivative;aosrd-webinars-237-p59K6kGBP-Y:possible;aosrd-webinars-251-cb7usLlOMJQ:possible,SdzXWjorAW2NkmSfJoC1PdOzwAE,2025-05-20,Research/lectures/clearfield-webinar-2025-05-20,present_local,present_local,present_local,present_local,present_local,present_local,present_local,absent,present_local,claimed_present_elsewhere,true,absent,claimed_present_elsewhere,absent,absent,absent,absent,absent,cataloged_external,cataloged_external,absent,,not_checked,absent,not_checked,absent,not_checked,absent,present_local,text_plus_visual_claimed_elsewhere,"slides claimed downloaded (count=56, packet.status=downloaded); 0 JPEG/PNG under slides/ on this disk (gitignore Research/lectures/*/slides/*.jpeg); pass1_web_candidates=6 (unconfirmed identity); sync=transcript_plus_screenshots; pass1_candidate_youtube_ids=4ErgdNqYbRc,92sBrfKcyfE,MmQQQCArvdc,OIYNcWX7NAw,cb7usLlOMJQ,p59K6kGBP-Y (unconfirmed); pass1_candidate_pdf_urls=3 (unconfirmed identity)"
otter-vn-MouyIRCM7VjShKYhDQr6Mc3U,AOSRD_Clearfield,clearfield_otter,"Tuesday Integrative Health Webinar — May 27, 2025: Muscle as Organ of Longevity",tuesday integrative health webinar may 27 2025 muscle as organ of longevity,aosrd-webinars-171-wSFbd7D8Lpw:variant_derivative,vn-MouyIRCM7VjShKYhDQr6Mc3U,2025-05-27,Research/lectures/clearfield-webinar-2025-05-27,present_local,present_local,present_local,present_local,present_local,present_local,present_local,absent,present_local,claimed_present_elsewhere,true,absent,claimed_present_elsewhere,absent,absent,absent,absent,absent,cataloged_external,cataloged_external,absent,,not_checked,absent,not_checked,absent,not_checked,absent,present_local,text_plus_visual_claimed_elsewhere,"slides claimed downloaded (count=70, packet.status=downloaded); 0 JPEG/PNG under slides/ on this disk (gitignore Research/lectures/*/slides/*.jpeg); pass1_web_candidates=1 (unconfirmed identity); sync=transcript_plus_screenshots; pass1_candidate_youtube_ids=wSFbd7D8Lpw (unconfirmed); pass1_candidate_pdf_urls=1 (unconfirmed identity)"
otter-glV8jJH0PlVmEafpjvon_ZOlt6g,AOSRD_Clearfield,clearfield_otter,"Tuesday Integrative Health Webinar — June 3, 2025: Cholesterol Decoded",tuesday integrative health webinar june 3 2025 cholesterol decoded,aosrd-webinars-057-2Wyq9xwKxNo:possible;aosrd-webinars-060-NNAnnAJAIQk:possible,glV8jJH0PlVmEafpjvon_ZOlt6g,2025-06-03,Research/lectures/clearfield-webinar-2025-06-03,present_local,present_local,present_local,present_local,present_local,present_local,present_local,absent,present_local,claimed_present_elsewhere,true,absent,claimed_present_elsewhere,absent,absent,absent,absent,absent,cataloged_external,not_checked,absent,,not_checked,absent,not_checked,absent,not_checked,absent,present_local,text_plus_visual_claimed_elsewhere,"slides claimed downloaded (count=150, packet.status=downloaded); 0 JPEG/PNG under slides/ on this disk (gitignore Research/lectures/*/slides/*.jpeg); pass1_web_candidates=2 (unconfirmed identity); sync=transcript_plus_screenshots; pass1_candidate_youtube_ids=2Wyq9xwKxNo,NNAnnAJAIQk (unconfirmed)"
otter-hnYI5BcQQLHjFGK0Vv7Jdr3Okdg,AOSRD_Clearfield,clearfield_otter,"Tuesday Integrative Health Webinar — June 10, 2025: Seven Synergistic Mushrooms for Longevity",tuesday integrative health webinar june 10 2025 seven synergistic mushrooms for longevity,aosrd-webinars-058-Kr52d-glwNw:possible;aosrd-webinars-061-nrjK17pBbBk:strong,hnYI5BcQQLHjFGK0Vv7Jdr3Okdg,2025-06-10,Research/lectures/clearfield-webinar-2025-06-10,present_local,present_local,present_local,present_local,present_local,present_local,present_local,absent,present_local,claimed_present_elsewhere,true,absent,claimed_present_elsewhere,absent,absent,absent,absent,absent,cataloged_external,not_checked,absent,,not_checked,absent,not_checked,absent,not_checked,absent,present_local,text_plus_visual_claimed_elsewhere,"slides claimed downloaded (count=452, packet.status=downloaded); 0 JPEG/PNG under slides/ on this disk (gitignore Research/lectures/*/slides/*.jpeg); pass1_web_candidates=2 (unconfirmed identity); sync=transcript_plus_screenshots; pass1_candidate_youtube_ids=Kr52d-glwNw,nrjK17pBbBk (unconfirmed)"
otter-GoRuWgRFUBHzZE--rF7qmxgBIOc,AOSRD_Clearfield,clearfield_otter,"Tuesday Integrative Health Webinar — June 17, 2025: Mitochondrial Health, CoQ10 Depletion & Cellular Energy",tuesday integrative health webinar june 17 2025 mitochondrial health coq10 depletion cellular energy,aosrd-webinars-059-2g96fVoSALE:possible;aosrd-webinars-274-RlSklPXfamk:possible;aosrd-webinars-275-tWfHeTRpBHw:possible,GoRuWgRFUBHzZE--rF7qmxgBIOc,2025-06-17,Research/lectures/clearfield-webinar-2025-06-17,present_local,present_local,present_local,present_local,present_local,present_local,present_local,absent,present_local,claimed_present_elsewhere,true,absent,claimed_present_elsewhere,absent,absent,absent,absent,absent,cataloged_external,not_checked,absent,,not_checked,absent,not_checked,absent,not_checked,absent,present_local,text_plus_visual_claimed_elsewhere,"slides claimed downloaded (count=65, packet.status=downloaded); 0 JPEG/PNG under slides/ on this disk (gitignore Research/lectures/*/slides/*.jpeg); pass1_web_candidates=3 (unconfirmed identity); sync=transcript_plus_screenshots; pass1_candidate_youtube_ids=2g96fVoSALE,RlSklPXfamk,tWfHeTRpBHw (unconfirmed)"
otter-b2H7gyjRNmbN0l62XtCzeLPovDE,AOSRD_Clearfield,clearfield_otter,"Tuesday Integrative Health Webinar — June 24, 2025: Ivermectin & Mebendazole for Cancer Stem Cells & Fibrosis",tuesday integrative health webinar june 24 2025 ivermectin mebendazole for cancer stem cells fibrosis,aosrd-webinars-055-11puCMGl13g:possible;aosrd-webinars-097-qCHRKOIOdyo:possible;aosrd-webinars-158-BcMb7ZimIEo:possible;aosrd-webinars-197-92sBrfKcyfE:variant_derivative;aosrd-webinars-221-MmQQQCArvdc:possible;aosrd-webinars-235-4ErgdNqYbRc:variant_derivative;aosrd-webinars-237-p59K6kGBP-Y:possible;aosrd-webinars-251-cb7usLlOMJQ:possible,b2H7gyjRNmbN0l62XtCzeLPovDE,2025-06-24,Research/lectures/clearfield-webinar-2025-06-24,present_local,present_local,present_local,present_local,present_local,present_local,present_local,absent,present_local,claimed_present_elsewhere,true,absent,claimed_present_elsewhere,absent,absent,absent,absent,absent,cataloged_external,cataloged_external,absent,,not_checked,absent,not_checked,absent,not_checked,absent,present_local,text_plus_visual_claimed_elsewhere,"slides claimed downloaded (count=80, packet.status=downloaded); 0 JPEG/PNG under slides/ on this disk (gitignore Research/lectures/*/slides/*.jpeg); pass1_web_candidates=8 (unconfirmed identity); sync=transcript_plus_screenshots; pass1_candidate_youtube_ids=11puCMGl13g,4ErgdNqYbRc,92sBrfKcyfE,BcMb7ZimIEo,MmQQQCArvdc,cb7usLlOMJQ,p59K6kGBP-Y,qCHRKOIOdyo (unconfirmed); pass1_candidate_pdf_urls=4 (unconfirmed identity)"
otter-DoY_YVmmJsZyWDMnmIlwfTtYV7k,AOSRD_Clearfield,clearfield_otter,"Tuesday Integrative Health Webinar — July 1, 2025: Sodium Ascorbate as Biological Catalyst",tuesday integrative health webinar july 1 2025 sodium ascorbate as biological catalyst,aosrd-webinars-056-X9owMRSxKU8:possible,DoY_YVmmJsZyWDMnmIlwfTtYV7k,2025-07-01,Research/lectures/clearfield-webinar-2025-07-01,present_local,present_local,present_local,present_local,present_local,present_local,present_local,absent,present_local,claimed_present_elsewhere,true,absent,claimed_present_elsewhere,absent,absent,absent,absent,absent,cataloged_external,not_checked,absent,,not_checked,absent,not_checked,absent,not_checked,absent,present_local,text_plus_visual_claimed_elsewhere,"slides claimed downloaded (count=49, packet.status=downloaded); 0 JPEG/PNG under slides/ on this disk (gitignore Research/lectures/*/slides/*.jpeg); pass1_web_candidates=1 (unconfirmed identity); sync=transcript_plus_screenshots; pass1_candidate_youtube_ids=X9owMRSxKU8 (unconfirmed)"
otter-hQzjA4-OBAL6Qn7OOOywEISWs3I,AOSRD_Clearfield,clearfield_otter,"Tuesday Integrative Health Webinar — July 8, 2025: Photobiomodulation & PCOS Tribulus Tip",tuesday integrative health webinar july 8 2025 photobiomodulation pcos tribulus tip,aosrd-webinars-052-k7huYi1803c:possible;aosrd-webinars-053-Y-_p7jNbZaY:possible;aosrd-webinars-054-vCO3HaVDAOM:strong;aosrd-webinars-097-qCHRKOIOdyo:possible;aosrd-webinars-108-AZ-yDffpNJY:possible;aosrd-webinars-262-z21aTYjo4Us:possible;aosrd-webinars-268-2cecK4Jk2vw:possible;aosrd-webinars-278-cFsYIDESXoE:possible,hQzjA4-OBAL6Qn7OOOywEISWs3I,2025-07-08,Research/lectures/clearfield-webinar-2025-07-08,present_local,present_local,present_local,present_local,present_local,present_local,present_local,absent,present_local,claimed_present_elsewhere,true,absent,claimed_present_elsewhere,absent,absent,absent,absent,absent,cataloged_external,cataloged_external,absent,,not_checked,absent,not_checked,absent,not_checked,absent,present_local,text_plus_visual_claimed_elsewhere,"slides claimed downloaded (count=79, packet.status=downloaded); 0 JPEG/PNG under slides/ on this disk (gitignore Research/lectures/*/slides/*.jpeg); pass1_web_candidates=8 (unconfirmed identity); sync=transcript_plus_screenshots; pass1_candidate_youtube_ids=2cecK4Jk2vw,AZ-yDffpNJY,Y-_p7jNbZaY,cFsYIDESXoE,k7huYi1803c,qCHRKOIOdyo,vCO3HaVDAOM,z21aTYjo4Us (unconfirmed); pass1_candidate_pdf_urls=1 (unconfirmed identity)"
otter-FHVn8qFG7pov0fVMLuuVpKan1hA,AOSRD_Clearfield,clearfield_otter,"Tuesday Integrative Health Webinar — July 15, 2025: TBI Care Models & Post-Injury Hormones",tuesday integrative health webinar july 15 2025 tbi care models post injury hormones,aosrd-webinars-052-k7huYi1803c:possible;aosrd-webinars-246-zBHk2MN9ql8:possible,FHVn8qFG7pov0fVMLuuVpKan1hA,2025-07-15,Research/lectures/clearfield-webinar-2025-07-15,present_local,present_local,present_local,present_local,present_local,present_local,present_local,absent,present_local,claimed_present_elsewhere,true,absent,claimed_present_elsewhere,absent,absent,absent,absent,absent,cataloged_external,not_checked,absent,,not_checked,absent,not_checked,absent,not_checked,absent,present_local,text_plus_visual_claimed_elsewhere,"slides claimed downloaded (count=77, packet.status=downloaded); 0 JPEG/PNG under slides/ on this disk (gitignore Research/lectures/*/slides/*.jpeg); pass1_web_candidates=2 (unconfirmed identity); sync=transcript_plus_screenshots; pass1_candidate_youtube_ids=k7huYi1803c,zBHk2MN9ql8 (unconfirmed)"
otter-N9yVVPBjdwE0_VQF5vNgb-MVTSQ,AOSRD_Clearfield,clearfield_otter,"Tuesday Integrative Health Webinar — July 22, 2025: Membrane Lipid Replacement (Ross Pelton)",tuesday integrative health webinar july 22 2025 membrane lipid replacement ross pelton,aosrd-webinars-051-ChjlUoj0HK4:possible;aosrd-webinars-106-4DV6p0vAX7M:possible,N9yVVPBjdwE0_VQF5vNgb-MVTSQ,2025-07-22,Research/lectures/clearfield-webinar-2025-07-22,present_local,present_local,present_local,present_local,present_local,present_local,present_local,absent,present_local,claimed_present_elsewhere,true,absent,claimed_present_elsewhere,absent,absent,absent,absent,absent,cataloged_external,not_checked,absent,,not_checked,absent,not_checked,absent,not_checked,absent,present_local,text_plus_visual_claimed_elsewhere,"slides claimed downloaded (count=245, packet.status=downloaded); 0 JPEG/PNG under slides/ on this disk (gitignore Research/lectures/*/slides/*.jpeg); pass1_web_candidates=2 (unconfirmed identity); sync=transcript_plus_screenshots; pass1_candidate_youtube_ids=4DV6p0vAX7M,ChjlUoj0HK4 (unconfirmed)"
otter-ZdpkFb1zUrwSD134tv35ZcrcaI8,AOSRD_Clearfield,clearfield_otter,"Tuesday Integrative Health Webinar — July 29, 2025: Sexual Health as Whole-Health Indicator (Jacqueline Sammons)",tuesday integrative health webinar july 29 2025 sexual health as whole health indicator jacqueline sammons,aosrd-webinars-050-XJAq-AZ411U:possible;aosrd-webinars-069-kSvKhj5JSv0:possible;aosrd-webinars-207-0cBElywMkUY:possible,ZdpkFb1zUrwSD134tv35ZcrcaI8,2025-07-29,Research/lectures/clearfield-webinar-2025-07-29,present_local,present_local,present_local,present_local,present_local,present_local,present_local,absent,present_local,claimed_present_elsewhere,true,absent,claimed_present_elsewhere,absent,absent,absent,absent,absent,cataloged_external,cataloged_external,absent,,not_checked,absent,not_checked,absent,not_checked,absent,present_local,text_plus_visual_claimed_elsewhere,"slides claimed downloaded (count=30, packet.status=downloaded); 0 JPEG/PNG under slides/ on this disk (gitignore Research/lectures/*/slides/*.jpeg); pass1_web_candidates=3 (unconfirmed identity); sync=transcript_plus_screenshots; pass1_candidate_youtube_ids=0cBElywMkUY,XJAq-AZ411U,kSvKhj5JSv0 (unconfirmed); pass1_candidate_pdf_urls=1 (unconfirmed identity)"
otter-LxOKeD9fWZEycb7WYyMiRLE90EU,AOSRD_Clearfield,clearfield_otter,"Tuesday Integrative Health Webinar — August 5, 2025: Beyond Pharmacogenomics for Depression & Anxiety",tuesday integrative health webinar august 5 2025 beyond pharmacogenomics for depression anxiety,aosrd-webinars-048-dZ8JyvHAMjY:strong,LxOKeD9fWZEycb7WYyMiRLE90EU,2025-08-05,Research/lectures/clearfield-webinar-2025-08-05,present_local,present_local,present_local,present_local,present_local,present_local,present_local,absent,present_local,claimed_present_elsewhere,true,absent,claimed_present_elsewhere,absent,absent,absent,absent,absent,cataloged_external,not_checked,absent,,not_checked,absent,not_checked,absent,not_checked,absent,present_local,text_plus_visual_claimed_elsewhere,"slides claimed downloaded (count=81, packet.status=downloaded); 0 JPEG/PNG under slides/ on this disk (gitignore Research/lectures/*/slides/*.jpeg); pass1_web_candidates=1 (unconfirmed identity); sync=transcript_plus_screenshots; pass1_candidate_youtube_ids=dZ8JyvHAMjY (unconfirmed)"
otter-O2HiQSKr_hQgWkE4iY8ItSEYg4Y,AOSRD_Clearfield,clearfield_otter,"Tuesday Integrative Health Webinar — August 12, 2025: Gut–Bone Axis, MK-4 & Enteropathic Osteoporosis",tuesday integrative health webinar august 12 2025 gut bone axis mk 4 enteropathic osteoporosis,aosrd-webinars-049-vnJmoRxdV2g:possible,O2HiQSKr_hQgWkE4iY8ItSEYg4Y,2025-08-12,Research/lectures/clearfield-webinar-2025-08-12,present_local,present_local,present_local,present_local,present_local,present_local,present_local,absent,present_local,claimed_present_elsewhere,true,absent,claimed_present_elsewhere,absent,absent,absent,absent,absent,cataloged_external,not_checked,absent,,not_checked,absent,not_checked,absent,not_checked,absent,present_local,text_plus_visual_claimed_elsewhere,"slides claimed downloaded (count=83, packet.status=downloaded); 0 JPEG/PNG under slides/ on this disk (gitignore Research/lectures/*/slides/*.jpeg); pass1_web_candidates=1 (unconfirmed identity); sync=transcript_plus_screenshots; pass1_candidate_youtube_ids=vnJmoRxdV2g (unconfirmed)"
otter-R49fIj1w1e0cBaAXOmhNkQ5wdks,AOSRD_Clearfield,clearfield_otter,"Tuesday Integrative Health Webinar — August 19, 2025: Unsuspected Parasitism, EAV & Black Cohosh",tuesday integrative health webinar august 19 2025 unsuspected parasitism eav black cohosh,aosrd-webinars-043-Z9TIUrTjaVw:possible,R49fIj1w1e0cBaAXOmhNkQ5wdks,2025-08-19,Research/lectures/clearfield-webinar-2025-08-19,present_local,present_local,present_local,present_local,present_local,present_local,present_local,absent,present_local,claimed_present_elsewhere,true,absent,claimed_present_elsewhere,absent,absent,absent,absent,absent,cataloged_external,not_checked,absent,,not_checked,absent,not_checked,absent,not_checked,absent,present_local,text_plus_visual_claimed_elsewhere,"slides claimed downloaded (count=25, packet.status=downloaded); 0 JPEG/PNG under slides/ on this disk (gitignore Research/lectures/*/slides/*.jpeg); pass1_web_candidates=1 (unconfirmed identity); sync=transcript_plus_screenshots; pass1_candidate_youtube_ids=Z9TIUrTjaVw (unconfirmed)"
otter-LvCEhutJR34KphFeXcFdbBQ3PZE,AOSRD_Clearfield,clearfield_otter,"Tuesday Integrative Health Webinar — August 26, 2025: Ozone Therapy Foundations (Frank Shallenberger)",tuesday integrative health webinar august 26 2025 ozone therapy foundations frank shallenberger,aosrd-webinars-112-nzj-iOQyroc:possible;aosrd-webinars-160-gtoydOZzvx4:possible;aosrd-webinars-205:possible,LvCEhutJR34KphFeXcFdbBQ3PZE,2025-08-26,Research/lectures/clearfield-webinar-2025-08-26,present_local,present_local,present_local,present_local,present_local,present_local,present_local,absent,present_local,claimed_present_elsewhere,true,absent,claimed_present_elsewhere,absent,absent,absent,absent,absent,cataloged_external,cataloged_external,absent,,not_checked,absent,not_checked,absent,not_checked,absent,present_local,text_plus_visual_claimed_elsewhere,"slides claimed downloaded (count=15, packet.status=downloaded); 0 JPEG/PNG under slides/ on this disk (gitignore Research/lectures/*/slides/*.jpeg); pass1_web_candidates=3 (unconfirmed identity); sync=transcript_plus_screenshots; pass1_candidate_youtube_ids=gtoydOZzvx4,nzj-iOQyroc (unconfirmed); pass1_candidate_pdf_urls=1 (unconfirmed identity)"
otter-YvYB4xEevY7Hh6A_aHUPcm8PMJ4,AOSRD_Clearfield,clearfield_otter,"Tuesday Integrative Health Webinar — September 2, 2025: Spermidine, Autophagy & Longevity",tuesday integrative health webinar september 2 2025 spermidine autophagy longevity,aosrd-webinars-047-oiF8bJEpK0M:possible,YvYB4xEevY7Hh6A_aHUPcm8PMJ4,2025-09-02,Research/lectures/clearfield-webinar-2025-09-02,present_local,present_local,present_local,present_local,present_local,present_local,present_local,absent,present_local,claimed_present_elsewhere,true,absent,claimed_present_elsewhere,absent,absent,absent,absent,absent,cataloged_external,not_checked,absent,,not_checked,absent,not_checked,absent,not_checked,absent,present_local,text_plus_visual_claimed_elsewhere,"slides claimed downloaded (count=106, packet.status=downloaded); 0 JPEG/PNG under slides/ on this disk (gitignore Research/lectures/*/slides/*.jpeg); pass1_web_candidates=1 (unconfirmed identity); sync=transcript_plus_screenshots; pass1_candidate_youtube_ids=oiF8bJEpK0M (unconfirmed)"
otter-v3Md09l1C_mz3hrDPWngln5SYQw,AOSRD_Clearfield,clearfield_otter,"Tuesday Integrative Health Webinar — Mold, Mycotoxins & Vitamin C Safety",tuesday integrative health webinar mold mycotoxins vitamin c safety,aosrd-webinars-111-6Ydzs4z54kg:possible;aosrd-webinars-165-bZZJFrrvTcg:possible;aosrd-webinars-209-728P3vA7hsU:possible;aosrd-webinars-249-3mTLksPwJyo:possible;local-downloads-campbell-mold-aosrd-2021:possible,v3Md09l1C_mz3hrDPWngln5SYQw,2025-09-09,Research/lectures/clearfield-webinar-2025-09-09,present_local,present_local,present_local,present_local,present_local,present_local,present_local,absent,present_local,claimed_present_elsewhere,true,absent,claimed_present_elsewhere,absent,absent,absent,absent,absent,cataloged_external,cataloged_external,absent,,not_checked,absent,not_checked,absent,not_checked,absent,present_local,text_plus_visual_claimed_elsewhere,"slides claimed downloaded (count=115, packet.status=downloaded); 0 JPEG/PNG under slides/ on this disk (gitignore Research/lectures/*/slides/*.jpeg); pass1_web_candidates=5 (unconfirmed identity); sync=transcript_only; pass1_candidate_youtube_ids=3mTLksPwJyo,6Ydzs4z54kg,728P3vA7hsU,bZZJFrrvTcg (unconfirmed); pass1_candidate_pdf_urls=3 (unconfirmed identity)"
otter-8zWbW6QDW1P91M_Tbf8iqD9f8TQ,AOSRD_Clearfield,clearfield_otter,"Tuesday Integrative Health Webinar — September 16, 2025: Oil Pulling, Indigenous Medicine & AI Bias",tuesday integrative health webinar september 16 2025 oil pulling indigenous medicine ai bias,aosrd-webinars-045-wPNq50DbJEY:possible;aosrd-webinars-278-cFsYIDESXoE:possible,8zWbW6QDW1P91M_Tbf8iqD9f8TQ,2025-09-16,Research/lectures/clearfield-webinar-2025-09-16,present_local,present_local,present_local,present_local,present_local,present_local,present_local,absent,present_local,claimed_present_elsewhere,true,absent,claimed_present_elsewhere,absent,absent,absent,absent,absent,cataloged_external,not_checked,absent,,not_checked,absent,not_checked,absent,not_checked,absent,present_local,text_plus_visual_claimed_elsewhere,"slides claimed downloaded (count=2, packet.status=downloaded); 0 JPEG/PNG under slides/ on this disk (gitignore Research/lectures/*/slides/*.jpeg); pass1_web_candidates=2 (unconfirmed identity); sync=transcript_plus_screenshots; pass1_candidate_youtube_ids=cFsYIDESXoE,wPNq50DbJEY (unconfirmed)"
otter-zlsEo9I_-f-RI9YXiSfAueScYNM,AOSRD_Clearfield,clearfield_otter,"Tuesday Integrative Health Webinar — September 23, 2025: Brain Optimization (Hartman) & Glycocalyx Tip",tuesday integrative health webinar september 23 2025 brain optimization hartman glycocalyx tip,aosrd-webinars-034:possible;aosrd-webinars-085-VvqxDr3PUwQ:possible,zlsEo9I_-f-RI9YXiSfAueScYNM,2025-09-23,Research/lectures/clearfield-webinar-2025-09-23,present_local,present_local,present_local,present_local,present_local,present_local,present_local,absent,present_local,claimed_present_elsewhere,true,absent,claimed_present_elsewhere,absent,absent,absent,absent,absent,cataloged_external,not_checked,absent,,not_checked,absent,not_checked,absent,not_checked,absent,present_local,text_plus_visual_claimed_elsewhere,"slides claimed downloaded (count=72, packet.status=downloaded); 0 JPEG/PNG under slides/ on this disk (gitignore Research/lectures/*/slides/*.jpeg); pass1_web_candidates=2 (unconfirmed identity); sync=transcript_plus_screenshots; pass1_candidate_youtube_ids=VvqxDr3PUwQ (unconfirmed)"
otter-zGyxgM4y1SX_IqTEeKxdJf4l5RM,AOSRD_Clearfield,clearfield_otter,"Tuesday Integrative Health Webinar — September 30, 2025: Muscle Spindles, Skin Microbiome & CLA Quorum Sensing (Dr. Chan Garrison)",tuesday integrative health webinar september 30 2025 muscle spindles skin microbiome cla quorum sensing dr chan garrison,aosrd-webinars-046-IzMk74AxJqA:possible,zGyxgM4y1SX_IqTEeKxdJf4l5RM,2025-09-30,Research/lectures/clearfield-webinar-2025-09-30,present_local,present_local,present_local,present_local,present_local,present_local,present_local,absent,present_local,claimed_present_elsewhere,true,absent,claimed_present_elsewhere,absent,absent,absent,absent,absent,cataloged_external,not_checked,absent,,not_checked,absent,not_checked,absent,not_checked,absent,present_local,text_plus_visual_claimed_elsewhere,"slides claimed downloaded (count=83, packet.status=downloaded); 0 JPEG/PNG under slides/ on this disk (gitignore Research/lectures/*/slides/*.jpeg); pass1_web_candidates=1 (unconfirmed identity); sync=transcript_plus_screenshots; pass1_candidate_youtube_ids=IzMk74AxJqA (unconfirmed)"
otter-CQdkPoyCm_xx7nnZ2b80AClK8TM,AOSRD_Clearfield,clearfield_otter,"Tuesday Integrative Health Webinar — October 7, 2025: Business of Health & Preeminence (Dr. Tanno)",tuesday integrative health webinar october 7 2025 business of health preeminence dr tanno,aosrd-webinars-042-fVs0ByQDS70:possible;aosrd-webinars-163--JGUhnhLGrQ:possible;aosrd-2022-meta-conference-aosrd-2022-catalog-notes:possible,CQdkPoyCm_xx7nnZ2b80AClK8TM,2025-10-07,Research/lectures/clearfield-webinar-2025-10-07,present_local,present_local,present_local,present_local,present_local,present_local,present_local,absent,present_local,claimed_present_elsewhere,true,absent,claimed_present_elsewhere,absent,absent,absent,absent,absent,cataloged_external,cataloged_external,absent,,not_checked,absent,not_checked,absent,not_checked,absent,present_local,text_plus_visual_claimed_elsewhere,"slides claimed downloaded (count=53, packet.status=downloaded); 0 JPEG/PNG under slides/ on this disk (gitignore Research/lectures/*/slides/*.jpeg); pass1_web_candidates=3 (unconfirmed identity); sync=transcript_plus_screenshots; pass1_candidate_youtube_ids=-JGUhnhLGrQ,fVs0ByQDS70 (unconfirmed); pass1_candidate_pdf_urls=2 (unconfirmed identity)"
otter-j3HjVUuBV5gnR4KrCUuXOZEnPm0,AOSRD_Clearfield,clearfield_otter,"Tuesday Integrative Health Webinar — October 14, 2025: Estrogen Timing, Progesterone After Hysterectomy & Hormone Testing",tuesday integrative health webinar october 14 2025 estrogen timing progesterone after hysterectomy hormone testing,aosrd-webinars-040-AoJb8OP2goc:possible;aosrd-webinars-041-ol6SEGI0kyk:strong;aosrd-webinars-113-17THfuKKWg4:possible;aosrd-webinars-124-e8_bNLZcAtg:possible;aosrd-webinars-138-vgRIJLFLR_c:possible;aosrd-webinars-191-ZrOMyfW29og:possible;aosrd-webinars-203-4u_3c_lFUzs:possible;aosrd-2022-saturday-2-campbell-2022-congress-of-medical-excellence2:possible,j3HjVUuBV5gnR4KrCUuXOZEnPm0,2025-10-14,Research/lectures/clearfield-webinar-2025-10-14,present_local,present_local,present_local,present_local,present_local,present_local,present_local,absent,present_local,claimed_present_elsewhere,true,absent,claimed_present_elsewhere,absent,absent,absent,absent,absent,cataloged_external,cataloged_external,absent,,not_checked,absent,not_checked,absent,not_checked,absent,present_local,text_plus_visual_claimed_elsewhere,"slides claimed downloaded (count=123, packet.status=downloaded); 0 JPEG/PNG under slides/ on this disk (gitignore Research/lectures/*/slides/*.jpeg); pass1_web_candidates=8 (unconfirmed identity); sync=transcript_plus_screenshots; pass1_candidate_youtube_ids=17THfuKKWg4,4u_3c_lFUzs,AoJb8OP2goc,ZrOMyfW29og,e8_bNLZcAtg,ol6SEGI0kyk,vgRIJLFLR_c (unconfirmed); pass1_candidate_pdf_urls=3 (unconfirmed identity)"
otter-KPtFIYDuvg1p0CbfNkYIuOVkwIE,AOSRD_Clearfield,clearfield_otter,"Tuesday Integrative Health Webinar — October 21, 2025",tuesday integrative health webinar october 21 2025,aosrd-webinars-040-AoJb8OP2goc:possible;aosrd-webinars-178-D7o1Fdgy42o:possible;aosrd-webinars-274-RlSklPXfamk:possible;aosrd-webinars-275-tWfHeTRpBHw:possible,KPtFIYDuvg1p0CbfNkYIuOVkwIE,2025-10-21,Research/lectures/clearfield-webinar-2025-10-21,present_local,present_local,present_local,present_local,present_local,present_local,present_local,absent,present_local,claimed_present_elsewhere,true,absent,claimed_present_elsewhere,absent,absent,absent,absent,absent,cataloged_external,cataloged_external,absent,,not_checked,absent,not_checked,absent,not_checked,absent,present_local,text_plus_visual_claimed_elsewhere,"slides claimed downloaded (count=86, packet.status=downloaded); 0 JPEG/PNG under slides/ on this disk (gitignore Research/lectures/*/slides/*.jpeg); pass1_web_candidates=4 (unconfirmed identity); sync=transcript_only; pass1_candidate_youtube_ids=AoJb8OP2goc,D7o1Fdgy42o,RlSklPXfamk,tWfHeTRpBHw (unconfirmed); pass1_candidate_pdf_urls=1 (unconfirmed identity)"
otter-sLBIeA_Jmb8LAaQrgfDavdK3onA,AOSRD_Clearfield,clearfield_otter,"Tuesday Integrative Health Webinar — October 28, 2025: Mitochondrial Fatigue, Oxaloacetate & Vaginal Hormones for UTI",tuesday integrative health webinar october 28 2025 mitochondrial fatigue oxaloacetate vaginal hormones for uti,aosrd-webinars-010-_slDDht8T8c:possible;aosrd-webinars-039-FMRyzDsooVY:possible;aosrd-webinars-077-Y4xe9xz-84s:possible;aosrd-webinars-208-6jbaJncCJOY:possible,sLBIeA_Jmb8LAaQrgfDavdK3onA,2025-10-28,Research/lectures/clearfield-webinar-2025-10-28,present_local,present_local,present_local,present_local,present_local,present_local,present_local,absent,present_local,claimed_present_elsewhere,true,absent,claimed_present_elsewhere,absent,absent,absent,absent,absent,cataloged_external,not_checked,absent,,not_checked,absent,not_checked,absent,not_checked,absent,present_local,text_plus_visual_claimed_elsewhere,"slides claimed downloaded (count=106, packet.status=downloaded); 0 JPEG/PNG under slides/ on this disk (gitignore Research/lectures/*/slides/*.jpeg); pass1_web_candidates=4 (unconfirmed identity); sync=transcript_plus_screenshots; pass1_candidate_youtube_ids=6jbaJncCJOY,FMRyzDsooVY,Y4xe9xz-84s,_slDDht8T8c (unconfirmed)"
otter-aKanCqrE_LN8_fUCcz8yCi5pTLg,AOSRD_Clearfield,clearfield_otter,"Tuesday Integrative Health Webinar — November 5, 2025: PRF Quality, Glycocalyx Optimization & Fertility Support",tuesday integrative health webinar november 5 2025 prf quality glycocalyx optimization fertility support,aosrd-webinars-038-SA9CiKNjN1E:strong;aosrd-webinars-085-VvqxDr3PUwQ:possible,aKanCqrE_LN8_fUCcz8yCi5pTLg,2025-11-05,Research/lectures/clearfield-webinar-2025-11-05,present_local,present_local,present_local,present_local,present_local,present_local,present_local,absent,present_local,claimed_present_elsewhere,true,absent,claimed_present_elsewhere,absent,absent,absent,absent,absent,cataloged_external,not_checked,absent,,not_checked,absent,not_checked,absent,not_checked,absent,present_local,text_plus_visual_claimed_elsewhere,"slides claimed downloaded (count=91, packet.status=downloaded); 0 JPEG/PNG under slides/ on this disk (gitignore Research/lectures/*/slides/*.jpeg); pass1_web_candidates=2 (unconfirmed identity); sync=transcript_plus_screenshots; pass1_candidate_youtube_ids=SA9CiKNjN1E,VvqxDr3PUwQ (unconfirmed)"
otter-VwrSvok1RCW2X3iJ_Kwbd8JK6k8,AOSRD_Clearfield,clearfield_otter,"Tuesday Integrative Health Webinar — November 12, 2025: Neural Therapy (Voltage, Scars & Segmental Regulation)",tuesday integrative health webinar november 12 2025 neural therapy voltage scars segmental regulation,aosrd-webinars-036-2559brkP1fQ:strong;aosrd-webinars-160-gtoydOZzvx4:possible;aosrd-webinars-176-5TjogxSEJXY:possible;aosrd-webinars-266-qviA4DV_pH4:possible;aosrd-2022-sunday-8-burgess-suicide-prevention-john-burgess-do-aosrd-4-0:possible,VwrSvok1RCW2X3iJ_Kwbd8JK6k8,2025-11-12,Research/lectures/clearfield-webinar-2025-11-12,present_local,present_local,present_local,present_local,present_local,present_local,present_local,absent,present_local,claimed_present_elsewhere,true,absent,claimed_present_elsewhere,absent,absent,absent,absent,absent,cataloged_external,cataloged_external,absent,,not_checked,absent,not_checked,absent,not_checked,absent,present_local,text_plus_visual_claimed_elsewhere,"slides claimed downloaded (count=180, packet.status=downloaded); 0 JPEG/PNG under slides/ on this disk (gitignore Research/lectures/*/slides/*.jpeg); pass1_web_candidates=5 (unconfirmed identity); sync=transcript_plus_screenshots; pass1_candidate_youtube_ids=2559brkP1fQ,5TjogxSEJXY,gtoydOZzvx4,qviA4DV_pH4 (unconfirmed); pass1_candidate_pdf_urls=1 (unconfirmed identity)"
otter-Lq1_4zBv1uEkwwJhbly0Ow27nD0,AOSRD_Clearfield,clearfield_otter,"Tuesday Integrative Health Webinar — November 19, 2025: Stress, Minerals, HTMA & Somatic Healing",tuesday integrative health webinar november 19 2025 stress minerals htma somatic healing,,Lq1_4zBv1uEkwwJhbly0Ow27nD0,2025-11-19,Research/lectures/clearfield-webinar-2025-11-19,present_local,present_local,present_local,present_local,present_local,present_local,present_local,absent,present_local,claimed_present_elsewhere,true,absent,claimed_present_elsewhere,absent,absent,absent,absent,absent,absent,not_checked,absent,,not_checked,absent,not_checked,absent,not_checked,absent,present_local,text_plus_visual_claimed_elsewhere,"slides claimed downloaded (count=118, packet.status=downloaded); 0 JPEG/PNG under slides/ on this disk (gitignore Research/lectures/*/slides/*.jpeg); sync=transcript_plus_screenshots"
otter-HY-sCmihzh3EJ69WWVwlTT0Ri6s,AOSRD_Clearfield,clearfield_otter,"Tuesday Integrative Health Webinar — November 26, 2025: Vitamin D CYP Induction, Omega-3 Longevity & HRT Lifestyle Protocol",tuesday integrative health webinar november 26 2025 vitamin d cyp induction omega 3 longevity hrt lifestyle protocol,aosrd-webinars-034:strong;aosrd-webinars-112-nzj-iOQyroc:possible;aosrd-webinars-148-FcjGN44DJf4:possible;aosrd-webinars-160-gtoydOZzvx4:possible;aosrd-webinars-207-0cBElywMkUY:possible,HY-sCmihzh3EJ69WWVwlTT0Ri6s,2025-11-26,Research/lectures/clearfield-webinar-2025-11-26,present_local,present_local,present_local,present_local,present_local,present_local,present_local,absent,present_local,claimed_present_elsewhere,true,absent,claimed_present_elsewhere,absent,absent,absent,absent,absent,cataloged_external,cataloged_external,absent,,not_checked,absent,not_checked,absent,not_checked,absent,present_local,text_plus_visual_claimed_elsewhere,"slides claimed downloaded (count=56, packet.status=downloaded); 0 JPEG/PNG under slides/ on this disk (gitignore Research/lectures/*/slides/*.jpeg); pass1_web_candidates=5 (unconfirmed identity); sync=transcript_plus_screenshots; pass1_candidate_youtube_ids=0cBElywMkUY,FcjGN44DJf4,gtoydOZzvx4,nzj-iOQyroc (unconfirmed); pass1_candidate_pdf_urls=1 (unconfirmed identity)"
otter-dBggaNSwAGYqDBG1O_hdE5Zo1CY,AOSRD_Clearfield,clearfield_otter,"Tuesday Integrative Health Webinar — December 3, 2025: Coimbra Protocol (High-Dose Vitamin D for Autoimmunity)",tuesday integrative health webinar december 3 2025 coimbra protocol high dose vitamin d for autoimmunity,aosrd-webinars-017-1h0pTWQFHGQ:possible,dBggaNSwAGYqDBG1O_hdE5Zo1CY,2025-12-03,Research/lectures/clearfield-webinar-2025-12-03,present_local,present_local,present_local,present_local,present_local,present_local,present_local,absent,present_local,claimed_present_elsewhere,true,absent,claimed_present_elsewhere,absent,absent,absent,absent,absent,cataloged_external,not_checked,absent,,not_checked,absent,not_checked,absent,not_checked,absent,present_local,text_plus_visual_claimed_elsewhere,"slides claimed downloaded (count=124, packet.status=downloaded); 0 JPEG/PNG under slides/ on this disk (gitignore Research/lectures/*/slides/*.jpeg); pass1_web_candidates=1 (unconfirmed identity); sync=transcript_plus_screenshots; pass1_candidate_youtube_ids=1h0pTWQFHGQ (unconfirmed)"
otter-3BvIJDrhEXHdWPee7Ztw2x6EmdE,AOSRD_Clearfield,clearfield_otter,"Tuesday Integrative Health Webinar — December 10, 2025: Nanotechnology, Adaptogens & Holiday Metabolic Botanicals (Saleya / Nario)",tuesday integrative health webinar december 10 2025 nanotechnology adaptogens holiday metabolic botanicals saleya nario,aosrd-webinars-033-0MvEBIG53X4:strong;aosrd-webinars-197-92sBrfKcyfE:variant_derivative;aosrd-webinars-256-6autPt87jWw:possible,3BvIJDrhEXHdWPee7Ztw2x6EmdE,2025-12-10,Research/lectures/clearfield-webinar-2025-12-10,present_local,present_local,present_local,present_local,present_local,present_local,present_local,absent,present_local,claimed_present_elsewhere,true,absent,claimed_present_elsewhere,absent,absent,absent,absent,absent,cataloged_external,cataloged_external,absent,,not_checked,absent,not_checked,absent,not_checked,absent,present_local,text_plus_visual_claimed_elsewhere,"slides claimed downloaded (count=129, packet.status=downloaded); 0 JPEG/PNG under slides/ on this disk (gitignore Research/lectures/*/slides/*.jpeg); pass1_web_candidates=3 (unconfirmed identity); sync=transcript_plus_screenshots; pass1_candidate_youtube_ids=0MvEBIG53X4,6autPt87jWw,92sBrfKcyfE (unconfirmed); pass1_candidate_pdf_urls=1 (unconfirmed identity)"
otter-OyOI3AvRLueyq57ys04VXI5U1WU,AOSRD_Clearfield,clearfield_otter,"Tuesday Integrative Health Webinar — December 17, 2025: Vasomotor Symptoms & Estradiol-First HRT (Gersh)",tuesday integrative health webinar december 17 2025 vasomotor symptoms estradiol first hrt gersh,aosrd-webinars-032-ujLADWyiIR8:strong;aosrd-webinars-053-Y-_p7jNbZaY:possible;aosrd-webinars-063-4Nhoej8KtNE:possible;aosrd-2022-sunday-6-gersh-pcos-march-2022-osteopathic-conference:possible,OyOI3AvRLueyq57ys04VXI5U1WU,2025-12-17,Research/lectures/clearfield-webinar-2025-12-17,present_local,present_local,present_local,present_local,present_local,present_local,present_local,absent,present_local,claimed_present_elsewhere,true,absent,claimed_present_elsewhere,absent,absent,absent,absent,absent,cataloged_external,cataloged_external,absent,,not_checked,absent,not_checked,absent,not_checked,absent,present_local,text_plus_visual_claimed_elsewhere,"slides claimed downloaded (count=55, packet.status=downloaded); 0 JPEG/PNG under slides/ on this disk (gitignore Research/lectures/*/slides/*.jpeg); pass1_web_candidates=4 (unconfirmed identity); sync=transcript_plus_screenshots; pass1_candidate_youtube_ids=4Nhoej8KtNE,Y-_p7jNbZaY,ujLADWyiIR8 (unconfirmed); pass1_candidate_pdf_urls=1 (unconfirmed identity)"
otter-CQjlfnZLZ-CY25UUEq35pSQ0lug,AOSRD_Clearfield,clearfield_otter,"Tuesday Integrative Health Webinar — December 24, 2025: Biotransformation, Detoxification & Creatine Pearls",tuesday integrative health webinar december 24 2025 biotransformation detoxification creatine pearls,aosrd-webinars-111-6Ydzs4z54kg:possible;aosrd-webinars-136-HfjLBsKBxKM:possible;aosrd-webinars-165-bZZJFrrvTcg:possible;aosrd-webinars-186-hUswEBL-LBc:possible;aosrd-webinars-190-5hQ-anaFGIU:possible,CQjlfnZLZ-CY25UUEq35pSQ0lug,2025-12-24,Research/lectures/clearfield-webinar-2025-12-24,present_local,present_local,present_local,present_local,present_local,present_local,present_local,absent,present_local,claimed_present_elsewhere,true,absent,claimed_present_elsewhere,absent,absent,absent,absent,absent,cataloged_external,cataloged_external,absent,,not_checked,absent,not_checked,absent,not_checked,absent,present_local,text_plus_visual_claimed_elsewhere,"slides claimed downloaded (count=52, packet.status=downloaded); 0 JPEG/PNG under slides/ on this disk (gitignore Research/lectures/*/slides/*.jpeg); pass1_web_candidates=5 (unconfirmed identity); sync=transcript_plus_screenshots; pass1_candidate_youtube_ids=5hQ-anaFGIU,6Ydzs4z54kg,HfjLBsKBxKM,bZZJFrrvTcg,hUswEBL-LBc (unconfirmed); pass1_candidate_pdf_urls=2 (unconfirmed identity)"
otter-zXf2JR4NKM7KxvOGrUxYJnH-ld8,AOSRD_Clearfield,clearfield_otter,"Tuesday Integrative Health Webinar — December 31, 2025: Vitamin C & Hormones + Microbiome/FMT Q&A (Piper Dobner)",tuesday integrative health webinar december 31 2025 vitamin c hormones microbiome fmt q a piper dobner,aosrd-webinars-088-dMzAToPWgfw:possible;aosrd-webinars-280-gLzMZA_eM5g:possible,zXf2JR4NKM7KxvOGrUxYJnH-ld8,2025-12-31,Research/lectures/clearfield-webinar-2025-12-31,present_local,present_local,present_local,present_local,present_local,present_local,present_local,absent,present_local,claimed_present_elsewhere,true,absent,claimed_present_elsewhere,absent,absent,absent,absent,absent,cataloged_external,cataloged_external,absent,,not_checked,absent,not_checked,absent,not_checked,absent,present_local,text_plus_visual_claimed_elsewhere,"slides claimed downloaded (count=54, packet.status=downloaded); 0 JPEG/PNG under slides/ on this disk (gitignore Research/lectures/*/slides/*.jpeg); pass1_web_candidates=2 (unconfirmed identity); sync=transcript_plus_screenshots; pass1_candidate_youtube_ids=dMzAToPWgfw,gLzMZA_eM5g (unconfirmed); pass1_candidate_pdf_urls=1 (unconfirmed identity)"
otter-GH57wayNAp6iLAYz_3IRSsC5few,AOSRD_Clearfield,clearfield_otter,"Tuesday Integrative Health Webinar — January 7, 2026: Collagen Signaling & Osteoporosis Testing (Fracture Risk)",tuesday integrative health webinar january 7 2026 collagen signaling osteoporosis testing fracture risk,aosrd-webinars-030-STzYdlwj7lI:possible;aosrd-webinars-199-GpYX1_vmLFI:possible,GH57wayNAp6iLAYz_3IRSsC5few,2026-01-07,Research/lectures/clearfield-webinar-2026-01-07,present_local,present_local,present_local,present_local,present_local,present_local,present_local,absent,present_local,claimed_present_elsewhere,true,absent,claimed_present_elsewhere,absent,absent,absent,absent,absent,cataloged_external,cataloged_external,absent,,not_checked,absent,not_checked,absent,not_checked,absent,present_local,text_plus_visual_claimed_elsewhere,"slides claimed downloaded (count=61, packet.status=downloaded); 0 JPEG/PNG under slides/ on this disk (gitignore Research/lectures/*/slides/*.jpeg); pass1_web_candidates=2 (unconfirmed identity); sync=transcript_plus_screenshots; pass1_candidate_youtube_ids=GpYX1_vmLFI,STzYdlwj7lI (unconfirmed); pass1_candidate_pdf_urls=1 (unconfirmed identity)"
otter-lBEx4QEhjOy2jlQIxmXZmxIj5BM,AOSRD_Clearfield,clearfield_otter,"Tuesday Integrative Health Webinar — January 14, 2026: Humanin Tip & Cannabis for Dementia (Sulak)",tuesday integrative health webinar january 14 2026 humanin tip cannabis for dementia sulak,aosrd-webinars-029:strong;aosrd-webinars-126-G9uQCF-71w4:possible,lBEx4QEhjOy2jlQIxmXZmxIj5BM,2026-01-14,Research/lectures/clearfield-webinar-2026-01-14,present_local,present_local,present_local,present_local,present_local,present_local,present_local,absent,present_local,claimed_present_elsewhere,true,absent,claimed_present_elsewhere,absent,absent,absent,absent,absent,cataloged_external,not_checked,absent,,not_checked,absent,not_checked,absent,not_checked,absent,present_local,text_plus_visual_claimed_elsewhere,"slides claimed downloaded (count=105, packet.status=downloaded); 0 JPEG/PNG under slides/ on this disk (gitignore Research/lectures/*/slides/*.jpeg); pass1_web_candidates=2 (unconfirmed identity); sync=transcript_plus_screenshots; pass1_candidate_youtube_ids=G9uQCF-71w4 (unconfirmed)"
otter-l416W8yP4i7dv3Jhd5H2F74zMnU,AOSRD_Clearfield,clearfield_otter,"Tuesday Integrative Health Webinar — January 21, 2026: Telomeres, Telomerase & How Not to Age (Bill Andrews)",tuesday integrative health webinar january 21 2026 telomeres telomerase how not to age bill andrews,aosrd-webinars-016-VbIvp2bY8xs:possible;aosrd-webinars-028-IEiWWFt1dUg:strong;aosrd-webinars-080-zNlsUByAduM:possible;aosrd-webinars-191-ZrOMyfW29og:possible,l416W8yP4i7dv3Jhd5H2F74zMnU,2026-01-21,Research/lectures/clearfield-webinar-2026-01-21,present_local,present_local,present_local,present_local,present_local,present_local,present_local,absent,present_local,claimed_present_elsewhere,true,absent,claimed_present_elsewhere,absent,absent,absent,absent,absent,cataloged_external,cataloged_external,absent,,not_checked,absent,not_checked,absent,not_checked,absent,present_local,text_plus_visual_claimed_elsewhere,"slides claimed downloaded (count=122, packet.status=downloaded); 0 JPEG/PNG under slides/ on this disk (gitignore Research/lectures/*/slides/*.jpeg); pass1_web_candidates=4 (unconfirmed identity); sync=transcript_plus_screenshots; pass1_candidate_youtube_ids=IEiWWFt1dUg,VbIvp2bY8xs,ZrOMyfW29og,zNlsUByAduM (unconfirmed); pass1_candidate_pdf_urls=1 (unconfirmed identity)"
otter-MgYpfjiYtlaKaW_z2gwloZSPQ5o,AOSRD_Clearfield,clearfield_otter,"Tuesday Integrative Health Webinar — January 28, 2026: LL-37 Tip & Battlefield Acupuncture",tuesday integrative health webinar january 28 2026 ll 37 tip battlefield acupuncture,aosrd-webinars-020-IHGfQHUyCaY:possible,MgYpfjiYtlaKaW_z2gwloZSPQ5o,2026-01-28,Research/lectures/clearfield-webinar-2026-01-28,present_local,present_local,present_local,present_local,present_local,present_local,present_local,absent,present_local,claimed_present_elsewhere,true,absent,claimed_present_elsewhere,absent,absent,absent,absent,absent,cataloged_external,not_checked,absent,,not_checked,absent,not_checked,absent,not_checked,absent,present_local,text_plus_visual_claimed_elsewhere,"slides claimed downloaded (count=217, packet.status=downloaded); 0 JPEG/PNG under slides/ on this disk (gitignore Research/lectures/*/slides/*.jpeg); pass1_web_candidates=1 (unconfirmed identity); sync=transcript_plus_screenshots; pass1_candidate_youtube_ids=IHGfQHUyCaY (unconfirmed)"
otter-GMgbZhdKVzi_Uu9bXvypJxkwwKM,AOSRD_Clearfield,clearfield_otter,"Tuesday Integrative Health Webinar — February 4, 2026: Kratom Gray Zone & Mitochondrial Therapeutics (MitoQ)",tuesday integrative health webinar february 4 2026 kratom gray zone mitochondrial therapeutics mitoq,aosrd-webinars-027-ukSSwKzur48:strong;aosrd-webinars-053-Y-_p7jNbZaY:possible,GMgbZhdKVzi_Uu9bXvypJxkwwKM,2026-02-04,Research/lectures/clearfield-webinar-2026-02-04,present_local,present_local,present_local,present_local,present_local,present_local,present_local,absent,present_local,claimed_present_elsewhere,true,absent,claimed_present_elsewhere,absent,absent,absent,absent,absent,cataloged_external,not_checked,absent,,not_checked,absent,not_checked,absent,not_checked,absent,present_local,text_plus_visual_claimed_elsewhere,"slides claimed downloaded (count=47, packet.status=downloaded); 0 JPEG/PNG under slides/ on this disk (gitignore Research/lectures/*/slides/*.jpeg); pass1_web_candidates=2 (unconfirmed identity); sync=transcript_plus_screenshots; pass1_candidate_youtube_ids=Y-_p7jNbZaY,ukSSwKzur48 (unconfirmed)"
otter-Z9n_3HuDLHeLCNsCxD97Y679BQA,AOSRD_Clearfield,clearfield_otter,"Tuesday Integrative Health Webinar — February 11, 2026: Ibogaine Tip & Ketamine for TRD",tuesday integrative health webinar february 11 2026 ibogaine tip ketamine for trd,aosrd-webinars-026-v3cUiPMVJnw:strong,Z9n_3HuDLHeLCNsCxD97Y679BQA,2026-02-11,Research/lectures/clearfield-webinar-2026-02-11,present_local,present_local,present_local,present_local,present_local,present_local,present_local,absent,present_local,claimed_present_elsewhere,true,absent,claimed_present_elsewhere,absent,absent,absent,absent,absent,cataloged_external,not_checked,absent,,not_checked,absent,not_checked,absent,not_checked,absent,present_local,text_plus_visual_claimed_elsewhere,"slides claimed downloaded (count=86, packet.status=downloaded); 0 JPEG/PNG under slides/ on this disk (gitignore Research/lectures/*/slides/*.jpeg); pass1_web_candidates=1 (unconfirmed identity); sync=transcript_plus_screenshots; pass1_candidate_youtube_ids=v3cUiPMVJnw (unconfirmed)"
otter-noIHLP-haQRngsIwy5mlPxVj6SM,AOSRD_Clearfield,clearfield_otter,"Tuesday Integrative Health Webinar — February 18, 2026",tuesday integrative health webinar february 18 2026,aosrd-webinars-014-OOyPAmbcz0U:possible;aosrd-webinars-025-FFLoos87gRA:strong,noIHLP-haQRngsIwy5mlPxVj6SM,2026-02-18,Research/lectures/clearfield-webinar-2026-02-18,present_local,present_local,present_local,present_local,present_local,present_local,present_local,absent,present_local,claimed_present_elsewhere,true,absent,claimed_present_elsewhere,absent,absent,absent,absent,absent,cataloged_external,not_checked,absent,,not_checked,absent,not_checked,absent,not_checked,absent,present_local,text_plus_visual_claimed_elsewhere,"slides claimed downloaded (count=43, packet.status=downloaded); 0 JPEG/PNG under slides/ on this disk (gitignore Research/lectures/*/slides/*.jpeg); pass1_web_candidates=2 (unconfirmed identity); sync=transcript_only; pass1_candidate_youtube_ids=FFLoos87gRA,OOyPAmbcz0U (unconfirmed)"
otter-eEDmdeOTNokKYKUadQuO_9gDjuo,AOSRD_Clearfield,clearfield_otter,"Tuesday Integrative Health Webinar — February 25, 2026: Psilocybin Tip, Lean PCOS & Hashimoto Phase 2 Case",tuesday integrative health webinar february 25 2026 psilocybin tip lean pcos hashimoto phase 2 case,aosrd-webinars-024-tG56hy020G8:possible;aosrd-webinars-236-JdOL-00shnA:possible,eEDmdeOTNokKYKUadQuO_9gDjuo,2026-02-25,Research/lectures/clearfield-webinar-2026-02-25,present_local,present_local,present_local,present_local,present_local,present_local,present_local,absent,present_local,claimed_present_elsewhere,true,absent,claimed_present_elsewhere,absent,absent,absent,absent,absent,cataloged_external,cataloged_external,absent,,not_checked,absent,not_checked,absent,not_checked,absent,present_local,text_plus_visual_claimed_elsewhere,"slides claimed downloaded (count=108, packet.status=downloaded); 0 JPEG/PNG under slides/ on this disk (gitignore Research/lectures/*/slides/*.jpeg); pass1_web_candidates=2 (unconfirmed identity); sync=transcript_plus_screenshots; pass1_candidate_youtube_ids=JdOL-00shnA,tG56hy020G8 (unconfirmed); pass1_candidate_pdf_urls=1 (unconfirmed identity)"
otter-RaBBFKZC2Aa5zl5VmBwF_n4Zwk8,AOSRD_Clearfield,clearfield_otter,"Tuesday Integrative Health Webinar — March 4, 2026: Frequency, Autonomic Regulation & PEMF (Cerna / Franz)",tuesday integrative health webinar march 4 2026 frequency autonomic regulation pemf cerna franz,aosrd-webinars-021-aGltKy2mBBo:strong,RaBBFKZC2Aa5zl5VmBwF_n4Zwk8,2026-03-04,Research/lectures/clearfield-webinar-2026-03-04,present_local,present_local,present_local,present_local,present_local,present_local,present_local,absent,present_local,claimed_present_elsewhere,true,absent,claimed_present_elsewhere,absent,absent,absent,absent,absent,cataloged_external,not_checked,absent,,not_checked,absent,not_checked,absent,not_checked,absent,present_local,text_plus_visual_claimed_elsewhere,"slides claimed downloaded (count=89, packet.status=downloaded); 0 JPEG/PNG under slides/ on this disk (gitignore Research/lectures/*/slides/*.jpeg); pass1_web_candidates=1 (unconfirmed identity); sync=transcript_plus_screenshots; pass1_candidate_youtube_ids=aGltKy2mBBo (unconfirmed)"
otter-Se28ZvfBuNMYHNmwQG9ua7gbTWk,AOSRD_Clearfield,clearfield_otter,"Tuesday Integrative Health Webinar — March 10, 2026: Paul Clayton Pharmaco-Nutrition & GHK-Cu",tuesday integrative health webinar march 10 2026 paul clayton pharmaco nutrition ghk cu,aosrd-webinars-000-R0k2AM7bvcw:possible;aosrd-webinars-023-Tirv1WnOCRY:strong;aosrd-webinars-260-mk8ixh0kmig:possible;aosrd-webinars-272-JV1b52oVfdE:possible;aosrd-webinars-273-U0qonhUyVEg:possible;aosrd-webinars-280-gLzMZA_eM5g:possible;aosrd-2022-sunday-7-cruz-march-2022-medical-ethics-presentation-1:possible,Se28ZvfBuNMYHNmwQG9ua7gbTWk,2026-03-10,Research/lectures/clearfield-webinar-2026-03-10,present_local,present_local,present_local,present_local,present_local,present_local,present_local,absent,present_local,claimed_present_elsewhere,true,absent,claimed_present_elsewhere,absent,absent,absent,absent,absent,cataloged_external,cataloged_external,absent,,not_checked,absent,not_checked,absent,not_checked,absent,present_local,text_plus_visual_claimed_elsewhere,"slides claimed downloaded (count=83, packet.status=downloaded); 0 JPEG/PNG under slides/ on this disk (gitignore Research/lectures/*/slides/*.jpeg); pass1_web_candidates=7 (unconfirmed identity); sync=transcript_plus_screenshots; pass1_candidate_youtube_ids=JV1b52oVfdE,R0k2AM7bvcw,Tirv1WnOCRY,U0qonhUyVEg,gLzMZA_eM5g,mk8ixh0kmig (unconfirmed); pass1_candidate_pdf_urls=2 (unconfirmed identity)"
otter-Td9Prx_y7BG6tFzXN3Yl-Iy-NJ8,AOSRD_Clearfield,clearfield_otter,"Tuesday Integrative Health Webinar — March 17, 2026: MHT Black-Box Update, HRT Debate Seed & TayaproMed AI",tuesday integrative health webinar march 17 2026 mht black box update hrt debate seed tayapromed ai,aosrd-webinars-148-FcjGN44DJf4:possible;local-downloads-hashimoto-tano:possible,Td9Prx_y7BG6tFzXN3Yl-Iy-NJ8,2026-03-17,Research/lectures/clearfield-webinar-2026-03-17,present_local,present_local,present_local,present_local,present_local,present_local,present_local,absent,present_local,claimed_present_elsewhere,true,absent,claimed_present_elsewhere,absent,absent,absent,absent,absent,cataloged_external,cataloged_external,absent,,not_checked,absent,not_checked,absent,not_checked,absent,present_local,text_plus_visual_claimed_elsewhere,"slides claimed downloaded (count=320, packet.status=downloaded); 0 JPEG/PNG under slides/ on this disk (gitignore Research/lectures/*/slides/*.jpeg); pass1_web_candidates=2 (unconfirmed identity); sync=transcript_plus_screenshots; pass1_candidate_youtube_ids=FcjGN44DJf4 (unconfirmed); pass1_candidate_pdf_urls=1 (unconfirmed identity)"
otter-Z0DkHuyeOcxv1WxYs9ARYH-Z8Tw,AOSRD_Clearfield,clearfield_otter,"Tuesday Integrative Health Webinar — March 24, 2026: IGF-1 LR3 Caution & EMF / Light Harmonization",tuesday integrative health webinar march 24 2026 igf 1 lr3 caution emf light harmonization,,Z0DkHuyeOcxv1WxYs9ARYH-Z8Tw,2026-03-24,Research/lectures/clearfield-webinar-2026-03-24,present_local,present_local,present_local,present_local,present_local,present_local,present_local,absent,present_local,claimed_present_elsewhere,true,absent,claimed_present_elsewhere,absent,absent,absent,absent,absent,absent,not_checked,absent,,not_checked,absent,not_checked,absent,not_checked,absent,present_local,text_plus_visual_claimed_elsewhere,"slides claimed downloaded (count=48, packet.status=downloaded); 0 JPEG/PNG under slides/ on this disk (gitignore Research/lectures/*/slides/*.jpeg); sync=transcript_plus_screenshots"
otter-iFe-Jl__wpKT9UKu7NZMWLiMJ5w,AOSRD_Clearfield,clearfield_otter,"Tuesday Integrative Health Webinar — March 31, 2026: Vitamin K Metabolism & Multifunctional Cardiogram (MCG)",tuesday integrative health webinar march 31 2026 vitamin k metabolism multifunctional cardiogram mcg,aosrd-webinars-019-D_j_SYnDRBM:possible;aosrd-webinars-165-bZZJFrrvTcg:possible,iFe-Jl__wpKT9UKu7NZMWLiMJ5w,2026-03-31,Research/lectures/clearfield-webinar-2026-03-31,present_local,present_local,present_local,present_local,present_local,present_local,present_local,absent,present_local,claimed_present_elsewhere,true,absent,claimed_present_elsewhere,absent,absent,absent,absent,absent,cataloged_external,not_checked,absent,,not_checked,absent,not_checked,absent,not_checked,absent,present_local,text_plus_visual_claimed_elsewhere,"slides claimed downloaded (count=51, packet.status=downloaded); 0 JPEG/PNG under slides/ on this disk (gitignore Research/lectures/*/slides/*.jpeg); pass1_web_candidates=2 (unconfirmed identity); sync=transcript_plus_screenshots; pass1_candidate_youtube_ids=D_j_SYnDRBM,bZZJFrrvTcg (unconfirmed)"
otter-OlXuXl73V1RAQ4bVYXoakDZMRnU,AOSRD_Clearfield,clearfield_otter,"Tuesday Integrative Health Webinar — April 7, 2026: Estrogen Sisters, PT-141 & Xenoestrogen HRT Debate",tuesday integrative health webinar april 7 2026 estrogen sisters pt 141 xenoestrogen hrt debate,aosrd-webinars-063-4Nhoej8KtNE:possible;aosrd-webinars-112-nzj-iOQyroc:possible;aosrd-webinars-148-FcjGN44DJf4:possible;aosrd-webinars-222-7VK4bSpD9t8:possible;local-downloads-burton-hormones-2026-04:possible,OlXuXl73V1RAQ4bVYXoakDZMRnU,2026-04-07,Research/lectures/clearfield-webinar-2026-04-07,present_local,present_local,present_local,present_local,present_local,present_local,present_local,absent,present_local,claimed_present_elsewhere,true,absent,claimed_present_elsewhere,absent,absent,absent,absent,absent,cataloged_external,cataloged_external,absent,,not_checked,absent,not_checked,absent,not_checked,absent,present_local,text_plus_visual_claimed_elsewhere,"slides claimed downloaded (count=59, packet.status=downloaded); 0 JPEG/PNG under slides/ on this disk (gitignore Research/lectures/*/slides/*.jpeg); pass1_web_candidates=5 (unconfirmed identity); sync=transcript_plus_screenshots; pass1_candidate_youtube_ids=4Nhoej8KtNE,7VK4bSpD9t8,FcjGN44DJf4,nzj-iOQyroc (unconfirmed); pass1_candidate_pdf_urls=1 (unconfirmed identity)"
otter-GpGzOhGTH4-q6bror7uHVEIk1Jk,AOSRD_Clearfield,clearfield_otter,"Tuesday Integrative Health Webinar — April 14, 2026: Emily Case (EDS / Migraines / Autoimmunity) + Endocrine CE Critique",tuesday integrative health webinar april 14 2026 emily case eds migraines autoimmunity endocrine ce critique,aosrd-webinars-132-lMv3tfv7nN8:possible;local-downloads-emily-autoimmune-2026-04:possible,GpGzOhGTH4-q6bror7uHVEIk1Jk,2026-04-14,Research/lectures/clearfield-webinar-2026-04-14,present_local,present_local,present_local,present_local,present_local,present_local,present_local,absent,present_local,claimed_present_elsewhere,true,absent,claimed_present_elsewhere,absent,absent,absent,absent,absent,cataloged_external,cataloged_external,absent,,not_checked,absent,not_checked,absent,not_checked,absent,present_local,text_plus_visual_claimed_elsewhere,"slides claimed downloaded (count=162, packet.status=downloaded); 0 JPEG/PNG under slides/ on this disk (gitignore Research/lectures/*/slides/*.jpeg); pass1_web_candidates=2 (unconfirmed identity); sync=transcript_plus_screenshots; pass1_candidate_youtube_ids=lMv3tfv7nN8 (unconfirmed); pass1_candidate_pdf_urls=1 (unconfirmed identity)"
otter-W7XqKXZ-lIxJJAd2BNF0czu408k,AOSRD_Clearfield,clearfield_otter,"Tuesday Integrative Health Webinar — April 21, 2026: Microbiome Restoration (Piper Dobner)",tuesday integrative health webinar april 21 2026 microbiome restoration piper dobner,aosrd-webinars-088-dMzAToPWgfw:possible;aosrd-webinars-113-17THfuKKWg4:possible,W7XqKXZ-lIxJJAd2BNF0czu408k,2026-04-21,Research/lectures/clearfield-webinar-2026-04-21,present_local,present_local,present_local,present_local,present_local,present_local,present_local,absent,present_local,absent,false,absent,absent,absent,absent,absent,absent,absent,cataloged_external,not_checked,absent,,not_checked,absent,not_checked,absent,not_checked,absent,present_local,text_complete,"otter-manifest.slides_downloaded=true but packet.slides status=none/count=0; treated as absent per packet.json (manifest appears blanket-true); pass1_web_candidates=2 (unconfirmed identity); sync=transcript_only; pass1_candidate_youtube_ids=17THfuKKWg4,dMzAToPWgfw (unconfirmed)"
otter-ajVChHpkQS72kcrtN9J03lwNFZ0,AOSRD_Clearfield,clearfield_otter,"Tuesday Integrative Health Webinar — April 28, 2026: Telomeres & How Not to Age (Bill Andrews)",tuesday integrative health webinar april 28 2026 telomeres how not to age bill andrews,aosrd-webinars-016-VbIvp2bY8xs:possible;aosrd-webinars-028-IEiWWFt1dUg:possible;aosrd-webinars-097-qCHRKOIOdyo:possible;local-downloads-dna-repair-andrews-2026-04:likely,ajVChHpkQS72kcrtN9J03lwNFZ0,2026-04-28,Research/lectures/clearfield-webinar-2026-04-28,present_local,present_local,present_local,present_local,present_local,present_local,present_local,absent,present_local,claimed_present_elsewhere,true,absent,claimed_present_elsewhere,absent,absent,absent,absent,absent,cataloged_external,cataloged_external,absent,,not_checked,absent,not_checked,absent,not_checked,absent,present_local,text_plus_visual_claimed_elsewhere,"slides claimed downloaded (count=154, packet.status=downloaded); 0 JPEG/PNG under slides/ on this disk (gitignore Research/lectures/*/slides/*.jpeg); pass1_web_candidates=4 (unconfirmed identity); sync=transcript_plus_screenshots; pass1_candidate_youtube_ids=IEiWWFt1dUg,VbIvp2bY8xs,qCHRKOIOdyo (unconfirmed); pass1_candidate_pdf_urls=1 (unconfirmed identity)"
otter-gCOkfrp7geEQBa-LbITAgz6rTKA,AOSRD_Clearfield,clearfield_otter,"Tuesday Integrative Health Webinar — May 5, 2026: Pediatric Case (Paisley) + Gut Peptide Triad",tuesday integrative health webinar may 5 2026 pediatric case paisley gut peptide triad,,gCOkfrp7geEQBa-LbITAgz6rTKA,2026-05-05,Research/lectures/clearfield-webinar-2026-05-05,present_local,present_local,present_local,present_local,present_local,present_local,present_local,absent,present_local,claimed_present_elsewhere,true,absent,claimed_present_elsewhere,absent,absent,absent,absent,absent,absent,not_checked,absent,,not_checked,absent,not_checked,absent,not_checked,absent,present_local,text_plus_visual_claimed_elsewhere,"slides claimed downloaded (count=53, packet.status=downloaded); 0 JPEG/PNG under slides/ on this disk (gitignore Research/lectures/*/slides/*.jpeg); sync=transcript_plus_screenshots"
otter-7f1TOn8POnM4I7k7Kv04F-ZbcYA,AOSRD_Clearfield,clearfield_otter,"Tuesday Integrative Health Webinar — May 12, 2026: Building a DPC Practice (Stefan Hartman)",tuesday integrative health webinar may 12 2026 building a dpc practice stefan hartman,aosrd-webinars-015-vngXuAjbS-4:strong;local-downloads-dpc-hartman-2026-05:strong,7f1TOn8POnM4I7k7Kv04F-ZbcYA,2026-05-12,Research/lectures/clearfield-webinar-2026-05-12,present_local,present_local,present_local,present_local,present_local,present_local,present_local,absent,present_local,claimed_present_elsewhere,true,absent,claimed_present_elsewhere,absent,absent,absent,absent,absent,cataloged_external,cataloged_external,absent,,not_checked,absent,not_checked,absent,not_checked,absent,present_local,text_plus_visual_claimed_elsewhere,"slides claimed downloaded (count=38, packet.status=downloaded); 0 JPEG/PNG under slides/ on this disk (gitignore Research/lectures/*/slides/*.jpeg); pass1_web_candidates=2 (unconfirmed identity); sync=transcript_plus_screenshots; pass1_candidate_youtube_ids=vngXuAjbS-4 (unconfirmed); pass1_candidate_pdf_urls=1 (unconfirmed identity)"
otter-SiB7Ifahh4_dfJVERQgP60auXjw,AOSRD_Clearfield,clearfield_otter,"Tuesday Integrative Health Webinar — May 19, 2026: Quantum Ayurveda & Acoustic-Resonance Bioavailability (Meletis / Varanasi)",tuesday integrative health webinar may 19 2026 quantum ayurveda acoustic resonance bioavailability meletis varanasi,aosrd-webinars-010-_slDDht8T8c:possible;aosrd-webinars-014-OOyPAmbcz0U:possible;aosrd-webinars-039-FMRyzDsooVY:possible;local-downloads-ivermectin-ayurveda-2026-05:strong,SiB7Ifahh4_dfJVERQgP60auXjw,2026-05-19,Research/lectures/clearfield-webinar-2026-05-19,present_local,present_local,present_local,present_local,present_local,present_local,present_local,absent,present_local,claimed_present_elsewhere,true,absent,claimed_present_elsewhere,absent,absent,absent,absent,absent,cataloged_external,cataloged_external,absent,,not_checked,absent,not_checked,absent,not_checked,absent,present_local,text_plus_visual_claimed_elsewhere,"slides claimed downloaded (count=113, packet.status=downloaded); 0 JPEG/PNG under slides/ on this disk (gitignore Research/lectures/*/slides/*.jpeg); pass1_web_candidates=4 (unconfirmed identity); sync=transcript_plus_screenshots; pass1_candidate_youtube_ids=FMRyzDsooVY,OOyPAmbcz0U,_slDDht8T8c (unconfirmed); pass1_candidate_pdf_urls=1 (unconfirmed identity)"
otter-NMO7SlrhVMh8EF857jQLrQfiyhc,AOSRD_Clearfield,clearfield_otter,"Tuesday Integrative Health Webinar — May 26, 2026: Lyme, Morgellons & Syphilis (Jeremy Murphree)",tuesday integrative health webinar may 26 2026 lyme morgellons syphilis jeremy murphree,,NMO7SlrhVMh8EF857jQLrQfiyhc,2026-05-26,Research/lectures/clearfield-webinar-2026-05-26,present_local,present_local,present_local,present_local,present_local,present_local,present_local,absent,present_local,claimed_present_elsewhere,true,absent,claimed_present_elsewhere,absent,absent,absent,absent,absent,absent,not_checked,absent,,not_checked,absent,not_checked,absent,not_checked,absent,present_local,text_plus_visual_claimed_elsewhere,"slides claimed downloaded (count=86, packet.status=downloaded); 0 JPEG/PNG under slides/ on this disk (gitignore Research/lectures/*/slides/*.jpeg); sync=transcript_plus_screenshots"
otter-avbRWMav2fwgobz9r7HjwR4z44I,AOSRD_Clearfield,clearfield_otter,"Tuesday Integrative Health Webinar — June 2, 2026: Cancer Destruction Kits & Low-Dose Colchicine (Nicholas St. John)",tuesday integrative health webinar june 2 2026 cancer destruction kits low dose colchicine nicholas st john,aosrd-webinars-012-EcAxOut2zBI:possible;aosrd-webinars-109-rE4aeyVQ2Ho:possible;aosrd-webinars-280-gLzMZA_eM5g:possible,avbRWMav2fwgobz9r7HjwR4z44I,2026-06-02,Research/lectures/clearfield-webinar-2026-06-02,present_local,present_local,present_local,present_local,present_local,present_local,present_local,absent,present_local,claimed_present_elsewhere,true,absent,claimed_present_elsewhere,absent,absent,absent,absent,absent,cataloged_external,cataloged_external,absent,,not_checked,absent,not_checked,absent,not_checked,absent,present_local,text_plus_visual_claimed_elsewhere,"slides claimed downloaded (count=72, packet.status=downloaded); 0 JPEG/PNG under slides/ on this disk (gitignore Research/lectures/*/slides/*.jpeg); pass1_web_candidates=3 (unconfirmed identity); sync=transcript_plus_screenshots; pass1_candidate_youtube_ids=EcAxOut2zBI,gLzMZA_eM5g,rE4aeyVQ2Ho (unconfirmed); pass1_candidate_pdf_urls=1 (unconfirmed identity)"
otter-81vgkJ55QnsvesXbnyxCMQPr6Rc,AOSRD_Clearfield,clearfield_otter,"Tuesday Integrative Health Webinar — June 9, 2026: Taya Pro Med AI (Benoit Tano)",tuesday integrative health webinar june 9 2026 taya pro med ai benoit tano,aosrd-webinars-011-4uO525HIEm0:possible;aosrd-webinars-045-wPNq50DbJEY:possible;aosrd-webinars-057-2Wyq9xwKxNo:possible;aosrd-webinars-060-NNAnnAJAIQk:possible;aosrd-webinars-171-wSFbd7D8Lpw:variant_derivative;aosrd-webinars-189-bMobTwHmWhM:possible;local-downloads-hashimoto-tano:possible,81vgkJ55QnsvesXbnyxCMQPr6Rc,2026-06-09,Research/lectures/clearfield-webinar-2026-06-09,present_local,present_local,present_local,present_local,present_local,present_local,present_local,absent,present_local,claimed_present_elsewhere,true,absent,claimed_present_elsewhere,absent,absent,absent,absent,absent,cataloged_external,cataloged_external,absent,,not_checked,absent,not_checked,absent,not_checked,absent,present_local,text_plus_visual_claimed_elsewhere,"slides claimed downloaded (count=465, packet.status=downloaded); 0 JPEG/PNG under slides/ on this disk (gitignore Research/lectures/*/slides/*.jpeg); pass1_web_candidates=7 (unconfirmed identity); sync=transcript_plus_screenshots; pass1_candidate_youtube_ids=2Wyq9xwKxNo,4uO525HIEm0,NNAnnAJAIQk,bMobTwHmWhM,wPNq50DbJEY,wSFbd7D8Lpw (unconfirmed); pass1_candidate_pdf_urls=3 (unconfirmed identity)"
otter-hxlUjPAXSClySIs4HN1P0CWe_Qk,AOSRD_Clearfield,clearfield_otter,"Tuesday Integrative Health Webinar — June 16, 2026: Carbon 60 (Bob Greska) & Regenerative Cofactors",tuesday integrative health webinar june 16 2026 carbon 60 bob greska regenerative cofactors,aosrd-webinars-009-2qegURyj8Yg:possible;aosrd-webinars-217-vNgGCNkgzTA:possible;aosrd-webinars-242-tiIDS69FRkQ:possible;aosrd-2022-saturday-9-james-forsythe-2022-forsythe-immune-protocol-update-march-2022:possible,hxlUjPAXSClySIs4HN1P0CWe_Qk,2026-06-16,Research/lectures/clearfield-webinar-2026-06-16,present_local,present_local,present_local,present_local,present_local,present_local,present_local,absent,present_local,claimed_present_elsewhere,true,absent,claimed_present_elsewhere,absent,absent,absent,absent,absent,cataloged_external,cataloged_external,absent,,not_checked,absent,not_checked,absent,not_checked,absent,present_local,text_plus_visual_claimed_elsewhere,"slides claimed downloaded (count=84, packet.status=downloaded); 0 JPEG/PNG under slides/ on this disk (gitignore Research/lectures/*/slides/*.jpeg); pass1_web_candidates=4 (unconfirmed identity); sync=transcript_plus_screenshots; pass1_candidate_youtube_ids=2qegURyj8Yg,tiIDS69FRkQ,vNgGCNkgzTA (unconfirmed); pass1_candidate_pdf_urls=2 (unconfirmed identity)"
otter-_hvt0S73NBfd8f2aXgml8x70oYI,AOSRD_Clearfield,clearfield_otter,"Tuesday Integrative Health Webinar — June 23, 2026: Ancient Wisdom & Modern Healing (Anthony James)",tuesday integrative health webinar june 23 2026 ancient wisdom modern healing anthony james,,_hvt0S73NBfd8f2aXgml8x70oYI,2026-06-23,Research/lectures/clearfield-webinar-2026-06-23,present_local,present_local,present_local,present_local,present_local,present_local,present_local,absent,present_local,claimed_present_elsewhere,true,absent,claimed_present_elsewhere,absent,absent,absent,absent,absent,absent,not_checked,absent,,not_checked,absent,not_checked,absent,not_checked,absent,present_local,text_plus_visual_claimed_elsewhere,"slides claimed downloaded (count=48, packet.status=downloaded); 0 JPEG/PNG under slides/ on this disk (gitignore Research/lectures/*/slides/*.jpeg); sync=transcript_plus_screenshots"
otter-clearfield-webinar-2026-06-30,AOSRD_Clearfield,clearfield_otter,"Tuesday Integrative Health Webinar — June 30, 2026",tuesday integrative health webinar june 30 2026,,,2026-06-30,Research/lectures/clearfield-webinar-2026-06-30,present_local,present_local,present_local,present_local,present_local,present_local,present_local,absent,present_local,claimed_present_elsewhere,true,absent,claimed_present_elsewhere,absent,absent,present_local,present_local,absent,absent,not_checked,absent,,not_checked,absent,not_checked,absent,not_checked,absent,present_local,text_plus_visual_claimed_elsewhere,"slides claimed downloaded (count=98, packet.status=downloaded); 0 JPEG/PNG under slides/ on this disk (gitignore Research/lectures/*/slides/*.jpeg); slides/ dir exists with README only; sync=transcript_only"
aosrd-webinars-000-R0k2AM7bvcw,AOSRD_Clearfield,aosrd_webinars_youtube,We Can’t Keep Eating Like This with Dr. Paul Clayton​  – Video,we can t keep eating like this with dr paul clayton video,aosrd-webinars-000-R0k2AM7bvcw|Se28ZvfBuNMYHNmwQG9ua7gbTWk,Se28ZvfBuNMYHNmwQG9ua7gbTWk,2026-03-10,Research/lectures/clearfield-webinar-2026-03-10,absent,absent,absent,absent,absent,absent,absent,absent,absent,absent,false,absent,absent,absent,absent,absent,absent,absent,present_local,absent,absent,R0k2AM7bvcw,cataloged_external,absent,absent,absent,absent,absent,cataloged_external,source_only,pass1_match_class=possible; otter_candidates=1 (unconfirmed)
aosrd-webinars-001-1FvBmDULAM0,AOSRD_Clearfield,aosrd_webinars_youtube,Peter Zebot-The Second Law of Human Nature  – Video,peter zebot the second law of human nature video,aosrd-webinars-001-1FvBmDULAM0,,,,absent,absent,absent,absent,absent,absent,absent,absent,absent,absent,false,absent,absent,absent,absent,absent,absent,absent,present_local,absent,absent,1FvBmDULAM0,cataloged_external,absent,absent,absent,absent,absent,cataloged_external,source_only,pass1_match_class=no_match; otter_candidates=0 (unconfirmed)
aosrd-webinars-002-db3pbTDvVzk,AOSRD_Clearfield,aosrd_webinars_youtube,"The Collagen Network-Rebuild, Stregthen and Maintain Immune Regulation, Creatine and Mitochondrial Magnesium with Jill Beckman  – Video",the collagen network rebuild stregthen and maintain immune regulation creatine and mitochondrial magnesium with jill beckman video,aosrd-webinars-002-db3pbTDvVzk|lnZUNAyEcVNSN0i3JOEbuJcc15A,lnZUNAyEcVNSN0i3JOEbuJcc15A,2025-02-19,Research/lectures/clearfield-webinar-2025-02-19,absent,absent,absent,absent,absent,absent,absent,absent,absent,absent,false,absent,absent,absent,absent,absent,absent,absent,present_local,absent,absent,db3pbTDvVzk,cataloged_external,absent,absent,absent,absent,absent,cataloged_external,source_only,pass1_match_class=possible; otter_candidates=1 (unconfirmed)
aosrd-webinars-003-no_8kTiBj6g,AOSRD_Clearfield,aosrd_webinars_youtube,Build Your Own Personalized Nutritional  Formula from the Ground Up With Michael Lomis – Video,build your own personalized nutritional formula from the ground up with michael lomis video,aosrd-webinars-003-no_8kTiBj6g,,,,absent,absent,absent,absent,absent,absent,absent,absent,absent,absent,false,absent,absent,absent,absent,absent,absent,absent,present_local,absent,absent,no_8kTiBj6g,cataloged_external,absent,absent,absent,absent,absent,cataloged_external,source_only,pass1_match_class=no_match; otter_candidates=0 (unconfirmed)
aosrd-webinars-004-tIwwIf1egq0,AOSRD_Clearfield,aosrd_webinars_youtube,Why Vitamin C Therapy Works – Video,why vitamin c therapy works video,aosrd-webinars-004-tIwwIf1egq0,,,,absent,absent,absent,absent,absent,absent,absent,absent,absent,absent,false,absent,absent,absent,absent,absent,absent,absent,present_local,absent,absent,tIwwIf1egq0,cataloged_external,absent,absent,absent,absent,absent,cataloged_external,source_only,pass1_match_class=no_match; otter_candidates=0 (unconfirmed)
aosrd-webinars-005--2J8nSF-a-g,AOSRD_Clearfield,aosrd_webinars_youtube,"When Syndromes Overlap-A Complex Case History of Hyperadrogenism, Multiple Autoimmune Maladies, and Evolving Metabolic Signals – Video",when syndromes overlap a complex case history of hyperadrogenism multiple autoimmune maladies and evolving metabolic signals video,aosrd-webinars-005--2J8nSF-a-g,,,,absent,absent,absent,absent,absent,absent,absent,absent,absent,absent,false,absent,absent,absent,absent,absent,absent,absent,present_local,absent,absent,-2J8nSF-a-g,cataloged_external,absent,absent,absent,absent,absent,cataloged_external,source_only,pass1_match_class=no_match; otter_candidates=0 (unconfirmed)
aosrd-webinars-006-GavfM5gafHU,AOSRD_Clearfield,aosrd_webinars_youtube,The Psychology of Success with Dr. Jim Naccarato – Video,the psychology of success with dr jim naccarato video,aosrd-webinars-006-GavfM5gafHU,,,,absent,absent,absent,absent,absent,absent,absent,absent,absent,absent,false,absent,absent,absent,absent,absent,absent,absent,present_local,absent,absent,GavfM5gafHU,cataloged_external,absent,absent,absent,absent,absent,cataloged_external,source_only,pass1_match_class=no_match; otter_candidates=0 (unconfirmed)
aosrd-webinars-007-TcgYciqCmbM,AOSRD_Clearfield,aosrd_webinars_youtube,From Chronic Illness to High Fit Patients with Jake Guidas – Video,from chronic illness to high fit patients with jake guidas video,aosrd-webinars-007-TcgYciqCmbM,,,,absent,absent,absent,absent,absent,absent,absent,absent,absent,absent,false,absent,absent,absent,absent,absent,absent,absent,present_local,absent,absent,TcgYciqCmbM,cataloged_external,absent,absent,absent,absent,absent,cataloged_external,source_only,pass1_match_class=no_match; otter_candidates=0 (unconfirmed)
aosrd-webinars-008-w5yTm2FVNFg,AOSRD_Clearfield,aosrd_webinars_youtube,Ancient Healing Traditions for Modern Times – Video,ancient healing traditions for modern times video,aosrd-webinars-008-w5yTm2FVNFg,,,,absent,absent,absent,absent,absent,absent,absent,absent,absent,absent,false,absent,absent,absent,absent,absent,absent,absent,present_local,cataloged_external,absent,w5yTm2FVNFg,cataloged_external,absent,absent,absent,absent,absent,cataloged_external,source_only,pass1_match_class=no_match; otter_candidates=0 (unconfirmed)
aosrd-webinars-009-2qegURyj8Yg,AOSRD_Clearfield,aosrd_webinars_youtube,Could Carbon 60 Be the Next Frontier in Longevity Medicine with Bob Greska – Video,could carbon 60 be the next frontier in longevity medicine with bob greska video,aosrd-webinars-009-2qegURyj8Yg|hxlUjPAXSClySIs4HN1P0CWe_Qk,hxlUjPAXSClySIs4HN1P0CWe_Qk,2026-06-16,Research/lectures/clearfield-webinar-2026-06-16,absent,absent,absent,absent,absent,absent,absent,absent,absent,absent,false,absent,absent,absent,absent,absent,absent,absent,present_local,absent,absent,2qegURyj8Yg,cataloged_external,absent,absent,absent,absent,absent,cataloged_external,source_only,pass1_match_class=possible; otter_candidates=1 (unconfirmed)
aosrd-webinars-010-_slDDht8T8c,AOSRD_Clearfield,aosrd_webinars_youtube,Integrative Medicine Meets Applied Physics w Dr Chris Meletis – Video,integrative medicine meets applied physics w dr chris meletis video,aosrd-webinars-010-_slDDht8T8c|SiB7Ifahh4_dfJVERQgP60auXjw|sLBIeA_Jmb8LAaQrgfDavdK3onA,SiB7Ifahh4_dfJVERQgP60auXjw;sLBIeA_Jmb8LAaQrgfDavdK3onA,2026-05-19;2025-10-28,Research/lectures/clearfield-webinar-2026-05-19;Research/lectures/clearfield-webinar-2025-10-28,absent,absent,absent,absent,absent,absent,absent,absent,absent,absent,false,absent,absent,absent,absent,absent,absent,absent,present_local,absent,absent,_slDDht8T8c,cataloged_external,absent,absent,absent,absent,absent,cataloged_external,source_only,pass1_match_class=possible; otter_candidates=2 (unconfirmed)
aosrd-webinars-011-4uO525HIEm0,AOSRD_Clearfield,aosrd_webinars_youtube,AI in Healthcare with Dr. Benoit Tano – Video – 17  June 2026,ai in healthcare with dr benoit tano video 17 june 2026,aosrd-webinars-011-4uO525HIEm0|81vgkJ55QnsvesXbnyxCMQPr6Rc,81vgkJ55QnsvesXbnyxCMQPr6Rc,2026-06-09,Research/lectures/clearfield-webinar-2026-06-09,absent,absent,absent,absent,absent,absent,absent,absent,absent,absent,false,absent,absent,absent,absent,absent,absent,absent,present_local,absent,absent,4uO525HIEm0,cataloged_external,absent,absent,absent,absent,absent,cataloged_external,source_only,pass1_match_class=possible; otter_candidates=1 (unconfirmed)
aosrd-webinars-012-EcAxOut2zBI,AOSRD_Clearfield,aosrd_webinars_youtube,"Everyone Knows Someone with Cancer, What Can We Do About it with – Video – 17 June 2026",everyone knows someone with cancer what can we do about it with video 17 june 2026,aosrd-webinars-012-EcAxOut2zBI|avbRWMav2fwgobz9r7HjwR4z44I,avbRWMav2fwgobz9r7HjwR4z44I,2026-06-02,Research/lectures/clearfield-webinar-2026-06-02,absent,absent,absent,absent,absent,absent,absent,absent,absent,absent,false,absent,absent,absent,absent,absent,absent,absent,present_local,absent,absent,EcAxOut2zBI,cataloged_external,absent,absent,absent,absent,absent,cataloged_external,source_only,pass1_match_class=possible; otter_candidates=1 (unconfirmed)
aosrd-webinars-013-U2sLxeOYnFU,AOSRD_Clearfield,aosrd_webinars_youtube,The Histology of Morgellons Nobody’s Talking About – Video,the histology of morgellons nobody s talking about video,aosrd-webinars-013-U2sLxeOYnFU,,,,absent,absent,absent,absent,absent,absent,absent,absent,absent,absent,false,absent,absent,absent,absent,absent,absent,absent,present_local,absent,absent,U2sLxeOYnFU,cataloged_external,absent,absent,absent,absent,absent,cataloged_external,source_only,pass1_match_class=no_match; otter_candidates=0 (unconfirmed)
aosrd-webinars-014-OOyPAmbcz0U,AOSRD_Clearfield,aosrd_webinars_youtube,Video – 19 May 2026,video 19 may 2026,aosrd-webinars-014-OOyPAmbcz0U|SiB7Ifahh4_dfJVERQgP60auXjw|H1Iomsee4ZUONKKezPDcMBYCvQ0|noIHLP-haQRngsIwy5mlPxVj6SM,SiB7Ifahh4_dfJVERQgP60auXjw;H1Iomsee4ZUONKKezPDcMBYCvQ0;noIHLP-haQRngsIwy5mlPxVj6SM,2026-05-19;2026-06-30;2026-02-18,Research/lectures/clearfield-webinar-2026-05-19;Research/lectures/clearfield-webinar-2026-06-30;Research/lectures/clearfield-webinar-2026-02-18,absent,absent,absent,absent,absent,absent,absent,absent,absent,absent,false,absent,absent,absent,absent,absent,absent,absent,present_local,absent,absent,OOyPAmbcz0U,cataloged_external,absent,absent,absent,absent,absent,cataloged_external,source_only,pass1_match_class=possible; otter_candidates=3 (unconfirmed)
aosrd-webinars-015-vngXuAjbS-4,AOSRD_Clearfield,aosrd_webinars_youtube,The Direct Primary Care Practice Model-How to Do It with Stefan Hartmann – Video – 12 May 2026,the direct primary care practice model how to do it with stefan hartmann video 12 may 2026,aosrd-webinars-015-vngXuAjbS-4|7f1TOn8POnM4I7k7Kv04F-ZbcYA|P7cEH8dwjVWTUDcsolAayRGqqp4,7f1TOn8POnM4I7k7Kv04F-ZbcYA;P7cEH8dwjVWTUDcsolAayRGqqp4,2026-05-12;2024-10-29,Research/lectures/clearfield-webinar-2026-05-12;Research/lectures/clearfield-webinar-2024-10-29,absent,absent,absent,absent,absent,absent,absent,absent,absent,absent,false,absent,absent,absent,absent,absent,absent,absent,present_local,absent,absent,vngXuAjbS-4,cataloged_external,absent,absent,absent,absent,absent,cataloged_external,source_only,"pass1_match_class=possible,strong; otter_candidates=2 (unconfirmed)"
aosrd-webinars-016-VbIvp2bY8xs,AOSRD_Clearfield,aosrd_webinars_youtube,What If Aging is the Real Disease with Dr Bill Andrews and Sonny Ngyuen – Video – 6 May 2026,what if aging is the real disease with dr bill andrews and sonny ngyuen video 6 may 2026,aosrd-webinars-016-VbIvp2bY8xs|l416W8yP4i7dv3Jhd5H2F74zMnU|ajVChHpkQS72kcrtN9J03lwNFZ0,l416W8yP4i7dv3Jhd5H2F74zMnU;ajVChHpkQS72kcrtN9J03lwNFZ0,2026-01-21;2026-04-28,Research/lectures/clearfield-webinar-2026-01-21;Research/lectures/clearfield-webinar-2026-04-28,absent,absent,absent,absent,absent,absent,absent,absent,absent,absent,false,absent,absent,absent,absent,absent,absent,absent,present_local,absent,absent,VbIvp2bY8xs,cataloged_external,absent,absent,absent,absent,absent,cataloged_external,source_only,pass1_match_class=possible; otter_candidates=2 (unconfirmed)
aosrd-webinars-017-1h0pTWQFHGQ,AOSRD_Clearfield,aosrd_webinars_youtube,The Coimbra Protocol-High Dose Vitamin D for Autoimmune Disease Relief – Video – 6 May 2026,the coimbra protocol high dose vitamin d for autoimmune disease relief video 6 may 2026,aosrd-webinars-017-1h0pTWQFHGQ|dBggaNSwAGYqDBG1O_hdE5Zo1CY,dBggaNSwAGYqDBG1O_hdE5Zo1CY,2025-12-03,Research/lectures/clearfield-webinar-2025-12-03,absent,absent,absent,absent,absent,absent,absent,absent,absent,absent,false,absent,absent,absent,absent,absent,absent,absent,present_local,absent,absent,1h0pTWQFHGQ,cataloged_external,absent,absent,absent,absent,absent,cataloged_external,source_only,pass1_match_class=possible; otter_candidates=1 (unconfirmed)
aosrd-webinars-018-239fPv2g6VI,AOSRD_Clearfield,aosrd_webinars_youtube,Estrogen-Devil or Angel​ – Video – 8 Apr 2026,estrogen devil or angel video 8 apr 2026,aosrd-webinars-018-239fPv2g6VI,,,,absent,absent,absent,absent,absent,absent,absent,absent,absent,absent,false,absent,absent,absent,absent,absent,absent,absent,present_local,absent,absent,239fPv2g6VI,cataloged_external,absent,absent,absent,absent,absent,cataloged_external,source_only,pass1_match_class=no_match; otter_candidates=0 (unconfirmed)
aosrd-webinars-019-D_j_SYnDRBM,AOSRD_Clearfield,aosrd_webinars_youtube,The Multifocal Cardiogram-Artifical Intelligence Meets the EKG with Dr. Sam Fillingane​ – Video – March 2026,the multifocal cardiogram artifical intelligence meets the ekg with dr sam fillingane video march 2026,aosrd-webinars-019-D_j_SYnDRBM|iFe-Jl__wpKT9UKu7NZMWLiMJ5w,iFe-Jl__wpKT9UKu7NZMWLiMJ5w,2026-03-31,Research/lectures/clearfield-webinar-2026-03-31,absent,absent,absent,absent,absent,absent,absent,absent,absent,absent,false,absent,absent,absent,absent,absent,absent,absent,present_local,absent,absent,D_j_SYnDRBM,cataloged_external,absent,absent,absent,absent,absent,cataloged_external,source_only,pass1_match_class=possible; otter_candidates=1 (unconfirmed)
aosrd-webinars-020-IHGfQHUyCaY,AOSRD_Clearfield,aosrd_webinars_youtube,Battlefield Acupuncture with Dr Bill Clearfield​ – Video – March 2026,battlefield acupuncture with dr bill clearfield video march 2026,aosrd-webinars-020-IHGfQHUyCaY|MgYpfjiYtlaKaW_z2gwloZSPQ5o,MgYpfjiYtlaKaW_z2gwloZSPQ5o,2026-01-28,Research/lectures/clearfield-webinar-2026-01-28,absent,absent,absent,absent,absent,absent,absent,absent,absent,absent,false,absent,absent,absent,absent,absent,absent,absent,present_local,absent,absent,IHGfQHUyCaY,cataloged_external,absent,absent,absent,absent,absent,cataloged_external,source_only,pass1_match_class=possible; otter_candidates=1 (unconfirmed)
aosrd-webinars-021-aGltKy2mBBo,AOSRD_Clearfield,aosrd_webinars_youtube,"Frequency, Sound and Autonomic Regulation with Margarita Xistris​ – Video – 3 March 2026",frequency sound and autonomic regulation with margarita xistris video 3 march 2026,aosrd-webinars-021-aGltKy2mBBo|RaBBFKZC2Aa5zl5VmBwF_n4Zwk8,RaBBFKZC2Aa5zl5VmBwF_n4Zwk8,2026-03-04,Research/lectures/clearfield-webinar-2026-03-04,absent,absent,absent,absent,absent,absent,absent,absent,absent,absent,false,absent,absent,absent,absent,absent,absent,absent,present_local,absent,absent,aGltKy2mBBo,cataloged_external,absent,absent,absent,absent,absent,cataloged_external,source_only,pass1_match_class=strong; otter_candidates=1 (unconfirmed)
aosrd-webinars-022-Qnnc8l-_VKI,AOSRD_Clearfield,aosrd_webinars_youtube,"Sunshine, Light and Why EMF Protection is More than Skin Deep with Dan Stachofsky​ – Video – 25 March 2026",sunshine light and why emf protection is more than skin deep with dan stachofsky video 25 march 2026,aosrd-webinars-022-Qnnc8l-_VKI,,,,absent,absent,absent,absent,absent,absent,absent,absent,absent,absent,false,absent,absent,absent,absent,absent,absent,absent,present_local,absent,absent,Qnnc8l-_VKI,cataloged_external,absent,absent,absent,absent,absent,cataloged_external,source_only,pass1_match_class=no_match; otter_candidates=0 (unconfirmed)
aosrd-webinars-023-Tirv1WnOCRY,AOSRD_Clearfield,aosrd_webinars_youtube,The End of Medicine with Dr. Paul Clayton – Video – 12 March 2026,the end of medicine with dr paul clayton video 12 march 2026,aosrd-webinars-023-Tirv1WnOCRY|Se28ZvfBuNMYHNmwQG9ua7gbTWk,Se28ZvfBuNMYHNmwQG9ua7gbTWk,2026-03-10,Research/lectures/clearfield-webinar-2026-03-10,absent,absent,absent,absent,absent,absent,absent,absent,absent,absent,false,absent,absent,absent,absent,absent,absent,absent,present_local,absent,absent,Tirv1WnOCRY,cataloged_external,absent,absent,absent,absent,absent,cataloged_external,source_only,pass1_match_class=strong; otter_candidates=1 (unconfirmed)
aosrd-webinars-024-tG56hy020G8,AOSRD_Clearfield,aosrd_webinars_youtube,A Tale of Two Syndromes-PCOS and Hashimoto’s Thyroidits with Dr. Victor Klausner and Bill Clearfield – Video – 3 March 2026,a tale of two syndromes pcos and hashimoto s thyroidits with dr victor klausner and bill clearfield video 3 march 2026,aosrd-webinars-024-tG56hy020G8|eEDmdeOTNokKYKUadQuO_9gDjuo,eEDmdeOTNokKYKUadQuO_9gDjuo,2026-02-25,Research/lectures/clearfield-webinar-2026-02-25,absent,absent,absent,absent,absent,absent,absent,absent,absent,absent,false,absent,absent,absent,absent,absent,absent,absent,present_local,absent,absent,tG56hy020G8,cataloged_external,absent,absent,absent,absent,absent,cataloged_external,source_only,pass1_match_class=possible; otter_candidates=1 (unconfirmed)
aosrd-webinars-025-FFLoos87gRA,AOSRD_Clearfield,aosrd_webinars_youtube,Stress Dominance-Why Hormone Dysregulation Begins Before Labs Go Abnormal with Dr. Eldred Taylor – Video – 18-Feb-2026,stress dominance why hormone dysregulation begins before labs go abnormal with dr eldred taylor video 18 feb 2026,aosrd-webinars-025-FFLoos87gRA|noIHLP-haQRngsIwy5mlPxVj6SM,noIHLP-haQRngsIwy5mlPxVj6SM,2026-02-18,Research/lectures/clearfield-webinar-2026-02-18,absent,absent,absent,absent,absent,absent,absent,absent,absent,absent,false,absent,absent,absent,absent,absent,absent,absent,present_local,absent,absent,FFLoos87gRA,cataloged_external,absent,absent,absent,absent,absent,cataloged_external,source_only,pass1_match_class=strong; otter_candidates=1 (unconfirmed)
aosrd-webinars-026-v3cUiPMVJnw,AOSRD_Clearfield,aosrd_webinars_youtube,Ketamine for Treatment Resistant Depression with Dr. Erwin Boco – Video – 11-Feb-2026,ketamine for treatment resistant depression with dr erwin boco video 11 feb 2026,aosrd-webinars-026-v3cUiPMVJnw|Z9n_3HuDLHeLCNsCxD97Y679BQA,Z9n_3HuDLHeLCNsCxD97Y679BQA,2026-02-11,Research/lectures/clearfield-webinar-2026-02-11,absent,absent,absent,absent,absent,absent,absent,absent,absent,absent,false,absent,absent,absent,absent,absent,absent,absent,present_local,absent,absent,v3cUiPMVJnw,cataloged_external,absent,absent,absent,absent,absent,cataloged_external,source_only,pass1_match_class=strong; otter_candidates=1 (unconfirmed)
aosrd-webinars-027-ukSSwKzur48,AOSRD_Clearfield,aosrd_webinars_youtube,Mitochondrial Therapeutics for Enhancing Healthspan with Dr. Siobhan Mitchell – Video – 04-Feb-2026,mitochondrial therapeutics for enhancing healthspan with dr siobhan mitchell video 04 feb 2026,aosrd-webinars-027-ukSSwKzur48|GMgbZhdKVzi_Uu9bXvypJxkwwKM,GMgbZhdKVzi_Uu9bXvypJxkwwKM,2026-02-04,Research/lectures/clearfield-webinar-2026-02-04,absent,absent,absent,absent,absent,absent,absent,absent,absent,absent,false,absent,absent,absent,absent,absent,absent,absent,present_local,absent,absent,ukSSwKzur48,cataloged_external,absent,absent,absent,absent,absent,cataloged_external,source_only,pass1_match_class=strong; otter_candidates=1 (unconfirmed)
aosrd-webinars-028-IEiWWFt1dUg,AOSRD_Clearfield,aosrd_webinars_youtube,"The What, Why, How and How-Not of Aging with Dr. Bill Andrews – Video – 21-Jan-2026",the what why how and how not of aging with dr bill andrews video 21 jan 2026,aosrd-webinars-028-IEiWWFt1dUg|l416W8yP4i7dv3Jhd5H2F74zMnU|ajVChHpkQS72kcrtN9J03lwNFZ0,l416W8yP4i7dv3Jhd5H2F74zMnU;ajVChHpkQS72kcrtN9J03lwNFZ0,2026-01-21;2026-04-28,Research/lectures/clearfield-webinar-2026-01-21;Research/lectures/clearfield-webinar-2026-04-28,absent,absent,absent,absent,absent,absent,absent,absent,absent,absent,false,absent,absent,absent,absent,absent,absent,absent,present_local,absent,absent,IEiWWFt1dUg,cataloged_external,absent,absent,absent,absent,absent,cataloged_external,source_only,"pass1_match_class=possible,strong; otter_candidates=2 (unconfirmed)"
aosrd-webinars-029-no_id,AOSRD_Clearfield,aosrd_webinars_vimeo,Cannabis for Dementia with Dr Dustin Sulak – Video – 13-Jan-2026,cannabis for dementia with dr dustin sulak video 13 jan 2026,aosrd-webinars-029-no_id,,,,absent,absent,absent,absent,absent,absent,absent,absent,absent,absent,false,absent,absent,absent,absent,absent,absent,absent,present_local,absent,absent,,absent,absent,cataloged_external,absent,absent,absent,cataloged_external,source_only,
aosrd-webinars-030-STzYdlwj7lI,AOSRD_Clearfield,aosrd_webinars_youtube,Osteoporosis Testing for Assessing Fracture Risk with Dr. John Neustadt – Video – 01-Jan-2026,osteoporosis testing for assessing fracture risk with dr john neustadt video 01 jan 2026,aosrd-webinars-030-STzYdlwj7lI|GH57wayNAp6iLAYz_3IRSsC5few|y59a2fEx8UgOiThJHr1w-HcQc1U,GH57wayNAp6iLAYz_3IRSsC5few;y59a2fEx8UgOiThJHr1w-HcQc1U,2026-01-07;2024-08-20,Research/lectures/clearfield-webinar-2026-01-07;Research/lectures/clearfield-webinar-2024-08-20,absent,absent,absent,absent,absent,absent,absent,absent,absent,absent,false,absent,absent,absent,absent,absent,absent,absent,present_local,absent,absent,STzYdlwj7lI,cataloged_external,absent,absent,absent,absent,absent,cataloged_external,source_only,pass1_match_class=possible; otter_candidates=2 (unconfirmed)
aosrd-webinars-031-jeZ1O-xDl9c,AOSRD_Clearfield,aosrd_webinars_youtube,A Better Cleaner You!! with Dr. Aunna Herbst – Video – 23-Dec-2025,a better cleaner you with dr aunna herbst video 23 dec 2025,aosrd-webinars-031-jeZ1O-xDl9c,,,,absent,absent,absent,absent,absent,absent,absent,absent,absent,absent,false,absent,absent,absent,absent,absent,absent,absent,present_local,absent,absent,jeZ1O-xDl9c,cataloged_external,absent,absent,absent,absent,absent,cataloged_external,source_only,pass1_match_class=no_match; otter_candidates=0 (unconfirmed)
aosrd-webinars-032-ujLADWyiIR8,AOSRD_Clearfield,aosrd_webinars_youtube,Menopause and Vasomotor Symptoms-Therapeutic Options with Dr. Felice Gersh – Video – 17-Dec-2025,menopause and vasomotor symptoms therapeutic options with dr felice gersh video 17 dec 2025,aosrd-webinars-032-ujLADWyiIR8|OyOI3AvRLueyq57ys04VXI5U1WU|OL_Ukp1RYjVvnjsMHnF2eXCXDC8,OyOI3AvRLueyq57ys04VXI5U1WU;OL_Ukp1RYjVvnjsMHnF2eXCXDC8,2025-12-17;2024-10-01,Research/lectures/clearfield-webinar-2025-12-17;Research/lectures/clearfield-webinar-2024-10-01,absent,absent,absent,absent,absent,absent,absent,absent,absent,absent,false,absent,absent,absent,absent,absent,absent,absent,present_local,absent,absent,ujLADWyiIR8,cataloged_external,absent,absent,absent,absent,absent,cataloged_external,source_only,"pass1_match_class=possible,strong; otter_candidates=2 (unconfirmed)"
aosrd-webinars-033-0MvEBIG53X4,AOSRD_Clearfield,aosrd_webinars_youtube,"Optimized Nutrient Absorption with Methylated, Nanoscale and Adaptohenic Formulas w Dr. Robert Celaya – Video – 10-Dec-2025",optimized nutrient absorption with methylated nanoscale and adaptohenic formulas w dr robert celaya video 10 dec 2025,aosrd-webinars-033-0MvEBIG53X4|3BvIJDrhEXHdWPee7Ztw2x6EmdE,3BvIJDrhEXHdWPee7Ztw2x6EmdE,2025-12-10,Research/lectures/clearfield-webinar-2025-12-10,absent,absent,absent,absent,absent,absent,absent,absent,absent,absent,false,absent,absent,absent,absent,absent,absent,absent,present_local,absent,absent,0MvEBIG53X4,cataloged_external,absent,absent,absent,absent,absent,cataloged_external,source_only,pass1_match_class=strong; otter_candidates=1 (unconfirmed)
aosrd-webinars-034-no_id,AOSRD_Clearfield,aosrd_webinars_vimeo,"HRT, Ice Plunges, Omega-3s and Dead Hangs Saved Me and Now we are Saving Doctors w Stefan Hartmann and his MOM! – Video – 26-Nov-2025",hrt ice plunges omega 3s and dead hangs saved me and now we are saving doctors w stefan hartmann and his mom video 26 nov 2025,aosrd-webinars-034-no_id,,,,absent,absent,absent,absent,absent,absent,absent,absent,absent,absent,false,absent,absent,absent,absent,absent,absent,absent,present_local,absent,absent,,absent,absent,cataloged_external,absent,absent,absent,cataloged_external,source_only,
aosrd-webinars-035-uxreznI9JQA,AOSRD_Clearfield,aosrd_webinars_youtube,Mind-Mineral Connection with Kelli Hanson – Video – 19-Nov-2025,mind mineral connection with kelli hanson video 19 nov 2025,aosrd-webinars-035-uxreznI9JQA,,,,absent,absent,absent,absent,absent,absent,absent,absent,absent,absent,false,absent,absent,absent,absent,absent,absent,absent,present_local,absent,absent,uxreznI9JQA,cataloged_external,absent,absent,absent,absent,absent,cataloged_external,source_only,pass1_match_class=no_match; otter_candidates=0 (unconfirmed)
aosrd-webinars-036-2559brkP1fQ,AOSRD_Clearfield,aosrd_webinars_youtube,Neural Therapy with Dr John Burgess – Video – 13-Nov-2025,neural therapy with dr john burgess video 13 nov 2025,aosrd-webinars-036-2559brkP1fQ|VwrSvok1RCW2X3iJ_Kwbd8JK6k8,VwrSvok1RCW2X3iJ_Kwbd8JK6k8,2025-11-12,Research/lectures/clearfield-webinar-2025-11-12,absent,absent,absent,absent,absent,absent,absent,absent,absent,absent,false,absent,absent,absent,absent,absent,absent,absent,present_local,absent,absent,2559brkP1fQ,cataloged_external,absent,absent,absent,absent,absent,cataloged_external,source_only,pass1_match_class=strong; otter_candidates=1 (unconfirmed)
aosrd-webinars-037-I7FCw7ECM7I,AOSRD_Clearfield,aosrd_webinars_youtube,NCRPI Monthly AcupunctureIntegrative Medicine Webinar 1200-1300 ET – Video – 07-Nov-2025,ncrpi monthly acupunctureintegrative medicine webinar 1200 1300 et video 07 nov 2025,aosrd-webinars-037-I7FCw7ECM7I,,,,absent,absent,absent,absent,absent,absent,absent,absent,absent,absent,false,absent,absent,absent,absent,absent,absent,absent,present_local,absent,absent,I7FCw7ECM7I,cataloged_external,absent,absent,absent,absent,absent,cataloged_external,source_only,pass1_match_class=no_match; otter_candidates=0 (unconfirmed)
aosrd-webinars-038-SA9CiKNjN1E,AOSRD_Clearfield,aosrd_webinars_youtube,Platelet Rich Fibrin; Optimizing the Glycocalyx and a Protocol to  Enhance PRF Quality with Dr. Joni Collins – Video – 5-Nov-2025,platelet rich fibrin optimizing the glycocalyx and a protocol to enhance prf quality with dr joni collins video 5 nov 2025,aosrd-webinars-038-SA9CiKNjN1E|aKanCqrE_LN8_fUCcz8yCi5pTLg,aKanCqrE_LN8_fUCcz8yCi5pTLg,2025-11-05,Research/lectures/clearfield-webinar-2025-11-05,absent,absent,absent,absent,absent,absent,absent,absent,absent,absent,false,absent,absent,absent,absent,absent,absent,absent,present_local,absent,absent,SA9CiKNjN1E,cataloged_external,absent,absent,absent,absent,absent,cataloged_external,source_only,pass1_match_class=strong; otter_candidates=1 (unconfirmed)
aosrd-webinars-039-FMRyzDsooVY,AOSRD_Clearfield,aosrd_webinars_youtube,"Adrenal Fatigue, Long Covid and the Role of Mitochondria, with Dr. Chris Meletis – Video – 29-Oct-2025",adrenal fatigue long covid and the role of mitochondria with dr chris meletis video 29 oct 2025,aosrd-webinars-039-FMRyzDsooVY|sLBIeA_Jmb8LAaQrgfDavdK3onA|12d7QbwxGiZlK8kVCNzSowPUQXE|SiB7Ifahh4_dfJVERQgP60auXjw,sLBIeA_Jmb8LAaQrgfDavdK3onA;12d7QbwxGiZlK8kVCNzSowPUQXE;SiB7Ifahh4_dfJVERQgP60auXjw,2025-10-28;2025-04-22;2026-05-19,Research/lectures/clearfield-webinar-2025-10-28;Research/lectures/clearfield-webinar-2025-04-22;Research/lectures/clearfield-webinar-2026-05-19,absent,absent,absent,absent,absent,absent,absent,absent,absent,absent,false,absent,absent,absent,absent,absent,absent,absent,present_local,absent,absent,FMRyzDsooVY,cataloged_external,absent,absent,absent,absent,absent,cataloged_external,source_only,pass1_match_class=possible; otter_candidates=3 (unconfirmed)
aosrd-webinars-040-AoJb8OP2goc,AOSRD_Clearfield,aosrd_webinars_youtube,The Glycocalyx-The Hidden Secret of Cardiovascular Health with Dr. Kent Crowley (Video)  – 23-Oct-2025,the glycocalyx the hidden secret of cardiovascular health with dr kent crowley video 23 oct 2025,aosrd-webinars-040-AoJb8OP2goc|KPtFIYDuvg1p0CbfNkYIuOVkwIE|j3HjVUuBV5gnR4KrCUuXOZEnPm0,KPtFIYDuvg1p0CbfNkYIuOVkwIE;j3HjVUuBV5gnR4KrCUuXOZEnPm0,2025-10-21;2025-10-14,Research/lectures/clearfield-webinar-2025-10-21;Research/lectures/clearfield-webinar-2025-10-14,absent,absent,absent,absent,absent,absent,absent,absent,absent,absent,false,absent,absent,absent,absent,absent,absent,absent,present_local,absent,absent,AoJb8OP2goc,cataloged_external,absent,absent,absent,absent,absent,cataloged_external,source_only,pass1_match_class=possible; otter_candidates=2 (unconfirmed)
aosrd-webinars-041-ol6SEGI0kyk,AOSRD_Clearfield,aosrd_webinars_youtube,"Conference Preview, Spirituality, Progesterone After Hysterectomy and Lab Tests, Oh My! with Dr. Bill Clearfield and Dr. Melvin Nario (Video)  – 14-Oct-2025",conference preview spirituality progesterone after hysterectomy and lab tests oh my with dr bill clearfield and dr melvin nario video 14 oct 2025,aosrd-webinars-041-ol6SEGI0kyk|j3HjVUuBV5gnR4KrCUuXOZEnPm0,j3HjVUuBV5gnR4KrCUuXOZEnPm0,2025-10-14,Research/lectures/clearfield-webinar-2025-10-14,absent,absent,absent,absent,absent,absent,absent,absent,absent,absent,false,absent,absent,absent,absent,absent,absent,absent,present_local,absent,absent,ol6SEGI0kyk,cataloged_external,absent,absent,absent,absent,absent,cataloged_external,source_only,pass1_match_class=strong; otter_candidates=1 (unconfirmed)
aosrd-webinars-042-fVs0ByQDS70,AOSRD_Clearfield,aosrd_webinars_youtube,The Business of Health-The Productivity Equation and the Money Equation with Dr. Benoit Tano (Video)  – 09-Oct-2025,the business of health the productivity equation and the money equation with dr benoit tano video 09 oct 2025,aosrd-webinars-042-fVs0ByQDS70|CQdkPoyCm_xx7nnZ2b80AClK8TM,CQdkPoyCm_xx7nnZ2b80AClK8TM,2025-10-07,Research/lectures/clearfield-webinar-2025-10-07,absent,absent,absent,absent,absent,absent,absent,absent,absent,absent,false,absent,absent,absent,absent,absent,absent,absent,present_local,absent,absent,fVs0ByQDS70,cataloged_external,absent,absent,absent,absent,absent,cataloged_external,source_only,pass1_match_class=possible; otter_candidates=1 (unconfirmed)
aosrd-webinars-043-Z9TIUrTjaVw,AOSRD_Clearfield,aosrd_webinars_youtube,Unsuspected Paratism and Infectious Diseases with Dr. Michael Gerber (Video),unsuspected paratism and infectious diseases with dr michael gerber video,aosrd-webinars-043-Z9TIUrTjaVw|R49fIj1w1e0cBaAXOmhNkQ5wdks,R49fIj1w1e0cBaAXOmhNkQ5wdks,2025-08-19,Research/lectures/clearfield-webinar-2025-08-19,absent,absent,absent,absent,absent,absent,absent,absent,absent,absent,false,absent,absent,absent,absent,absent,absent,absent,present_local,absent,absent,Z9TIUrTjaVw,cataloged_external,absent,absent,absent,absent,absent,cataloged_external,source_only,pass1_match_class=possible; otter_candidates=1 (unconfirmed)
aosrd-webinars-044-MTrSvugiJpo,AOSRD_Clearfield,aosrd_webinars_youtube,Introduction to Peptides w Dr. Bill Clearfield (Video),introduction to peptides w dr bill clearfield video,aosrd-webinars-044-MTrSvugiJpo|pw9yXaKVUW0ETXgSRTRBaLEzqQc,pw9yXaKVUW0ETXgSRTRBaLEzqQc,2024-08-27,Research/lectures/clearfield-webinar-2024-08-27,absent,absent,absent,absent,absent,absent,absent,absent,absent,absent,false,absent,absent,absent,absent,absent,absent,absent,present_local,absent,absent,MTrSvugiJpo,cataloged_external,absent,absent,absent,absent,absent,cataloged_external,source_only,pass1_match_class=possible; otter_candidates=1 (unconfirmed)
aosrd-webinars-045-wPNq50DbJEY,AOSRD_Clearfield,aosrd_webinars_youtube,"Is There Bias in Medical A.I. with Drs. Benoit Tano, and Anthony James (Video) – 07-Oct-2025",is there bias in medical a i with drs benoit tano and anthony james video 07 oct 2025,aosrd-webinars-045-wPNq50DbJEY|81vgkJ55QnsvesXbnyxCMQPr6Rc|8zWbW6QDW1P91M_Tbf8iqD9f8TQ,81vgkJ55QnsvesXbnyxCMQPr6Rc;8zWbW6QDW1P91M_Tbf8iqD9f8TQ,2026-06-09;2025-09-16,Research/lectures/clearfield-webinar-2026-06-09;Research/lectures/clearfield-webinar-2025-09-16,absent,absent,absent,absent,absent,absent,absent,absent,absent,absent,false,absent,absent,absent,absent,absent,absent,absent,present_local,absent,absent,wPNq50DbJEY,cataloged_external,absent,absent,absent,absent,absent,cataloged_external,source_only,pass1_match_class=possible; otter_candidates=2 (unconfirmed)
aosrd-webinars-046-IzMk74AxJqA,AOSRD_Clearfield,aosrd_webinars_youtube,The Muscle-Microbiome Connecton-Reversing Age Related Muscle Decline with Dr. David Changaris (Video) – 28-Sept-2025,the muscle microbiome connecton reversing age related muscle decline with dr david changaris video 28 sept 2025,aosrd-webinars-046-IzMk74AxJqA|zGyxgM4y1SX_IqTEeKxdJf4l5RM,zGyxgM4y1SX_IqTEeKxdJf4l5RM,2025-09-30,Research/lectures/clearfield-webinar-2025-09-30,absent,absent,absent,absent,absent,absent,absent,absent,absent,absent,false,absent,absent,absent,absent,absent,absent,absent,present_local,absent,absent,IzMk74AxJqA,cataloged_external,absent,absent,absent,absent,absent,cataloged_external,source_only,pass1_match_class=possible; otter_candidates=1 (unconfirmed)
aosrd-webinars-047-oiF8bJEpK0M,AOSRD_Clearfield,aosrd_webinars_youtube,Spermadine’s Benefits for the Musculoskeletal System with Dr. Melissa Cano (Video) – 04-Sept-2025,spermadine s benefits for the musculoskeletal system with dr melissa cano video 04 sept 2025,aosrd-webinars-047-oiF8bJEpK0M|YvYB4xEevY7Hh6A_aHUPcm8PMJ4,YvYB4xEevY7Hh6A_aHUPcm8PMJ4,2025-09-02,Research/lectures/clearfield-webinar-2025-09-02,absent,absent,absent,absent,absent,absent,absent,absent,absent,absent,false,absent,absent,absent,absent,absent,absent,absent,present_local,absent,absent,oiF8bJEpK0M,cataloged_external,absent,absent,absent,absent,absent,cataloged_external,source_only,pass1_match_class=possible; otter_candidates=1 (unconfirmed)
aosrd-webinars-048-dZ8JyvHAMjY,AOSRD_Clearfield,aosrd_webinars_youtube,Beyond Pharmogenomics-Addressing Root Causes of Anxiety and Depression with Dr. Sharon Hausman-Cohen (Video) – 05-Aug-2025,beyond pharmogenomics addressing root causes of anxiety and depression with dr sharon hausman cohen video 05 aug 2025,aosrd-webinars-048-dZ8JyvHAMjY|LxOKeD9fWZEycb7WYyMiRLE90EU,LxOKeD9fWZEycb7WYyMiRLE90EU,2025-08-05,Research/lectures/clearfield-webinar-2025-08-05,absent,absent,absent,absent,absent,absent,absent,absent,absent,absent,false,absent,absent,absent,absent,absent,absent,absent,present_local,absent,absent,dZ8JyvHAMjY,cataloged_external,absent,absent,absent,absent,absent,cataloged_external,source_only,pass1_match_class=strong; otter_candidates=1 (unconfirmed)
aosrd-webinars-049-vnJmoRxdV2g,AOSRD_Clearfield,aosrd_webinars_youtube,The Gut-Bone Connection with Dr. John Neustadt (Video) – 13-Aug-2025,the gut bone connection with dr john neustadt video 13 aug 2025,aosrd-webinars-049-vnJmoRxdV2g|O2HiQSKr_hQgWkE4iY8ItSEYg4Y,O2HiQSKr_hQgWkE4iY8ItSEYg4Y,2025-08-12,Research/lectures/clearfield-webinar-2025-08-12,absent,absent,absent,absent,absent,absent,absent,absent,absent,absent,false,absent,absent,absent,absent,absent,absent,absent,present_local,absent,absent,vnJmoRxdV2g,cataloged_external,absent,absent,absent,absent,absent,cataloged_external,source_only,pass1_match_class=possible; otter_candidates=1 (unconfirmed)
aosrd-webinars-050-XJAq-AZ411U,AOSRD_Clearfield,aosrd_webinars_youtube,"Mojo, Meet Medicine, Hormones, Libido, and Loving Well with Jaquelyn Sammons (Video) – 30-July-2025",mojo meet medicine hormones libido and loving well with jaquelyn sammons video 30 july 2025,aosrd-webinars-050-XJAq-AZ411U|ZdpkFb1zUrwSD134tv35ZcrcaI8,ZdpkFb1zUrwSD134tv35ZcrcaI8,2025-07-29,Research/lectures/clearfield-webinar-2025-07-29,absent,absent,absent,absent,absent,absent,absent,absent,absent,absent,false,absent,absent,absent,absent,absent,absent,absent,present_local,absent,absent,XJAq-AZ411U,cataloged_external,absent,absent,absent,absent,absent,cataloged_external,source_only,pass1_match_class=possible; otter_candidates=1 (unconfirmed)
aosrd-webinars-051-ChjlUoj0HK4,AOSRD_Clearfield,aosrd_webinars_youtube,"Utilizing Membrane Lipid Replacement to Repair, Replace and Renew Mtochondrial Membranes and Increase ATP Production with Ross Pelton RPh (Video) – 29-July-2025",utilizing membrane lipid replacement to repair replace and renew mtochondrial membranes and increase atp production with ross pelton rph video 29 july 2025,aosrd-webinars-051-ChjlUoj0HK4|N9yVVPBjdwE0_VQF5vNgb-MVTSQ,N9yVVPBjdwE0_VQF5vNgb-MVTSQ,2025-07-22,Research/lectures/clearfield-webinar-2025-07-22,absent,absent,absent,absent,absent,absent,absent,absent,absent,absent,false,absent,absent,absent,absent,absent,absent,absent,present_local,absent,absent,ChjlUoj0HK4,cataloged_external,absent,absent,absent,absent,absent,cataloged_external,source_only,pass1_match_class=possible; otter_candidates=1 (unconfirmed)
aosrd-webinars-052-k7huYi1803c,AOSRD_Clearfield,aosrd_webinars_youtube,Traumatic Brain Injuries Among Service Members and Veterans with Michael Hartford LFACH (Video) – 17-July-2025,traumatic brain injuries among service members and veterans with michael hartford lfach video 17 july 2025,aosrd-webinars-052-k7huYi1803c|ykfPBSHSL3meBk4yGojbTxMVIpA|FHVn8qFG7pov0fVMLuuVpKan1hA|hQzjA4-OBAL6Qn7OOOywEISWs3I,ykfPBSHSL3meBk4yGojbTxMVIpA;FHVn8qFG7pov0fVMLuuVpKan1hA;hQzjA4-OBAL6Qn7OOOywEISWs3I,2024-10-22;2025-07-15;2025-07-08,Research/lectures/clearfield-webinar-2024-10-22;Research/lectures/clearfield-webinar-2025-07-15;Research/lectures/clearfield-webinar-2025-07-08,absent,absent,absent,absent,absent,absent,absent,absent,absent,absent,false,absent,absent,absent,absent,absent,absent,absent,present_local,absent,absent,k7huYi1803c,cataloged_external,absent,absent,absent,absent,absent,cataloged_external,source_only,pass1_match_class=possible; otter_candidates=3 (unconfirmed)
aosrd-webinars-053-Y-_p7jNbZaY,AOSRD_Clearfield,aosrd_webinars_youtube,Clinical Applications of Testosterone for Women Dr William Clearfield (Video),clinical applications of testosterone for women dr william clearfield video,aosrd-webinars-053-Y-_p7jNbZaY|teTBikykKpBtvemVFqClxhmIVaQ|OyOI3AvRLueyq57ys04VXI5U1WU|ClN5CZe78b8lp6a0nf44-DzCDCo|hQzjA4-OBAL6Qn7OOOywEISWs3I|GMgbZhdKVzi_Uu9bXvypJxkwwKM,teTBikykKpBtvemVFqClxhmIVaQ;OyOI3AvRLueyq57ys04VXI5U1WU;ClN5CZe78b8lp6a0nf44-DzCDCo;hQzjA4-OBAL6Qn7OOOywEISWs3I;GMgbZhdKVzi_Uu9bXvypJxkwwKM,2024-12-18;2025-12-17;2025-03-11;2025-07-08;2026-02-04,Research/lectures/clearfield-webinar-2024-12-18;Research/lectures/clearfield-webinar-2025-12-17;Research/lectures/clearfield-webinar-2025-03-11;Research/lectures/clearfield-webinar-2025-07-08;Research/lectures/clearfield-webinar-2026-02-04,absent,absent,absent,absent,absent,absent,absent,absent,absent,absent,false,absent,absent,absent,absent,absent,absent,absent,present_local,absent,absent,Y-_p7jNbZaY,cataloged_external,absent,absent,absent,absent,absent,cataloged_external,source_only,pass1_match_class=possible; otter_candidates=5 (unconfirmed)
aosrd-webinars-054-vCO3HaVDAOM,AOSRD_Clearfield,aosrd_webinars_youtube,Photobiomodulation-Harnessing the Power of Light for Wellbeing with Jordan Hamlin 08-July-2025 (Video),photobiomodulation harnessing the power of light for wellbeing with jordan hamlin 08 july 2025 video,aosrd-webinars-054-vCO3HaVDAOM|hQzjA4-OBAL6Qn7OOOywEISWs3I,hQzjA4-OBAL6Qn7OOOywEISWs3I,2025-07-08,Research/lectures/clearfield-webinar-2025-07-08,absent,absent,absent,absent,absent,absent,absent,absent,absent,absent,false,absent,absent,absent,absent,absent,absent,absent,present_local,absent,absent,vCO3HaVDAOM,cataloged_external,absent,absent,absent,absent,absent,cataloged_external,source_only,pass1_match_class=strong; otter_candidates=1 (unconfirmed)
aosrd-webinars-055-11puCMGl13g,AOSRD_Clearfield,aosrd_webinars_youtube,Mechanisms and Therapeutic Use of Ivermectin and Mebendazole vs. Cancer Stem Cells 02-July-2025 (Video),mechanisms and therapeutic use of ivermectin and mebendazole vs cancer stem cells 02 july 2025 video,aosrd-webinars-055-11puCMGl13g|b2H7gyjRNmbN0l62XtCzeLPovDE,b2H7gyjRNmbN0l62XtCzeLPovDE,2025-06-24,Research/lectures/clearfield-webinar-2025-06-24,absent,absent,absent,absent,absent,absent,absent,absent,absent,absent,false,absent,absent,absent,absent,absent,absent,absent,present_local,absent,absent,11puCMGl13g,cataloged_external,absent,absent,absent,absent,absent,cataloged_external,source_only,pass1_match_class=possible; otter_candidates=1 (unconfirmed)
aosrd-webinars-056-X9owMRSxKU8,AOSRD_Clearfield,aosrd_webinars_youtube,"Ascorbate Intelligence-The Catalyst Behind Hormones, Mitochondria and Metabolism with Lior Sher 02-July-2025 (Video)",ascorbate intelligence the catalyst behind hormones mitochondria and metabolism with lior sher 02 july 2025 video,aosrd-webinars-056-X9owMRSxKU8|DoY_YVmmJsZyWDMnmIlwfTtYV7k,DoY_YVmmJsZyWDMnmIlwfTtYV7k,2025-07-01,Research/lectures/clearfield-webinar-2025-07-01,absent,absent,absent,absent,absent,absent,absent,absent,absent,absent,false,absent,absent,absent,absent,absent,absent,absent,present_local,absent,absent,X9owMRSxKU8,cataloged_external,absent,absent,absent,absent,absent,cataloged_external,source_only,pass1_match_class=possible; otter_candidates=1 (unconfirmed)
aosrd-webinars-057-2Wyq9xwKxNo,AOSRD_Clearfield,aosrd_webinars_youtube,"Cholesterol Decoded The Good, the Bad, and the Misunderstood by Dr. Benoit Tano 18-June-2025 (Video)",cholesterol decoded the good the bad and the misunderstood by dr benoit tano 18 june 2025 video,aosrd-webinars-057-2Wyq9xwKxNo|81vgkJ55QnsvesXbnyxCMQPr6Rc|glV8jJH0PlVmEafpjvon_ZOlt6g,81vgkJ55QnsvesXbnyxCMQPr6Rc;glV8jJH0PlVmEafpjvon_ZOlt6g,2026-06-09;2025-06-03,Research/lectures/clearfield-webinar-2026-06-09;Research/lectures/clearfield-webinar-2025-06-03,absent,absent,absent,absent,absent,absent,absent,absent,absent,absent,false,absent,absent,absent,absent,absent,absent,absent,present_local,absent,absent,2Wyq9xwKxNo,cataloged_external,absent,absent,absent,absent,absent,cataloged_external,source_only,pass1_match_class=possible; otter_candidates=2 (unconfirmed)
aosrd-webinars-058-Kr52d-glwNw,AOSRD_Clearfield,aosrd_webinars_youtube,Seven Mushrooms for Longevity with Dr. Xochitl Palomino 18-June-2025 (Video),seven mushrooms for longevity with dr xochitl palomino 18 june 2025 video,aosrd-webinars-058-Kr52d-glwNw|hnYI5BcQQLHjFGK0Vv7Jdr3Okdg,hnYI5BcQQLHjFGK0Vv7Jdr3Okdg,2025-06-10,Research/lectures/clearfield-webinar-2025-06-10,absent,absent,absent,absent,absent,absent,absent,absent,absent,absent,false,absent,absent,absent,absent,absent,absent,absent,present_local,absent,absent,Kr52d-glwNw,cataloged_external,absent,absent,absent,absent,absent,cataloged_external,source_only,pass1_match_class=possible; otter_candidates=1 (unconfirmed)
aosrd-webinars-059-2g96fVoSALE,AOSRD_Clearfield,aosrd_webinars_youtube,Mitochondrial Dysfunction in Aging 18-June-2025 (Video),mitochondrial dysfunction in aging 18 june 2025 video,aosrd-webinars-059-2g96fVoSALE|GoRuWgRFUBHzZE--rF7qmxgBIOc,GoRuWgRFUBHzZE--rF7qmxgBIOc,2025-06-17,Research/lectures/clearfield-webinar-2025-06-17,absent,absent,absent,absent,absent,absent,absent,absent,absent,absent,false,absent,absent,absent,absent,absent,absent,absent,present_local,absent,absent,2g96fVoSALE,cataloged_external,absent,absent,absent,absent,absent,cataloged_external,source_only,pass1_match_class=possible; otter_candidates=1 (unconfirmed)
aosrd-webinars-060-NNAnnAJAIQk,AOSRD_Clearfield,aosrd_webinars_youtube,"Cholesterol Decoded The Good, the Bad, and the Misunderstood by Dr. Benoit Tano 11-June-2025 (Video)",cholesterol decoded the good the bad and the misunderstood by dr benoit tano 11 june 2025 video,aosrd-webinars-060-NNAnnAJAIQk|81vgkJ55QnsvesXbnyxCMQPr6Rc|glV8jJH0PlVmEafpjvon_ZOlt6g,81vgkJ55QnsvesXbnyxCMQPr6Rc;glV8jJH0PlVmEafpjvon_ZOlt6g,2026-06-09;2025-06-03,Research/lectures/clearfield-webinar-2026-06-09;Research/lectures/clearfield-webinar-2025-06-03,absent,absent,absent,absent,absent,absent,absent,absent,absent,absent,false,absent,absent,absent,absent,absent,absent,absent,present_local,absent,absent,NNAnnAJAIQk,cataloged_external,absent,absent,absent,absent,absent,cataloged_external,source_only,pass1_match_class=possible; otter_candidates=2 (unconfirmed)
aosrd-webinars-061-nrjK17pBbBk,AOSRD_Clearfield,aosrd_webinars_youtube,Seven Mushrooms for Longevity with Dr. Xochitl Palomino 11-June-2025 (Video),seven mushrooms for longevity with dr xochitl palomino 11 june 2025 video,aosrd-webinars-061-nrjK17pBbBk|hnYI5BcQQLHjFGK0Vv7Jdr3Okdg,hnYI5BcQQLHjFGK0Vv7Jdr3Okdg,2025-06-10,Research/lectures/clearfield-webinar-2025-06-10,absent,absent,absent,absent,absent,absent,absent,absent,absent,absent,false,absent,absent,absent,absent,absent,absent,absent,present_local,absent,absent,nrjK17pBbBk,cataloged_external,absent,absent,absent,absent,absent,cataloged_external,source_only,pass1_match_class=strong; otter_candidates=1 (unconfirmed)
aosrd-webinars-062-KwIprK6R0yA,AOSRD_Clearfield,aosrd_webinars_youtube,Muscle Centric Health (Video),muscle centric health video,aosrd-webinars-062-KwIprK6R0yA,,,,absent,absent,absent,absent,absent,absent,absent,absent,absent,absent,false,absent,absent,absent,absent,absent,absent,absent,present_local,absent,absent,KwIprK6R0yA,cataloged_external,absent,absent,absent,absent,absent,cataloged_external,source_only,pass1_match_class=no_match; otter_candidates=0 (unconfirmed)
aosrd-webinars-063-4Nhoej8KtNE,AOSRD_Clearfield,aosrd_webinars_youtube,"To Aromatize or Not Aromatize , That is Question. Optimizing HRT in Men, with Dr. Jacquelyn Sammons (Video)",to aromatize or not aromatize that is question optimizing hrt in men with dr jacquelyn sammons video,aosrd-webinars-063-4Nhoej8KtNE|OyOI3AvRLueyq57ys04VXI5U1WU|OlXuXl73V1RAQ4bVYXoakDZMRnU|OL_Ukp1RYjVvnjsMHnF2eXCXDC8,OyOI3AvRLueyq57ys04VXI5U1WU;OlXuXl73V1RAQ4bVYXoakDZMRnU;OL_Ukp1RYjVvnjsMHnF2eXCXDC8,2025-12-17;2026-04-07;2024-10-01,Research/lectures/clearfield-webinar-2025-12-17;Research/lectures/clearfield-webinar-2026-04-07;Research/lectures/clearfield-webinar-2024-10-01,absent,absent,absent,absent,absent,absent,absent,absent,absent,absent,false,absent,absent,absent,absent,absent,absent,absent,present_local,absent,absent,4Nhoej8KtNE,cataloged_external,absent,absent,absent,absent,absent,cataloged_external,source_only,pass1_match_class=possible; otter_candidates=3 (unconfirmed)
aosrd-webinars-064-JRwekVs321Y,AOSRD_Clearfield,aosrd_webinars_youtube,Novel Scientific Considerations for Optimized Lean Muscle Mass with Dr. Chris Melitis 22-Apr-2025 (Video),novel scientific considerations for optimized lean muscle mass with dr chris melitis 22 apr 2025 video,aosrd-webinars-064-JRwekVs321Y|12d7QbwxGiZlK8kVCNzSowPUQXE|5HPCyqwQxi9QD1of8g-CPHrnFcc|TNvBcRwwSnrkWGe2_L3i3lGvYYk,12d7QbwxGiZlK8kVCNzSowPUQXE;5HPCyqwQxi9QD1of8g-CPHrnFcc;TNvBcRwwSnrkWGe2_L3i3lGvYYk,2025-04-22;2025-01-08;2024-12-11,Research/lectures/clearfield-webinar-2025-04-22;Research/lectures/clearfield-webinar-2025-01-08;Research/lectures/clearfield-webinar-2024-12-11,absent,absent,absent,absent,absent,absent,absent,absent,absent,absent,false,absent,absent,absent,absent,absent,absent,absent,present_local,absent,absent,JRwekVs321Y,cataloged_external,absent,absent,absent,absent,absent,cataloged_external,source_only,"pass1_match_class=possible,strong; otter_candidates=3 (unconfirmed)"
aosrd-webinars-065-l0Rjq3pwOR8,AOSRD_Clearfield,aosrd_webinars_youtube,Aging and Anti-Aging through the Lens of the Immune System with Lisa Tamati 15-Apr-2025 (Video),aging and anti aging through the lens of the immune system with lisa tamati 15 apr 2025 video,aosrd-webinars-065-l0Rjq3pwOR8|4qg44PRw27Y2Jbzl7MXMYCX0HuI|pw9yXaKVUW0ETXgSRTRBaLEzqQc|y59a2fEx8UgOiThJHr1w-HcQc1U,4qg44PRw27Y2Jbzl7MXMYCX0HuI;pw9yXaKVUW0ETXgSRTRBaLEzqQc;y59a2fEx8UgOiThJHr1w-HcQc1U,2025-04-15;2024-08-27;2024-08-20,Research/lectures/clearfield-webinar-2025-04-15;Research/lectures/clearfield-webinar-2024-08-27;Research/lectures/clearfield-webinar-2024-08-20,absent,absent,absent,absent,absent,absent,absent,absent,absent,absent,false,absent,absent,absent,absent,absent,absent,absent,present_local,absent,absent,l0Rjq3pwOR8,cataloged_external,absent,absent,absent,absent,absent,cataloged_external,source_only,"pass1_match_class=possible,strong; otter_candidates=3 (unconfirmed)"
aosrd-webinars-066-DhiMsRLaERI,AOSRD_Clearfield,aosrd_webinars_youtube,Understanding Medical Issues Through a Constitutional Homeopathic Lens with Dr. Payam Hakimi 8-Apr-2025 (Video),understanding medical issues through a constitutional homeopathic lens with dr payam hakimi 8 apr 2025 video,aosrd-webinars-066-DhiMsRLaERI|6Jsw7QNZfMK82hH28Fgc1lAC87k,6Jsw7QNZfMK82hH28Fgc1lAC87k,2025-04-08,Research/lectures/clearfield-webinar-2025-04-08,absent,absent,absent,absent,absent,absent,absent,absent,absent,absent,false,absent,absent,absent,absent,absent,absent,absent,present_local,absent,absent,DhiMsRLaERI,cataloged_external,absent,absent,absent,absent,absent,cataloged_external,source_only,pass1_match_class=strong; otter_candidates=1 (unconfirmed)
aosrd-webinars-067-vZ0ervyVVU0,AOSRD_Clearfield,aosrd_webinars_youtube,Train Your Brain! Learn the Joys of Neurofeedback with Dr. Marly Jones 1-Apr-2025 (Video),train your brain learn the joys of neurofeedback with dr marly jones 1 apr 2025 video,aosrd-webinars-067-vZ0ervyVVU0|jZM7WB_BG5YwNdBn2EQBHQM-aNc,jZM7WB_BG5YwNdBn2EQBHQM-aNc,2025-04-01,Research/lectures/clearfield-webinar-2025-04-01,absent,absent,absent,absent,absent,absent,absent,absent,absent,absent,false,absent,absent,absent,absent,absent,absent,absent,present_local,absent,absent,vZ0ervyVVU0,cataloged_external,absent,absent,absent,absent,absent,cataloged_external,source_only,pass1_match_class=strong; otter_candidates=1 (unconfirmed)
aosrd-webinars-068-vS6aw3GkcRI,AOSRD_Clearfield,aosrd_webinars_youtube,The Laboratory Functional Medicine with Dr. Bill Clearfield 25-Mar-2025 (Video),the laboratory functional medicine with dr bill clearfield 25 mar 2025 video,aosrd-webinars-068-vS6aw3GkcRI|Zxy20R1uant_QctiZutXLSt-Q-E,Zxy20R1uant_QctiZutXLSt-Q-E,2025-03-25,Research/lectures/clearfield-webinar-2025-03-25,absent,absent,absent,absent,absent,absent,absent,absent,absent,present_local,false,present_local,present_local,absent,absent,absent,absent,absent,present_local,cataloged_external,present_local,vS6aw3GkcRI,cataloged_external,absent,absent,absent,absent,absent,present_local,visual_present_local,visual-transcript.md present (PDF frame index; not spoken transcript); local_study_guide_dir=Research/integrative-medicine/aosrd-webinars/study-guide/The_Laboratory_Functional_Medicine_with_Dr_Bill_Clearfield_2; pdfs=1; frames=30; pass1_match_class=strong; otter_candidates=1 (unconfirmed)
aosrd-webinars-069-kSvKhj5JSv0,AOSRD_Clearfield,aosrd_webinars_youtube,The Microbiome in Health and Disease with Dr Bill Clearfield 18-Mar-2025 (Video),the microbiome in health and disease with dr bill clearfield 18 mar 2025 video,aosrd-webinars-069-kSvKhj5JSv0|pfNO6khumfRfVoCync03aVBxZ70|P1FgRy3FvTrrNYsXISdsJKJeiEg|ZdpkFb1zUrwSD134tv35ZcrcaI8|0pIRZSR5hLU8vZNbqCJ9pLpRE9M,pfNO6khumfRfVoCync03aVBxZ70;P1FgRy3FvTrrNYsXISdsJKJeiEg;ZdpkFb1zUrwSD134tv35ZcrcaI8;0pIRZSR5hLU8vZNbqCJ9pLpRE9M,2025-03-18;2024-11-06;2025-07-29;2025-03-05,Research/lectures/clearfield-webinar-2025-03-18;Research/lectures/clearfield-webinar-2024-11-06;Research/lectures/clearfield-webinar-2025-07-29;Research/lectures/clearfield-webinar-2025-03-05,absent,absent,absent,absent,absent,absent,absent,absent,absent,absent,false,absent,absent,absent,absent,absent,absent,absent,present_local,absent,absent,kSvKhj5JSv0,cataloged_external,absent,absent,absent,absent,absent,cataloged_external,source_only,"pass1_match_class=possible,strong; otter_candidates=4 (unconfirmed)"
aosrd-webinars-070-inmmno5OVKk,AOSRD_Clearfield,aosrd_webinars_youtube,Small Intestine Bacterial Overgrowth with Dr. Arland Hill 11-Mar-2025 (Video),small intestine bacterial overgrowth with dr arland hill 11 mar 2025 video,aosrd-webinars-070-inmmno5OVKk|ClN5CZe78b8lp6a0nf44-DzCDCo,ClN5CZe78b8lp6a0nf44-DzCDCo,2025-03-11,Research/lectures/clearfield-webinar-2025-03-11,absent,absent,absent,absent,absent,absent,absent,absent,absent,absent,false,absent,absent,absent,absent,absent,absent,absent,present_local,absent,absent,inmmno5OVKk,cataloged_external,absent,absent,absent,absent,absent,cataloged_external,source_only,pass1_match_class=strong; otter_candidates=1 (unconfirmed)
aosrd-webinars-071-zKxcCQelKT4,AOSRD_Clearfield,aosrd_webinars_youtube,Culinary Oncology with Chef Laura Pole 04-Mar-2025 (Video),culinary oncology with chef laura pole 04 mar 2025 video,aosrd-webinars-071-zKxcCQelKT4|0pIRZSR5hLU8vZNbqCJ9pLpRE9M,0pIRZSR5hLU8vZNbqCJ9pLpRE9M,2025-03-05,Research/lectures/clearfield-webinar-2025-03-05,absent,absent,absent,absent,absent,absent,absent,absent,absent,absent,false,absent,absent,absent,absent,absent,absent,absent,present_local,cataloged_external,absent,zKxcCQelKT4,cataloged_external,absent,absent,absent,absent,absent,cataloged_external,source_only,pass1_match_class=possible; otter_candidates=1 (unconfirmed)
aosrd-webinars-072-JEF5w29s04Y,AOSRD_Clearfield,aosrd_webinars_youtube,Peptide Deep DiveThymosin Alpha 1 and Thymogen with Stefan Hartmann 19-Feb-2025 (Video),peptide deep divethymosin alpha 1 and thymogen with stefan hartmann 19 feb 2025 video,aosrd-webinars-072-JEF5w29s04Y|lnZUNAyEcVNSN0i3JOEbuJcc15A,lnZUNAyEcVNSN0i3JOEbuJcc15A,2025-02-19,Research/lectures/clearfield-webinar-2025-02-19,absent,absent,absent,absent,absent,absent,absent,absent,absent,absent,false,absent,absent,absent,absent,absent,absent,absent,present_local,absent,absent,JEF5w29s04Y,cataloged_external,absent,absent,absent,absent,absent,cataloged_external,source_only,pass1_match_class=strong; otter_candidates=1 (unconfirmed)
aosrd-webinars-073-F3lfAz2jf0M,AOSRD_Clearfield,aosrd_webinars_youtube,Uveal Melanoma Research Project with Dr. Evangelica Papasotiriou 05-Feb-2025 (Video),uveal melanoma research project with dr evangelica papasotiriou 05 feb 2025 video,aosrd-webinars-073-F3lfAz2jf0M|JAhRYbDDwDsC4em3dazDKyDw4gM,JAhRYbDDwDsC4em3dazDKyDw4gM,2025-02-05,Research/lectures/clearfield-webinar-2025-02-05,absent,absent,absent,absent,absent,absent,absent,absent,absent,absent,false,absent,absent,absent,absent,absent,absent,absent,present_local,absent,absent,F3lfAz2jf0M,cataloged_external,absent,absent,absent,absent,absent,cataloged_external,source_only,pass1_match_class=strong; otter_candidates=1 (unconfirmed)
aosrd-webinars-074-0DKMSGQ2wAY,AOSRD_Clearfield,aosrd_webinars_youtube,Poly MVA with Dr. Al Sanchez (Video),poly mva with dr al sanchez video,aosrd-webinars-074-0DKMSGQ2wAY|Ts2MMXvFk3VIGcyQs8K33dvV7lk,Ts2MMXvFk3VIGcyQs8K33dvV7lk,2025-01-29,Research/lectures/clearfield-webinar-2025-01-29,absent,absent,absent,absent,absent,absent,absent,absent,absent,absent,false,absent,absent,absent,absent,absent,absent,absent,present_local,absent,absent,0DKMSGQ2wAY,cataloged_external,absent,absent,absent,absent,absent,cataloged_external,source_only,pass1_match_class=possible; otter_candidates=1 (unconfirmed)
aosrd-webinars-075-044uvhXbKng,AOSRD_Clearfield,aosrd_webinars_youtube,Chronic Sinusitis and Sinus Inflammation Due to Mold Toxicity with Dr. Donald Dennis (Video),chronic sinusitis and sinus inflammation due to mold toxicity with dr donald dennis video,aosrd-webinars-075-044uvhXbKng|hFcw5MS7FSAuXJGFcnPHqL6j1gM,hFcw5MS7FSAuXJGFcnPHqL6j1gM,2025-01-22,Research/lectures/clearfield-webinar-2025-01-22,absent,absent,absent,absent,absent,absent,absent,absent,absent,absent,false,absent,absent,absent,absent,absent,absent,absent,present_local,absent,absent,044uvhXbKng,cataloged_external,absent,absent,absent,absent,absent,cataloged_external,source_only,pass1_match_class=possible; otter_candidates=1 (unconfirmed)
aosrd-webinars-076-DOa9N5ODRuU,AOSRD_Clearfield,aosrd_webinars_youtube,Mitochondrial Function in Metabolic Disease w Dr. Greg Nacarelli Jan-14-2025 (Video),mitochondrial function in metabolic disease w dr greg nacarelli jan 14 2025 video,aosrd-webinars-076-DOa9N5ODRuU|uRqtR3sy0qaYlUcYL4_tPVC7Tps,uRqtR3sy0qaYlUcYL4_tPVC7Tps,2025-01-15,Research/lectures/clearfield-webinar-2025-01-15,absent,absent,absent,absent,absent,absent,absent,absent,absent,absent,false,absent,absent,absent,absent,absent,absent,absent,present_local,absent,absent,DOa9N5ODRuU,cataloged_external,absent,absent,absent,absent,absent,cataloged_external,source_only,pass1_match_class=possible; otter_candidates=1 (unconfirmed)
aosrd-webinars-077-Y4xe9xz-84s,AOSRD_Clearfield,aosrd_webinars_youtube,Mitochondrial Function and Weight Dontrol with Dr. Chris Meletis Jan-7-2025 (Video),mitochondrial function and weight dontrol with dr chris meletis jan 7 2025 video,aosrd-webinars-077-Y4xe9xz-84s|sLBIeA_Jmb8LAaQrgfDavdK3onA|5HPCyqwQxi9QD1of8g-CPHrnFcc,sLBIeA_Jmb8LAaQrgfDavdK3onA;5HPCyqwQxi9QD1of8g-CPHrnFcc,2025-10-28;2025-01-08,Research/lectures/clearfield-webinar-2025-10-28;Research/lectures/clearfield-webinar-2025-01-08,absent,absent,absent,absent,absent,absent,absent,absent,absent,absent,false,absent,absent,absent,absent,absent,absent,absent,present_local,absent,absent,Y4xe9xz-84s,cataloged_external,absent,absent,absent,absent,absent,cataloged_external,source_only,pass1_match_class=possible; otter_candidates=2 (unconfirmed)
aosrd-webinars-078-UPU3Iy5rir0,AOSRD_Clearfield,aosrd_webinars_youtube,The Nuts and Bolts of Hormone Optimization-Putting It All Together-Part 3 Growth Hormone Thyroid a(Video),the nuts and bolts of hormone optimization putting it all together part 3 growth hormone thyroid a video,aosrd-webinars-078-UPU3Iy5rir0,,,,absent,absent,absent,absent,absent,absent,absent,absent,absent,absent,false,absent,absent,absent,absent,absent,absent,absent,present_local,absent,absent,UPU3Iy5rir0,cataloged_external,absent,absent,absent,absent,absent,cataloged_external,source_only,pass1_match_class=no_match; otter_candidates=0 (unconfirmed)
aosrd-webinars-079-IcjS_wKZ5bI,AOSRD_Clearfield,aosrd_webinars_youtube,How Hormone Montors are Changing the Way Providers Care for Women with Rosemary Mackenzie – 18-Dec-2024(Video),how hormone montors are changing the way providers care for women with rosemary mackenzie 18 dec 2024 video,aosrd-webinars-079-IcjS_wKZ5bI|teTBikykKpBtvemVFqClxhmIVaQ,teTBikykKpBtvemVFqClxhmIVaQ,2024-12-18,Research/lectures/clearfield-webinar-2024-12-18,absent,absent,absent,absent,absent,absent,absent,absent,absent,absent,false,absent,absent,absent,absent,absent,absent,absent,present_local,absent,absent,IcjS_wKZ5bI,cataloged_external,absent,absent,absent,absent,absent,cataloged_external,source_only,pass1_match_class=strong; otter_candidates=1 (unconfirmed)
aosrd-webinars-080-zNlsUByAduM,AOSRD_Clearfield,aosrd_webinars_youtube,"Nearly Everything We Know About Soy is Wrong, Myths vs. Facts on Breast Cancer, Thyroid Function, Skin Aging, and CV Health with Dr. Mark Messina – 10-Dec-2024(Video)",nearly everything we know about soy is wrong myths vs facts on breast cancer thyroid function skin aging and cv health with dr mark messina 10 dec 2024 video,aosrd-webinars-080-zNlsUByAduM|Zxy20R1uant_QctiZutXLSt-Q-E|y59a2fEx8UgOiThJHr1w-HcQc1U|l416W8yP4i7dv3Jhd5H2F74zMnU|FbRyr7EkkewAoPTmXbK9DtUiA_Y|TNvBcRwwSnrkWGe2_L3i3lGvYYk,Zxy20R1uant_QctiZutXLSt-Q-E;y59a2fEx8UgOiThJHr1w-HcQc1U;l416W8yP4i7dv3Jhd5H2F74zMnU;FbRyr7EkkewAoPTmXbK9DtUiA_Y;TNvBcRwwSnrkWGe2_L3i3lGvYYk,2025-03-25;2024-08-20;2026-01-21;2024-09-24;2024-12-11,Research/lectures/clearfield-webinar-2025-03-25;Research/lectures/clearfield-webinar-2024-08-20;Research/lectures/clearfield-webinar-2026-01-21;Research/lectures/clearfield-webinar-2024-09-24;Research/lectures/clearfield-webinar-2024-12-11,absent,absent,absent,absent,absent,absent,absent,absent,absent,absent,false,absent,absent,absent,absent,absent,absent,absent,present_local,absent,absent,zNlsUByAduM,cataloged_external,absent,absent,absent,absent,absent,cataloged_external,source_only,pass1_match_class=possible; otter_candidates=5 (unconfirmed)
aosrd-webinars-081-HkJyig2OR_E,AOSRD_Clearfield,aosrd_webinars_youtube,The Nuts and Bolts of Bioidentical Hormone Optimization-Part 1 (Video),the nuts and bolts of bioidentical hormone optimization part 1 video,aosrd-webinars-081-HkJyig2OR_E,,,,absent,absent,absent,absent,absent,absent,absent,absent,absent,absent,false,absent,absent,absent,absent,absent,absent,absent,present_local,absent,absent,HkJyig2OR_E,cataloged_external,absent,absent,absent,absent,absent,cataloged_external,source_only,pass1_match_class=no_match; otter_candidates=0 (unconfirmed)
aosrd-webinars-082-UrxfDXzmVuw,AOSRD_Clearfield,aosrd_webinars_youtube,The Nuts and Bolts of Bioidentical Hormone Optimization-Part 2 Hormones-Testoste (Video),the nuts and bolts of bioidentical hormone optimization part 2 hormones testoste video,aosrd-webinars-082-UrxfDXzmVuw,,,,absent,absent,absent,absent,absent,absent,absent,absent,absent,absent,false,absent,absent,absent,absent,absent,absent,absent,present_local,absent,absent,UrxfDXzmVuw,cataloged_external,absent,absent,absent,absent,absent,cataloged_external,source_only,pass1_match_class=no_match; otter_candidates=0 (unconfirmed)
aosrd-webinars-083-NNfo5k3x2JE,AOSRD_Clearfield,aosrd_webinars_youtube,Twelve Days of Christmas-Twelve Medical Myths We Believed from Pediatrics to Adulthood 3-Dec-2024 (Video),twelve days of christmas twelve medical myths we believed from pediatrics to adulthood 3 dec 2024 video,aosrd-webinars-083-NNfo5k3x2JE,,,,absent,absent,absent,absent,absent,absent,absent,absent,absent,absent,false,absent,absent,absent,absent,absent,absent,absent,present_local,absent,absent,NNfo5k3x2JE,cataloged_external,absent,absent,absent,absent,absent,cataloged_external,source_only,pass1_match_class=no_match; otter_candidates=0 (unconfirmed)
aosrd-webinars-084-LCKfDsIgPEw,AOSRD_Clearfield,aosrd_webinars_youtube,Enhancing Cognitive Health-Integrative Approaches for Brain Longevity w Dr. Debbie Smrz 26-Nov-2024 (Video),enhancing cognitive health integrative approaches for brain longevity w dr debbie smrz 26 nov 2024 video,aosrd-webinars-084-LCKfDsIgPEw|vjcply7K-rJtWMYGKgD39abIq9E,vjcply7K-rJtWMYGKgD39abIq9E,2024-11-27,Research/lectures/clearfield-webinar-2024-11-27,absent,absent,absent,absent,absent,absent,absent,absent,absent,absent,false,absent,absent,absent,absent,absent,absent,absent,present_local,absent,absent,LCKfDsIgPEw,cataloged_external,absent,absent,absent,absent,absent,cataloged_external,source_only,pass1_match_class=strong; otter_candidates=1 (unconfirmed)
aosrd-webinars-085-VvqxDr3PUwQ,AOSRD_Clearfield,aosrd_webinars_youtube,Hormone Optimization for Men with Dr. William Clearfield 26-Nov-2024 (Video),hormone optimization for men with dr william clearfield 26 nov 2024 video,aosrd-webinars-085-VvqxDr3PUwQ|zlsEo9I_-f-RI9YXiSfAueScYNM|aKanCqrE_LN8_fUCcz8yCi5pTLg,zlsEo9I_-f-RI9YXiSfAueScYNM;aKanCqrE_LN8_fUCcz8yCi5pTLg,2025-09-23;2025-11-05,Research/lectures/clearfield-webinar-2025-09-23;Research/lectures/clearfield-webinar-2025-11-05,absent,absent,absent,absent,absent,absent,absent,absent,absent,absent,false,absent,absent,absent,absent,absent,absent,absent,present_local,absent,absent,VvqxDr3PUwQ,cataloged_external,absent,absent,absent,absent,absent,cataloged_external,source_only,pass1_match_class=possible; otter_candidates=2 (unconfirmed)
aosrd-webinars-086-3F5eDzS7HqI,AOSRD_Clearfield,aosrd_webinars_youtube,Personalized Age Management Using Longevity Biomarkers with Dr. Jin-Xiong 19-Nov-2024 (Video),personalized age management using longevity biomarkers with dr jin xiong 19 nov 2024 video,aosrd-webinars-086-3F5eDzS7HqI|qwUT3cyV7gYvn34XQtrA84mAbiI,qwUT3cyV7gYvn34XQtrA84mAbiI,2024-11-20,Research/lectures/clearfield-webinar-2024-11-20,absent,absent,absent,absent,absent,absent,absent,absent,absent,absent,false,absent,absent,absent,absent,absent,absent,absent,present_local,absent,absent,3F5eDzS7HqI,cataloged_external,absent,absent,absent,absent,absent,cataloged_external,source_only,pass1_match_class=possible; otter_candidates=1 (unconfirmed)
aosrd-webinars-087-5ItUoUUJvsg,AOSRD_Clearfield,aosrd_webinars_youtube,"Longevity Project-mTOR, Autophagy, and the Promise of Rapamycin with Dr. Bill Clearfield 5-Nov-2024 (Video)",longevity project mtor autophagy and the promise of rapamycin with dr bill clearfield 5 nov 2024 video,aosrd-webinars-087-5ItUoUUJvsg|qwUT3cyV7gYvn34XQtrA84mAbiI,qwUT3cyV7gYvn34XQtrA84mAbiI,2024-11-20,Research/lectures/clearfield-webinar-2024-11-20,absent,absent,absent,absent,absent,absent,absent,absent,absent,absent,false,absent,absent,absent,absent,absent,absent,absent,present_local,absent,absent,5ItUoUUJvsg,cataloged_external,absent,absent,absent,absent,absent,cataloged_external,source_only,pass1_match_class=possible; otter_candidates=1 (unconfirmed)
aosrd-webinars-088-dMzAToPWgfw,AOSRD_Clearfield,aosrd_webinars_youtube,Diversity in the Microbiome with Dr. Piper Dobner Oct-2024 (Video),diversity in the microbiome with dr piper dobner oct 2024 video,aosrd-webinars-088-dMzAToPWgfw|zXf2JR4NKM7KxvOGrUxYJnH-ld8|W7XqKXZ-lIxJJAd2BNF0czu408k,zXf2JR4NKM7KxvOGrUxYJnH-ld8;W7XqKXZ-lIxJJAd2BNF0czu408k,2025-12-31;2026-04-21,Research/lectures/clearfield-webinar-2025-12-31;Research/lectures/clearfield-webinar-2026-04-21,absent,absent,absent,absent,absent,absent,absent,absent,absent,absent,false,absent,absent,absent,absent,absent,absent,absent,present_local,absent,absent,dMzAToPWgfw,cataloged_external,absent,absent,absent,absent,absent,cataloged_external,source_only,pass1_match_class=possible; otter_candidates=2 (unconfirmed)
aosrd-webinars-089-YGd1siNfdVc,AOSRD_Clearfield,aosrd_webinars_youtube,EMF and Depletion of Nitric Oxide with Beth Shirley 8-Oct-2024 (Video),emf and depletion of nitric oxide with beth shirley 8 oct 2024 video,aosrd-webinars-089-YGd1siNfdVc|EqC6yd4bQDKMl2mpzPURPZu-_Pc|FbRyr7EkkewAoPTmXbK9DtUiA_Y,EqC6yd4bQDKMl2mpzPURPZu-_Pc;FbRyr7EkkewAoPTmXbK9DtUiA_Y,2024-10-08;2024-09-24,Research/lectures/clearfield-webinar-2024-10-08;Research/lectures/clearfield-webinar-2024-09-24,absent,absent,absent,absent,absent,absent,absent,absent,absent,absent,false,absent,absent,absent,absent,absent,absent,absent,present_local,cataloged_external,absent,YGd1siNfdVc,cataloged_external,absent,absent,absent,absent,absent,cataloged_external,source_only,"pass1_match_class=possible,strong; otter_candidates=2 (unconfirmed)"
aosrd-webinars-090-upIlResYnYM,AOSRD_Clearfield,aosrd_webinars_youtube,Optimal Hormones for Optimal Metabolism Function with Dr. Felice Gersh 1-Oct-2024 (Video),optimal hormones for optimal metabolism function with dr felice gersh 1 oct 2024 video,aosrd-webinars-090-upIlResYnYM|OL_Ukp1RYjVvnjsMHnF2eXCXDC8,OL_Ukp1RYjVvnjsMHnF2eXCXDC8,2024-10-01,Research/lectures/clearfield-webinar-2024-10-01,absent,absent,absent,absent,absent,absent,absent,absent,absent,absent,false,absent,absent,absent,absent,absent,absent,absent,present_local,absent,absent,upIlResYnYM,cataloged_external,absent,absent,absent,absent,absent,cataloged_external,source_only,pass1_match_class=strong; otter_candidates=1 (unconfirmed)
aosrd-webinars-091-EC0ajS7U0yQ,AOSRD_Clearfield,aosrd_webinars_youtube,Drug Induced Nutrient Depletion with Dr. Harlan Bieley 24-Sep-2024 (Video),drug induced nutrient depletion with dr harlan bieley 24 sep 2024 video,aosrd-webinars-091-EC0ajS7U0yQ|FbRyr7EkkewAoPTmXbK9DtUiA_Y,FbRyr7EkkewAoPTmXbK9DtUiA_Y,2024-09-24,Research/lectures/clearfield-webinar-2024-09-24,absent,absent,absent,absent,absent,absent,absent,absent,absent,absent,false,absent,absent,absent,absent,absent,absent,absent,present_local,cataloged_external,absent,EC0ajS7U0yQ,cataloged_external,absent,absent,absent,absent,absent,cataloged_external,source_only,pass1_match_class=strong; otter_candidates=1 (unconfirmed)
aosrd-webinars-092-no_id,AOSRD_Clearfield,aosrd_webinars_vimeo,The Evolving Cannabis Space: From Medical Research and Education to Decriminalization and Regulations with Dr. Jeffrey Block Sep-2024 (Video),the evolving cannabis space from medical research and education to decriminalization and regulations with dr jeffrey block sep 2024 video,aosrd-webinars-092-no_id,,,,absent,absent,absent,absent,absent,absent,absent,absent,absent,absent,false,absent,absent,absent,absent,absent,absent,absent,present_local,absent,absent,,absent,absent,cataloged_external,absent,absent,absent,cataloged_external,source_only,
aosrd-webinars-093-asNZdMRFj4k,AOSRD_Clearfield,aosrd_webinars_youtube,"Case Histories-Stroke Recovery and Ulcerative Colitis-Treating the Person, Not the Disease 10-Sep-2024 (Video)",case histories stroke recovery and ulcerative colitis treating the person not the disease 10 sep 2024 video,aosrd-webinars-093-asNZdMRFj4k|dliX4LcIPRKy-7vE3xcjJ4TlkiI,dliX4LcIPRKy-7vE3xcjJ4TlkiI,2024-09-10,Research/lectures/clearfield-webinar-2024-09-10,absent,absent,absent,absent,absent,absent,absent,absent,absent,absent,false,absent,absent,absent,absent,absent,absent,absent,present_local,absent,absent,asNZdMRFj4k,cataloged_external,absent,absent,absent,absent,absent,cataloged_external,source_only,pass1_match_class=strong; otter_candidates=1 (unconfirmed)
aosrd-webinars-094-vryHjbho0Os,AOSRD_Clearfield,aosrd_webinars_youtube,Homeopathic Weight Loss Secrets with Heather Hallis 3-Sep-2024 (Video),homeopathic weight loss secrets with heather hallis 3 sep 2024 video,aosrd-webinars-094-vryHjbho0Os|lad4QB8n10SgLwRq48hmZvwDQ2U|y59a2fEx8UgOiThJHr1w-HcQc1U,lad4QB8n10SgLwRq48hmZvwDQ2U;y59a2fEx8UgOiThJHr1w-HcQc1U,2024-09-03;2024-08-20,Research/lectures/clearfield-webinar-2024-09-03;Research/lectures/clearfield-webinar-2024-08-20,absent,absent,absent,absent,absent,absent,absent,absent,absent,absent,false,absent,absent,absent,absent,absent,absent,absent,present_local,absent,absent,vryHjbho0Os,cataloged_external,absent,absent,absent,absent,absent,cataloged_external,source_only,"pass1_match_class=possible,strong; otter_candidates=2 (unconfirmed)"
aosrd-webinars-095-DiZKcMJiLs8,AOSRD_Clearfield,aosrd_webinars_youtube,Pushing the Limits-From Ultra-Endurance to Revolutionary Patient Care with Lisa Tamati 27-Aug-2024 (Video),pushing the limits from ultra endurance to revolutionary patient care with lisa tamati 27 aug 2024 video,aosrd-webinars-095-DiZKcMJiLs8|pw9yXaKVUW0ETXgSRTRBaLEzqQc|4qg44PRw27Y2Jbzl7MXMYCX0HuI|y59a2fEx8UgOiThJHr1w-HcQc1U|wcHy9pPXoWy5S62-GJbpasQtw2o,pw9yXaKVUW0ETXgSRTRBaLEzqQc;4qg44PRw27Y2Jbzl7MXMYCX0HuI;y59a2fEx8UgOiThJHr1w-HcQc1U;wcHy9pPXoWy5S62-GJbpasQtw2o,2024-08-27;2025-04-15;2024-08-20;2025-02-12,Research/lectures/clearfield-webinar-2024-08-27;Research/lectures/clearfield-webinar-2025-04-15;Research/lectures/clearfield-webinar-2024-08-20;Research/lectures/clearfield-webinar-2025-02-12,absent,absent,absent,absent,absent,absent,absent,absent,absent,absent,false,absent,absent,absent,absent,absent,absent,absent,present_local,cataloged_external,absent,DiZKcMJiLs8,cataloged_external,absent,absent,absent,absent,absent,cataloged_external,source_only,"pass1_match_class=possible,strong; otter_candidates=4 (unconfirmed)"
aosrd-webinars-096-3m1kSqjO3yI,AOSRD_Clearfield,aosrd_webinars_youtube,Cancer Treatment Induced Bone Loss with Dr. John Neustadt 21-Aug-2024 (Video),cancer treatment induced bone loss with dr john neustadt 21 aug 2024 video,aosrd-webinars-096-3m1kSqjO3yI|y59a2fEx8UgOiThJHr1w-HcQc1U,y59a2fEx8UgOiThJHr1w-HcQc1U,2024-08-20,Research/lectures/clearfield-webinar-2024-08-20,absent,absent,absent,absent,absent,absent,absent,absent,absent,absent,false,absent,absent,absent,absent,absent,absent,absent,present_local,absent,absent,3m1kSqjO3yI,cataloged_external,absent,absent,absent,absent,absent,cataloged_external,source_only,pass1_match_class=strong; otter_candidates=1 (unconfirmed)
aosrd-webinars-097-qCHRKOIOdyo,AOSRD_Clearfield,aosrd_webinars_youtube,Diagnostic Assessment of Chronic Disease with Dr. Salaheldin Halasa and Dr James Joseph 13-Aug-2024 (Video),diagnostic assessment of chronic disease with dr salaheldin halasa and dr james joseph 13 aug 2024 video,aosrd-webinars-097-qCHRKOIOdyo|xg4V_A-L8_Ob1jKGBewDTtKzOWg|b2H7gyjRNmbN0l62XtCzeLPovDE|hQzjA4-OBAL6Qn7OOOywEISWs3I|Zxy20R1uant_QctiZutXLSt-Q-E|ajVChHpkQS72kcrtN9J03lwNFZ0,xg4V_A-L8_Ob1jKGBewDTtKzOWg;b2H7gyjRNmbN0l62XtCzeLPovDE;hQzjA4-OBAL6Qn7OOOywEISWs3I;Zxy20R1uant_QctiZutXLSt-Q-E;ajVChHpkQS72kcrtN9J03lwNFZ0,2024-08-13;2025-06-24;2025-07-08;2025-03-25;2026-04-28,Research/lectures/clearfield-webinar-2024-08-13;Research/lectures/clearfield-webinar-2025-06-24;Research/lectures/clearfield-webinar-2025-07-08;Research/lectures/clearfield-webinar-2025-03-25;Research/lectures/clearfield-webinar-2026-04-28,absent,absent,absent,absent,absent,absent,absent,absent,absent,absent,false,absent,absent,absent,absent,absent,absent,absent,present_local,absent,absent,qCHRKOIOdyo,cataloged_external,absent,absent,absent,absent,absent,cataloged_external,source_only,"pass1_match_class=possible,strong; otter_candidates=5 (unconfirmed)"
aosrd-webinars-098-33LzcsSXUns,AOSRD_Clearfield,aosrd_webinars_youtube,"Human Gut Microbiome, Postbiotic Metabolites and the Microbiome Theory of Aging with Dr. Ross Pelton 06-Aug-2024 (Video)",human gut microbiome postbiotic metabolites and the microbiome theory of aging with dr ross pelton 06 aug 2024 video,aosrd-webinars-098-33LzcsSXUns|CMNjlQbT2xu4NqL-9gu4VQSt0mo,CMNjlQbT2xu4NqL-9gu4VQSt0mo,2024-08-06,Research/lectures/clearfield-webinar-2024-08-06,absent,absent,absent,absent,absent,absent,absent,absent,absent,absent,false,absent,absent,absent,absent,absent,absent,absent,present_local,absent,absent,33LzcsSXUns,cataloged_external,absent,absent,absent,absent,absent,cataloged_external,source_only,pass1_match_class=strong; otter_candidates=1 (unconfirmed)
aosrd-webinars-099-vhO2wI9HZPs,AOSRD_Clearfield,aosrd_webinars_youtube,Novel Peptide Innovations to Enhance Healthspan with Michael Antonelli 30-Jul-2024 (Video),novel peptide innovations to enhance healthspan with michael antonelli 30 jul 2024 video,aosrd-webinars-099-vhO2wI9HZPs|ykfPBSHSL3meBk4yGojbTxMVIpA,ykfPBSHSL3meBk4yGojbTxMVIpA,2024-10-22,Research/lectures/clearfield-webinar-2024-10-22,absent,absent,absent,absent,absent,absent,absent,absent,absent,absent,false,absent,absent,absent,absent,absent,absent,absent,present_local,absent,absent,vhO2wI9HZPs,cataloged_external,absent,absent,absent,absent,absent,cataloged_external,source_only,pass1_match_class=possible; otter_candidates=1 (unconfirmed)
aosrd-webinars-100-TH3WSRAjN-c,AOSRD_Clearfield,aosrd_webinars_youtube,Iron Metabolism and Sucrosomial Iron with Sam Sparhawk 23-Jul-2024 (Video),iron metabolism and sucrosomial iron with sam sparhawk 23 jul 2024 video,aosrd-webinars-100-TH3WSRAjN-c,,,,absent,absent,absent,absent,absent,absent,absent,absent,absent,absent,false,absent,absent,absent,absent,absent,absent,absent,present_local,absent,absent,TH3WSRAjN-c,cataloged_external,absent,absent,absent,absent,absent,cataloged_external,source_only,pass1_match_class=no_match; otter_candidates=0 (unconfirmed)
aosrd-webinars-101-OIYNcWX7NAw,AOSRD_Clearfield,aosrd_webinars_youtube,Introducing C15 The First New Essential Fayy Acid Discovered in 90 Years with Dr. Stephanie Venn-Watson 16-Jul-2024 (Video),introducing c15 the first new essential fayy acid discovered in 90 years with dr stephanie venn watson 16 jul 2024 video,aosrd-webinars-101-OIYNcWX7NAw|SdzXWjorAW2NkmSfJoC1PdOzwAE,SdzXWjorAW2NkmSfJoC1PdOzwAE,2025-05-20,Research/lectures/clearfield-webinar-2025-05-20,absent,absent,absent,absent,absent,absent,absent,absent,absent,absent,false,absent,absent,absent,absent,absent,absent,absent,present_local,absent,absent,OIYNcWX7NAw,cataloged_external,absent,absent,absent,absent,absent,cataloged_external,source_only,pass1_match_class=possible; otter_candidates=1 (unconfirmed)
aosrd-webinars-102-kBGgYtTAhyo,AOSRD_Clearfield,aosrd_webinars_youtube,Perplexing Neuromuscular and GI Symptoms in a 27 Year Old Male with Dr. Kilee Smith 9-Jul-2024 (Video),perplexing neuromuscular and gi symptoms in a 27 year old male with dr kilee smith 9 jul 2024 video,aosrd-webinars-102-kBGgYtTAhyo,,,,absent,absent,absent,absent,absent,absent,absent,absent,absent,absent,false,absent,absent,absent,absent,absent,absent,absent,present_local,absent,absent,kBGgYtTAhyo,cataloged_external,absent,absent,absent,absent,absent,cataloged_external,source_only,pass1_match_class=no_match; otter_candidates=0 (unconfirmed)
aosrd-webinars-103-_5CkbM3QO2A,AOSRD_Clearfield,aosrd_webinars_youtube,Homeopathic Case Studies with Dr Parvin Zarrin 2-Jul-2024 (Video),homeopathic case studies with dr parvin zarrin 2 jul 2024 video,aosrd-webinars-103-_5CkbM3QO2A,,,,absent,absent,absent,absent,absent,absent,absent,absent,absent,absent,false,absent,absent,absent,absent,absent,absent,absent,present_local,absent,absent,_5CkbM3QO2A,cataloged_external,absent,absent,absent,absent,absent,cataloged_external,source_only,pass1_match_class=no_match; otter_candidates=0 (unconfirmed)
aosrd-webinars-104-i-_y_4834r0,AOSRD_Clearfield,aosrd_webinars_youtube,GLP-1 Masterclass with Jay Campbell and Hunter Williams 25-Jun-2024 (Video),glp 1 masterclass with jay campbell and hunter williams 25 jun 2024 video,aosrd-webinars-104-i-_y_4834r0|t9O9J5vUpWGkKXi-5TqxgKudSvY,t9O9J5vUpWGkKXi-5TqxgKudSvY,2025-04-29,Research/lectures/clearfield-webinar-2025-04-29,absent,absent,absent,absent,absent,absent,absent,absent,absent,absent,false,absent,absent,absent,absent,absent,absent,absent,present_local,absent,absent,i-_y_4834r0,cataloged_external,absent,absent,absent,absent,absent,cataloged_external,source_only,pass1_match_class=possible; otter_candidates=1 (unconfirmed)
aosrd-webinars-105-Zed_tVgD-KI,AOSRD_Clearfield,aosrd_webinars_youtube,Brown adipose tissue is associated with cardiometabolic health 18-Jun-2024 (Video),brown adipose tissue is associated with cardiometabolic health 18 jun 2024 video,aosrd-webinars-105-Zed_tVgD-KI,,,,absent,absent,absent,absent,absent,absent,absent,absent,absent,absent,false,absent,absent,absent,absent,absent,absent,absent,present_local,absent,absent,Zed_tVgD-KI,cataloged_external,absent,absent,absent,absent,absent,cataloged_external,source_only,pass1_match_class=no_match; otter_candidates=0 (unconfirmed)
aosrd-webinars-106-4DV6p0vAX7M,AOSRD_Clearfield,aosrd_webinars_youtube,"Rapamycin, mTOR, Autophagy and Treating mTOR Syndrome with Dr. Ross Pelton 11-Jun-2024 (Video)",rapamycin mtor autophagy and treating mtor syndrome with dr ross pelton 11 jun 2024 video,aosrd-webinars-106-4DV6p0vAX7M|N9yVVPBjdwE0_VQF5vNgb-MVTSQ,N9yVVPBjdwE0_VQF5vNgb-MVTSQ,2025-07-22,Research/lectures/clearfield-webinar-2025-07-22,absent,absent,absent,absent,absent,absent,absent,absent,absent,absent,false,absent,absent,absent,absent,absent,absent,absent,present_local,absent,absent,4DV6p0vAX7M,cataloged_external,absent,absent,absent,absent,absent,cataloged_external,source_only,pass1_match_class=possible; otter_candidates=1 (unconfirmed)
aosrd-webinars-107-EedeUbkVxWw,AOSRD_Clearfield,aosrd_webinars_youtube,Prostatitis and Prostate Cancer and IFM Iternational Conference Summary w Dr benoit Tano and Melvin Nario 4-Jun-2024 (Video),prostatitis and prostate cancer and ifm iternational conference summary w dr benoit tano and melvin nario 4 jun 2024 video,aosrd-webinars-107-EedeUbkVxWw,,,,absent,absent,absent,absent,absent,absent,absent,absent,absent,absent,false,absent,absent,absent,absent,absent,absent,absent,present_local,absent,absent,EedeUbkVxWw,cataloged_external,absent,absent,absent,absent,absent,cataloged_external,source_only,pass1_match_class=no_match; otter_candidates=0 (unconfirmed)
aosrd-webinars-108-AZ-yDffpNJY,AOSRD_Clearfield,aosrd_webinars_youtube,Clinical Applications of Cytisine with Dr. James Joseph 21-May-2024 (Video),clinical applications of cytisine with dr james joseph 21 may 2024 video,aosrd-webinars-108-AZ-yDffpNJY|hQzjA4-OBAL6Qn7OOOywEISWs3I,hQzjA4-OBAL6Qn7OOOywEISWs3I,2025-07-08,Research/lectures/clearfield-webinar-2025-07-08,absent,absent,absent,absent,absent,absent,absent,absent,absent,absent,false,absent,absent,absent,absent,absent,absent,absent,present_local,absent,absent,AZ-yDffpNJY,cataloged_external,absent,absent,absent,absent,absent,cataloged_external,source_only,pass1_match_class=possible; otter_candidates=1 (unconfirmed)
aosrd-webinars-109-rE4aeyVQ2Ho,AOSRD_Clearfield,aosrd_webinars_youtube,Cognition and Immune Function with Dr. John Lewis 14-May-2024 (Video),cognition and immune function with dr john lewis 14 may 2024 video,aosrd-webinars-109-rE4aeyVQ2Ho|avbRWMav2fwgobz9r7HjwR4z44I|y59a2fEx8UgOiThJHr1w-HcQc1U,avbRWMav2fwgobz9r7HjwR4z44I;y59a2fEx8UgOiThJHr1w-HcQc1U,2026-06-02;2024-08-20,Research/lectures/clearfield-webinar-2026-06-02;Research/lectures/clearfield-webinar-2024-08-20,absent,absent,absent,absent,absent,absent,absent,absent,absent,absent,false,absent,absent,absent,absent,absent,absent,absent,present_local,absent,absent,rE4aeyVQ2Ho,cataloged_external,absent,absent,absent,absent,absent,cataloged_external,source_only,pass1_match_class=possible; otter_candidates=2 (unconfirmed)
aosrd-webinars-110-VlkJVQdCgik,AOSRD_Clearfield,aosrd_webinars_youtube,Endocrinology of Pain Management with Dr. William Clearfield (Video),endocrinology of pain management with dr william clearfield video,aosrd-webinars-110-VlkJVQdCgik|wcHy9pPXoWy5S62-GJbpasQtw2o,wcHy9pPXoWy5S62-GJbpasQtw2o,2025-02-12,Research/lectures/clearfield-webinar-2025-02-12,absent,absent,absent,absent,absent,absent,absent,absent,absent,absent,false,absent,absent,absent,absent,absent,absent,absent,present_local,absent,absent,VlkJVQdCgik,cataloged_external,absent,absent,absent,absent,absent,cataloged_external,source_only,pass1_match_class=possible; otter_candidates=1 (unconfirmed)
aosrd-webinars-111-6Ydzs4z54kg,AOSRD_Clearfield,aosrd_webinars_youtube,"Harnessing Nature’s Remedies for Chronic Diseases, Mold and Mycotoxins with Jane Santangelo and Dr. William Clearfield 30-Apr-2024 (Video)",harnessing nature s remedies for chronic diseases mold and mycotoxins with jane santangelo and dr william clearfield 30 apr 2024 video,aosrd-webinars-111-6Ydzs4z54kg|hFcw5MS7FSAuXJGFcnPHqL6j1gM|v3Md09l1C_mz3hrDPWngln5SYQw|CQjlfnZLZ-CY25UUEq35pSQ0lug,hFcw5MS7FSAuXJGFcnPHqL6j1gM;v3Md09l1C_mz3hrDPWngln5SYQw;CQjlfnZLZ-CY25UUEq35pSQ0lug,2025-01-22;2025-09-09;2025-12-24,Research/lectures/clearfield-webinar-2025-01-22;Research/lectures/clearfield-webinar-2025-09-09;Research/lectures/clearfield-webinar-2025-12-24,absent,absent,absent,absent,absent,absent,absent,absent,absent,absent,false,absent,absent,absent,absent,absent,absent,absent,present_local,absent,absent,6Ydzs4z54kg,cataloged_external,absent,absent,absent,absent,absent,cataloged_external,source_only,pass1_match_class=possible; otter_candidates=3 (unconfirmed)
aosrd-webinars-112-nzj-iOQyroc,AOSRD_Clearfield,aosrd_webinars_youtube,"Introduction to Hormone Optimization-Part 5 Laboratory Calculations, Hormone History Summary, Hormne Therapy Summary Chart Dr. Bill Clearfield with JR (Video)",introduction to hormone optimization part 5 laboratory calculations hormone history summary hormne therapy summary chart dr bill clearfield with jr video,aosrd-webinars-112-nzj-iOQyroc|OL_Ukp1RYjVvnjsMHnF2eXCXDC8|lad4QB8n10SgLwRq48hmZvwDQ2U|HY-sCmihzh3EJ69WWVwlTT0Ri6s|LvCEhutJR34KphFeXcFdbBQ3PZE|OlXuXl73V1RAQ4bVYXoakDZMRnU,OL_Ukp1RYjVvnjsMHnF2eXCXDC8;lad4QB8n10SgLwRq48hmZvwDQ2U;HY-sCmihzh3EJ69WWVwlTT0Ri6s;LvCEhutJR34KphFeXcFdbBQ3PZE;OlXuXl73V1RAQ4bVYXoakDZMRnU,2024-10-01;2024-09-03;2025-11-26;2025-08-26;2026-04-07,Research/lectures/clearfield-webinar-2024-10-01;Research/lectures/clearfield-webinar-2024-09-03;Research/lectures/clearfield-webinar-2025-11-26;Research/lectures/clearfield-webinar-2025-08-26;Research/lectures/clearfield-webinar-2026-04-07,absent,absent,absent,absent,absent,absent,absent,absent,absent,absent,false,absent,absent,absent,absent,absent,absent,absent,present_local,absent,absent,nzj-iOQyroc,cataloged_external,absent,absent,absent,absent,absent,cataloged_external,source_only,pass1_match_class=possible; otter_candidates=5 (unconfirmed)
aosrd-webinars-113-17THfuKKWg4,AOSRD_Clearfield,aosrd_webinars_youtube,Let’s Talk Progesterone with Carol Peterson RPh 23-Apr-2024 (Video),let s talk progesterone with carol peterson rph 23 apr 2024 video,aosrd-webinars-113-17THfuKKWg4|j3HjVUuBV5gnR4KrCUuXOZEnPm0|W7XqKXZ-lIxJJAd2BNF0czu408k,j3HjVUuBV5gnR4KrCUuXOZEnPm0;W7XqKXZ-lIxJJAd2BNF0czu408k,2025-10-14;2026-04-21,Research/lectures/clearfield-webinar-2025-10-14;Research/lectures/clearfield-webinar-2026-04-21,absent,absent,absent,absent,absent,absent,absent,absent,absent,absent,false,absent,absent,absent,absent,absent,absent,absent,present_local,absent,absent,17THfuKKWg4,cataloged_external,absent,absent,absent,absent,absent,cataloged_external,source_only,pass1_match_class=possible; otter_candidates=2 (unconfirmed)
aosrd-webinars-114-2m-O4yYr604,AOSRD_Clearfield,aosrd_webinars_youtube,Introduction to Hormone Optimization-Part 4-Laboratory Evaluation JR Student Session (Video),introduction to hormone optimization part 4 laboratory evaluation jr student session video,aosrd-webinars-114-2m-O4yYr604,,,,absent,absent,absent,absent,absent,absent,absent,absent,absent,absent,false,absent,absent,absent,absent,absent,absent,absent,present_local,absent,absent,2m-O4yYr604,cataloged_external,absent,absent,absent,absent,absent,cataloged_external,source_only,pass1_match_class=no_match; otter_candidates=0 (unconfirmed)
aosrd-webinars-115-o1e-EuQVa0o,AOSRD_Clearfield,aosrd_webinars_youtube,"Introduction to Hormone Optimization-DHEA, Pregnenolone, Prolactin and Beginning Lab Evaluation – JR Student Session (Video)",introduction to hormone optimization dhea pregnenolone prolactin and beginning lab evaluation jr student session video,aosrd-webinars-115-o1e-EuQVa0o,,,,absent,absent,absent,absent,absent,absent,absent,absent,absent,absent,false,absent,absent,absent,absent,absent,absent,absent,present_local,absent,absent,o1e-EuQVa0o,cataloged_external,absent,absent,absent,absent,absent,cataloged_external,source_only,pass1_match_class=no_match; otter_candidates=0 (unconfirmed)
aosrd-webinars-116-V8t-J5WqURk,AOSRD_Clearfield,aosrd_webinars_youtube,From Assessment to Action-Comprehensive Strategies for Conquering High Cholesterol – 16-Apr-2024 (Video),from assessment to action comprehensive strategies for conquering high cholesterol 16 apr 2024 video,aosrd-webinars-116-V8t-J5WqURk,,,,absent,absent,absent,absent,absent,absent,absent,absent,absent,absent,false,absent,absent,absent,absent,absent,absent,absent,present_local,absent,absent,V8t-J5WqURk,cataloged_external,absent,absent,absent,absent,absent,cataloged_external,source_only,pass1_match_class=no_match; otter_candidates=0 (unconfirmed)
aosrd-webinars-117-d5kmBOFcSbE,AOSRD_Clearfield,aosrd_webinars_youtube,"Cardio Metabolic Assessment Testing with Ron Riewold, Joe Torres and Jane Santangelo – 9-Apr-2024 (Video)",cardio metabolic assessment testing with ron riewold joe torres and jane santangelo 9 apr 2024 video,aosrd-webinars-117-d5kmBOFcSbE,,,,absent,absent,absent,absent,absent,absent,absent,absent,absent,absent,false,absent,absent,absent,absent,absent,absent,absent,present_local,absent,absent,d5kmBOFcSbE,cataloged_external,absent,absent,absent,absent,absent,cataloged_external,source_only,pass1_match_class=no_match; otter_candidates=0 (unconfirmed)
aosrd-webinars-118-MVPoDdFWft4,AOSRD_Clearfield,aosrd_webinars_youtube,"Introduction to Hormone Optimization-Part 3 Thyroid, Cortisol, Insulin, DHEA, Pregnenolone and Prolactin – 9-Apr-2024 (Video)",introduction to hormone optimization part 3 thyroid cortisol insulin dhea pregnenolone and prolactin 9 apr 2024 video,aosrd-webinars-118-MVPoDdFWft4,,,,absent,absent,absent,absent,absent,absent,absent,absent,absent,absent,false,absent,absent,absent,absent,absent,absent,absent,present_local,absent,absent,MVPoDdFWft4,cataloged_external,absent,absent,absent,absent,absent,cataloged_external,source_only,pass1_match_class=no_match; otter_candidates=0 (unconfirmed)
aosrd-webinars-119-o8RnGeIcMCU,AOSRD_Clearfield,aosrd_webinars_youtube,Introduction to Hormone Optimization-Par 1-Homeopathic Edition (Video),introduction to hormone optimization par 1 homeopathic edition video,aosrd-webinars-119-o8RnGeIcMCU,,,,absent,absent,absent,absent,absent,absent,absent,absent,absent,absent,false,absent,absent,absent,absent,absent,absent,absent,present_local,absent,absent,o8RnGeIcMCU,cataloged_external,absent,absent,absent,absent,absent,cataloged_external,source_only,pass1_match_class=no_match; otter_candidates=0 (unconfirmed)
aosrd-webinars-120-AQ-D2UUC9yk,AOSRD_Clearfield,aosrd_webinars_youtube,Calocurb-The World’s First GLP-1 Oral Agonist for Weight Loss with Sara Kennedy and Dr. Edward Walker – 2-Apr-2024 (Video),calocurb the world s first glp 1 oral agonist for weight loss with sara kennedy and dr edward walker 2 apr 2024 video,aosrd-webinars-120-AQ-D2UUC9yk|lnZUNAyEcVNSN0i3JOEbuJcc15A,lnZUNAyEcVNSN0i3JOEbuJcc15A,2025-02-19,Research/lectures/clearfield-webinar-2025-02-19,absent,absent,absent,absent,absent,absent,absent,absent,absent,absent,false,absent,absent,absent,absent,absent,absent,absent,present_local,absent,absent,AQ-D2UUC9yk,cataloged_external,absent,absent,absent,absent,absent,cataloged_external,source_only,pass1_match_class=possible; otter_candidates=1 (unconfirmed)
aosrd-webinars-121-SOtnBGCgCUE,AOSRD_Clearfield,aosrd_webinars_youtube,Synergy of Nitrate Supplementation and Methylene Blue with Beth Shirley – 19-Mar-2024 (Video),synergy of nitrate supplementation and methylene blue with beth shirley 19 mar 2024 video,aosrd-webinars-121-SOtnBGCgCUE|EqC6yd4bQDKMl2mpzPURPZu-_Pc,EqC6yd4bQDKMl2mpzPURPZu-_Pc,2024-10-08,Research/lectures/clearfield-webinar-2024-10-08,absent,absent,absent,absent,absent,absent,absent,absent,absent,absent,false,absent,absent,absent,absent,absent,absent,absent,present_local,absent,absent,SOtnBGCgCUE,cataloged_external,absent,absent,absent,absent,absent,cataloged_external,source_only,pass1_match_class=possible; otter_candidates=1 (unconfirmed)
aosrd-webinars-122--2zRc1QbLiI,AOSRD_Clearfield,aosrd_webinars_youtube,"Long Term Micronutrient Depletion with Dr. Deedra Mason – March 12, 2024 (Video)",long term micronutrient depletion with dr deedra mason march 12 2024 video,aosrd-webinars-122--2zRc1QbLiI,,,,absent,absent,absent,absent,absent,absent,absent,absent,absent,absent,false,absent,absent,absent,absent,absent,absent,absent,present_local,absent,absent,-2zRc1QbLiI,cataloged_external,absent,absent,absent,absent,absent,cataloged_external,source_only,pass1_match_class=no_match; otter_candidates=0 (unconfirmed)
aosrd-webinars-123-B1Z34WJYAN4,AOSRD_Clearfield,aosrd_webinars_youtube,"Breaking Free-Financial Solutions for Medical Professionals with Mr. David Silva – March 5, 2024 (Video)",breaking free financial solutions for medical professionals with mr david silva march 5 2024 video,aosrd-webinars-123-B1Z34WJYAN4,,,,absent,absent,absent,absent,absent,absent,absent,absent,absent,absent,false,absent,absent,absent,absent,absent,absent,absent,present_local,absent,absent,B1Z34WJYAN4,cataloged_external,absent,absent,absent,absent,absent,cataloged_external,source_only,pass1_match_class=no_match; otter_candidates=0 (unconfirmed)
aosrd-webinars-124-e8_bNLZcAtg,AOSRD_Clearfield,aosrd_webinars_youtube,"Testosterone-Estrogen-Glp Agonists-and Hormone Optimization with Jay Campbell – Feb 27, 2024 (Video)",testosterone estrogen glp agonists and hormone optimization with jay campbell feb 27 2024 video,aosrd-webinars-124-e8_bNLZcAtg|j3HjVUuBV5gnR4KrCUuXOZEnPm0|t9O9J5vUpWGkKXi-5TqxgKudSvY,j3HjVUuBV5gnR4KrCUuXOZEnPm0;t9O9J5vUpWGkKXi-5TqxgKudSvY,2025-10-14;2025-04-29,Research/lectures/clearfield-webinar-2025-10-14;Research/lectures/clearfield-webinar-2025-04-29,absent,absent,absent,absent,absent,absent,absent,absent,absent,absent,false,absent,absent,absent,absent,absent,absent,absent,present_local,absent,absent,e8_bNLZcAtg,cataloged_external,absent,absent,absent,absent,absent,cataloged_external,source_only,pass1_match_class=possible; otter_candidates=2 (unconfirmed)
aosrd-webinars-125-ZgjFBmrC2Fc,AOSRD_Clearfield,aosrd_webinars_youtube,"Testosterone – Aeromatase Inhibitors-and Cortisol, Oh My! with Dr. Salaheldin Halasa – Feb 20, 2024 (Video)",testosterone aeromatase inhibitors and cortisol oh my with dr salaheldin halasa feb 20 2024 video,aosrd-webinars-125-ZgjFBmrC2Fc|GUt4yZgCp4lNVboAnJBHNMsHO7A|Zxy20R1uant_QctiZutXLSt-Q-E,GUt4yZgCp4lNVboAnJBHNMsHO7A;Zxy20R1uant_QctiZutXLSt-Q-E,2025-05-06;2025-03-25,Research/lectures/clearfield-webinar-2025-05-06;Research/lectures/clearfield-webinar-2025-03-25,absent,absent,absent,absent,absent,absent,absent,absent,absent,absent,false,absent,absent,absent,absent,absent,absent,absent,present_local,absent,absent,ZgjFBmrC2Fc,cataloged_external,absent,absent,absent,absent,absent,cataloged_external,source_only,pass1_match_class=possible; otter_candidates=2 (unconfirmed)
aosrd-webinars-126-G9uQCF-71w4,AOSRD_Clearfield,aosrd_webinars_youtube,"Safe Use of Ketamin at Home-A Powerful and Versatile Tool for Mental Health and Pain with Dr. Dustin Sulak – Feb 6, 2024 (Video)",safe use of ketamin at home a powerful and versatile tool for mental health and pain with dr dustin sulak feb 6 2024 video,aosrd-webinars-126-G9uQCF-71w4|lBEx4QEhjOy2jlQIxmXZmxIj5BM,lBEx4QEhjOy2jlQIxmXZmxIj5BM,2026-01-14,Research/lectures/clearfield-webinar-2026-01-14,absent,absent,absent,absent,absent,absent,absent,absent,absent,absent,false,absent,absent,absent,absent,absent,absent,absent,present_local,absent,absent,G9uQCF-71w4,cataloged_external,absent,absent,absent,absent,absent,cataloged_external,source_only,pass1_match_class=possible; otter_candidates=1 (unconfirmed)
aosrd-webinars-127-kNW89FhAh-o,AOSRD_Clearfield,aosrd_webinars_youtube,"Using Precision Psychiatry to Improve Mental Health with Dr. Mizyl Damayo – Jan 30, 2024 (Video)",using precision psychiatry to improve mental health with dr mizyl damayo jan 30 2024 video,aosrd-webinars-127-kNW89FhAh-o,,,,absent,absent,absent,absent,absent,absent,absent,absent,absent,absent,false,absent,absent,absent,absent,absent,absent,absent,present_local,absent,absent,kNW89FhAh-o,cataloged_external,absent,absent,absent,absent,absent,cataloged_external,source_only,pass1_match_class=no_match; otter_candidates=0 (unconfirmed)
aosrd-webinars-128-wX8K3E8-OFk,AOSRD_Clearfield,aosrd_webinars_youtube,"William Clearfield, DO – American Osteopathic Society of Integrative Medicine Lectures – Jan, 2024 (Video)",william clearfield do american osteopathic society of integrative medicine lectures jan 2024 video,aosrd-webinars-128-wX8K3E8-OFk,,,,absent,absent,absent,absent,absent,absent,absent,absent,absent,absent,false,absent,absent,absent,absent,absent,absent,absent,present_local,absent,absent,wX8K3E8-OFk,cataloged_external,absent,absent,absent,absent,absent,cataloged_external,source_only,pass1_match_class=no_match; otter_candidates=0 (unconfirmed)
aosrd-webinars-129-lGnaMPTB8H4,AOSRD_Clearfield,aosrd_webinars_youtube,"William Clearfield, DO – Endocrinology of Psychiatric Illnesses – Jan, 2024 (Video)",william clearfield do endocrinology of psychiatric illnesses jan 2024 video,aosrd-webinars-129-lGnaMPTB8H4,,,,absent,absent,absent,absent,absent,absent,absent,absent,absent,absent,false,absent,absent,absent,absent,absent,absent,absent,present_local,absent,absent,lGnaMPTB8H4,cataloged_external,absent,absent,absent,absent,absent,cataloged_external,source_only,pass1_match_class=no_match; otter_candidates=0 (unconfirmed)
aosrd-webinars-130-Zg1SS0BMLIE,AOSRD_Clearfield,aosrd_webinars_youtube,"A Brief Recap on Low Dose Naltrexone with Dr. Bill Clearfield and Miklos Major – Jan, 2024 (Video)",a brief recap on low dose naltrexone with dr bill clearfield and miklos major jan 2024 video,aosrd-webinars-130-Zg1SS0BMLIE|NGmGloKNP2XqOUJP7jB7qBC5eRM|dliX4LcIPRKy-7vE3xcjJ4TlkiI|FbRyr7EkkewAoPTmXbK9DtUiA_Y|teTBikykKpBtvemVFqClxhmIVaQ|P1FgRy3FvTrrNYsXISdsJKJeiEg,NGmGloKNP2XqOUJP7jB7qBC5eRM;dliX4LcIPRKy-7vE3xcjJ4TlkiI;FbRyr7EkkewAoPTmXbK9DtUiA_Y;teTBikykKpBtvemVFqClxhmIVaQ;P1FgRy3FvTrrNYsXISdsJKJeiEg,2024-11-13;2024-09-10;2024-09-24;2024-12-18;2024-11-06,Research/lectures/clearfield-webinar-2024-11-13;Research/lectures/clearfield-webinar-2024-09-10;Research/lectures/clearfield-webinar-2024-09-24;Research/lectures/clearfield-webinar-2024-12-18;Research/lectures/clearfield-webinar-2024-11-06,absent,absent,absent,absent,absent,absent,absent,absent,absent,absent,false,absent,absent,absent,absent,absent,absent,absent,present_local,absent,absent,Zg1SS0BMLIE,cataloged_external,absent,absent,absent,absent,absent,cataloged_external,source_only,pass1_match_class=variant_derivative; otter_candidates=5 (unconfirmed)
aosrd-webinars-131-VFyRiKGUpX4,AOSRD_Clearfield,aosrd_webinars_youtube,"What We Physicians Can Learn from n Integrative Veterinarian with Dr. Marlene Siegel – Jan 23, 2024 (Video)",what we physicians can learn from n integrative veterinarian with dr marlene siegel jan 23 2024 video,aosrd-webinars-131-VFyRiKGUpX4|XFeeYcx6xIW9i1HcL0VfsCVvAjY,XFeeYcx6xIW9i1HcL0VfsCVvAjY,2024-09-17,Research/lectures/clearfield-webinar-2024-09-17,absent,absent,absent,absent,absent,absent,absent,absent,absent,absent,false,absent,absent,absent,absent,absent,absent,absent,present_local,absent,absent,VFyRiKGUpX4,cataloged_external,absent,absent,absent,absent,absent,cataloged_external,source_only,pass1_match_class=possible; otter_candidates=1 (unconfirmed)
aosrd-webinars-132-lMv3tfv7nN8,AOSRD_Clearfield,aosrd_webinars_youtube,"Iodine for Chronic Disease Management and Prevention with Stefan Hartmann PA-C – Jan 9, 2024 (Video)",iodine for chronic disease management and prevention with stefan hartmann pa c jan 9 2024 video,aosrd-webinars-132-lMv3tfv7nN8|ykfPBSHSL3meBk4yGojbTxMVIpA|GpGzOhGTH4-q6bror7uHVEIk1Jk,ykfPBSHSL3meBk4yGojbTxMVIpA;GpGzOhGTH4-q6bror7uHVEIk1Jk,2024-10-22;2026-04-14,Research/lectures/clearfield-webinar-2024-10-22;Research/lectures/clearfield-webinar-2026-04-14,absent,absent,absent,absent,absent,absent,absent,absent,absent,absent,false,absent,absent,absent,absent,absent,absent,absent,present_local,absent,absent,lMv3tfv7nN8,cataloged_external,absent,absent,absent,absent,absent,cataloged_external,source_only,pass1_match_class=possible; otter_candidates=2 (unconfirmed)
aosrd-webinars-133-DdsK-SLxdqY,AOSRD_Clearfield,aosrd_webinars_youtube,Introduction to Hormone Optimization-A Manual for Practitioners by Dr. Bill Clearfield with Miklos Major – Jan 2024 (Video),introduction to hormone optimization a manual for practitioners by dr bill clearfield with miklos major jan 2024 video,aosrd-webinars-133-DdsK-SLxdqY|teTBikykKpBtvemVFqClxhmIVaQ|OL_Ukp1RYjVvnjsMHnF2eXCXDC8|lad4QB8n10SgLwRq48hmZvwDQ2U|vjcply7K-rJtWMYGKgD39abIq9E,teTBikykKpBtvemVFqClxhmIVaQ;OL_Ukp1RYjVvnjsMHnF2eXCXDC8;lad4QB8n10SgLwRq48hmZvwDQ2U;vjcply7K-rJtWMYGKgD39abIq9E,2024-12-18;2024-10-01;2024-09-03;2024-11-27,Research/lectures/clearfield-webinar-2024-12-18;Research/lectures/clearfield-webinar-2024-10-01;Research/lectures/clearfield-webinar-2024-09-03;Research/lectures/clearfield-webinar-2024-11-27,absent,absent,absent,absent,absent,absent,absent,absent,absent,absent,false,absent,absent,absent,absent,absent,absent,absent,present_local,absent,absent,DdsK-SLxdqY,cataloged_external,absent,absent,absent,absent,absent,cataloged_external,source_only,pass1_match_class=possible; otter_candidates=4 (unconfirmed)
aosrd-webinars-134-LdAfVo2iTT0,AOSRD_Clearfield,aosrd_webinars_youtube,"Discussing the Chronic Disease Prevention Management Core Curriculum with Salaheldin Halasa – Jan 2, 2024 (Video)",discussing the chronic disease prevention management core curriculum with salaheldin halasa jan 2 2024 video,aosrd-webinars-134-LdAfVo2iTT0|5HPCyqwQxi9QD1of8g-CPHrnFcc|GUt4yZgCp4lNVboAnJBHNMsHO7A|Zxy20R1uant_QctiZutXLSt-Q-E,5HPCyqwQxi9QD1of8g-CPHrnFcc;GUt4yZgCp4lNVboAnJBHNMsHO7A;Zxy20R1uant_QctiZutXLSt-Q-E,2025-01-08;2025-05-06;2025-03-25,Research/lectures/clearfield-webinar-2025-01-08;Research/lectures/clearfield-webinar-2025-05-06;Research/lectures/clearfield-webinar-2025-03-25,absent,absent,absent,absent,absent,absent,absent,absent,absent,absent,false,absent,absent,absent,absent,absent,absent,absent,present_local,absent,absent,LdAfVo2iTT0,cataloged_external,absent,absent,absent,absent,absent,cataloged_external,source_only,pass1_match_class=possible; otter_candidates=3 (unconfirmed)
aosrd-webinars-135-urUVaRF96r8,AOSRD_Clearfield,aosrd_webinars_youtube,"Clearfield – Non-Hormonal Remedies to Relieve Hormonal Symptoms – December, 2023 (Video)",clearfield non hormonal remedies to relieve hormonal symptoms december 2023 video,aosrd-webinars-135-urUVaRF96r8,,,,absent,absent,absent,absent,absent,absent,absent,absent,absent,absent,false,absent,absent,absent,absent,absent,absent,absent,present_local,absent,absent,urUVaRF96r8,cataloged_external,absent,absent,absent,absent,absent,cataloged_external,source_only,pass1_match_class=no_match; otter_candidates=0 (unconfirmed)
aosrd-webinars-136-HfjLBsKBxKM,AOSRD_Clearfield,aosrd_webinars_youtube,"Controlling Glycemic Variability with Stefan Hartmann, PA-C – Tuesday December 26, 2023 (Video)",controlling glycemic variability with stefan hartmann pa c tuesday december 26 2023 video,aosrd-webinars-136-HfjLBsKBxKM|vZKE66zexBS6KPliMMq0glRxefk|TNvBcRwwSnrkWGe2_L3i3lGvYYk|CQjlfnZLZ-CY25UUEq35pSQ0lug,vZKE66zexBS6KPliMMq0glRxefk;TNvBcRwwSnrkWGe2_L3i3lGvYYk;CQjlfnZLZ-CY25UUEq35pSQ0lug,2024-12-04;2024-12-11;2025-12-24,Research/lectures/clearfield-webinar-2024-12-04;Research/lectures/clearfield-webinar-2024-12-11;Research/lectures/clearfield-webinar-2025-12-24,absent,absent,absent,absent,absent,absent,absent,absent,absent,absent,false,absent,absent,absent,absent,absent,absent,absent,present_local,absent,absent,HfjLBsKBxKM,cataloged_external,absent,absent,absent,absent,absent,cataloged_external,source_only,pass1_match_class=possible; otter_candidates=3 (unconfirmed)
aosrd-webinars-137-D1Gh9jMYRo0,AOSRD_Clearfield,aosrd_webinars_youtube,Female Hormone Primer-Part 3 Polycystic Ovaries and Female Pattern Hair Loss (Video),female hormone primer part 3 polycystic ovaries and female pattern hair loss video,aosrd-webinars-137-D1Gh9jMYRo0,,,,absent,absent,absent,absent,absent,absent,absent,absent,absent,absent,false,absent,absent,absent,absent,absent,absent,absent,present_local,absent,absent,D1Gh9jMYRo0,cataloged_external,absent,absent,absent,absent,absent,cataloged_external,source_only,pass1_match_class=no_match; otter_candidates=0 (unconfirmed)
aosrd-webinars-138-vgRIJLFLR_c,AOSRD_Clearfield,aosrd_webinars_youtube,The Specter of Estrogen Dominance with Carol Peterson Rh P (Video),the specter of estrogen dominance with carol peterson rh p video,aosrd-webinars-138-vgRIJLFLR_c|j3HjVUuBV5gnR4KrCUuXOZEnPm0|FbRyr7EkkewAoPTmXbK9DtUiA_Y,j3HjVUuBV5gnR4KrCUuXOZEnPm0;FbRyr7EkkewAoPTmXbK9DtUiA_Y,2025-10-14;2024-09-24,Research/lectures/clearfield-webinar-2025-10-14;Research/lectures/clearfield-webinar-2024-09-24,absent,absent,absent,absent,absent,absent,absent,absent,absent,absent,false,absent,absent,absent,absent,absent,absent,absent,present_local,absent,absent,vgRIJLFLR_c,cataloged_external,absent,absent,absent,absent,absent,cataloged_external,source_only,pass1_match_class=possible; otter_candidates=2 (unconfirmed)
aosrd-webinars-139-44Q2wgr0Q2o,AOSRD_Clearfield,aosrd_webinars_youtube,Female Hormone Primer Part 2 Student Session with MM (Video),female hormone primer part 2 student session with mm video,aosrd-webinars-139-44Q2wgr0Q2o,,,,absent,absent,absent,absent,absent,absent,absent,absent,absent,absent,false,absent,absent,absent,absent,absent,absent,absent,present_local,absent,absent,44Q2wgr0Q2o,cataloged_external,absent,absent,absent,absent,absent,cataloged_external,source_only,pass1_match_class=no_match; otter_candidates=0 (unconfirmed)
aosrd-webinars-140-Hng9twQ7Amg,AOSRD_Clearfield,aosrd_webinars_youtube,"BiomeFx GI Testing with Katherine Sumner, Microbiome Labs Nov 28, 2023 (Video)",biomefx gi testing with katherine sumner microbiome labs nov 28 2023 video,aosrd-webinars-140-Hng9twQ7Amg,,,,absent,absent,absent,absent,absent,absent,absent,absent,absent,absent,false,absent,absent,absent,absent,absent,absent,absent,present_local,absent,absent,Hng9twQ7Amg,cataloged_external,absent,absent,absent,absent,absent,cataloged_external,source_only,pass1_match_class=no_match; otter_candidates=0 (unconfirmed)
aosrd-webinars-141-sqvJDTzrtDc,AOSRD_Clearfield,aosrd_webinars_youtube,"Neuroinflammation-The Road to Neuropsychiatric Illness with Dr. Mark Gordon Nov 21, 2023 (Video)",neuroinflammation the road to neuropsychiatric illness with dr mark gordon nov 21 2023 video,aosrd-webinars-141-sqvJDTzrtDc,,,,absent,absent,absent,absent,absent,absent,absent,absent,absent,absent,false,absent,absent,absent,absent,absent,absent,absent,present_local,cataloged_external,absent,sqvJDTzrtDc,cataloged_external,absent,absent,absent,absent,absent,cataloged_external,source_only,pass1_match_class=no_match; otter_candidates=0 (unconfirmed)
aosrd-webinars-142-iLik_iDuz3Q,AOSRD_Clearfield,aosrd_webinars_youtube,Estrogen-Devil or Angel with Dr. Bill Clearfield (Video),estrogen devil or angel with dr bill clearfield video,aosrd-webinars-142-iLik_iDuz3Q,,,,absent,absent,absent,absent,absent,absent,absent,absent,absent,absent,false,absent,absent,absent,absent,absent,absent,absent,present_local,absent,absent,iLik_iDuz3Q,cataloged_external,absent,absent,absent,absent,absent,cataloged_external,source_only,pass1_match_class=no_match; otter_candidates=0 (unconfirmed)
aosrd-webinars-143-x_F597yF0Z4,AOSRD_Clearfield,aosrd_webinars_youtube,Female Hormone Primer-Part 1 Student Session w MM (Video),female hormone primer part 1 student session w mm video,aosrd-webinars-143-x_F597yF0Z4,,,,absent,absent,absent,absent,absent,absent,absent,absent,absent,absent,false,absent,absent,absent,absent,absent,absent,absent,present_local,absent,absent,x_F597yF0Z4,cataloged_external,absent,absent,absent,absent,absent,cataloged_external,source_only,pass1_match_class=no_match; otter_candidates=0 (unconfirmed)
aosrd-webinars-144-8ueZMDPM6_U,AOSRD_Clearfield,aosrd_webinars_youtube,"The Role of Oxalates in – Nov 14, 2023 (Video)",the role of oxalates in nov 14 2023 video,aosrd-webinars-144-8ueZMDPM6_U,,,,absent,absent,absent,absent,absent,absent,absent,absent,absent,absent,false,absent,absent,absent,absent,absent,absent,absent,present_local,absent,absent,8ueZMDPM6_U,cataloged_external,absent,absent,absent,absent,absent,cataloged_external,source_only,pass1_match_class=no_match; otter_candidates=0 (unconfirmed)
aosrd-webinars-145-l-_Gf5qt0l0,AOSRD_Clearfield,aosrd_webinars_youtube,How to Perform an Intramuscular Injection (Video),how to perform an intramuscular injection video,aosrd-webinars-145-l-_Gf5qt0l0,,,,absent,absent,absent,absent,absent,absent,absent,absent,absent,absent,false,absent,absent,absent,absent,absent,absent,absent,present_local,absent,absent,l-_Gf5qt0l0,cataloged_external,absent,absent,absent,absent,absent,cataloged_external,source_only,pass1_match_class=no_match; otter_candidates=0 (unconfirmed)
aosrd-webinars-146-cptytkOQXD8,AOSRD_Clearfield,aosrd_webinars_youtube,How to Perform a Subcutaneous Injection (Video),how to perform a subcutaneous injection video,aosrd-webinars-146-cptytkOQXD8,,,,absent,absent,absent,absent,absent,absent,absent,absent,absent,absent,false,absent,absent,absent,absent,absent,absent,absent,present_local,absent,absent,cptytkOQXD8,cataloged_external,absent,absent,absent,absent,absent,cataloged_external,source_only,pass1_match_class=no_match; otter_candidates=0 (unconfirmed)
aosrd-webinars-147-l-_Gf5qt0l0,AOSRD_Clearfield,aosrd_webinars_youtube,"Peptides, Where Do We Go from Here-with Jay Campbell – Nov 7, 2023 (Video)",peptides where do we go from here with jay campbell nov 7 2023 video,aosrd-webinars-147-l-_Gf5qt0l0|t9O9J5vUpWGkKXi-5TqxgKudSvY,t9O9J5vUpWGkKXi-5TqxgKudSvY,2025-04-29,Research/lectures/clearfield-webinar-2025-04-29,absent,absent,absent,absent,absent,absent,absent,absent,absent,absent,false,absent,absent,absent,absent,absent,absent,absent,present_local,absent,absent,l-_Gf5qt0l0,cataloged_external,absent,absent,absent,absent,absent,cataloged_external,source_only,pass1_match_class=possible; otter_candidates=1 (unconfirmed)
aosrd-webinars-148-FcjGN44DJf4,AOSRD_Clearfield,aosrd_webinars_youtube,Basic Hormone Replacement Replenishment for Men Part 4 Student Session with Dr Bill and MM (Video),basic hormone replacement replenishment for men part 4 student session with dr bill and mm video,aosrd-webinars-148-FcjGN44DJf4|Td9Prx_y7BG6tFzXN3Yl-Iy-NJ8|OL_Ukp1RYjVvnjsMHnF2eXCXDC8|teTBikykKpBtvemVFqClxhmIVaQ|HY-sCmihzh3EJ69WWVwlTT0Ri6s|OlXuXl73V1RAQ4bVYXoakDZMRnU,Td9Prx_y7BG6tFzXN3Yl-Iy-NJ8;OL_Ukp1RYjVvnjsMHnF2eXCXDC8;teTBikykKpBtvemVFqClxhmIVaQ;HY-sCmihzh3EJ69WWVwlTT0Ri6s;OlXuXl73V1RAQ4bVYXoakDZMRnU,2026-03-17;2024-10-01;2024-12-18;2025-11-26;2026-04-07,Research/lectures/clearfield-webinar-2026-03-17;Research/lectures/clearfield-webinar-2024-10-01;Research/lectures/clearfield-webinar-2024-12-18;Research/lectures/clearfield-webinar-2025-11-26;Research/lectures/clearfield-webinar-2026-04-07,absent,absent,absent,absent,absent,absent,absent,absent,absent,absent,false,absent,absent,absent,absent,absent,absent,absent,present_local,absent,absent,FcjGN44DJf4,cataloged_external,absent,absent,absent,absent,absent,cataloged_external,source_only,pass1_match_class=possible; otter_candidates=5 (unconfirmed)
aosrd-webinars-149-kuT4ASTALbo,AOSRD_Clearfield,aosrd_webinars_youtube,"Basic Hormone Replacement for Men Part 3 Finasteride, Lab Studies and Testosterone Replacement Dosin (Video)",basic hormone replacement for men part 3 finasteride lab studies and testosterone replacement dosin video,aosrd-webinars-149-kuT4ASTALbo,,,,absent,absent,absent,absent,absent,absent,absent,absent,absent,absent,false,absent,absent,absent,absent,absent,absent,absent,present_local,absent,absent,kuT4ASTALbo,cataloged_external,absent,absent,absent,absent,absent,cataloged_external,source_only,pass1_match_class=no_match; otter_candidates=0 (unconfirmed)
aosrd-webinars-150-5R21mCnXIPo,AOSRD_Clearfield,aosrd_webinars_youtube,Basic Hormone Replacement for Men Part 2 + Dr C’s Tips for Weight Loss (Video),basic hormone replacement for men part 2 dr c s tips for weight loss video,aosrd-webinars-150-5R21mCnXIPo,,,,absent,absent,absent,absent,absent,absent,absent,absent,absent,absent,false,absent,absent,absent,absent,absent,absent,absent,present_local,absent,absent,5R21mCnXIPo,cataloged_external,absent,absent,absent,absent,absent,cataloged_external,source_only,pass1_match_class=no_match; otter_candidates=0 (unconfirmed)
aosrd-webinars-151-r62cJY5LmU8,AOSRD_Clearfield,aosrd_webinars_youtube,Basic Hormone Replacement for Men Part 1 Student Session w MM (Video),basic hormone replacement for men part 1 student session w mm video,aosrd-webinars-151-r62cJY5LmU8,,,,absent,absent,absent,absent,absent,absent,absent,absent,absent,absent,false,absent,absent,absent,absent,absent,absent,absent,present_local,absent,absent,r62cJY5LmU8,cataloged_external,absent,absent,absent,absent,absent,cataloged_external,source_only,pass1_match_class=no_match; otter_candidates=0 (unconfirmed)
aosrd-webinars-152-rAUra-Qha5M,AOSRD_Clearfield,aosrd_webinars_youtube,"Dementia’s Dirty Dozen with Dr David Ajibade – Oct 31, 2023 (Video)",dementia s dirty dozen with dr david ajibade oct 31 2023 video,aosrd-webinars-152-rAUra-Qha5M,,,,absent,absent,absent,absent,absent,absent,absent,absent,absent,absent,false,absent,absent,absent,absent,absent,absent,absent,present_local,cataloged_external,absent,rAUra-Qha5M,cataloged_external,absent,absent,absent,absent,absent,cataloged_external,source_only,pass1_match_class=no_match; otter_candidates=0 (unconfirmed)
aosrd-webinars-153-xF0qI-tdmWo,AOSRD_Clearfield,aosrd_webinars_youtube,"Another View of the Endocannabinoid System with Dr. Robert Quinn – Oct 24, 2023 (Video)",another view of the endocannabinoid system with dr robert quinn oct 24 2023 video,aosrd-webinars-153-xF0qI-tdmWo|tAtmhIMa7fmRXEWqsjZP4Gl7vkM,tAtmhIMa7fmRXEWqsjZP4Gl7vkM,2025-02-26,Research/lectures/clearfield-webinar-2025-02-26,absent,absent,absent,absent,absent,absent,absent,absent,absent,absent,false,absent,absent,absent,absent,absent,absent,absent,present_local,cataloged_external,absent,xF0qI-tdmWo,cataloged_external,absent,absent,absent,absent,absent,cataloged_external,source_only,pass1_match_class=possible; otter_candidates=1 (unconfirmed)
aosrd-webinars-154-S62qYOwRkRs,AOSRD_Clearfield,aosrd_webinars_youtube,"From Marijuana to Mushroom-Are Plants and Fungi ‘Natural’ with Dr. Jeffrey Bock – Oct 17, 2023 (Video)",from marijuana to mushroom are plants and fungi natural with dr jeffrey bock oct 17 2023 video,aosrd-webinars-154-S62qYOwRkRs,,,,absent,absent,absent,absent,absent,absent,absent,absent,absent,absent,false,absent,absent,absent,absent,absent,absent,absent,present_local,cataloged_external,absent,S62qYOwRkRs,cataloged_external,absent,absent,absent,absent,absent,cataloged_external,source_only,pass1_match_class=no_match; otter_candidates=0 (unconfirmed)
aosrd-webinars-155-acTTjJWf9rk,AOSRD_Clearfield,aosrd_webinars_youtube,"Intermittent Fasting, Stimulating Brown Fat, and Weight Management with Dr Franco Calaveri – Oct 10, 2023 (Video)",intermittent fasting stimulating brown fat and weight management with dr franco calaveri oct 10 2023 video,aosrd-webinars-155-acTTjJWf9rk,,,,absent,absent,absent,absent,absent,absent,absent,absent,absent,absent,false,absent,absent,absent,absent,absent,absent,absent,present_local,cataloged_external,absent,acTTjJWf9rk,cataloged_external,absent,absent,absent,absent,absent,cataloged_external,source_only,pass1_match_class=no_match; otter_candidates=0 (unconfirmed)
aosrd-webinars-156-rNvF48yMEag,AOSRD_Clearfield,aosrd_webinars_youtube,"How to Choose the Best Stem Cell Sources for Your Practice with Dr. Joy Kong – Oct 3, 2023 (Video)",how to choose the best stem cell sources for your practice with dr joy kong oct 3 2023 video,aosrd-webinars-156-rNvF48yMEag,,,,absent,absent,absent,absent,absent,absent,absent,absent,absent,absent,false,absent,absent,absent,absent,absent,absent,absent,present_local,cataloged_external,absent,rNvF48yMEag,cataloged_external,absent,absent,absent,absent,absent,cataloged_external,source_only,pass1_match_class=no_match; otter_candidates=0 (unconfirmed)
aosrd-webinars-157-LEyWVCGO5D4,AOSRD_Clearfield,aosrd_webinars_youtube,"Endocrinology of TBI-Part 2 with Dr. Willliam Clearfield – Sept 26, 2023 (Video)",endocrinology of tbi part 2 with dr willliam clearfield sept 26 2023 video,aosrd-webinars-157-LEyWVCGO5D4,,,,absent,absent,absent,absent,absent,absent,absent,absent,absent,absent,false,absent,absent,absent,absent,absent,absent,absent,present_local,absent,absent,LEyWVCGO5D4,cataloged_external,absent,absent,absent,absent,absent,cataloged_external,source_only,pass1_match_class=no_match; otter_candidates=0 (unconfirmed)
aosrd-webinars-158-BcMb7ZimIEo,AOSRD_Clearfield,aosrd_webinars_youtube,"Ivermectin Feeds Bifidobacterium to Boost Immumity with Dr. Salaheldin Halasa – Sept 19, 2023 (Video)",ivermectin feeds bifidobacterium to boost immumity with dr salaheldin halasa sept 19 2023 video,aosrd-webinars-158-BcMb7ZimIEo|b2H7gyjRNmbN0l62XtCzeLPovDE|xg4V_A-L8_Ob1jKGBewDTtKzOWg,b2H7gyjRNmbN0l62XtCzeLPovDE;xg4V_A-L8_Ob1jKGBewDTtKzOWg,2025-06-24;2024-08-13,Research/lectures/clearfield-webinar-2025-06-24;Research/lectures/clearfield-webinar-2024-08-13,absent,absent,absent,absent,absent,absent,absent,absent,absent,absent,false,absent,absent,absent,absent,absent,absent,absent,present_local,cataloged_external,absent,BcMb7ZimIEo,cataloged_external,absent,absent,absent,absent,absent,cataloged_external,source_only,pass1_match_class=possible; otter_candidates=2 (unconfirmed)
aosrd-webinars-159-5DmzZRupogw,AOSRD_Clearfield,aosrd_webinars_youtube,"Unlocking the Power of the Mind-Body Connection with Dr. Emmett Miller – Sept 12, 2023 (Video)",unlocking the power of the mind body connection with dr emmett miller sept 12 2023 video,aosrd-webinars-159-5DmzZRupogw,,,,absent,absent,absent,absent,absent,absent,absent,absent,absent,absent,false,absent,absent,absent,absent,absent,absent,absent,present_local,cataloged_external,absent,5DmzZRupogw,cataloged_external,absent,absent,absent,absent,absent,cataloged_external,source_only,pass1_match_class=no_match; otter_candidates=0 (unconfirmed)
aosrd-webinars-160-gtoydOZzvx4,AOSRD_Clearfield,aosrd_webinars_youtube,"Introduction to Intravenous Therapy with Dr. Melvin Nario – Sept 5, 2023 (Video)",introduction to intravenous therapy with dr melvin nario sept 5 2023 video,aosrd-webinars-160-gtoydOZzvx4|OL_Ukp1RYjVvnjsMHnF2eXCXDC8|VwrSvok1RCW2X3iJ_Kwbd8JK6k8|LvCEhutJR34KphFeXcFdbBQ3PZE|HY-sCmihzh3EJ69WWVwlTT0Ri6s|jZM7WB_BG5YwNdBn2EQBHQM-aNc,OL_Ukp1RYjVvnjsMHnF2eXCXDC8;VwrSvok1RCW2X3iJ_Kwbd8JK6k8;LvCEhutJR34KphFeXcFdbBQ3PZE;HY-sCmihzh3EJ69WWVwlTT0Ri6s;jZM7WB_BG5YwNdBn2EQBHQM-aNc,2024-10-01;2025-11-12;2025-08-26;2025-11-26;2025-04-01,Research/lectures/clearfield-webinar-2024-10-01;Research/lectures/clearfield-webinar-2025-11-12;Research/lectures/clearfield-webinar-2025-08-26;Research/lectures/clearfield-webinar-2025-11-26;Research/lectures/clearfield-webinar-2025-04-01,absent,absent,absent,absent,absent,absent,absent,absent,absent,absent,false,absent,absent,absent,absent,absent,absent,absent,present_local,absent,absent,gtoydOZzvx4,cataloged_external,absent,absent,absent,absent,absent,cataloged_external,source_only,pass1_match_class=possible; otter_candidates=5 (unconfirmed)
aosrd-webinars-161-AIJueOlg1II,AOSRD_Clearfield,aosrd_webinars_youtube,"Fundamentals of Functional Medical Testing-Cell Science Systems with Amy Pieczarka RD – Aug 29, 2023 (Video)",fundamentals of functional medical testing cell science systems with amy pieczarka rd aug 29 2023 video,aosrd-webinars-161-AIJueOlg1II,,,,absent,absent,absent,absent,absent,absent,absent,absent,absent,absent,false,absent,absent,absent,absent,absent,absent,absent,present_local,absent,absent,AIJueOlg1II,cataloged_external,absent,absent,absent,absent,absent,cataloged_external,source_only,pass1_match_class=no_match; otter_candidates=0 (unconfirmed)
aosrd-webinars-162-gS3mWVj_if4,AOSRD_Clearfield,aosrd_webinars_youtube,"Prostate Community Trial Part 2 w Dr. KAthleen T. Ruddy and Stefan Hartmann PA-C – Aug 22, 2023 (Video)",prostate community trial part 2 w dr kathleen t ruddy and stefan hartmann pa c aug 22 2023 video,aosrd-webinars-162-gS3mWVj_if4,,,,absent,absent,absent,absent,absent,absent,absent,absent,absent,absent,false,absent,absent,absent,absent,absent,absent,absent,present_local,absent,absent,gS3mWVj_if4,cataloged_external,absent,absent,absent,absent,absent,cataloged_external,source_only,pass1_match_class=no_match; otter_candidates=0 (unconfirmed)
aosrd-webinars-163--JGUhnhLGrQ,AOSRD_Clearfield,aosrd_webinars_youtube,"Nutritional Excellence-The Kohana Approach to Optimal Health with Dr Rober Quinn – Aug 15, 2023 (Video)",nutritional excellence the kohana approach to optimal health with dr rober quinn aug 15 2023 video,aosrd-webinars-163--JGUhnhLGrQ|CQdkPoyCm_xx7nnZ2b80AClK8TM,CQdkPoyCm_xx7nnZ2b80AClK8TM,2025-10-07,Research/lectures/clearfield-webinar-2025-10-07,absent,absent,absent,absent,absent,absent,absent,absent,absent,absent,false,absent,absent,absent,absent,absent,absent,absent,present_local,cataloged_external,absent,-JGUhnhLGrQ,cataloged_external,absent,absent,absent,absent,absent,cataloged_external,source_only,pass1_match_class=possible; otter_candidates=1 (unconfirmed)
aosrd-webinars-164-33dvEh94Xcc,AOSRD_Clearfield,aosrd_webinars_youtube,"Fascia Decompression for You, Your Patients and Your Fur Family – Aug 8, 2023 (Video)",fascia decompression for you your patients and your fur family aug 8 2023 video,aosrd-webinars-164-33dvEh94Xcc,,,,absent,absent,absent,absent,absent,absent,absent,absent,absent,absent,false,absent,absent,absent,absent,absent,absent,absent,present_local,absent,absent,33dvEh94Xcc,cataloged_external,absent,absent,absent,absent,absent,cataloged_external,source_only,pass1_match_class=no_match; otter_candidates=0 (unconfirmed)
aosrd-webinars-165-bZZJFrrvTcg,AOSRD_Clearfield,aosrd_webinars_youtube,"Estrogen Metabolism and Detoxification with Dr. MElvin Nario – Aug 1, 2023 (Video)",estrogen metabolism and detoxification with dr melvin nario aug 1 2023 video,aosrd-webinars-165-bZZJFrrvTcg|iFe-Jl__wpKT9UKu7NZMWLiMJ5w|CQjlfnZLZ-CY25UUEq35pSQ0lug|v3Md09l1C_mz3hrDPWngln5SYQw,iFe-Jl__wpKT9UKu7NZMWLiMJ5w;CQjlfnZLZ-CY25UUEq35pSQ0lug;v3Md09l1C_mz3hrDPWngln5SYQw,2026-03-31;2025-12-24;2025-09-09,Research/lectures/clearfield-webinar-2026-03-31;Research/lectures/clearfield-webinar-2025-12-24;Research/lectures/clearfield-webinar-2025-09-09,absent,absent,absent,absent,absent,absent,absent,absent,absent,absent,false,absent,absent,absent,absent,absent,absent,absent,present_local,absent,absent,bZZJFrrvTcg,cataloged_external,absent,absent,absent,absent,absent,cataloged_external,source_only,pass1_match_class=possible; otter_candidates=3 (unconfirmed)
aosrd-webinars-166-RM39JRpthTg,AOSRD_Clearfield,aosrd_webinars_youtube,"Pharmacology of Key Emerging Therapies in Chronic DIseases with Dr Mike Boehmer – July 25, 2023 (Video)",pharmacology of key emerging therapies in chronic diseases with dr mike boehmer july 25 2023 video,aosrd-webinars-166-RM39JRpthTg,,,,absent,absent,absent,absent,absent,absent,absent,absent,absent,absent,false,absent,absent,absent,absent,absent,absent,absent,present_local,cataloged_external,absent,RM39JRpthTg,cataloged_external,absent,absent,absent,absent,absent,cataloged_external,source_only,pass1_match_class=no_match; otter_candidates=0 (unconfirmed)
aosrd-webinars-167-hsbW2KUdJkI,AOSRD_Clearfield,aosrd_webinars_youtube,Early Viral Treatment Post Pandemic Clinical Applications Roundtable (Video),early viral treatment post pandemic clinical applications roundtable video,aosrd-webinars-167-hsbW2KUdJkI,,,,absent,absent,absent,absent,absent,absent,absent,absent,absent,absent,false,absent,absent,absent,absent,absent,absent,absent,present_local,absent,absent,hsbW2KUdJkI,cataloged_external,absent,absent,absent,absent,absent,cataloged_external,source_only,pass1_match_class=no_match; otter_candidates=0 (unconfirmed)
aosrd-webinars-168-TmuGhf_1r3s,AOSRD_Clearfield,aosrd_webinars_youtube,"Chronic Fatigue, Homeostasis and Mitochondrial Dysfunction with Dr. K. Patel (Video)",chronic fatigue homeostasis and mitochondrial dysfunction with dr k patel video,aosrd-webinars-168-TmuGhf_1r3s|JAhRYbDDwDsC4em3dazDKyDw4gM,JAhRYbDDwDsC4em3dazDKyDw4gM,2025-02-05,Research/lectures/clearfield-webinar-2025-02-05,absent,absent,absent,absent,absent,absent,absent,absent,absent,absent,false,absent,absent,absent,absent,absent,absent,absent,present_local,absent,absent,TmuGhf_1r3s,cataloged_external,absent,absent,absent,absent,absent,cataloged_external,source_only,pass1_match_class=possible; otter_candidates=1 (unconfirmed)
aosrd-webinars-169-xIY-4j04zh0,AOSRD_Clearfield,aosrd_webinars_youtube,"Live Healthier, Better and Longer with Hydrogen by Bob Settineri – July 11, 2023 (Video)",live healthier better and longer with hydrogen by bob settineri july 11 2023 video,aosrd-webinars-169-xIY-4j04zh0,,,,absent,absent,absent,absent,absent,absent,absent,absent,absent,absent,false,absent,absent,absent,absent,absent,absent,absent,present_local,cataloged_external,absent,xIY-4j04zh0,cataloged_external,absent,absent,absent,absent,absent,cataloged_external,source_only,pass1_match_class=no_match; otter_candidates=0 (unconfirmed)
aosrd-webinars-170-hj4CXKqCtkg,AOSRD_Clearfield,aosrd_webinars_youtube,"The Incretin Hormones and the New Face of Weight Loss with Dr. William Clearfield – June 28, 2023 (Video)",the incretin hormones and the new face of weight loss with dr william clearfield june 28 2023 video,aosrd-webinars-170-hj4CXKqCtkg|5HPCyqwQxi9QD1of8g-CPHrnFcc,5HPCyqwQxi9QD1of8g-CPHrnFcc,2025-01-08,Research/lectures/clearfield-webinar-2025-01-08,absent,absent,absent,absent,absent,absent,absent,absent,absent,absent,false,absent,absent,absent,absent,absent,absent,absent,present_local,cataloged_external,absent,hj4CXKqCtkg,cataloged_external,absent,absent,absent,absent,absent,cataloged_external,source_only,pass1_match_class=possible; otter_candidates=1 (unconfirmed)
aosrd-webinars-171-wSFbd7D8Lpw,AOSRD_Clearfield,aosrd_webinars_youtube,"Integrative Imunity-Part 2 Dr. Benoit Tano – June 27, 2023 (Video)",integrative imunity part 2 dr benoit tano june 27 2023 video,aosrd-webinars-171-wSFbd7D8Lpw|81vgkJ55QnsvesXbnyxCMQPr6Rc|wcHy9pPXoWy5S62-GJbpasQtw2o|vn-MouyIRCM7VjShKYhDQr6Mc3U|JAhRYbDDwDsC4em3dazDKyDw4gM|TNvBcRwwSnrkWGe2_L3i3lGvYYk,81vgkJ55QnsvesXbnyxCMQPr6Rc;wcHy9pPXoWy5S62-GJbpasQtw2o;vn-MouyIRCM7VjShKYhDQr6Mc3U;JAhRYbDDwDsC4em3dazDKyDw4gM;TNvBcRwwSnrkWGe2_L3i3lGvYYk,2026-06-09;2025-02-12;2025-05-27;2025-02-05;2024-12-11,Research/lectures/clearfield-webinar-2026-06-09;Research/lectures/clearfield-webinar-2025-02-12;Research/lectures/clearfield-webinar-2025-05-27;Research/lectures/clearfield-webinar-2025-02-05;Research/lectures/clearfield-webinar-2024-12-11,absent,absent,absent,absent,absent,absent,absent,absent,absent,absent,false,absent,absent,absent,absent,absent,absent,absent,present_local,cataloged_external,absent,wSFbd7D8Lpw,cataloged_external,absent,absent,absent,absent,absent,cataloged_external,source_only,pass1_match_class=variant_derivative; otter_candidates=5 (unconfirmed)
aosrd-webinars-172-aPPCKg2l-eQ,AOSRD_Clearfield,aosrd_webinars_youtube,"Introduction to Peptides with Dr. Jay Campbell – June 20, 2023 (Video)",introduction to peptides with dr jay campbell june 20 2023 video,aosrd-webinars-172-aPPCKg2l-eQ|t9O9J5vUpWGkKXi-5TqxgKudSvY,t9O9J5vUpWGkKXi-5TqxgKudSvY,2025-04-29,Research/lectures/clearfield-webinar-2025-04-29,absent,absent,absent,absent,absent,absent,absent,absent,absent,absent,false,absent,absent,absent,absent,absent,absent,absent,present_local,cataloged_external,absent,aPPCKg2l-eQ,cataloged_external,absent,absent,absent,absent,absent,cataloged_external,source_only,pass1_match_class=possible; otter_candidates=1 (unconfirmed)
aosrd-webinars-173-yAA5qJFYPgg,AOSRD_Clearfield,aosrd_webinars_youtube,"The Importance of Polysaccharides for Brain Health and Immune Function with Dr. John E. Lewis – June 13, 2023 (Video)",the importance of polysaccharides for brain health and immune function with dr john e lewis june 13 2023 video,aosrd-webinars-173-yAA5qJFYPgg|y59a2fEx8UgOiThJHr1w-HcQc1U,y59a2fEx8UgOiThJHr1w-HcQc1U,2024-08-20,Research/lectures/clearfield-webinar-2024-08-20,absent,absent,absent,absent,absent,absent,absent,absent,absent,absent,false,absent,absent,absent,absent,absent,absent,absent,present_local,cataloged_external,absent,yAA5qJFYPgg,cataloged_external,absent,absent,absent,absent,absent,cataloged_external,source_only,pass1_match_class=possible; otter_candidates=1 (unconfirmed)
aosrd-webinars-174-LcK7emnFeVk,AOSRD_Clearfield,aosrd_webinars_youtube,"Clinical applications of Amlexonax – June 6, 2023 (Video)",clinical applications of amlexonax june 6 2023 video,aosrd-webinars-174-LcK7emnFeVk,,,,absent,absent,absent,absent,absent,absent,absent,absent,absent,absent,false,absent,absent,absent,absent,absent,absent,absent,present_local,cataloged_external,absent,LcK7emnFeVk,cataloged_external,absent,absent,absent,absent,absent,cataloged_external,source_only,pass1_match_class=no_match; otter_candidates=0 (unconfirmed)
aosrd-webinars-175-wTPrdOyALx0,AOSRD_Clearfield,aosrd_webinars_youtube,"Ehlers Danlos Syndrome Treated with Frequency Specific Microcurrant by Dr. Carol McMakin – May 30, 2023 (Video)",ehlers danlos syndrome treated with frequency specific microcurrant by dr carol mcmakin may 30 2023 video,aosrd-webinars-175-wTPrdOyALx0|vZKE66zexBS6KPliMMq0glRxefk,vZKE66zexBS6KPliMMq0glRxefk,2024-12-04,Research/lectures/clearfield-webinar-2024-12-04,absent,absent,absent,absent,absent,absent,absent,absent,absent,absent,false,absent,absent,absent,absent,absent,absent,absent,present_local,cataloged_external,absent,wTPrdOyALx0,cataloged_external,absent,absent,absent,absent,absent,cataloged_external,source_only,pass1_match_class=possible; otter_candidates=1 (unconfirmed)
aosrd-webinars-176-5TjogxSEJXY,AOSRD_Clearfield,aosrd_webinars_youtube,"Membrane Lipid Replacement to Improve Mitochondrial Dysfunction with John Casey – May 23, 2023 (Video)",membrane lipid replacement to improve mitochondrial dysfunction with john casey may 23 2023 video,aosrd-webinars-176-5TjogxSEJXY|VwrSvok1RCW2X3iJ_Kwbd8JK6k8|wcHy9pPXoWy5S62-GJbpasQtw2o,VwrSvok1RCW2X3iJ_Kwbd8JK6k8;wcHy9pPXoWy5S62-GJbpasQtw2o,2025-11-12;2025-02-12,Research/lectures/clearfield-webinar-2025-11-12;Research/lectures/clearfield-webinar-2025-02-12,absent,absent,absent,absent,absent,absent,absent,absent,absent,absent,false,absent,absent,absent,absent,absent,absent,absent,present_local,absent,absent,5TjogxSEJXY,cataloged_external,absent,absent,absent,absent,absent,cataloged_external,source_only,pass1_match_class=possible; otter_candidates=2 (unconfirmed)
aosrd-webinars-177-cVzkS-n0zS4,AOSRD_Clearfield,aosrd_webinars_youtube,"Quantum Cellular Medicine with David Konn – May 16, 2023 (Video)",quantum cellular medicine with david konn may 16 2023 video,aosrd-webinars-177-cVzkS-n0zS4,,,,absent,absent,absent,absent,absent,absent,absent,absent,absent,absent,false,absent,absent,absent,absent,absent,absent,absent,present_local,absent,absent,cVzkS-n0zS4,cataloged_external,absent,absent,absent,absent,absent,cataloged_external,source_only,pass1_match_class=no_match; otter_candidates=0 (unconfirmed)
aosrd-webinars-178-D7o1Fdgy42o,AOSRD_Clearfield,aosrd_webinars_youtube,"Cannabis 101 with Dr. Kent Crowley – May 9, 2023 (Video)",cannabis 101 with dr kent crowley may 9 2023 video,aosrd-webinars-178-D7o1Fdgy42o|KPtFIYDuvg1p0CbfNkYIuOVkwIE,KPtFIYDuvg1p0CbfNkYIuOVkwIE,2025-10-21,Research/lectures/clearfield-webinar-2025-10-21,absent,absent,absent,absent,absent,absent,absent,absent,absent,absent,false,absent,absent,absent,absent,absent,absent,absent,present_local,cataloged_external,absent,D7o1Fdgy42o,cataloged_external,absent,absent,absent,absent,absent,cataloged_external,source_only,pass1_match_class=possible; otter_candidates=1 (unconfirmed)
aosrd-webinars-179-9suZ_6zVHEM,AOSRD_Clearfield,aosrd_webinars_youtube,"Methylene Blue with Dr. Bill Clearfield – May 8, 2023 (Video)",methylene blue with dr bill clearfield may 8 2023 video,aosrd-webinars-179-9suZ_6zVHEM|wcHy9pPXoWy5S62-GJbpasQtw2o|JAhRYbDDwDsC4em3dazDKyDw4gM,wcHy9pPXoWy5S62-GJbpasQtw2o;JAhRYbDDwDsC4em3dazDKyDw4gM,2025-02-12;2025-02-05,Research/lectures/clearfield-webinar-2025-02-12;Research/lectures/clearfield-webinar-2025-02-05,absent,absent,absent,absent,absent,absent,absent,absent,absent,absent,false,absent,absent,absent,absent,absent,absent,absent,present_local,cataloged_external,absent,9suZ_6zVHEM,cataloged_external,absent,absent,absent,absent,absent,cataloged_external,source_only,pass1_match_class=possible; otter_candidates=2 (unconfirmed)
aosrd-webinars-180-XS22Ub34U-o,AOSRD_Clearfield,aosrd_webinars_youtube,"Autism with Dr. Jenny Blanchard Stone – April 25, 2023 (Video)",autism with dr jenny blanchard stone april 25 2023 video,aosrd-webinars-180-XS22Ub34U-o,,,,absent,absent,absent,absent,absent,absent,absent,absent,absent,absent,false,absent,absent,absent,absent,absent,absent,absent,present_local,cataloged_external,absent,XS22Ub34U-o,cataloged_external,absent,absent,absent,absent,absent,cataloged_external,source_only,pass1_match_class=no_match; otter_candidates=0 (unconfirmed)
aosrd-webinars-181-0u1-ve92hd0,AOSRD_Clearfield,aosrd_webinars_youtube,"RESToration-Fueling Optimal Sleep with Nitric Oxide with Dr. Chris Melitus – April 18, 2023 (Video)",restoration fueling optimal sleep with nitric oxide with dr chris melitus april 18 2023 video,aosrd-webinars-181-0u1-ve92hd0|EqC6yd4bQDKMl2mpzPURPZu-_Pc|FbRyr7EkkewAoPTmXbK9DtUiA_Y,EqC6yd4bQDKMl2mpzPURPZu-_Pc;FbRyr7EkkewAoPTmXbK9DtUiA_Y,2024-10-08;2024-09-24,Research/lectures/clearfield-webinar-2024-10-08;Research/lectures/clearfield-webinar-2024-09-24,absent,absent,absent,absent,absent,absent,absent,absent,absent,absent,false,absent,absent,absent,absent,absent,absent,absent,present_local,absent,absent,0u1-ve92hd0,cataloged_external,absent,absent,absent,absent,absent,cataloged_external,source_only,pass1_match_class=possible; otter_candidates=2 (unconfirmed)
aosrd-webinars-182-FsuYMzPyjWE,AOSRD_Clearfield,aosrd_webinars_youtube,"The New Face of Weight Loss with Dr. Bill Clearfield – April 11, 2023 (Video)",the new face of weight loss with dr bill clearfield april 11 2023 video,aosrd-webinars-182-FsuYMzPyjWE|5HPCyqwQxi9QD1of8g-CPHrnFcc,5HPCyqwQxi9QD1of8g-CPHrnFcc,2025-01-08,Research/lectures/clearfield-webinar-2025-01-08,absent,absent,absent,absent,absent,absent,absent,absent,absent,absent,false,absent,absent,absent,absent,absent,absent,absent,present_local,cataloged_external,absent,FsuYMzPyjWE,cataloged_external,absent,absent,absent,absent,absent,cataloged_external,source_only,pass1_match_class=possible; otter_candidates=1 (unconfirmed)
aosrd-webinars-183-CW3op9BkNI8,AOSRD_Clearfield,aosrd_webinars_youtube,"Behind the Scenes Thyroid Mechanisms with Dr. Brad Watts – April 4, 2023 (Video)",behind the scenes thyroid mechanisms with dr brad watts april 4 2023 video,aosrd-webinars-183-CW3op9BkNI8,,,,absent,absent,absent,absent,absent,absent,absent,absent,absent,absent,false,absent,absent,absent,absent,absent,absent,absent,present_local,cataloged_external,absent,CW3op9BkNI8,cataloged_external,absent,absent,absent,absent,absent,cataloged_external,source_only,pass1_match_class=no_match; otter_candidates=0 (unconfirmed)
aosrd-webinars-184-4nZN4zvp_Uk,AOSRD_Clearfield,aosrd_webinars_youtube,"Bioregulatory Medicine Applied to Fur Babies with Dr. Marlene Siegel – March 21, 2023 (Video)",bioregulatory medicine applied to fur babies with dr marlene siegel march 21 2023 video,aosrd-webinars-184-4nZN4zvp_Uk,,,,absent,absent,absent,absent,absent,absent,absent,absent,absent,absent,false,absent,absent,absent,absent,absent,absent,absent,present_local,cataloged_external,absent,4nZN4zvp_Uk,cataloged_external,absent,absent,absent,absent,absent,cataloged_external,source_only,pass1_match_class=no_match; otter_candidates=0 (unconfirmed)
aosrd-webinars-185-AZvxTJWqeBA,AOSRD_Clearfield,aosrd_webinars_youtube,"Glutathione Update with Dr. Nayan Patel – March 14, 2023 (Video)",glutathione update with dr nayan patel march 14 2023 video,aosrd-webinars-185-AZvxTJWqeBA|JAhRYbDDwDsC4em3dazDKyDw4gM,JAhRYbDDwDsC4em3dazDKyDw4gM,2025-02-05,Research/lectures/clearfield-webinar-2025-02-05,absent,absent,absent,absent,absent,absent,absent,absent,absent,absent,false,absent,absent,absent,absent,absent,absent,absent,present_local,cataloged_external,absent,AZvxTJWqeBA,cataloged_external,absent,absent,absent,absent,absent,cataloged_external,source_only,pass1_match_class=possible; otter_candidates=1 (unconfirmed)
aosrd-webinars-186-hUswEBL-LBc,AOSRD_Clearfield,aosrd_webinars_youtube,"Muscle Centric Medicine -Principles of Exercise Science with Stefan Hartmann PA – March 7, 2023 (Video)",muscle centric medicine principles of exercise science with stefan hartmann pa march 7 2023 video,aosrd-webinars-186-hUswEBL-LBc|CQjlfnZLZ-CY25UUEq35pSQ0lug|H1Iomsee4ZUONKKezPDcMBYCvQ0|TNvBcRwwSnrkWGe2_L3i3lGvYYk|ykfPBSHSL3meBk4yGojbTxMVIpA,CQjlfnZLZ-CY25UUEq35pSQ0lug;H1Iomsee4ZUONKKezPDcMBYCvQ0;TNvBcRwwSnrkWGe2_L3i3lGvYYk;ykfPBSHSL3meBk4yGojbTxMVIpA,2025-12-24;2026-06-30;2024-12-11;2024-10-22,Research/lectures/clearfield-webinar-2025-12-24;Research/lectures/clearfield-webinar-2026-06-30;Research/lectures/clearfield-webinar-2024-12-11;Research/lectures/clearfield-webinar-2024-10-22,absent,absent,absent,absent,absent,absent,absent,absent,absent,absent,false,absent,absent,absent,absent,absent,absent,absent,present_local,cataloged_external,absent,hUswEBL-LBc,cataloged_external,absent,absent,absent,absent,absent,cataloged_external,source_only,pass1_match_class=possible; otter_candidates=4 (unconfirmed)
aosrd-webinars-187-no_id,AOSRD_Clearfield,aosrd_webinars_vimeo,"Functional Medicine Approach to ADHD with Dr. John Neustadt – February 28, 2023 (Video)",functional medicine approach to adhd with dr john neustadt february 28 2023 video,aosrd-webinars-187-no_id,,,,absent,absent,absent,absent,absent,absent,absent,absent,absent,absent,false,absent,absent,absent,absent,absent,absent,absent,present_local,cataloged_external,absent,,absent,absent,cataloged_external,absent,absent,absent,cataloged_external,source_only,
aosrd-webinars-188-no_id,AOSRD_Clearfield,aosrd_webinars_vimeo,"The Courage to Face Covid with Dr Peter McCullough – February 21, 2023 (Video)",the courage to face covid with dr peter mccullough february 21 2023 video,aosrd-webinars-188-no_id,,,,absent,absent,absent,absent,absent,absent,absent,absent,absent,absent,false,absent,absent,absent,absent,absent,absent,absent,present_local,cataloged_external,absent,,absent,absent,cataloged_external,absent,absent,absent,cataloged_external,source_only,
aosrd-webinars-189-bMobTwHmWhM,AOSRD_Clearfield,aosrd_webinars_youtube,"Integrative Immunology with Dr. Benoit Tano – February 14, 2023 (Video)",integrative immunology with dr benoit tano february 14 2023 video,aosrd-webinars-189-bMobTwHmWhM|81vgkJ55QnsvesXbnyxCMQPr6Rc|wcHy9pPXoWy5S62-GJbpasQtw2o|JAhRYbDDwDsC4em3dazDKyDw4gM,81vgkJ55QnsvesXbnyxCMQPr6Rc;wcHy9pPXoWy5S62-GJbpasQtw2o;JAhRYbDDwDsC4em3dazDKyDw4gM,2026-06-09;2025-02-12;2025-02-05,Research/lectures/clearfield-webinar-2026-06-09;Research/lectures/clearfield-webinar-2025-02-12;Research/lectures/clearfield-webinar-2025-02-05,absent,absent,absent,absent,absent,absent,absent,absent,absent,absent,false,absent,absent,absent,absent,absent,absent,absent,present_local,cataloged_external,absent,bMobTwHmWhM,cataloged_external,absent,absent,absent,absent,absent,cataloged_external,source_only,pass1_match_class=possible; otter_candidates=3 (unconfirmed)
aosrd-webinars-190-5hQ-anaFGIU,AOSRD_Clearfield,aosrd_webinars_youtube,"The Ancestral Diet as Treatment for Chronic Disease with Stefan Hartmann, PA – February 8, 2023 (Video)",the ancestral diet as treatment for chronic disease with stefan hartmann pa february 8 2023 video,aosrd-webinars-190-5hQ-anaFGIU|CQjlfnZLZ-CY25UUEq35pSQ0lug|lnZUNAyEcVNSN0i3JOEbuJcc15A,CQjlfnZLZ-CY25UUEq35pSQ0lug;lnZUNAyEcVNSN0i3JOEbuJcc15A,2025-12-24;2025-02-19,Research/lectures/clearfield-webinar-2025-12-24;Research/lectures/clearfield-webinar-2025-02-19,absent,absent,absent,absent,absent,absent,absent,absent,absent,absent,false,absent,absent,absent,absent,absent,absent,absent,present_local,cataloged_external,absent,5hQ-anaFGIU,cataloged_external,absent,absent,absent,absent,absent,cataloged_external,source_only,pass1_match_class=possible; otter_candidates=2 (unconfirmed)
aosrd-webinars-191-ZrOMyfW29og,AOSRD_Clearfield,aosrd_webinars_youtube,"Interpreting Test Results with Dr. Andrew Campbell – January 31, 2023 (Video)",interpreting test results with dr andrew campbell january 31 2023 video,aosrd-webinars-191-ZrOMyfW29og|uRqtR3sy0qaYlUcYL4_tPVC7Tps|l416W8yP4i7dv3Jhd5H2F74zMnU|j3HjVUuBV5gnR4KrCUuXOZEnPm0|hFcw5MS7FSAuXJGFcnPHqL6j1gM|5HPCyqwQxi9QD1of8g-CPHrnFcc,uRqtR3sy0qaYlUcYL4_tPVC7Tps;l416W8yP4i7dv3Jhd5H2F74zMnU;j3HjVUuBV5gnR4KrCUuXOZEnPm0;hFcw5MS7FSAuXJGFcnPHqL6j1gM;5HPCyqwQxi9QD1of8g-CPHrnFcc,2025-01-15;2026-01-21;2025-10-14;2025-01-22;2025-01-08,Research/lectures/clearfield-webinar-2025-01-15;Research/lectures/clearfield-webinar-2026-01-21;Research/lectures/clearfield-webinar-2025-10-14;Research/lectures/clearfield-webinar-2025-01-22;Research/lectures/clearfield-webinar-2025-01-08,absent,absent,absent,absent,absent,absent,absent,absent,absent,absent,false,absent,absent,absent,absent,absent,absent,absent,present_local,cataloged_external,absent,ZrOMyfW29og,cataloged_external,absent,absent,absent,absent,absent,cataloged_external,source_only,pass1_match_class=possible; otter_candidates=5 (unconfirmed)
aosrd-webinars-192-E6pwg1bmNJk,AOSRD_Clearfield,aosrd_webinars_youtube,"Surgical and Medical Management of Mycotoxin Neurotoxicity with Dr. Donald Dennis – January 24, 2023 (Video)",surgical and medical management of mycotoxin neurotoxicity with dr donald dennis january 24 2023 video,aosrd-webinars-192-E6pwg1bmNJk|hFcw5MS7FSAuXJGFcnPHqL6j1gM|uRqtR3sy0qaYlUcYL4_tPVC7Tps,hFcw5MS7FSAuXJGFcnPHqL6j1gM;uRqtR3sy0qaYlUcYL4_tPVC7Tps,2025-01-22;2025-01-15,Research/lectures/clearfield-webinar-2025-01-22;Research/lectures/clearfield-webinar-2025-01-15,absent,absent,absent,absent,absent,absent,absent,absent,absent,absent,false,absent,absent,absent,absent,absent,absent,absent,present_local,absent,absent,E6pwg1bmNJk,cataloged_external,absent,absent,absent,absent,absent,cataloged_external,source_only,pass1_match_class=possible; otter_candidates=2 (unconfirmed)
aosrd-webinars-193-3HKa-GZK_Qw,AOSRD_Clearfield,aosrd_webinars_youtube,"Menopause-The Impact on Skin and HAir by Dr. Felice Gersh – January 17, 2023 (Video)",menopause the impact on skin and hair by dr felice gersh january 17 2023 video,aosrd-webinars-193-3HKa-GZK_Qw|OL_Ukp1RYjVvnjsMHnF2eXCXDC8,OL_Ukp1RYjVvnjsMHnF2eXCXDC8,2024-10-01,Research/lectures/clearfield-webinar-2024-10-01,absent,absent,absent,absent,absent,absent,absent,absent,absent,absent,false,absent,absent,absent,absent,absent,absent,absent,present_local,cataloged_external,absent,3HKa-GZK_Qw,cataloged_external,absent,absent,absent,absent,absent,cataloged_external,source_only,pass1_match_class=possible; otter_candidates=1 (unconfirmed)
aosrd-webinars-194-no_id,AOSRD_Clearfield,aosrd_webinars_rumble,"Medical Freedom: Stefan Hartmann, PA’s Presentation to the Florida Delegates of State Legislature(Video)",medical freedom stefan hartmann pa s presentation to the florida delegates of state legislature video,aosrd-webinars-194-no_id,,,,absent,absent,absent,absent,absent,absent,absent,absent,absent,absent,false,absent,absent,absent,absent,absent,absent,absent,present_local,absent,absent,,absent,absent,absent,absent,cataloged_external,absent,cataloged_external,source_only,
aosrd-webinars-195-i-q4BtUNVuI,AOSRD_Clearfield,aosrd_webinars_youtube,"The 14-3-3n Biomarker for Rheumatoid Arthritis Diagnosis, Prognosis, and Monitoring with Dr. Nima Mazinani – January 10, 2023(Video)",the 14 3 3n biomarker for rheumatoid arthritis diagnosis prognosis and monitoring with dr nima mazinani january 10 2023 video,aosrd-webinars-195-i-q4BtUNVuI,,,,absent,absent,absent,absent,absent,absent,absent,absent,absent,absent,false,absent,absent,absent,absent,absent,absent,absent,present_local,cataloged_external,absent,i-q4BtUNVuI,cataloged_external,absent,absent,absent,absent,absent,cataloged_external,source_only,pass1_match_class=no_match; otter_candidates=0 (unconfirmed)
aosrd-webinars-196-Td9ybE_W-wU,AOSRD_Clearfield,aosrd_webinars_youtube,"The Role of the Renin-Angiotensin Components in Atherosclerosis with Dr. James Joseph – January 3, 2023(Video)",the role of the renin angiotensin components in atherosclerosis with dr james joseph january 3 2023 video,aosrd-webinars-196-Td9ybE_W-wU|xg4V_A-L8_Ob1jKGBewDTtKzOWg|JAhRYbDDwDsC4em3dazDKyDw4gM,xg4V_A-L8_Ob1jKGBewDTtKzOWg;JAhRYbDDwDsC4em3dazDKyDw4gM,2024-08-13;2025-02-05,Research/lectures/clearfield-webinar-2024-08-13;Research/lectures/clearfield-webinar-2025-02-05,absent,absent,absent,absent,absent,absent,absent,absent,absent,absent,false,absent,absent,absent,absent,absent,absent,absent,present_local,cataloged_external,absent,Td9ybE_W-wU,cataloged_external,absent,absent,absent,absent,absent,cataloged_external,source_only,pass1_match_class=possible; otter_candidates=2 (unconfirmed)
aosrd-webinars-197-92sBrfKcyfE,AOSRD_Clearfield,aosrd_webinars_youtube,"Oxytocin to Treat Chronic Disease-Part 2 with Dr. Salaheldin Halasa – December 27, 2022(Video)",oxytocin to treat chronic disease part 2 with dr salaheldin halasa december 27 2022 video,aosrd-webinars-197-92sBrfKcyfE|EqC6yd4bQDKMl2mpzPURPZu-_Pc|3BvIJDrhEXHdWPee7Ztw2x6EmdE|Zxy20R1uant_QctiZutXLSt-Q-E|b2H7gyjRNmbN0l62XtCzeLPovDE|SdzXWjorAW2NkmSfJoC1PdOzwAE,EqC6yd4bQDKMl2mpzPURPZu-_Pc;3BvIJDrhEXHdWPee7Ztw2x6EmdE;Zxy20R1uant_QctiZutXLSt-Q-E;b2H7gyjRNmbN0l62XtCzeLPovDE;SdzXWjorAW2NkmSfJoC1PdOzwAE,2024-10-08;2025-12-10;2025-03-25;2025-06-24;2025-05-20,Research/lectures/clearfield-webinar-2024-10-08;Research/lectures/clearfield-webinar-2025-12-10;Research/lectures/clearfield-webinar-2025-03-25;Research/lectures/clearfield-webinar-2025-06-24;Research/lectures/clearfield-webinar-2025-05-20,absent,absent,absent,absent,absent,absent,absent,absent,absent,absent,false,absent,absent,absent,absent,absent,absent,absent,present_local,cataloged_external,absent,92sBrfKcyfE,cataloged_external,absent,absent,absent,absent,absent,cataloged_external,source_only,pass1_match_class=variant_derivative; otter_candidates=5 (unconfirmed)
aosrd-webinars-198-fwLHIoDOipY,AOSRD_Clearfield,aosrd_webinars_youtube,"The Role of Nutrition and Prevention – December 20, 2022(Video)",the role of nutrition and prevention december 20 2022 video,aosrd-webinars-198-fwLHIoDOipY,,,,absent,absent,absent,absent,absent,absent,absent,absent,absent,absent,false,absent,absent,absent,absent,absent,absent,absent,present_local,cataloged_external,absent,fwLHIoDOipY,cataloged_external,absent,absent,absent,absent,absent,cataloged_external,source_only,pass1_match_class=no_match; otter_candidates=0 (unconfirmed)
aosrd-webinars-199-GpYX1_vmLFI,AOSRD_Clearfield,aosrd_webinars_youtube,"Fracture Proof Your Bones-A Comprehensive Guide to Osteoporosis with Dr. John Neustadt – December 14, 2022(Video)",fracture proof your bones a comprehensive guide to osteoporosis with dr john neustadt december 14 2022 video,aosrd-webinars-199-GpYX1_vmLFI|y59a2fEx8UgOiThJHr1w-HcQc1U|GH57wayNAp6iLAYz_3IRSsC5few,y59a2fEx8UgOiThJHr1w-HcQc1U;GH57wayNAp6iLAYz_3IRSsC5few,2024-08-20;2026-01-07,Research/lectures/clearfield-webinar-2024-08-20;Research/lectures/clearfield-webinar-2026-01-07,absent,absent,absent,absent,absent,absent,absent,absent,absent,absent,false,absent,absent,absent,absent,absent,absent,absent,present_local,cataloged_external,absent,GpYX1_vmLFI,cataloged_external,absent,absent,absent,absent,absent,cataloged_external,source_only,pass1_match_class=possible; otter_candidates=2 (unconfirmed)
aosrd-webinars-200-8vtxAVALprY,AOSRD_Clearfield,aosrd_webinars_youtube,"Integrative Psychiatry, Neurofeedback, and the Treatment Resistant Patient with Dr. John Finnick – December 6, 2022(Video)",integrative psychiatry neurofeedback and the treatment resistant patient with dr john finnick december 6 2022 video,aosrd-webinars-200-8vtxAVALprY,,,,absent,absent,absent,absent,absent,absent,absent,absent,absent,absent,false,absent,absent,absent,absent,absent,absent,absent,present_local,cataloged_external,absent,8vtxAVALprY,cataloged_external,absent,absent,absent,absent,absent,cataloged_external,source_only,pass1_match_class=no_match; otter_candidates=0 (unconfirmed)
aosrd-webinars-201-8blzjFv9r8I,AOSRD_Clearfield,aosrd_webinars_youtube,"Osteopathic Manipulation in Treating Pain, and Substance Abuse – November 29, 2022(Video)",osteopathic manipulation in treating pain and substance abuse november 29 2022 video,aosrd-webinars-201-8blzjFv9r8I,,,,absent,absent,absent,absent,absent,absent,absent,absent,absent,absent,false,absent,absent,absent,absent,absent,absent,absent,present_local,cataloged_external,absent,8blzjFv9r8I,cataloged_external,absent,absent,absent,absent,absent,cataloged_external,source_only,pass1_match_class=no_match; otter_candidates=0 (unconfirmed)
aosrd-webinars-202-x6BIrL8qmzk,AOSRD_Clearfield,aosrd_webinars_youtube,"Oxytocin Utilization in Chronic Disease Management with Dr. Salaheldin Halasa – November 23, 2022(Video)",oxytocin utilization in chronic disease management with dr salaheldin halasa november 23 2022 video,aosrd-webinars-202-x6BIrL8qmzk|GUt4yZgCp4lNVboAnJBHNMsHO7A|EqC6yd4bQDKMl2mpzPURPZu-_Pc,GUt4yZgCp4lNVboAnJBHNMsHO7A;EqC6yd4bQDKMl2mpzPURPZu-_Pc,2025-05-06;2024-10-08,Research/lectures/clearfield-webinar-2025-05-06;Research/lectures/clearfield-webinar-2024-10-08,absent,absent,absent,absent,absent,absent,absent,absent,absent,absent,false,absent,absent,absent,absent,absent,absent,absent,present_local,cataloged_external,absent,x6BIrL8qmzk,cataloged_external,absent,absent,absent,absent,absent,cataloged_external,source_only,pass1_match_class=possible; otter_candidates=2 (unconfirmed)
aosrd-webinars-203-4u_3c_lFUzs,AOSRD_Clearfield,aosrd_webinars_youtube,"Type-1 Diabetes Outcomes, Therapies, and Future Innovations with Dr. Andrew Koutnik – November 8, 2022(Video)",type 1 diabetes outcomes therapies and future innovations with dr andrew koutnik november 8 2022 video,aosrd-webinars-203-4u_3c_lFUzs|j3HjVUuBV5gnR4KrCUuXOZEnPm0,j3HjVUuBV5gnR4KrCUuXOZEnPm0,2025-10-14,Research/lectures/clearfield-webinar-2025-10-14,absent,absent,absent,absent,absent,absent,absent,absent,absent,absent,false,absent,absent,absent,absent,absent,absent,absent,present_local,cataloged_external,absent,4u_3c_lFUzs,cataloged_external,absent,absent,absent,absent,absent,cataloged_external,source_only,pass1_match_class=possible; otter_candidates=1 (unconfirmed)
aosrd-webinars-204-Qy2mrgSpVNg,AOSRD_Clearfield,aosrd_webinars_youtube,"The Positive Side of the Plummeting Health Index in America with Dr. Mark Lafferty – November 1, 2022(Video)",the positive side of the plummeting health index in america with dr mark lafferty november 1 2022 video,aosrd-webinars-204-Qy2mrgSpVNg|qwUT3cyV7gYvn34XQtrA84mAbiI|P1FgRy3FvTrrNYsXISdsJKJeiEg|Zxy20R1uant_QctiZutXLSt-Q-E,qwUT3cyV7gYvn34XQtrA84mAbiI;P1FgRy3FvTrrNYsXISdsJKJeiEg;Zxy20R1uant_QctiZutXLSt-Q-E,2024-11-20;2024-11-06;2025-03-25,Research/lectures/clearfield-webinar-2024-11-20;Research/lectures/clearfield-webinar-2024-11-06;Research/lectures/clearfield-webinar-2025-03-25,absent,absent,absent,absent,absent,absent,absent,absent,absent,absent,false,absent,absent,absent,absent,absent,absent,absent,present_local,cataloged_external,absent,Qy2mrgSpVNg,cataloged_external,absent,absent,absent,absent,absent,cataloged_external,source_only,pass1_match_class=possible; otter_candidates=3 (unconfirmed)
aosrd-webinars-205-no_id,AOSRD_Clearfield,aosrd_webinars_vimeo,"Prostate Community Trial A Global Community Trial for the Treatment of Prostate Enlargement and Prostate Cancer with Stefan Hartmann PA-C and Manual – October 25, 2022(Video)",prostate community trial a global community trial for the treatment of prostate enlargement and prostate cancer with stefan hartmann pa c and manual october 25 2022 video,aosrd-webinars-205-no_id,,,,absent,absent,absent,absent,absent,absent,absent,absent,absent,absent,false,absent,absent,absent,absent,absent,absent,absent,present_local,cataloged_external,absent,,absent,absent,cataloged_external,absent,absent,absent,cataloged_external,source_only,
aosrd-webinars-206-Inw1HrqQfaQ,AOSRD_Clearfield,aosrd_webinars_youtube,Intervegrated Interventional Radiology by Dr. Brian Evans (Video),intervegrated interventional radiology by dr brian evans video,aosrd-webinars-206-Inw1HrqQfaQ,,,,absent,absent,absent,absent,absent,absent,absent,absent,absent,absent,false,absent,absent,absent,absent,absent,absent,absent,present_local,absent,absent,Inw1HrqQfaQ,cataloged_external,absent,absent,absent,absent,absent,cataloged_external,source_only,pass1_match_class=no_match; otter_candidates=0 (unconfirmed)
aosrd-webinars-207-0cBElywMkUY,AOSRD_Clearfield,aosrd_webinars_youtube,"Plasmalogens, Brain Health, and Longevity-What Every Integrative and Osteopathic Physician Needs to Know by Dr. Dayan Goodenowe Tuesday October 11, 2022 (Video)",plasmalogens brain health and longevity what every integrative and osteopathic physician needs to know by dr dayan goodenowe tuesday october 11 2022 video,aosrd-webinars-207-0cBElywMkUY|vjcply7K-rJtWMYGKgD39abIq9E|ZdpkFb1zUrwSD134tv35ZcrcaI8|HY-sCmihzh3EJ69WWVwlTT0Ri6s,vjcply7K-rJtWMYGKgD39abIq9E;ZdpkFb1zUrwSD134tv35ZcrcaI8;HY-sCmihzh3EJ69WWVwlTT0Ri6s,2024-11-27;2025-07-29;2025-11-26,Research/lectures/clearfield-webinar-2024-11-27;Research/lectures/clearfield-webinar-2025-07-29;Research/lectures/clearfield-webinar-2025-11-26,absent,absent,absent,absent,absent,absent,absent,absent,absent,absent,false,absent,absent,absent,absent,absent,absent,absent,present_local,cataloged_external,absent,0cBElywMkUY,cataloged_external,absent,absent,absent,absent,absent,cataloged_external,source_only,pass1_match_class=possible; otter_candidates=3 (unconfirmed)
aosrd-webinars-208-6jbaJncCJOY,AOSRD_Clearfield,aosrd_webinars_youtube,"Teaching Physician About Radon with Chris Kelly, Radon Program Officer, Universit of Nevada, Reno September 27, 2022 (Video)",teaching physician about radon with chris kelly radon program officer universit of nevada reno september 27 2022 video,aosrd-webinars-208-6jbaJncCJOY|sLBIeA_Jmb8LAaQrgfDavdK3onA,sLBIeA_Jmb8LAaQrgfDavdK3onA,2025-10-28,Research/lectures/clearfield-webinar-2025-10-28,absent,absent,absent,absent,absent,absent,absent,absent,absent,absent,false,absent,absent,absent,absent,absent,absent,absent,present_local,absent,absent,6jbaJncCJOY,cataloged_external,absent,absent,absent,absent,absent,cataloged_external,source_only,pass1_match_class=possible; otter_candidates=1 (unconfirmed)
aosrd-webinars-209-728P3vA7hsU,AOSRD_Clearfield,aosrd_webinars_youtube,"Molds, Mycotoxins and the Brain-An Evidenced Based Presentation by Dr. Andrew Campbell (Video)",molds mycotoxins and the brain an evidenced based presentation by dr andrew campbell video,aosrd-webinars-209-728P3vA7hsU|hFcw5MS7FSAuXJGFcnPHqL6j1gM|v3Md09l1C_mz3hrDPWngln5SYQw,hFcw5MS7FSAuXJGFcnPHqL6j1gM;v3Md09l1C_mz3hrDPWngln5SYQw,2025-01-22;2025-09-09,Research/lectures/clearfield-webinar-2025-01-22;Research/lectures/clearfield-webinar-2025-09-09,absent,absent,absent,absent,absent,absent,absent,absent,absent,absent,false,absent,absent,absent,absent,absent,absent,absent,present_local,cataloged_external,absent,728P3vA7hsU,cataloged_external,absent,absent,absent,absent,absent,cataloged_external,source_only,pass1_match_class=possible; otter_candidates=2 (unconfirmed)
aosrd-webinars-210-cTMj6l8otsA,AOSRD_Clearfield,aosrd_webinars_youtube,Muscle Testing with Dr. Clyde Porter (Video),muscle testing with dr clyde porter video,aosrd-webinars-210-cTMj6l8otsA,,,,absent,absent,absent,absent,absent,absent,absent,absent,absent,absent,false,absent,absent,absent,absent,absent,absent,absent,present_local,absent,absent,cTMj6l8otsA,cataloged_external,absent,absent,absent,absent,absent,cataloged_external,source_only,pass1_match_class=no_match; otter_candidates=0 (unconfirmed)
aosrd-webinars-211-xXkcEzAgITI,AOSRD_Clearfield,aosrd_webinars_youtube,Brain Omega-The Connection Between Vision and Cognition by Dr. Michael Nelson (Video),brain omega the connection between vision and cognition by dr michael nelson video,aosrd-webinars-211-xXkcEzAgITI|ykfPBSHSL3meBk4yGojbTxMVIpA,ykfPBSHSL3meBk4yGojbTxMVIpA,2024-10-22,Research/lectures/clearfield-webinar-2024-10-22,absent,absent,absent,absent,absent,absent,absent,absent,absent,absent,false,absent,absent,absent,absent,absent,absent,absent,present_local,absent,absent,xXkcEzAgITI,cataloged_external,absent,absent,absent,absent,absent,cataloged_external,source_only,pass1_match_class=possible; otter_candidates=1 (unconfirmed)
aosrd-webinars-212-11lqZNd_70Q,AOSRD_Clearfield,aosrd_webinars_youtube,"Menopause, Hormones, and Brain Health wih Dr Felice Gersh (Video)",menopause hormones and brain health wih dr felice gersh video,aosrd-webinars-212-11lqZNd_70Q|OL_Ukp1RYjVvnjsMHnF2eXCXDC8,OL_Ukp1RYjVvnjsMHnF2eXCXDC8,2024-10-01,Research/lectures/clearfield-webinar-2024-10-01,absent,absent,absent,absent,absent,absent,absent,absent,absent,absent,false,absent,absent,absent,absent,absent,absent,absent,present_local,absent,absent,11lqZNd_70Q,cataloged_external,absent,absent,absent,absent,absent,cataloged_external,source_only,pass1_match_class=possible; otter_candidates=1 (unconfirmed)
aosrd-webinars-213-npC7R8AeoV8,AOSRD_Clearfield,aosrd_webinars_youtube,Depression by Dr. Ron Centric (Video),depression by dr ron centric video,aosrd-webinars-213-npC7R8AeoV8,,,,absent,absent,absent,absent,absent,absent,absent,absent,absent,absent,false,absent,absent,absent,absent,absent,absent,absent,present_local,absent,absent,npC7R8AeoV8,cataloged_external,absent,absent,absent,absent,absent,cataloged_external,source_only,pass1_match_class=no_match; otter_candidates=0 (unconfirmed)
aosrd-webinars-214-Zf7hlrZ7Ljo,AOSRD_Clearfield,aosrd_webinars_youtube,Gut-Brain Connection by Dr. Brad Watts (Video),gut brain connection by dr brad watts video,aosrd-webinars-214-Zf7hlrZ7Ljo,,,,absent,absent,absent,absent,absent,absent,absent,absent,absent,absent,false,absent,absent,absent,absent,absent,absent,absent,present_local,cataloged_external,absent,Zf7hlrZ7Ljo,cataloged_external,absent,absent,absent,absent,absent,cataloged_external,source_only,pass1_match_class=no_match; otter_candidates=0 (unconfirmed)
aosrd-webinars-215-P0N8GWKt-VM,AOSRD_Clearfield,aosrd_webinars_youtube,Medical Cannibis for Chronic Pain-Hype or Reality by Dr. Mikhail Kogan (Video),medical cannibis for chronic pain hype or reality by dr mikhail kogan video,aosrd-webinars-215-P0N8GWKt-VM,,,,absent,absent,absent,absent,absent,absent,absent,absent,absent,absent,false,absent,absent,absent,absent,absent,absent,absent,present_local,absent,absent,P0N8GWKt-VM,cataloged_external,absent,absent,absent,absent,absent,cataloged_external,source_only,pass1_match_class=no_match; otter_candidates=0 (unconfirmed)
aosrd-webinars-216-aCTMwsJz6ZY,AOSRD_Clearfield,aosrd_webinars_youtube,Stress Devil or Angel by Dr Mikhail Berman (Video),stress devil or angel by dr mikhail berman video,aosrd-webinars-216-aCTMwsJz6ZY,,,,absent,absent,absent,absent,absent,absent,absent,absent,absent,absent,false,absent,absent,absent,absent,absent,absent,absent,present_local,absent,absent,aCTMwsJz6ZY,cataloged_external,absent,absent,absent,absent,absent,cataloged_external,source_only,pass1_match_class=no_match; otter_candidates=0 (unconfirmed)
aosrd-webinars-217-vNgGCNkgzTA,AOSRD_Clearfield,aosrd_webinars_youtube,Whole Body Detox by Bob Greska and Erica Kahn (Video),whole body detox by bob greska and erica kahn video,aosrd-webinars-217-vNgGCNkgzTA|hxlUjPAXSClySIs4HN1P0CWe_Qk,hxlUjPAXSClySIs4HN1P0CWe_Qk,2026-06-16,Research/lectures/clearfield-webinar-2026-06-16,absent,absent,absent,absent,absent,absent,absent,absent,absent,absent,false,absent,absent,absent,absent,absent,absent,absent,present_local,absent,absent,vNgGCNkgzTA,cataloged_external,absent,absent,absent,absent,absent,cataloged_external,source_only,pass1_match_class=possible; otter_candidates=1 (unconfirmed)
aosrd-webinars-218-fCe8O3iWFJI,AOSRD_Clearfield,aosrd_webinars_youtube,Hashimoto’s Thyroiditis by Dr. Pam Smith. Date: 7/19/2022 (Video),hashimoto s thyroiditis by dr pam smith date 7 19 2022 video,aosrd-webinars-218-fCe8O3iWFJI,,,,absent,absent,absent,absent,absent,absent,absent,absent,absent,absent,false,absent,absent,absent,absent,absent,absent,absent,present_local,absent,absent,fCe8O3iWFJI,cataloged_external,absent,absent,absent,absent,absent,cataloged_external,source_only,pass1_match_class=no_match; otter_candidates=0 (unconfirmed)
aosrd-webinars-219-4w6nt-jqz4s,AOSRD_Clearfield,aosrd_webinars_youtube,The Importance of the Upper Cervical Spine The Atlas Orthogonal Perspective by Dr. Dennis Harding (Video),the importance of the upper cervical spine the atlas orthogonal perspective by dr dennis harding video,aosrd-webinars-219-4w6nt-jqz4s,,,,absent,absent,absent,absent,absent,absent,absent,absent,absent,absent,false,absent,absent,absent,absent,absent,absent,absent,present_local,absent,absent,4w6nt-jqz4s,cataloged_external,absent,absent,absent,absent,absent,cataloged_external,source_only,pass1_match_class=no_match; otter_candidates=0 (unconfirmed)
aosrd-webinars-220-SDvhsZzb6dk,AOSRD_Clearfield,aosrd_webinars_youtube,Micronutrients in Chronic Disease States by Dr. Kedar Prasad (Video),micronutrients in chronic disease states by dr kedar prasad video,aosrd-webinars-220-SDvhsZzb6dk,,,,absent,absent,absent,absent,absent,absent,absent,absent,absent,absent,false,absent,absent,absent,absent,absent,absent,absent,present_local,absent,absent,SDvhsZzb6dk,cataloged_external,absent,absent,absent,absent,absent,cataloged_external,source_only,pass1_match_class=no_match; otter_candidates=0 (unconfirmed)
aosrd-webinars-221-MmQQQCArvdc,AOSRD_Clearfield,aosrd_webinars_youtube,"Hashimoto’s Thyroiditis by Salaheldin Halasa, MD (Video)",hashimoto s thyroiditis by salaheldin halasa md video,aosrd-webinars-221-MmQQQCArvdc|xg4V_A-L8_Ob1jKGBewDTtKzOWg|SdzXWjorAW2NkmSfJoC1PdOzwAE|b2H7gyjRNmbN0l62XtCzeLPovDE,xg4V_A-L8_Ob1jKGBewDTtKzOWg;SdzXWjorAW2NkmSfJoC1PdOzwAE;b2H7gyjRNmbN0l62XtCzeLPovDE,2024-08-13;2025-05-20;2025-06-24,Research/lectures/clearfield-webinar-2024-08-13;Research/lectures/clearfield-webinar-2025-05-20;Research/lectures/clearfield-webinar-2025-06-24,absent,absent,absent,absent,absent,absent,absent,absent,absent,absent,false,absent,absent,absent,absent,absent,absent,absent,present_local,absent,absent,MmQQQCArvdc,cataloged_external,absent,absent,absent,absent,absent,cataloged_external,source_only,pass1_match_class=possible; otter_candidates=3 (unconfirmed)
aosrd-webinars-222-7VK4bSpD9t8,AOSRD_Clearfield,aosrd_webinars_youtube,Introduction to Bioidentical Hormones by Dr. William Clearfield (Video),introduction to bioidentical hormones by dr william clearfield video,aosrd-webinars-222-7VK4bSpD9t8|OlXuXl73V1RAQ4bVYXoakDZMRnU,OlXuXl73V1RAQ4bVYXoakDZMRnU,2026-04-07,Research/lectures/clearfield-webinar-2026-04-07,absent,absent,absent,absent,absent,absent,absent,absent,absent,absent,false,absent,absent,absent,absent,absent,absent,absent,present_local,absent,absent,7VK4bSpD9t8,cataloged_external,absent,absent,absent,absent,absent,cataloged_external,source_only,pass1_match_class=possible; otter_candidates=1 (unconfirmed)
aosrd-webinars-223-YUkfwX92wGw,AOSRD_Clearfield,aosrd_webinars_youtube,Interleukin-6 The Key to Inflammation by Dr. James Joseph (Video),interleukin 6 the key to inflammation by dr james joseph video,aosrd-webinars-223-YUkfwX92wGw|xg4V_A-L8_Ob1jKGBewDTtKzOWg|JAhRYbDDwDsC4em3dazDKyDw4gM,xg4V_A-L8_Ob1jKGBewDTtKzOWg;JAhRYbDDwDsC4em3dazDKyDw4gM,2024-08-13;2025-02-05,Research/lectures/clearfield-webinar-2024-08-13;Research/lectures/clearfield-webinar-2025-02-05,absent,absent,absent,absent,absent,absent,absent,absent,absent,absent,false,absent,absent,absent,absent,absent,absent,absent,present_local,absent,absent,YUkfwX92wGw,cataloged_external,absent,absent,absent,absent,absent,cataloged_external,source_only,pass1_match_class=possible; otter_candidates=2 (unconfirmed)
aosrd-webinars-224-qORv5ARtglk,AOSRD_Clearfield,aosrd_webinars_youtube,The Future of Biological Dentistry: Where Do We Go from Here? with Dr. Scott Chandler (Video),the future of biological dentistry where do we go from here with dr scott chandler video,aosrd-webinars-224-qORv5ARtglk,,,,absent,absent,absent,absent,absent,absent,absent,absent,absent,absent,false,absent,absent,absent,absent,absent,absent,absent,present_local,cataloged_external,absent,qORv5ARtglk,cataloged_external,absent,absent,absent,absent,absent,cataloged_external,source_only,pass1_match_class=no_match; otter_candidates=0 (unconfirmed)
aosrd-webinars-225-UU98xo0Fl_s,AOSRD_Clearfield,aosrd_webinars_youtube,"Substance Abuse in OMT, PMR, and Pain Management Medicine with Dr. David Leszkovitz (Video)",substance abuse in omt pmr and pain management medicine with dr david leszkovitz video,aosrd-webinars-225-UU98xo0Fl_s,,,,absent,absent,absent,absent,absent,absent,absent,absent,absent,absent,false,absent,absent,absent,absent,absent,absent,absent,present_local,absent,absent,UU98xo0Fl_s,cataloged_external,absent,absent,absent,absent,absent,cataloged_external,source_only,pass1_match_class=no_match; otter_candidates=0 (unconfirmed)
aosrd-webinars-226-no_id,AOSRD_Clearfield,aosrd_webinars_vimeo,The Courage to Face Covid-19 By Dr. Peter Mccullough (Video),the courage to face covid 19 by dr peter mccullough video,aosrd-webinars-226-no_id,,,,absent,absent,absent,absent,absent,absent,absent,absent,absent,absent,false,absent,absent,absent,absent,absent,absent,absent,present_local,cataloged_external,absent,,absent,absent,cataloged_external,absent,absent,absent,cataloged_external,source_only,
aosrd-webinars-227-FNuUgbmOf44,AOSRD_Clearfield,aosrd_webinars_youtube,Discovering the Path to Health by Dr. Mark Lafferty (Video),discovering the path to health by dr mark lafferty video,aosrd-webinars-227-FNuUgbmOf44,,,,absent,absent,absent,absent,absent,absent,absent,absent,absent,absent,false,absent,absent,absent,absent,absent,absent,absent,present_local,absent,absent,FNuUgbmOf44,cataloged_external,absent,absent,absent,absent,absent,cataloged_external,source_only,pass1_match_class=no_match; otter_candidates=0 (unconfirmed)
aosrd-webinars-228-YApM3jxDJuc,AOSRD_Clearfield,aosrd_webinars_youtube,The Role of Angiotensin-Converting Enzyme 2 in Sars-CoV 2 by Dr. Halasa,the role of angiotensin converting enzyme 2 in sars cov 2 by dr halasa,aosrd-webinars-228-YApM3jxDJuc,,,,absent,absent,absent,absent,absent,absent,absent,absent,absent,absent,false,absent,absent,absent,absent,absent,absent,absent,present_local,absent,absent,YApM3jxDJuc,cataloged_external,absent,absent,absent,absent,absent,cataloged_external,source_only,pass1_match_class=no_match; otter_candidates=0 (unconfirmed)
aosrd-webinars-229-no_id,AOSRD_Clearfield,aosrd_webinars_vimeo,Pathophysiologic Rationale for Early Treatment of COVID-19 with Dr. Peter McCoullough,pathophysiologic rationale for early treatment of covid 19 with dr peter mccoullough,aosrd-webinars-229-no_id,,,,absent,absent,absent,absent,absent,absent,absent,absent,absent,absent,false,absent,absent,absent,absent,absent,absent,absent,present_local,absent,absent,,absent,absent,cataloged_external,absent,absent,absent,cataloged_external,source_only,
aosrd-webinars-230-P7DyhMvm0SA,AOSRD_Clearfield,aosrd_webinars_youtube,Anti-Aging Medicine with Dr. Mikhail Berman (Video),anti aging medicine with dr mikhail berman video,aosrd-webinars-230-P7DyhMvm0SA,,,,absent,absent,absent,absent,absent,absent,absent,absent,absent,absent,false,absent,absent,absent,absent,absent,absent,absent,present_local,cataloged_external,absent,P7DyhMvm0SA,cataloged_external,absent,absent,absent,absent,absent,cataloged_external,source_only,pass1_match_class=no_match; otter_candidates=0 (unconfirmed)
aosrd-webinars-231-HNjzfx3w6U4,AOSRD_Clearfield,aosrd_webinars_youtube,US Canada Hormone Conference Progesterone (Video),us canada hormone conference progesterone video,aosrd-webinars-231-HNjzfx3w6U4,,,,absent,absent,absent,absent,absent,absent,absent,absent,absent,absent,false,absent,absent,absent,absent,absent,absent,absent,present_local,absent,absent,HNjzfx3w6U4,cataloged_external,absent,absent,absent,absent,absent,cataloged_external,source_only,pass1_match_class=no_match; otter_candidates=0 (unconfirmed)
aosrd-webinars-232-rqFCphSMW1o,AOSRD_Clearfield,aosrd_webinars_youtube,Integrative Medicine and the Law by Judge Egan Walker (Video),integrative medicine and the law by judge egan walker video,aosrd-webinars-232-rqFCphSMW1o,,,,absent,absent,absent,absent,absent,absent,absent,absent,absent,absent,false,absent,absent,absent,absent,absent,absent,absent,present_local,cataloged_external,absent,rqFCphSMW1o,cataloged_external,absent,absent,absent,absent,absent,cataloged_external,source_only,pass1_match_class=no_match; otter_candidates=0 (unconfirmed)
aosrd-webinars-233-GFCg9tySvGI,AOSRD_Clearfield,aosrd_webinars_youtube,"New Horizons in Cancer Treatment by Kalapana Patel, MD (Video)",new horizons in cancer treatment by kalapana patel md video,aosrd-webinars-233-GFCg9tySvGI,,,,absent,absent,absent,absent,absent,absent,absent,absent,absent,absent,false,absent,absent,absent,absent,absent,absent,absent,present_local,cataloged_external,absent,GFCg9tySvGI,cataloged_external,absent,absent,absent,absent,absent,cataloged_external,source_only,pass1_match_class=no_match; otter_candidates=0 (unconfirmed)
aosrd-webinars-234-5xpAcQ8J7hE,AOSRD_Clearfield,aosrd_webinars_youtube,"Frequency Specific Microcurrent by Carol McMakin, MA,DC (Video)",frequency specific microcurrent by carol mcmakin ma dc video,aosrd-webinars-234-5xpAcQ8J7hE,,,,absent,absent,absent,absent,absent,absent,absent,absent,absent,absent,false,absent,absent,absent,absent,absent,absent,absent,present_local,cataloged_external,absent,5xpAcQ8J7hE,cataloged_external,absent,absent,absent,absent,absent,cataloged_external,source_only,pass1_match_class=no_match; otter_candidates=0 (unconfirmed)
aosrd-webinars-235-4ErgdNqYbRc,AOSRD_Clearfield,aosrd_webinars_youtube,Integrative Immuno Oncology Part 2 by Dr. Salaheldin Halasa (Video),integrative immuno oncology part 2 by dr salaheldin halasa video,aosrd-webinars-235-4ErgdNqYbRc|SdzXWjorAW2NkmSfJoC1PdOzwAE|b2H7gyjRNmbN0l62XtCzeLPovDE|JAhRYbDDwDsC4em3dazDKyDw4gM,SdzXWjorAW2NkmSfJoC1PdOzwAE;b2H7gyjRNmbN0l62XtCzeLPovDE;JAhRYbDDwDsC4em3dazDKyDw4gM,2025-05-20;2025-06-24;2025-02-05,Research/lectures/clearfield-webinar-2025-05-20;Research/lectures/clearfield-webinar-2025-06-24;Research/lectures/clearfield-webinar-2025-02-05,absent,absent,absent,absent,absent,absent,absent,absent,absent,absent,false,absent,absent,absent,absent,absent,absent,absent,present_local,cataloged_external,absent,4ErgdNqYbRc,cataloged_external,absent,absent,absent,absent,absent,cataloged_external,source_only,pass1_match_class=variant_derivative; otter_candidates=3 (unconfirmed)
aosrd-webinars-236-JdOL-00shnA,AOSRD_Clearfield,aosrd_webinars_youtube,"Chronic Fatigue Syndrome by Dr. Jacob Teitelbaum March 15, 2022 (Video)",chronic fatigue syndrome by dr jacob teitelbaum march 15 2022 video,aosrd-webinars-236-JdOL-00shnA|eEDmdeOTNokKYKUadQuO_9gDjuo,eEDmdeOTNokKYKUadQuO_9gDjuo,2026-02-25,Research/lectures/clearfield-webinar-2026-02-25,absent,absent,absent,absent,absent,absent,absent,absent,absent,absent,false,absent,absent,absent,absent,absent,absent,absent,present_local,cataloged_external,absent,JdOL-00shnA,cataloged_external,absent,absent,absent,absent,absent,cataloged_external,source_only,pass1_match_class=possible; otter_candidates=1 (unconfirmed)
aosrd-webinars-237-p59K6kGBP-Y,AOSRD_Clearfield,aosrd_webinars_youtube,Integrative Immuno Oncology by Dr. Salaheldin Halasa (Video),integrative immuno oncology by dr salaheldin halasa video,aosrd-webinars-237-p59K6kGBP-Y|b2H7gyjRNmbN0l62XtCzeLPovDE|SdzXWjorAW2NkmSfJoC1PdOzwAE,b2H7gyjRNmbN0l62XtCzeLPovDE;SdzXWjorAW2NkmSfJoC1PdOzwAE,2025-06-24;2025-05-20,Research/lectures/clearfield-webinar-2025-06-24;Research/lectures/clearfield-webinar-2025-05-20,absent,absent,absent,absent,absent,absent,absent,absent,absent,absent,false,absent,absent,absent,absent,absent,absent,absent,present_local,cataloged_external,absent,p59K6kGBP-Y,cataloged_external,absent,absent,absent,absent,absent,cataloged_external,source_only,pass1_match_class=possible; otter_candidates=2 (unconfirmed)
aosrd-webinars-238-oMjTc20O6Ps,AOSRD_Clearfield,aosrd_webinars_youtube,What I Learned from the Osteopathic Masters-Dr. William Richwine (Video),what i learned from the osteopathic masters dr william richwine video,aosrd-webinars-238-oMjTc20O6Ps,,,,absent,absent,absent,absent,absent,absent,absent,absent,absent,absent,false,absent,absent,absent,absent,absent,absent,absent,present_local,cataloged_external,absent,oMjTc20O6Ps,cataloged_external,absent,absent,absent,absent,absent,cataloged_external,source_only,pass1_match_class=no_match; otter_candidates=0 (unconfirmed)
aosrd-webinars-239-NsYPG3wCjiY,AOSRD_Clearfield,aosrd_webinars_youtube,Dermatology Review: Top Ten Chronic Conditions (Part 1) by Dr. Mike Boehmer (Video),dermatology review top ten chronic conditions part 1 by dr mike boehmer video,aosrd-webinars-239-NsYPG3wCjiY,,,,absent,absent,absent,absent,absent,absent,absent,absent,absent,absent,false,absent,absent,absent,absent,absent,absent,absent,present_local,absent,absent,NsYPG3wCjiY,cataloged_external,absent,absent,absent,absent,absent,cataloged_external,source_only,pass1_match_class=no_match; otter_candidates=0 (unconfirmed)
aosrd-webinars-240-HThPoDCqANk,AOSRD_Clearfield,aosrd_webinars_youtube,Physician Burnout-A Real Problem and a Way Forward by Dr. Yusuf Erskine (Video),physician burnout a real problem and a way forward by dr yusuf erskine video,aosrd-webinars-240-HThPoDCqANk,,,,absent,absent,absent,absent,absent,absent,absent,absent,absent,absent,false,absent,absent,absent,absent,absent,absent,absent,present_local,absent,absent,HThPoDCqANk,cataloged_external,absent,absent,absent,absent,absent,cataloged_external,source_only,pass1_match_class=no_match; otter_candidates=0 (unconfirmed)
aosrd-webinars-241-nqr6cW4Gw_A,AOSRD_Clearfield,aosrd_webinars_youtube,Biological Dentistry by Dr. Scott Chandler (Video),biological dentistry by dr scott chandler video,aosrd-webinars-241-nqr6cW4Gw_A,,,,absent,absent,absent,absent,absent,absent,absent,absent,absent,absent,false,absent,absent,absent,absent,absent,absent,absent,present_local,cataloged_external,absent,nqr6cW4Gw_A,cataloged_external,absent,absent,absent,absent,absent,cataloged_external,source_only,pass1_match_class=no_match; otter_candidates=0 (unconfirmed)
aosrd-webinars-242-tiIDS69FRkQ,AOSRD_Clearfield,aosrd_webinars_youtube,Pairing Nutrition with Regenerative Medicine by Dr. Brad Watts – Video,pairing nutrition with regenerative medicine by dr brad watts video,aosrd-webinars-242-tiIDS69FRkQ|0pIRZSR5hLU8vZNbqCJ9pLpRE9M|hxlUjPAXSClySIs4HN1P0CWe_Qk,0pIRZSR5hLU8vZNbqCJ9pLpRE9M;hxlUjPAXSClySIs4HN1P0CWe_Qk,2025-03-05;2026-06-16,Research/lectures/clearfield-webinar-2025-03-05;Research/lectures/clearfield-webinar-2026-06-16,absent,absent,absent,absent,absent,absent,absent,absent,absent,absent,false,absent,absent,absent,absent,absent,absent,absent,present_local,cataloged_external,absent,tiIDS69FRkQ,cataloged_external,absent,absent,absent,absent,absent,cataloged_external,source_only,pass1_match_class=possible; otter_candidates=2 (unconfirmed)
aosrd-webinars-243-4b4B8KsuzqI,AOSRD_Clearfield,aosrd_webinars_youtube,"Homeostasis Hormesis and Chemical Sensitivity by Dr. Kalapala Patel January 25, 2022 -Video",homeostasis hormesis and chemical sensitivity by dr kalapala patel january 25 2022 video,aosrd-webinars-243-4b4B8KsuzqI,,,,absent,absent,absent,absent,absent,absent,absent,absent,absent,absent,false,absent,absent,absent,absent,absent,absent,absent,present_local,absent,absent,4b4B8KsuzqI,cataloged_external,absent,absent,absent,absent,absent,cataloged_external,source_only,pass1_match_class=no_match; otter_candidates=0 (unconfirmed)
aosrd-webinars-244-DwiLCdt69H4,AOSRD_Clearfield,aosrd_webinars_youtube,"Solutions on Suicide January 18, 2022 by Joel Peterson -Video",solutions on suicide january 18 2022 by joel peterson video,aosrd-webinars-244-DwiLCdt69H4|FbRyr7EkkewAoPTmXbK9DtUiA_Y,FbRyr7EkkewAoPTmXbK9DtUiA_Y,2024-09-24,Research/lectures/clearfield-webinar-2024-09-24,absent,absent,absent,absent,absent,absent,absent,absent,absent,absent,false,absent,absent,absent,absent,absent,absent,absent,present_local,cataloged_external,absent,DwiLCdt69H4,cataloged_external,absent,absent,absent,absent,absent,cataloged_external,source_only,pass1_match_class=possible; otter_candidates=1 (unconfirmed)
aosrd-webinars-245-y3Fz32zWP10,AOSRD_Clearfield,aosrd_webinars_youtube,Hypo and Hyperthyroidismare One Internal Disease with Two Different Manifestations by Dr. Parvin Zarrin – Video,hypo and hyperthyroidismare one internal disease with two different manifestations by dr parvin zarrin video,aosrd-webinars-245-y3Fz32zWP10,,,,absent,absent,absent,absent,absent,absent,absent,absent,absent,absent,false,absent,absent,absent,absent,absent,absent,absent,present_local,cataloged_external,absent,y3Fz32zWP10,cataloged_external,absent,absent,absent,absent,absent,cataloged_external,source_only,pass1_match_class=no_match; otter_candidates=0 (unconfirmed)
aosrd-webinars-246-zBHk2MN9ql8,AOSRD_Clearfield,aosrd_webinars_youtube,AMPK to Manage Chronic Diseases by Dr. Michael Karlfeldt,ampk to manage chronic diseases by dr michael karlfeldt,aosrd-webinars-246-zBHk2MN9ql8|FHVn8qFG7pov0fVMLuuVpKan1hA,FHVn8qFG7pov0fVMLuuVpKan1hA,2025-07-15,Research/lectures/clearfield-webinar-2025-07-15,absent,absent,absent,absent,absent,absent,absent,absent,absent,absent,false,absent,absent,absent,absent,absent,absent,absent,present_local,absent,absent,zBHk2MN9ql8,cataloged_external,absent,absent,absent,absent,absent,cataloged_external,source_only,pass1_match_class=possible; otter_candidates=1 (unconfirmed)
aosrd-webinars-247-d0Eh9F8KA6M,AOSRD_Clearfield,aosrd_webinars_youtube,"Estrogen and Immune Function in Women by Dr. Felice Gersh, December 28, 2021",estrogen and immune function in women by dr felice gersh december 28 2021,aosrd-webinars-247-d0Eh9F8KA6M|OL_Ukp1RYjVvnjsMHnF2eXCXDC8,OL_Ukp1RYjVvnjsMHnF2eXCXDC8,2024-10-01,Research/lectures/clearfield-webinar-2024-10-01,absent,absent,absent,absent,absent,absent,absent,absent,absent,absent,false,absent,absent,absent,absent,absent,absent,absent,present_local,absent,absent,d0Eh9F8KA6M,cataloged_external,absent,absent,absent,absent,absent,cataloged_external,source_only,pass1_match_class=possible; otter_candidates=1 (unconfirmed)
aosrd-webinars-248-qOXpT2wIfTc,AOSRD_Clearfield,aosrd_webinars_youtube,"Quantum Anti-Aging by Dr. Parvin Zarrin, December 21, 2021",quantum anti aging by dr parvin zarrin december 21 2021,aosrd-webinars-248-qOXpT2wIfTc,,,,absent,absent,absent,absent,absent,absent,absent,absent,absent,absent,false,absent,absent,absent,absent,absent,absent,absent,present_local,absent,absent,qOXpT2wIfTc,cataloged_external,absent,absent,absent,absent,absent,cataloged_external,source_only,pass1_match_class=no_match; otter_candidates=0 (unconfirmed)
aosrd-webinars-249-3mTLksPwJyo,AOSRD_Clearfield,aosrd_webinars_youtube,"Mycotoxins and Autoimmunity by Andrew Campbell, MD, Dec 14, 2021",mycotoxins and autoimmunity by andrew campbell md dec 14 2021,aosrd-webinars-249-3mTLksPwJyo|v3Md09l1C_mz3hrDPWngln5SYQw|hFcw5MS7FSAuXJGFcnPHqL6j1gM,v3Md09l1C_mz3hrDPWngln5SYQw;hFcw5MS7FSAuXJGFcnPHqL6j1gM,2025-09-09;2025-01-22,Research/lectures/clearfield-webinar-2025-09-09;Research/lectures/clearfield-webinar-2025-01-22,absent,absent,absent,absent,absent,absent,absent,absent,absent,absent,false,absent,absent,absent,absent,absent,absent,absent,present_local,cataloged_external,absent,3mTLksPwJyo,cataloged_external,absent,absent,absent,absent,absent,cataloged_external,source_only,pass1_match_class=possible; otter_candidates=2 (unconfirmed)
aosrd-webinars-250-gc0Dld2T9Eg,AOSRD_Clearfield,aosrd_webinars_youtube,"Fascia, Pain Modulation and Autoimmunity by Kathleen O’Neil Smith, MD, December 7, 2021",fascia pain modulation and autoimmunity by kathleen o neil smith md december 7 2021,aosrd-webinars-250-gc0Dld2T9Eg,,,,absent,absent,absent,absent,absent,absent,absent,absent,absent,absent,false,absent,absent,absent,absent,absent,absent,absent,present_local,absent,absent,gc0Dld2T9Eg,cataloged_external,absent,absent,absent,absent,absent,cataloged_external,source_only,pass1_match_class=no_match; otter_candidates=0 (unconfirmed)
aosrd-webinars-251-cb7usLlOMJQ,AOSRD_Clearfield,aosrd_webinars_youtube,Current Covid 19 Management with Dr.. Peter McCullough and Dr. Salaheldin Halasa,current covid 19 management with dr peter mccullough and dr salaheldin halasa,aosrd-webinars-251-cb7usLlOMJQ|SdzXWjorAW2NkmSfJoC1PdOzwAE|b2H7gyjRNmbN0l62XtCzeLPovDE|GUt4yZgCp4lNVboAnJBHNMsHO7A,SdzXWjorAW2NkmSfJoC1PdOzwAE;b2H7gyjRNmbN0l62XtCzeLPovDE;GUt4yZgCp4lNVboAnJBHNMsHO7A,2025-05-20;2025-06-24;2025-05-06,Research/lectures/clearfield-webinar-2025-05-20;Research/lectures/clearfield-webinar-2025-06-24;Research/lectures/clearfield-webinar-2025-05-06,absent,absent,absent,absent,absent,absent,absent,absent,absent,absent,false,absent,absent,absent,absent,absent,absent,absent,present_local,absent,absent,cb7usLlOMJQ,cataloged_external,absent,absent,absent,absent,absent,cataloged_external,source_only,pass1_match_class=possible; otter_candidates=3 (unconfirmed)
aosrd-webinars-252-n5NAl-lGTrA,AOSRD_Clearfield,aosrd_webinars_youtube,“Low Dose Naltrexone” by Dr William Clearfield,low dose naltrexone by dr william clearfield,aosrd-webinars-252-n5NAl-lGTrA,,,,absent,absent,absent,absent,absent,absent,absent,absent,absent,absent,false,absent,absent,absent,absent,absent,absent,absent,present_local,absent,absent,n5NAl-lGTrA,cataloged_external,absent,absent,absent,absent,absent,cataloged_external,source_only,pass1_match_class=no_match; otter_candidates=0 (unconfirmed)
aosrd-webinars-253-r_CPjBXzeNI,AOSRD_Clearfield,aosrd_webinars_youtube,"Good and Bad Electromagnetic Fields Jami and Dr Rugerrio, November 23, 2021",good and bad electromagnetic fields jami and dr rugerrio november 23 2021,aosrd-webinars-253-r_CPjBXzeNI,,,,absent,absent,absent,absent,absent,absent,absent,absent,absent,absent,false,absent,absent,absent,absent,absent,absent,absent,present_local,absent,absent,r_CPjBXzeNI,cataloged_external,absent,absent,absent,absent,absent,cataloged_external,source_only,pass1_match_class=no_match; otter_candidates=0 (unconfirmed)
aosrd-webinars-254-airYs7uvexw,AOSRD_Clearfield,aosrd_webinars_youtube,Targeting the Innate Repair Receptor to Treat Neuropathy Speakers Dr. James Joseph,targeting the innate repair receptor to treat neuropathy speakers dr james joseph,aosrd-webinars-254-airYs7uvexw|xg4V_A-L8_Ob1jKGBewDTtKzOWg,xg4V_A-L8_Ob1jKGBewDTtKzOWg,2024-08-13,Research/lectures/clearfield-webinar-2024-08-13,absent,absent,absent,absent,absent,absent,absent,absent,absent,absent,false,absent,absent,absent,absent,absent,absent,absent,present_local,absent,absent,airYs7uvexw,cataloged_external,absent,absent,absent,absent,absent,cataloged_external,source_only,pass1_match_class=possible; otter_candidates=1 (unconfirmed)
aosrd-webinars-255-R84GqIcx9VE,AOSRD_Clearfield,aosrd_webinars_youtube,"The Benefits of Adding Safe, Regular, and Effective Corrective Exercise Therapy to Supplement Pharmacological and Homeopathic Remedies. – Dr. David Neuman – Dr. David Neuman",the benefits of adding safe regular and effective corrective exercise therapy to supplement pharmacological and homeopathic remedies dr david neuman dr david neuman,aosrd-webinars-255-R84GqIcx9VE,,,,absent,absent,absent,absent,absent,absent,absent,absent,absent,absent,false,absent,absent,absent,absent,absent,absent,absent,present_local,absent,absent,R84GqIcx9VE,cataloged_external,absent,absent,absent,absent,absent,cataloged_external,source_only,pass1_match_class=no_match; otter_candidates=0 (unconfirmed)
aosrd-webinars-256-6autPt87jWw,AOSRD_Clearfield,aosrd_webinars_youtube,"Unlocking the Power of Nanotechnology to Prevent and Remedy Chronic Disease by Salaheldin Halasa, MD",unlocking the power of nanotechnology to prevent and remedy chronic disease by salaheldin halasa md,aosrd-webinars-256-6autPt87jWw|3BvIJDrhEXHdWPee7Ztw2x6EmdE,3BvIJDrhEXHdWPee7Ztw2x6EmdE,2025-12-10,Research/lectures/clearfield-webinar-2025-12-10,absent,absent,absent,absent,absent,absent,absent,absent,absent,absent,false,absent,absent,absent,absent,absent,absent,absent,present_local,absent,absent,6autPt87jWw,cataloged_external,absent,absent,absent,absent,absent,cataloged_external,source_only,pass1_match_class=possible; otter_candidates=1 (unconfirmed)
aosrd-webinars-257-qtvJw-wtpJs,AOSRD_Clearfield,aosrd_webinars_youtube,Chronic Fatigue-Chronic Infections by Dr. Kalapana Patel 19 Oct 2021,chronic fatigue chronic infections by dr kalapana patel 19 oct 2021,aosrd-webinars-257-qtvJw-wtpJs,,,,absent,absent,absent,absent,absent,absent,absent,absent,absent,absent,false,absent,absent,absent,absent,absent,absent,absent,present_local,absent,absent,qtvJw-wtpJs,cataloged_external,absent,absent,absent,absent,absent,cataloged_external,source_only,pass1_match_class=no_match; otter_candidates=0 (unconfirmed)
aosrd-webinars-258-z-CQdM_XfG8,AOSRD_Clearfield,aosrd_webinars_youtube,The Glutathione Revolution The Future of Anti Aging Medicine by Dr. Nayan Patel and Dr. Ray Yutani,the glutathione revolution the future of anti aging medicine by dr nayan patel and dr ray yutani,aosrd-webinars-258-z-CQdM_XfG8|JAhRYbDDwDsC4em3dazDKyDw4gM,JAhRYbDDwDsC4em3dazDKyDw4gM,2025-02-05,Research/lectures/clearfield-webinar-2025-02-05,absent,absent,absent,absent,absent,absent,absent,absent,absent,absent,false,absent,absent,absent,absent,absent,absent,absent,present_local,absent,absent,z-CQdM_XfG8,cataloged_external,absent,absent,absent,absent,absent,cataloged_external,source_only,pass1_match_class=possible; otter_candidates=1 (unconfirmed)
aosrd-webinars-259-UmYaeBbRYyw,AOSRD_Clearfield,aosrd_webinars_youtube,Covid 19 Management for the Vaccinated and Unvaccinated by Dr. Dan Stock,covid 19 management for the vaccinated and unvaccinated by dr dan stock,aosrd-webinars-259-UmYaeBbRYyw,,,,absent,absent,absent,absent,absent,absent,absent,absent,absent,absent,false,absent,absent,absent,absent,absent,absent,absent,present_local,absent,absent,UmYaeBbRYyw,cataloged_external,absent,absent,absent,absent,absent,cataloged_external,source_only,pass1_match_class=no_match; otter_candidates=0 (unconfirmed)
aosrd-webinars-260-mk8ixh0kmig,AOSRD_Clearfield,aosrd_webinars_youtube,"The Role of Nutrition in Chronic Disease Management – Dr. John Swartz – Sep 7, 2021",the role of nutrition in chronic disease management dr john swartz sep 7 2021,aosrd-webinars-260-mk8ixh0kmig|Se28ZvfBuNMYHNmwQG9ua7gbTWk,Se28ZvfBuNMYHNmwQG9ua7gbTWk,2026-03-10,Research/lectures/clearfield-webinar-2026-03-10,absent,absent,absent,absent,absent,absent,absent,absent,absent,absent,false,absent,absent,absent,absent,absent,absent,absent,present_local,absent,absent,mk8ixh0kmig,cataloged_external,absent,absent,absent,absent,absent,cataloged_external,source_only,pass1_match_class=possible; otter_candidates=1 (unconfirmed)
aosrd-webinars-261-qVX_h6blAQw,AOSRD_Clearfield,aosrd_webinars_youtube,"Medical Intuition by Terri Jay  Aug 31, 2021 – Video",medical intuition by terri jay aug 31 2021 video,aosrd-webinars-261-qVX_h6blAQw,,,,absent,absent,absent,absent,absent,absent,absent,absent,absent,absent,false,absent,absent,absent,absent,absent,absent,absent,present_local,cataloged_external,absent,qVX_h6blAQw,cataloged_external,absent,absent,absent,absent,absent,cataloged_external,source_only,pass1_match_class=no_match; otter_candidates=0 (unconfirmed)
aosrd-webinars-262-z21aTYjo4Us,AOSRD_Clearfield,aosrd_webinars_youtube,"Covid 19 Protocols By Dr. Mike Boehmer, Amex Pharmacy – 27 Aug 2021",covid 19 protocols by dr mike boehmer amex pharmacy 27 aug 2021,aosrd-webinars-262-z21aTYjo4Us|hQzjA4-OBAL6Qn7OOOywEISWs3I,hQzjA4-OBAL6Qn7OOOywEISWs3I,2025-07-08,Research/lectures/clearfield-webinar-2025-07-08,absent,absent,absent,absent,absent,absent,absent,absent,absent,absent,false,absent,absent,absent,absent,absent,absent,absent,present_local,absent,absent,z21aTYjo4Us,cataloged_external,absent,absent,absent,absent,absent,cataloged_external,source_only,pass1_match_class=possible; otter_candidates=1 (unconfirmed)
aosrd-webinars-263-lCzuTx9LKnQ,AOSRD_Clearfield,aosrd_webinars_youtube,"Chronic Fatigue Syndrome: Road to Resolution: Dr. Todd Born Aug 17, 2021 – Video",chronic fatigue syndrome road to resolution dr todd born aug 17 2021 video,aosrd-webinars-263-lCzuTx9LKnQ|CMNjlQbT2xu4NqL-9gu4VQSt0mo,CMNjlQbT2xu4NqL-9gu4VQSt0mo,2024-08-06,Research/lectures/clearfield-webinar-2024-08-06,absent,absent,absent,absent,absent,absent,absent,absent,absent,absent,false,absent,absent,absent,absent,absent,absent,absent,present_local,cataloged_external,absent,lCzuTx9LKnQ,cataloged_external,absent,absent,absent,absent,absent,cataloged_external,source_only,pass1_match_class=possible; otter_candidates=1 (unconfirmed)
aosrd-webinars-264-hGZgCspkuI8,AOSRD_Clearfield,aosrd_webinars_youtube,"Endocannabinoid Receptors and Medical Cannabis b Dr. Jeffrey Block, Aug 10, 2021 – Video",endocannabinoid receptors and medical cannabis b dr jeffrey block aug 10 2021 video,aosrd-webinars-264-hGZgCspkuI8|XFeeYcx6xIW9i1HcL0VfsCVvAjY,XFeeYcx6xIW9i1HcL0VfsCVvAjY,2024-09-17,Research/lectures/clearfield-webinar-2024-09-17,absent,absent,absent,absent,absent,absent,absent,absent,absent,absent,false,absent,absent,absent,absent,absent,absent,absent,present_local,absent,absent,hGZgCspkuI8,cataloged_external,absent,absent,absent,absent,absent,cataloged_external,source_only,pass1_match_class=possible; otter_candidates=1 (unconfirmed)
aosrd-webinars-265-iYwInlyFKnQ,AOSRD_Clearfield,aosrd_webinars_youtube,"Natural Immunity via Homeopathic Medicine vs Artificial Immunity via Vaccination by Dr Parvin Zarrin, Aug 3, 2021",natural immunity via homeopathic medicine vs artificial immunity via vaccination by dr parvin zarrin aug 3 2021,aosrd-webinars-265-iYwInlyFKnQ,,,,absent,absent,absent,absent,absent,absent,absent,absent,absent,absent,false,absent,absent,absent,absent,absent,absent,absent,present_local,absent,absent,iYwInlyFKnQ,cataloged_external,absent,absent,absent,absent,absent,cataloged_external,source_only,pass1_match_class=no_match; otter_candidates=0 (unconfirmed)
aosrd-webinars-266-qviA4DV_pH4,AOSRD_Clearfield,aosrd_webinars_youtube,"Neural Therapy, Dr. John Burgess – July 27, 2021 – Video",neural therapy dr john burgess july 27 2021 video,aosrd-webinars-266-qviA4DV_pH4|VwrSvok1RCW2X3iJ_Kwbd8JK6k8,VwrSvok1RCW2X3iJ_Kwbd8JK6k8,2025-11-12,Research/lectures/clearfield-webinar-2025-11-12,absent,absent,absent,absent,absent,absent,absent,absent,absent,absent,false,absent,absent,absent,absent,absent,absent,absent,present_local,absent,absent,qviA4DV_pH4,cataloged_external,absent,absent,absent,absent,absent,cataloged_external,source_only,pass1_match_class=possible; otter_candidates=1 (unconfirmed)
aosrd-webinars-267-60tKHG3mlyg,AOSRD_Clearfield,aosrd_webinars_youtube,Histories in Antiaging Medicine Dr. Kanapala Patel – 23 Jul 2021,histories in antiaging medicine dr kanapala patel 23 jul 2021,aosrd-webinars-267-60tKHG3mlyg|JAhRYbDDwDsC4em3dazDKyDw4gM,JAhRYbDDwDsC4em3dazDKyDw4gM,2025-02-05,Research/lectures/clearfield-webinar-2025-02-05,absent,absent,absent,absent,absent,absent,absent,absent,absent,absent,false,absent,absent,absent,absent,absent,absent,absent,present_local,absent,absent,60tKHG3mlyg,cataloged_external,absent,absent,absent,absent,absent,cataloged_external,source_only,pass1_match_class=possible; otter_candidates=1 (unconfirmed)
aosrd-webinars-268-2cecK4Jk2vw,AOSRD_Clearfield,aosrd_webinars_youtube,"Genetic Snips and COVID-19 Severity by Dr. Cheryl Ortel July 6, 2021 – Video",genetic snips and covid 19 severity by dr cheryl ortel july 6 2021 video,aosrd-webinars-268-2cecK4Jk2vw|4qg44PRw27Y2Jbzl7MXMYCX0HuI|hQzjA4-OBAL6Qn7OOOywEISWs3I,4qg44PRw27Y2Jbzl7MXMYCX0HuI;hQzjA4-OBAL6Qn7OOOywEISWs3I,2025-04-15;2025-07-08,Research/lectures/clearfield-webinar-2025-04-15;Research/lectures/clearfield-webinar-2025-07-08,absent,absent,absent,absent,absent,absent,absent,absent,absent,absent,false,absent,absent,absent,absent,absent,absent,absent,present_local,cataloged_external,absent,2cecK4Jk2vw,cataloged_external,absent,absent,absent,absent,absent,cataloged_external,source_only,pass1_match_class=possible; otter_candidates=2 (unconfirmed)
aosrd-webinars-269-egztdM6XALY,AOSRD_Clearfield,aosrd_webinars_youtube,"COVID 19 Pathology and Treatment S Halasa Dec 22, 2020",covid 19 pathology and treatment s halasa dec 22 2020,aosrd-webinars-269-egztdM6XALY,,,,absent,absent,absent,absent,absent,absent,absent,absent,absent,absent,false,absent,absent,absent,absent,absent,absent,absent,present_local,absent,absent,egztdM6XALY,cataloged_external,absent,absent,absent,absent,absent,cataloged_external,source_only,pass1_match_class=no_match; otter_candidates=0 (unconfirmed)
aosrd-webinars-270-2WBm0BYOddM,AOSRD_Clearfield,aosrd_webinars_youtube,The Endocrinology of Autism-Condensed Version,the endocrinology of autism condensed version,aosrd-webinars-270-2WBm0BYOddM,,,,absent,absent,absent,absent,absent,absent,absent,absent,absent,absent,false,absent,absent,absent,absent,absent,absent,absent,present_local,absent,absent,2WBm0BYOddM,cataloged_external,absent,absent,absent,absent,absent,cataloged_external,source_only,pass1_match_class=no_match; otter_candidates=0 (unconfirmed)
aosrd-webinars-271-nh8HbHLxrR0,AOSRD_Clearfield,aosrd_webinars_youtube,Chronic DIsease Management Kathleen ONeil Smith,chronic disease management kathleen oneil smith,aosrd-webinars-271-nh8HbHLxrR0,,,,absent,absent,absent,absent,absent,absent,absent,absent,absent,absent,false,absent,absent,absent,absent,absent,absent,absent,present_local,absent,absent,nh8HbHLxrR0,cataloged_external,absent,absent,absent,absent,absent,cataloged_external,source_only,pass1_match_class=no_match; otter_candidates=0 (unconfirmed)
aosrd-webinars-272-JV1b52oVfdE,AOSRD_Clearfield,aosrd_webinars_youtube,Optimization of Nutrition by Dr John Swartz – Video,optimization of nutrition by dr john swartz video,aosrd-webinars-272-JV1b52oVfdE|Se28ZvfBuNMYHNmwQG9ua7gbTWk,Se28ZvfBuNMYHNmwQG9ua7gbTWk,2026-03-10,Research/lectures/clearfield-webinar-2026-03-10,absent,absent,absent,absent,absent,absent,absent,absent,absent,absent,false,absent,absent,absent,absent,absent,absent,absent,present_local,absent,absent,JV1b52oVfdE,cataloged_external,absent,absent,absent,absent,absent,cataloged_external,source_only,pass1_match_class=possible; otter_candidates=1 (unconfirmed)
aosrd-webinars-273-U0qonhUyVEg,AOSRD_Clearfield,aosrd_webinars_youtube,Optimization of Nutrition by Dr John Swartz- VIdeo,optimization of nutrition by dr john swartz video,aosrd-webinars-273-U0qonhUyVEg|Se28ZvfBuNMYHNmwQG9ua7gbTWk,Se28ZvfBuNMYHNmwQG9ua7gbTWk,2026-03-10,Research/lectures/clearfield-webinar-2026-03-10,absent,absent,absent,absent,absent,absent,absent,absent,absent,absent,false,absent,absent,absent,absent,absent,absent,absent,present_local,absent,absent,U0qonhUyVEg,cataloged_external,absent,absent,absent,absent,absent,cataloged_external,source_only,pass1_match_class=possible; otter_candidates=1 (unconfirmed)
aosrd-webinars-274-RlSklPXfamk,AOSRD_Clearfield,aosrd_webinars_youtube,Endothelial Dysfunction Dr Mary Babcock – Video,endothelial dysfunction dr mary babcock video,aosrd-webinars-274-RlSklPXfamk|GoRuWgRFUBHzZE--rF7qmxgBIOc|KPtFIYDuvg1p0CbfNkYIuOVkwIE,GoRuWgRFUBHzZE--rF7qmxgBIOc;KPtFIYDuvg1p0CbfNkYIuOVkwIE,2025-06-17;2025-10-21,Research/lectures/clearfield-webinar-2025-06-17;Research/lectures/clearfield-webinar-2025-10-21,absent,absent,absent,absent,absent,absent,absent,absent,absent,absent,false,absent,absent,absent,absent,absent,absent,absent,present_local,absent,absent,RlSklPXfamk,cataloged_external,absent,absent,absent,absent,absent,cataloged_external,source_only,pass1_match_class=possible; otter_candidates=2 (unconfirmed)
aosrd-webinars-275-tWfHeTRpBHw,AOSRD_Clearfield,aosrd_webinars_youtube,Endothelial Dysfunction Dr Mary Babcock – Video,endothelial dysfunction dr mary babcock video,aosrd-webinars-275-tWfHeTRpBHw|GoRuWgRFUBHzZE--rF7qmxgBIOc|KPtFIYDuvg1p0CbfNkYIuOVkwIE,GoRuWgRFUBHzZE--rF7qmxgBIOc;KPtFIYDuvg1p0CbfNkYIuOVkwIE,2025-06-17;2025-10-21,Research/lectures/clearfield-webinar-2025-06-17;Research/lectures/clearfield-webinar-2025-10-21,absent,absent,absent,absent,absent,absent,absent,absent,absent,absent,false,absent,absent,absent,absent,absent,absent,absent,present_local,absent,absent,tWfHeTRpBHw,cataloged_external,absent,absent,absent,absent,absent,cataloged_external,source_only,pass1_match_class=possible; otter_candidates=2 (unconfirmed)
aosrd-webinars-276-xf6_T9mUZKc,AOSRD_Clearfield,aosrd_webinars_youtube,Low Dose Naltrexone in Rheumtolgy by Dr. Pam Smith – Video,low dose naltrexone in rheumtolgy by dr pam smith video,aosrd-webinars-276-xf6_T9mUZKc|FbRyr7EkkewAoPTmXbK9DtUiA_Y,FbRyr7EkkewAoPTmXbK9DtUiA_Y,2024-09-24,Research/lectures/clearfield-webinar-2024-09-24,absent,absent,absent,absent,absent,absent,absent,absent,absent,absent,false,absent,absent,absent,absent,absent,absent,absent,present_local,absent,absent,xf6_T9mUZKc,cataloged_external,absent,absent,absent,absent,absent,cataloged_external,source_only,pass1_match_class=possible; otter_candidates=1 (unconfirmed)
aosrd-webinars-277-PAwuHkLjBxc,AOSRD_Clearfield,aosrd_webinars_youtube,146th OYG Session | Peptides for Wellness & Brain Function | Dr William Clearfield,146th oyg session peptides for wellness brain function dr william clearfield,aosrd-webinars-277-PAwuHkLjBxc|Zxy20R1uant_QctiZutXLSt-Q-E|ykfPBSHSL3meBk4yGojbTxMVIpA,Zxy20R1uant_QctiZutXLSt-Q-E;ykfPBSHSL3meBk4yGojbTxMVIpA,2025-03-25;2024-10-22,Research/lectures/clearfield-webinar-2025-03-25;Research/lectures/clearfield-webinar-2024-10-22,absent,absent,absent,absent,absent,absent,absent,absent,absent,absent,false,absent,absent,absent,absent,absent,absent,absent,present_local,absent,absent,PAwuHkLjBxc,cataloged_external,absent,absent,absent,absent,absent,cataloged_external,source_only,pass1_match_class=possible; otter_candidates=2 (unconfirmed)
aosrd-webinars-278-cFsYIDESXoE,AOSRD_Clearfield,aosrd_webinars_youtube,"Managing Post-Covid 19 Stroke, Heart Failure and Vascular Thrombosis by Dr. James Joseph",managing post covid 19 stroke heart failure and vascular thrombosis by dr james joseph,aosrd-webinars-278-cFsYIDESXoE|8zWbW6QDW1P91M_Tbf8iqD9f8TQ|xg4V_A-L8_Ob1jKGBewDTtKzOWg|hQzjA4-OBAL6Qn7OOOywEISWs3I|JAhRYbDDwDsC4em3dazDKyDw4gM,8zWbW6QDW1P91M_Tbf8iqD9f8TQ;xg4V_A-L8_Ob1jKGBewDTtKzOWg;hQzjA4-OBAL6Qn7OOOywEISWs3I;JAhRYbDDwDsC4em3dazDKyDw4gM,2025-09-16;2024-08-13;2025-07-08;2025-02-05,Research/lectures/clearfield-webinar-2025-09-16;Research/lectures/clearfield-webinar-2024-08-13;Research/lectures/clearfield-webinar-2025-07-08;Research/lectures/clearfield-webinar-2025-02-05,absent,absent,absent,absent,absent,absent,absent,absent,absent,absent,false,absent,absent,absent,absent,absent,absent,absent,present_local,absent,absent,cFsYIDESXoE,cataloged_external,absent,absent,absent,absent,absent,cataloged_external,source_only,pass1_match_class=possible; otter_candidates=4 (unconfirmed)
aosrd-webinars-279-qzuWhT2F_R0,AOSRD_Clearfield,aosrd_webinars_youtube,Case Histories Show Casing the Power of Anti Aging Medicine,case histories show casing the power of anti aging medicine,aosrd-webinars-279-qzuWhT2F_R0,,,,absent,absent,absent,absent,absent,absent,absent,absent,absent,absent,false,absent,absent,absent,absent,absent,absent,absent,present_local,absent,absent,qzuWhT2F_R0,cataloged_external,absent,absent,absent,absent,absent,cataloged_external,source_only,pass1_match_class=no_match; otter_candidates=0 (unconfirmed)
aosrd-webinars-280-gLzMZA_eM5g,AOSRD_Clearfield,aosrd_webinars_youtube,Immune Peptides by William Clearfield DO – Video,immune peptides by william clearfield do video,aosrd-webinars-280-gLzMZA_eM5g|avbRWMav2fwgobz9r7HjwR4z44I|lnZUNAyEcVNSN0i3JOEbuJcc15A|Se28ZvfBuNMYHNmwQG9ua7gbTWk|zXf2JR4NKM7KxvOGrUxYJnH-ld8|CMNjlQbT2xu4NqL-9gu4VQSt0mo,avbRWMav2fwgobz9r7HjwR4z44I;lnZUNAyEcVNSN0i3JOEbuJcc15A;Se28ZvfBuNMYHNmwQG9ua7gbTWk;zXf2JR4NKM7KxvOGrUxYJnH-ld8;CMNjlQbT2xu4NqL-9gu4VQSt0mo,2026-06-02;2025-02-19;2026-03-10;2025-12-31;2024-08-06,Research/lectures/clearfield-webinar-2026-06-02;Research/lectures/clearfield-webinar-2025-02-19;Research/lectures/clearfield-webinar-2026-03-10;Research/lectures/clearfield-webinar-2025-12-31;Research/lectures/clearfield-webinar-2024-08-06,absent,absent,absent,absent,absent,absent,absent,absent,absent,absent,false,absent,absent,absent,absent,absent,absent,absent,present_local,cataloged_external,absent,gLzMZA_eM5g,cataloged_external,absent,absent,absent,absent,absent,cataloged_external,source_only,pass1_match_class=possible; otter_candidates=5 (unconfirmed)
aosrd-webinars-281-6-QJVGV_co4,AOSRD_Clearfield,aosrd_webinars_youtube,Integrative Immunoncology,integrative immunoncology,aosrd-webinars-281-6-QJVGV_co4,,,,absent,absent,absent,absent,absent,absent,absent,absent,absent,absent,false,absent,absent,absent,absent,absent,absent,absent,present_local,absent,absent,6-QJVGV_co4,cataloged_external,absent,absent,absent,absent,absent,cataloged_external,source_only,pass1_match_class=no_match; otter_candidates=0 (unconfirmed)
aosrd-webinars-282-KR4KcpbYM9w,AOSRD_Clearfield,aosrd_webinars_youtube,Advanced Laboratory Testing for Rheumatic Diseases – Tyler O’Malley,advanced laboratory testing for rheumatic diseases tyler o malley,aosrd-webinars-282-KR4KcpbYM9w,,,,absent,absent,absent,absent,absent,absent,absent,absent,absent,absent,false,absent,absent,absent,absent,absent,absent,absent,present_local,absent,absent,KR4KcpbYM9w,cataloged_external,absent,absent,absent,absent,absent,cataloged_external,source_only,pass1_match_class=no_match; otter_candidates=0 (unconfirmed)
aosrd-webinars-283-cxoIpMhdeJw,AOSRD_Clearfield,aosrd_webinars_youtube,Post Covid 19 Vaccination Syndrome,post covid 19 vaccination syndrome,aosrd-webinars-283-cxoIpMhdeJw,,,,absent,absent,absent,absent,absent,absent,absent,absent,absent,absent,false,absent,absent,absent,absent,absent,absent,absent,present_local,cataloged_external,absent,cxoIpMhdeJw,cataloged_external,absent,absent,absent,absent,absent,cataloged_external,source_only,pass1_match_class=no_match; otter_candidates=0 (unconfirmed)
aosrd-2022-friday-1-anwar-ap-laser-ap-bio-ap-dr-anwar,AOSRD_Clearfield,aosrd_2022_conference,"AP, Laser AP & Bio AP-Dr Anwar — Anwar",ap laser ap bio ap dr anwar anwar,aosrd-2022-friday-1-anwar-ap-laser-ap-bio-ap-dr-anwar,,,,absent,absent,absent,absent,absent,absent,absent,absent,absent,claimed_present_elsewhere,false,claimed_present_elsewhere,absent,absent,absent,absent,absent,absent,present_local,absent,absent,,absent,absent,absent,absent,absent,absent,claimed_present_elsewhere,source_only,"source_paths_not_on_this_machine=1; example=/Volumes/Macintosh HD - Data/Users/chingchen/Downloads/AOSRd Slide Show 2022/Friday/1. Anwar/AP, Laser AP & Bio AP-Dr Anwar.pptx; formats=['pptx']; kinds=['slides']; file_count=1"
aosrd-2022-friday-2-macheret-nad-injection-and-iv-therapy-2,AOSRD_Clearfield,aosrd_2022_conference,NAD Injection and IV Therapy-2 — Macheret,nad injection and iv therapy 2 macheret,aosrd-2022-friday-2-macheret-nad-injection-and-iv-therapy-2,,,,absent,absent,absent,absent,absent,absent,absent,absent,absent,claimed_present_elsewhere,false,claimed_present_elsewhere,absent,absent,absent,absent,absent,absent,present_local,absent,absent,,absent,absent,absent,absent,absent,absent,claimed_present_elsewhere,source_only,source_paths_not_on_this_machine=1; example=/Volumes/Macintosh HD - Data/Users/chingchen/Downloads/AOSRd Slide Show 2022/Friday/2. Macheret/NAD Injection and IV Therapy-2.pptx; formats=['pptx']; kinds=['slides']; file_count=1
aosrd-2022-friday-3-lillio-lillo-coronary-artery-calcium-scoring-ppt-for-jll-of,AOSRD_Clearfield,aosrd_2022_conference,Lillo-Coronary Artery Calcium Scoring PPT for JLL of — Lillio,lillo coronary artery calcium scoring ppt for jll of lillio,aosrd-2022-friday-3-lillio-lillo-coronary-artery-calcium-scoring-ppt-for-jll-of,,,,absent,absent,absent,absent,absent,absent,absent,absent,absent,claimed_present_elsewhere,false,claimed_present_elsewhere,absent,absent,absent,absent,absent,absent,present_local,absent,absent,,absent,absent,absent,absent,absent,absent,claimed_present_elsewhere,source_only,source_paths_not_on_this_machine=1; example=/Volumes/Macintosh HD - Data/Users/chingchen/Downloads/AOSRd Slide Show 2022/Friday/3. Lillio/3. Lillo-Coronary Artery Calcium Scoring PPT for JLL of.pptx; formats=['pptx']; kinds=['slides']; file_count=1
aosrd-2022-friday-4-sundermann-lifestyle-medicine-transforming-primary-care,AOSRD_Clearfield,aosrd_2022_conference,LIFESTYLE MEDICINE-Transforming Primary Care — Sundermann,lifestyle medicine transforming primary care sundermann,aosrd-2022-friday-4-sundermann-lifestyle-medicine-transforming-primary-care,,,,absent,absent,absent,absent,absent,absent,absent,absent,absent,claimed_present_elsewhere,false,claimed_present_elsewhere,absent,absent,absent,absent,absent,absent,present_local,absent,absent,,absent,absent,absent,absent,absent,absent,claimed_present_elsewhere,source_only,source_paths_not_on_this_machine=1; example=/Volumes/Macintosh HD - Data/Users/chingchen/Downloads/AOSRd Slide Show 2022/Friday/4. Sundermann/4. Sundermann-LIFESTYLE MEDICINE-Transforming Primary Care.pptx; formats=['pptx']; kinds=['slides']; file_count=1
aosrd-2022-friday-5-lezkowitz-opioid-use-disorder-d-leszkovitz,AOSRD_Clearfield,aosrd_2022_conference,Opioid Use Disorder-D. Leszkovitz — Lezkowitz,opioid use disorder d leszkovitz lezkowitz,aosrd-2022-friday-5-lezkowitz-opioid-use-disorder-d-leszkovitz,,,,absent,absent,absent,absent,absent,absent,absent,absent,absent,claimed_present_elsewhere,false,claimed_present_elsewhere,absent,absent,absent,absent,absent,absent,present_local,absent,absent,,absent,absent,absent,absent,absent,absent,claimed_present_elsewhere,source_only,source_paths_not_on_this_machine=1; example=/Volumes/Macintosh HD - Data/Users/chingchen/Downloads/AOSRd Slide Show 2022/Friday/5. Lezkowitz/5. Opioid Use Disorder-D. Leszkovitz.pptx; formats=['pptx']; kinds=['slides']; file_count=1
aosrd-2022-friday-6-speer-looking-at-rheumatic-diseases-1-speer,AOSRD_Clearfield,aosrd_2022_conference,looking at rheumatic diseases_1-Speer — Speer,looking at rheumatic diseases 1 speer speer,aosrd-2022-friday-6-speer-looking-at-rheumatic-diseases-1-speer,,,,absent,absent,absent,absent,absent,absent,absent,absent,absent,claimed_present_elsewhere,false,claimed_present_elsewhere,absent,absent,absent,absent,absent,absent,present_local,absent,absent,,absent,absent,absent,absent,absent,absent,claimed_present_elsewhere,source_only,source_paths_not_on_this_machine=1; example=/Volumes/Macintosh HD - Data/Users/chingchen/Downloads/AOSRd Slide Show 2022/Friday/6. Speer/looking at rheumatic diseases_1-Speer.pptx; formats=['pptx']; kinds=['slides']; file_count=1
aosrd-2022-friday-7-yutani-covid-19-pres-2-1,AOSRD_Clearfield,aosrd_2022_conference,COVID-19 pres 2-1 — Yutani,covid 19 pres 2 1 yutani,aosrd-2022-friday-7-yutani-covid-19-pres-2-1,,,,absent,absent,absent,absent,absent,absent,absent,absent,absent,claimed_present_elsewhere,false,claimed_present_elsewhere,absent,absent,absent,absent,absent,absent,present_local,absent,absent,,absent,absent,absent,absent,absent,absent,claimed_present_elsewhere,source_only,source_paths_not_on_this_machine=1; example=/Volumes/Macintosh HD - Data/Users/chingchen/Downloads/AOSRd Slide Show 2022/Friday/7. Yutani/7. Yutani COVID-19 pres 2-1.pptx; formats=['pptx']; kinds=['slides']; file_count=1
aosrd-2022-friday-8-o-neil-smith-kos-slide-show,AOSRD_Clearfield,aosrd_2022_conference,KOS-Slide Show — O'Neil Smith,kos slide show o neil smith,aosrd-2022-friday-8-o-neil-smith-kos-slide-show,,,,absent,absent,absent,absent,absent,absent,absent,absent,absent,claimed_present_elsewhere,false,claimed_present_elsewhere,absent,absent,absent,absent,absent,absent,present_local,absent,claimed_present_elsewhere,,absent,absent,absent,absent,absent,absent,claimed_present_elsewhere,source_only,source_paths_not_on_this_machine=1; example=/Volumes/Macintosh HD - Data/Users/chingchen/Downloads/AOSRd Slide Show 2022/Friday/8. O'Neil Smith/KOS-Slide Show.pdf; formats=['pdf']; kinds=['document']; file_count=1
aosrd-2022-friday-9-marsh-insulin-resistance-effects-on-fertility-aosrd-mar-25-2022,AOSRD_Clearfield,aosrd_2022_conference,Insulin Resistance & Effects on Fertility AOSRD Mar 25 2022 — Marsh,insulin resistance effects on fertility aosrd mar 25 2022 marsh,aosrd-2022-friday-9-marsh-insulin-resistance-effects-on-fertility-aosrd-mar-25-2022,,,,absent,absent,absent,absent,absent,absent,absent,absent,absent,claimed_present_elsewhere,false,claimed_present_elsewhere,absent,absent,claimed_present_elsewhere,absent,absent,absent,present_local,absent,absent,,absent,absent,absent,absent,absent,absent,claimed_present_elsewhere,source_only,"source_paths_not_on_this_machine=2; example=/Volumes/Macintosh HD - Data/Users/chingchen/Downloads/AOSRd Slide Show 2022/Friday/9. Marsh/Insulin Resistance & Effects on Fertility AOSRD Mar 25 2022.pptx; formats=['mp4', 'pptx']; kinds=['slides', 'video']; file_count=2"
aosrd-2022-saturday-1-bryan-nitric-oxide-for-the-prevention-and-treatment-of-cardiovascular-disease-with-a-splash-of-covid,AOSRD_Clearfield,aosrd_2022_conference,Nitric Oxide for the Prevention and Treatment of Cardiovascular DIsease with a Splash of Covid — Bryan,nitric oxide for the prevention and treatment of cardiovascular disease with a splash of covid bryan,aosrd-2022-saturday-1-bryan-nitric-oxide-for-the-prevention-and-treatment-of-cardiovascular-disease-with-a-splash-of-covid,,,,absent,absent,absent,absent,absent,absent,absent,absent,absent,claimed_present_elsewhere,false,claimed_present_elsewhere,absent,absent,absent,absent,absent,absent,present_local,absent,claimed_present_elsewhere,,absent,absent,absent,absent,absent,absent,claimed_present_elsewhere,source_only,"source_paths_not_on_this_machine=2; example=/Volumes/Macintosh HD - Data/Users/chingchen/Downloads/AOSRd Slide Show 2022/Saturday/1. Bryan/NSBryan Congress of Medical Excellence March 2022.pdf; formats=['pdf', 'pptx']; kinds=['document', 'slides']; file_count=2"
aosrd-2022-saturday-2-campbell-2022-congress-of-medical-excellence2,AOSRD_Clearfield,aosrd_2022_conference,2022 Congress of Medical Excellence2 — Campbell,2022 congress of medical excellence2 campbell,aosrd-2022-saturday-2-campbell-2022-congress-of-medical-excellence2|j3HjVUuBV5gnR4KrCUuXOZEnPm0,j3HjVUuBV5gnR4KrCUuXOZEnPm0,2025-10-14,Research/lectures/clearfield-webinar-2025-10-14,absent,absent,absent,absent,absent,absent,absent,absent,absent,claimed_present_elsewhere,false,claimed_present_elsewhere,absent,absent,absent,absent,absent,absent,present_local,absent,absent,,absent,absent,absent,absent,absent,absent,claimed_present_elsewhere,source_only,source_paths_not_on_this_machine=2; example=/Volumes/Macintosh HD - Data/Users/chingchen/Downloads/AOSRd Slide Show 2022/Saturday/2. Campbell/2022 Congress of Medical Excellence.pptx; formats=['pptx']; kinds=['slides']; file_count=2
aosrd-2022-saturday-3-harris-stellate-ganglion-harris-final,AOSRD_Clearfield,aosrd_2022_conference,Stellate Ganglion Harris Final — Harris,stellate ganglion harris final harris,aosrd-2022-saturday-3-harris-stellate-ganglion-harris-final,,,,absent,absent,absent,absent,absent,absent,absent,absent,absent,claimed_present_elsewhere,false,claimed_present_elsewhere,absent,absent,absent,absent,absent,absent,present_local,absent,absent,,absent,absent,absent,absent,absent,absent,claimed_present_elsewhere,source_only,source_paths_not_on_this_machine=1; example=/Volumes/Macintosh HD - Data/Users/chingchen/Downloads/AOSRd Slide Show 2022/Saturday/3. Harris/Stellate Ganglion Harris Final.pptx; formats=['pptx']; kinds=['slides']; file_count=1
aosrd-2022-saturday-4-levy-lecture-hidden-epidemic-las-vegas-virtual-3-26-2022-levy,AOSRD_Clearfield,aosrd_2022_conference,"Lecture, Hidden Epidemic, Las Vegas virtual, 3.26.2022-Levy — Levy",lecture hidden epidemic las vegas virtual 3 26 2022 levy levy,aosrd-2022-saturday-4-levy-lecture-hidden-epidemic-las-vegas-virtual-3-26-2022-levy,,,,absent,absent,absent,absent,absent,absent,absent,absent,absent,claimed_present_elsewhere,false,claimed_present_elsewhere,absent,absent,absent,absent,absent,absent,present_local,absent,absent,,absent,absent,absent,absent,absent,absent,claimed_present_elsewhere,source_only,"source_paths_not_on_this_machine=1; example=/Volumes/Macintosh HD - Data/Users/chingchen/Downloads/AOSRd Slide Show 2022/Saturday/4. Levy/Lecture, Hidden Epidemic, Las Vegas virtual, 3.26.2022-Levy.pptx; formats=['pptx']; kinds=['slides']; file_count=1"
aosrd-2022-saturday-5-lozano-american-osteopathic-society-congress-of-medical-excellence-3-25-22-lozano,AOSRD_Clearfield,aosrd_2022_conference,American Osteopathic Society Congress of Medical Excellence 3-25-22-Lozano — Lozano,american osteopathic society congress of medical excellence 3 25 22 lozano lozano,aosrd-2022-saturday-5-lozano-american-osteopathic-society-congress-of-medical-excellence-3-25-22-lozano,,,,absent,absent,absent,absent,absent,absent,absent,absent,absent,claimed_present_elsewhere,false,claimed_present_elsewhere,absent,absent,absent,absent,absent,absent,present_local,absent,absent,,absent,absent,absent,absent,absent,absent,claimed_present_elsewhere,source_only,source_paths_not_on_this_machine=1; example=/Volumes/Macintosh HD - Data/Users/chingchen/Downloads/AOSRd Slide Show 2022/Saturday/5. Lozano/American Osteopathic Society Congress of Medical Excellence 3-25-22-Lozano.pptx; formats=['pptx']; kinds=['slides']; file_count=1
aosrd-2022-saturday-6-patel-chronic-fatigue-dyshomeostasis-dr-k-patel-march-2022-meeting,AOSRD_Clearfield,aosrd_2022_conference,CHRONIC FATIGUE –DYSHOMEOSTASIS--Dr. K. Patel March 2022 Meeting — Patel,chronic fatigue dyshomeostasis dr k patel march 2022 meeting patel,aosrd-2022-saturday-6-patel-chronic-fatigue-dyshomeostasis-dr-k-patel-march-2022-meeting,,,,absent,absent,absent,absent,absent,absent,absent,absent,absent,claimed_present_elsewhere,false,claimed_present_elsewhere,absent,claimed_present_elsewhere,absent,absent,absent,absent,present_local,absent,absent,,absent,absent,absent,absent,absent,absent,claimed_present_elsewhere,source_only,"source_paths_not_on_this_machine=2; example=/Volumes/Macintosh HD - Data/Users/chingchen/Downloads/AOSRd Slide Show 2022/Saturday/6. Patel/6. CHRONIC FATIGUE –DYSHOMEOSTASIS--Dr. K. Patel March  2022 Meeting.pptx; formats=['m4a', 'pptx']; kinds=['audio', 'slides']; file_count=2"
aosrd-2022-saturday-7-born-autoimmune-diseases-asord-1,AOSRD_Clearfield,aosrd_2022_conference,Autoimmune Diseases ASORD (1) — Born,autoimmune diseases asord 1 born,aosrd-2022-saturday-7-born-autoimmune-diseases-asord-1,,,,absent,absent,absent,absent,absent,absent,absent,absent,absent,claimed_present_elsewhere,false,claimed_present_elsewhere,absent,absent,claimed_present_elsewhere,absent,absent,absent,present_local,absent,absent,,absent,absent,absent,absent,absent,absent,claimed_present_elsewhere,source_only,"source_paths_not_on_this_machine=2; example=/Volumes/Macintosh HD - Data/Users/chingchen/Downloads/AOSRd Slide Show 2022/Saturday/7. Born/Autoimmune Diseases ASORD (1).pptx; formats=['mp4', 'pptx']; kinds=['slides', 'video']; file_count=2"
aosrd-2022-saturday-8-peter-mccullough-mccullough-presentation-pathophysiologic-rationale-for-early-treatment-of-covid-19-nd-jan-30,AOSRD_Clearfield,aosrd_2022_conference,McCullough Presentation Pathophysiologic Rationale for Early Treatment of COVID-19 ND Jan 30 2022 — Peter McCullough,mccullough presentation pathophysiologic rationale for early treatment of covid 19 nd jan 30 2022 peter mccullough,aosrd-2022-saturday-8-peter-mccullough-mccullough-presentation-pathophysiologic-rationale-for-early-treatment-of-covid-19-nd-jan-30,,,,absent,absent,absent,absent,absent,absent,absent,absent,absent,claimed_present_elsewhere,false,claimed_present_elsewhere,absent,absent,absent,absent,absent,absent,present_local,absent,absent,,absent,absent,absent,absent,absent,absent,claimed_present_elsewhere,source_only,"source_paths_not_on_this_machine=2; example=/Volumes/Macintosh HD - Data/Users/chingchen/Downloads/AOSRd Slide Show 2022/Saturday/8. Peter McCullough/McCullough Presentation Pathophysiologic Rationale for Early Treatment of COVID-19 ND Jan 30 2022.pptx; formats=['jpg', 'pptx']; kinds=['image', 'slides']; file_count=2"
aosrd-2022-saturday-9-james-forsythe-2022-forsythe-immune-protocol-update-march-2022,AOSRD_Clearfield,aosrd_2022_conference,2022 Forsythe Immune Protocol Update March 2022 — James Forsythe,2022 forsythe immune protocol update march 2022 james forsythe,aosrd-2022-saturday-9-james-forsythe-2022-forsythe-immune-protocol-update-march-2022|xg4V_A-L8_Ob1jKGBewDTtKzOWg|hxlUjPAXSClySIs4HN1P0CWe_Qk,xg4V_A-L8_Ob1jKGBewDTtKzOWg;hxlUjPAXSClySIs4HN1P0CWe_Qk,2024-08-13;2026-06-16,Research/lectures/clearfield-webinar-2024-08-13;Research/lectures/clearfield-webinar-2026-06-16,absent,absent,absent,absent,absent,absent,absent,absent,absent,claimed_present_elsewhere,false,claimed_present_elsewhere,absent,absent,absent,absent,absent,absent,present_local,absent,absent,,absent,absent,absent,absent,absent,absent,claimed_present_elsewhere,source_only,source_paths_not_on_this_machine=1; example=/Volumes/Macintosh HD - Data/Users/chingchen/Downloads/AOSRd Slide Show 2022/Saturday/9. James Forsythe/2022 Forsythe Immune Protocol Update March 2022.pptx; formats=['pptx']; kinds=['slides']; file_count=1
aosrd-2022-sunday-1-halasa-integrative-immuno-oncology-halasa,AOSRD_Clearfield,aosrd_2022_conference,Integrative Immuno Oncology-Halasa — Halasa,integrative immuno oncology halasa halasa,aosrd-2022-sunday-1-halasa-integrative-immuno-oncology-halasa|JAhRYbDDwDsC4em3dazDKyDw4gM,JAhRYbDDwDsC4em3dazDKyDw4gM,2025-02-05,Research/lectures/clearfield-webinar-2025-02-05,absent,absent,absent,absent,absent,absent,absent,absent,absent,claimed_present_elsewhere,false,claimed_present_elsewhere,absent,absent,absent,absent,absent,absent,present_local,absent,absent,,absent,absent,absent,absent,absent,absent,claimed_present_elsewhere,source_only,source_paths_not_on_this_machine=1; example=/Volumes/Macintosh HD - Data/Users/chingchen/Downloads/AOSRd Slide Show 2022/Sunday/1. Halasa/1. Integrative Immuno Oncology-Halasa.pptx; formats=['pptx']; kinds=['slides']; file_count=1
aosrd-2022-sunday-2-farshchian-dr-aj-farshchian-powerpoit,AOSRD_Clearfield,aosrd_2022_conference,Dr AJ. Farshchian Powerpoit — Farshchian,dr aj farshchian powerpoit farshchian,aosrd-2022-sunday-2-farshchian-dr-aj-farshchian-powerpoit,,,,absent,absent,absent,absent,absent,absent,absent,absent,absent,claimed_present_elsewhere,false,claimed_present_elsewhere,absent,absent,absent,absent,absent,absent,present_local,absent,absent,,absent,absent,absent,absent,absent,absent,claimed_present_elsewhere,source_only,source_paths_not_on_this_machine=1; example=/Volumes/Macintosh HD - Data/Users/chingchen/Downloads/AOSRd Slide Show 2022/Sunday/2. Farshchian/Dr AJ. Farshchian Powerpoit.pptx; formats=['pptx']; kinds=['slides']; file_count=1
aosrd-2022-sunday-3-pertain-brittany-partain-cb-caps-presentation-come-4-0,AOSRD_Clearfield,aosrd_2022_conference,Brittany Partain CB-CAPs Presentation COME 4.0 — Pertain,brittany partain cb caps presentation come 4 0 pertain,aosrd-2022-sunday-3-pertain-brittany-partain-cb-caps-presentation-come-4-0,,,,absent,absent,absent,absent,absent,absent,absent,absent,absent,claimed_present_elsewhere,false,claimed_present_elsewhere,absent,absent,absent,absent,absent,absent,present_local,absent,absent,,absent,absent,absent,absent,absent,absent,claimed_present_elsewhere,source_only,source_paths_not_on_this_machine=1; example=/Volumes/Macintosh HD - Data/Users/chingchen/Downloads/AOSRd Slide Show 2022/Sunday/3. Pertain/Brittany Partain CB-CAPs Presentation COME 4.0.pptx; formats=['pptx']; kinds=['slides']; file_count=1
aosrd-2022-sunday-4-badal-ultrasound-in-integrative-medicine-dr-r-badal,AOSRD_Clearfield,aosrd_2022_conference,Ultrasound in Integrative Medicine-Dr. R. Badal — Badal,ultrasound in integrative medicine dr r badal badal,aosrd-2022-sunday-4-badal-ultrasound-in-integrative-medicine-dr-r-badal,,,,absent,absent,absent,absent,absent,absent,absent,absent,absent,claimed_present_elsewhere,false,claimed_present_elsewhere,absent,absent,absent,absent,absent,absent,present_local,absent,absent,,absent,absent,absent,absent,absent,absent,claimed_present_elsewhere,source_only,source_paths_not_on_this_machine=1; example=/Volumes/Macintosh HD - Data/Users/chingchen/Downloads/AOSRd Slide Show 2022/Sunday/4. Badal/4. Ultrasound in Integrative Medicine-Dr. R. Badal.pptx; formats=['pptx']; kinds=['slides']; file_count=1
aosrd-2022-sunday-5-teitelbaum-fibromyalgia-and-post-covid-cfs-rx-practitioners-osteopathy-group-jacob-teitelbaum,AOSRD_Clearfield,aosrd_2022_conference,Fibromyalgia and Post covid CFS Rx -Practitioners- Osteopathy group-Jacob Teitelbaum — Teitelbaum,fibromyalgia and post covid cfs rx practitioners osteopathy group jacob teitelbaum teitelbaum,aosrd-2022-sunday-5-teitelbaum-fibromyalgia-and-post-covid-cfs-rx-practitioners-osteopathy-group-jacob-teitelbaum,,,,absent,absent,absent,absent,absent,absent,absent,absent,absent,claimed_present_elsewhere,false,claimed_present_elsewhere,absent,absent,absent,absent,absent,absent,present_local,absent,absent,,absent,absent,absent,absent,absent,absent,claimed_present_elsewhere,source_only,source_paths_not_on_this_machine=1; example=/Volumes/Macintosh HD - Data/Users/chingchen/Downloads/AOSRd Slide Show 2022/Sunday/5. Teitelbaum/5. Fibromyalgia and Post covid CFS Rx -Practitioners-  Osteopathy group-Jacob Teitelbaum.ppt; formats=['ppt']; kinds=['slides']; file_count=1
aosrd-2022-sunday-6-gersh-pcos-march-2022-osteopathic-conference,AOSRD_Clearfield,aosrd_2022_conference,PCOS March 2022 Osteopathic Conference — Gersh,pcos march 2022 osteopathic conference gersh,aosrd-2022-sunday-6-gersh-pcos-march-2022-osteopathic-conference|OyOI3AvRLueyq57ys04VXI5U1WU,OyOI3AvRLueyq57ys04VXI5U1WU,2025-12-17,Research/lectures/clearfield-webinar-2025-12-17,absent,absent,absent,absent,absent,absent,absent,absent,absent,claimed_present_elsewhere,false,claimed_present_elsewhere,absent,absent,absent,absent,absent,absent,present_local,absent,absent,,absent,absent,absent,absent,absent,absent,claimed_present_elsewhere,source_only,source_paths_not_on_this_machine=1; example=/Volumes/Macintosh HD - Data/Users/chingchen/Downloads/AOSRd Slide Show 2022/Sunday/6. Gersh/PCOS March 2022 Osteopathic Conference.pptx; formats=['pptx']; kinds=['slides']; file_count=1
aosrd-2022-sunday-7-cruz-march-2022-medical-ethics-presentation-1,AOSRD_Clearfield,aosrd_2022_conference,March 2022 Medical Ethics Presentation (1) — Cruz,march 2022 medical ethics presentation 1 cruz,aosrd-2022-sunday-7-cruz-march-2022-medical-ethics-presentation-1|vZKE66zexBS6KPliMMq0glRxefk|Se28ZvfBuNMYHNmwQG9ua7gbTWk|ClN5CZe78b8lp6a0nf44-DzCDCo,vZKE66zexBS6KPliMMq0glRxefk;Se28ZvfBuNMYHNmwQG9ua7gbTWk;ClN5CZe78b8lp6a0nf44-DzCDCo,2024-12-04;2026-03-10;2025-03-11,Research/lectures/clearfield-webinar-2024-12-04;Research/lectures/clearfield-webinar-2026-03-10;Research/lectures/clearfield-webinar-2025-03-11,absent,absent,absent,absent,absent,absent,absent,absent,absent,claimed_present_elsewhere,false,claimed_present_elsewhere,absent,absent,absent,absent,absent,absent,present_local,absent,absent,,absent,absent,absent,absent,absent,absent,claimed_present_elsewhere,source_only,source_paths_not_on_this_machine=1; example=/Volumes/Macintosh HD - Data/Users/chingchen/Downloads/AOSRd Slide Show 2022/Sunday/7. Cruz/March 2022 Medical Ethics Presentation (1).pptx; formats=['pptx']; kinds=['slides']; file_count=1
aosrd-2022-sunday-8-burgess-suicide-prevention-john-burgess-do-aosrd-4-0,AOSRD_Clearfield,aosrd_2022_conference,Suicide Prevention John Burgess DO AOSRD 4.0 — Burgess,suicide prevention john burgess do aosrd 4 0 burgess,aosrd-2022-sunday-8-burgess-suicide-prevention-john-burgess-do-aosrd-4-0|pfNO6khumfRfVoCync03aVBxZ70|wcHy9pPXoWy5S62-GJbpasQtw2o|TNvBcRwwSnrkWGe2_L3i3lGvYYk|VwrSvok1RCW2X3iJ_Kwbd8JK6k8,pfNO6khumfRfVoCync03aVBxZ70;wcHy9pPXoWy5S62-GJbpasQtw2o;TNvBcRwwSnrkWGe2_L3i3lGvYYk;VwrSvok1RCW2X3iJ_Kwbd8JK6k8,2025-03-18;2025-02-12;2024-12-11;2025-11-12,Research/lectures/clearfield-webinar-2025-03-18;Research/lectures/clearfield-webinar-2025-02-12;Research/lectures/clearfield-webinar-2024-12-11;Research/lectures/clearfield-webinar-2025-11-12,absent,absent,absent,absent,absent,absent,absent,absent,absent,claimed_present_elsewhere,false,claimed_present_elsewhere,absent,absent,claimed_present_elsewhere,absent,absent,absent,present_local,absent,claimed_present_elsewhere,,absent,absent,absent,absent,absent,absent,claimed_present_elsewhere,source_only,"source_paths_not_on_this_machine=3; example=/Volumes/Macintosh HD - Data/Users/chingchen/Downloads/AOSRd Slide Show 2022/Sunday/8. Burgess/Suicide Prevention John Burgess DO AOSRD 4.0.pdf; formats=['mp4', 'pdf', 'pptx']; kinds=['document', 'slides', 'video']; file_count=3"
aosrd-2022-sunday-9-stock-cme-federal-emergency-healthcare-response-daniel-stock-md,AOSRD_Clearfield,aosrd_2022_conference,CME Federal Emergency Healthcare Response-Daniel Stock MD — Stock,cme federal emergency healthcare response daniel stock md stock,aosrd-2022-sunday-9-stock-cme-federal-emergency-healthcare-response-daniel-stock-md,,,,absent,absent,absent,absent,absent,absent,absent,absent,absent,claimed_present_elsewhere,false,claimed_present_elsewhere,absent,absent,absent,absent,absent,absent,present_local,absent,absent,,absent,absent,absent,absent,absent,absent,claimed_present_elsewhere,source_only,source_paths_not_on_this_machine=1; example=/Volumes/Macintosh HD - Data/Users/chingchen/Downloads/AOSRd Slide Show 2022/Sunday/9. Stock/CME Federal Emergency Healthcare Response-Daniel Stock MD.ppt; formats=['ppt']; kinds=['slides']; file_count=1
aosrd-2022-interstitial-faculty-slide-show2,AOSRD_Clearfield,aosrd_2022_conference,slide show2 — Faculty,slide show2 faculty,aosrd-2022-interstitial-faculty-slide-show2,,,,absent,absent,absent,absent,absent,absent,absent,absent,absent,absent,false,absent,absent,absent,claimed_present_elsewhere,absent,absent,absent,present_local,absent,absent,,absent,absent,absent,absent,absent,absent,claimed_present_elsewhere,source_only,source_paths_not_on_this_machine=1; example=/Volumes/Macintosh HD - Data/Users/chingchen/Downloads/AOSRd Slide Show 2022/AOSRD Between Lecture Slide Show/faculty slide show2.mp4; formats=['mp4']; kinds=['video']; file_count=1
aosrd-2022-meta-conference-aosrd-2022-catalog-notes,AOSRD_Clearfield,aosrd_2022_conference,AOSRD 2022 catalog notes — Conference,aosrd 2022 catalog notes conference,aosrd-2022-meta-conference-aosrd-2022-catalog-notes|CQdkPoyCm_xx7nnZ2b80AClK8TM|P1FgRy3FvTrrNYsXISdsJKJeiEg,CQdkPoyCm_xx7nnZ2b80AClK8TM;P1FgRy3FvTrrNYsXISdsJKJeiEg,2025-10-07;2024-11-06,Research/lectures/clearfield-webinar-2025-10-07;Research/lectures/clearfield-webinar-2024-11-06,absent,absent,absent,absent,absent,absent,absent,absent,absent,claimed_present_elsewhere,false,claimed_present_elsewhere,absent,absent,absent,absent,absent,absent,present_local,absent,claimed_present_elsewhere,,absent,absent,absent,absent,absent,absent,claimed_present_elsewhere,source_only,source_paths_not_on_this_machine=1; example=/Volumes/Macintosh HD - Data/Users/chingchen/Downloads/AOSRd Slide Show 2022/AOSRSD 2022 Cat notes.pdf; formats=['pdf']; kinds=['document']; file_count=1
local-downloads-deadman-purple-cover,AOSRD_Clearfield,local_downloads,A Manual of Acupuncture (purple cover),a manual of acupuncture purple cover,local-downloads-deadman-purple-cover,,,,absent,absent,absent,absent,absent,absent,absent,absent,absent,claimed_present_elsewhere,false,claimed_present_elsewhere,absent,absent,absent,absent,absent,absent,present_local,absent,claimed_present_elsewhere,,absent,absent,absent,absent,absent,absent,claimed_present_elsewhere,source_only,source_root=/Users/nuu/Downloads/a-manual-of-acupuncture-purple cover.pdf; documents=1; screenshots=0; total_bytes=99211; paths_on_this_machine=0; paths_elsewhere=1; example_path=/Users/nuu/Downloads/a-manual-of-acupuncture-purple cover.pdf
local-downloads-acu-resource,AOSRD_Clearfield,local_downloads,Acupuncture resource,acupuncture resource,local-downloads-acu-resource,,,,absent,absent,absent,absent,absent,absent,absent,absent,absent,claimed_present_elsewhere,false,claimed_present_elsewhere,claimed_present_elsewhere,claimed_present_elsewhere,absent,absent,absent,absent,present_local,absent,claimed_present_elsewhere,,absent,absent,absent,absent,absent,absent,claimed_present_elsewhere,source_only,source_root=/Users/nuu/Downloads/Acupuncture resource; documents=22; screenshots=4; total_bytes=212305062; paths_on_this_machine=0; paths_elsewhere=22; example_path=/Users/nuu/Downloads/Acupuncture resource/The_hidden_geography_of_acupuncture_channels.m4a; catalog.already_in_repo=true
local-downloads-insomnia-reference-guide,AOSRD_Clearfield,local_downloads,Insomnia reference guide,insomnia reference guide,local-downloads-insomnia-reference-guide,,,,absent,absent,absent,absent,absent,absent,absent,absent,absent,claimed_present_elsewhere,false,claimed_present_elsewhere,absent,absent,absent,absent,absent,absent,present_local,absent,claimed_present_elsewhere,,absent,absent,absent,absent,absent,absent,claimed_present_elsewhere,source_only,source_root=/Users/nuu/Downloads/insomnia_reference_guide.pdf; documents=1; screenshots=0; total_bytes=85102; paths_on_this_machine=0; paths_elsewhere=1; example_path=/Users/nuu/Downloads/insomnia_reference_guide.pdf
local-downloads-hidden-geography-channels-m4a,AOSRD_Clearfield,local_downloads,The hidden geography of acupuncture channels (audio),the hidden geography of acupuncture channels audio,local-downloads-hidden-geography-channels-m4a,,,,absent,absent,absent,absent,absent,absent,absent,absent,absent,absent,false,absent,absent,claimed_present_elsewhere,absent,absent,absent,absent,present_local,absent,absent,,absent,absent,absent,absent,absent,absent,claimed_present_elsewhere,source_only,source_root=/Users/nuu/Downloads/The_hidden_geography_of_acupuncture_channels.m4a; documents=1; screenshots=0; total_bytes=88834869; paths_on_this_machine=0; paths_elsewhere=1; example_path=/Users/nuu/Downloads/The_hidden_geography_of_acupuncture_channels.m4a
local-downloads-brain-and-mycotoxins,AOSRD_Clearfield,local_downloads,Brain and Mycotoxins,brain and mycotoxins,local-downloads-brain-and-mycotoxins,,,,absent,absent,absent,absent,absent,absent,absent,absent,absent,claimed_present_elsewhere,false,claimed_present_elsewhere,absent,absent,absent,absent,absent,absent,present_local,absent,claimed_present_elsewhere,,absent,absent,absent,absent,absent,absent,claimed_present_elsewhere,source_only,source_root=/Users/nuu/Downloads/BrainandMycotoxins.pdf; documents=1; screenshots=0; total_bytes=77415; paths_on_this_machine=0; paths_elsewhere=1; example_path=/Users/nuu/Downloads/BrainandMycotoxins.pdf
local-downloads-campbell-mold-aosrd-2021,AOSRD_Clearfield,local_downloads,Dr Andrew Campbell — Mold and Mycotoxins (AOSRD 2021),dr andrew campbell mold and mycotoxins aosrd 2021,local-downloads-campbell-mold-aosrd-2021|v3Md09l1C_mz3hrDPWngln5SYQw|hFcw5MS7FSAuXJGFcnPHqL6j1gM,v3Md09l1C_mz3hrDPWngln5SYQw;hFcw5MS7FSAuXJGFcnPHqL6j1gM,,,absent,absent,absent,absent,absent,absent,absent,absent,absent,claimed_present_elsewhere,false,claimed_present_elsewhere,absent,absent,absent,absent,absent,absent,present_local,absent,claimed_present_elsewhere,,absent,absent,absent,absent,absent,absent,claimed_present_elsewhere,source_only,source_root=/Users/nuu/Downloads/DR andrew Campbell Mold-and-Mycotoxins-AOSRD 2021.pdf; documents=1; screenshots=0; total_bytes=441992; paths_on_this_machine=0; paths_elsewhere=1; example_path=/Users/nuu/Downloads/DR andrew Campbell Mold-and-Mycotoxins-AOSRD 2021.pdf
local-downloads-hashimoto-tano,AOSRD_Clearfield,local_downloads,Hashimoto thyroiditis with Dr Benoit Tano,hashimoto thyroiditis with dr benoit tano,local-downloads-hashimoto-tano|81vgkJ55QnsvesXbnyxCMQPr6Rc|Td9Prx_y7BG6tFzXN3Yl-Iy-NJ8,81vgkJ55QnsvesXbnyxCMQPr6Rc;Td9Prx_y7BG6tFzXN3Yl-Iy-NJ8,,,absent,absent,absent,absent,absent,absent,absent,absent,absent,claimed_present_elsewhere,false,claimed_present_elsewhere,absent,claimed_present_elsewhere,absent,absent,absent,absent,present_local,absent,claimed_present_elsewhere,,absent,absent,absent,absent,absent,absent,claimed_present_elsewhere,source_only,source_root=/Users/nuu/Downloads/Hashimoto thyroididtis with Dr Benoit Tano ; documents=3; screenshots=0; total_bytes=55516570; paths_on_this_machine=0; paths_elsewhere=3; example_path=/Users/nuu/Downloads/Hashimoto thyroididtis with Dr Benoit Tano /Hashimoto thyroididtis with Dr Benoit Tano.zip
local-downloads-emily-autoimmune-2026-04,AOSRD_Clearfield,local_downloads,Insights On Emily — a case of Autoimmune Origin,insights on emily a case of autoimmune origin,local-downloads-emily-autoimmune-2026-04|GpGzOhGTH4-q6bror7uHVEIk1Jk,GpGzOhGTH4-q6bror7uHVEIk1Jk,,,absent,absent,absent,absent,absent,absent,absent,absent,absent,claimed_present_elsewhere,false,claimed_present_elsewhere,claimed_present_elsewhere,absent,absent,absent,absent,absent,present_local,absent,claimed_present_elsewhere,,absent,absent,absent,absent,absent,absent,claimed_present_elsewhere,source_only,source_root=/Users/nuu/Downloads/Insights On Emily:a case of Autoimmune Origin 4 2026; documents=2; screenshots=78; total_bytes=284152275; paths_on_this_machine=0; paths_elsewhere=2; example_path=/Users/nuu/Downloads/Insights On Emily:a case of Autoimmune Origin 4 2026/Insights On Emily-a case of Autoimmune Origin 4 2026 copy.pdf
local-downloads-integrative-immuno-carbon60,AOSRD_Clearfield,local_downloads,Integrative Immunology — Nutritional Cofactors / Carbon60,integrative immunology nutritional cofactors carbon60,local-downloads-integrative-immuno-carbon60,,,,absent,absent,absent,absent,absent,absent,absent,absent,absent,claimed_present_elsewhere,false,claimed_present_elsewhere,claimed_present_elsewhere,claimed_present_elsewhere,absent,absent,absent,absent,present_local,absent,claimed_present_elsewhere,,absent,absent,absent,absent,absent,absent,claimed_present_elsewhere,source_only,source_root=/Users/nuu/Downloads/Integrative Immunology Nutritional Cofactors in Tissue Using Repair Carbon60; documents=3; screenshots=1; total_bytes=50758453; paths_on_this_machine=0; paths_elsewhere=3; example_path=/Users/nuu/Downloads/Integrative Immunology Nutritional Cofactors in Tissue Using Repair Carbon60/Integrative Immunology Nutritional Cofactors in Tissue Using Repair Carbon60.zip
local-downloads-morgellons-lyme-syphilis,AOSRD_Clearfield,local_downloads,"Overlap between Morgellons, Lyme disease, and syphilis",overlap between morgellons lyme disease and syphilis,local-downloads-morgellons-lyme-syphilis,,,,absent,absent,absent,absent,absent,absent,absent,absent,absent,claimed_present_elsewhere,false,claimed_present_elsewhere,absent,claimed_present_elsewhere,absent,absent,absent,absent,present_local,absent,claimed_present_elsewhere,,absent,absent,absent,absent,absent,absent,claimed_present_elsewhere,source_only,source_root=/Users/nuu/Downloads/overlap between Morgellons Lyme disease and syphilis; documents=3; screenshots=0; total_bytes=48988190; paths_on_this_machine=0; paths_elsewhere=3; example_path=/Users/nuu/Downloads/overlap between Morgellons Lyme disease and syphilis/overlap between Morgellons Lyme disease and syphilis.zip
local-downloads-colchicine-uses,AOSRD_Clearfield,local_downloads,Colchicine uses,colchicine uses,local-downloads-colchicine-uses,,,,absent,absent,absent,absent,absent,absent,absent,absent,absent,claimed_present_elsewhere,false,claimed_present_elsewhere,absent,absent,absent,absent,absent,absent,present_local,absent,claimed_present_elsewhere,,absent,absent,absent,absent,absent,absent,claimed_present_elsewhere,source_only,source_root=/Users/nuu/Downloads/Colchicine uses.pdf; documents=1; screenshots=0; total_bytes=234295; paths_on_this_machine=0; paths_elsewhere=1; example_path=/Users/nuu/Downloads/Colchicine uses.pdf
local-downloads-dna-repair-andrews-2026-04,AOSRD_Clearfield,local_downloads,DNA repair healing with Dr. Bill Andrews,dna repair healing with dr bill andrews,local-downloads-dna-repair-andrews-2026-04|ajVChHpkQS72kcrtN9J03lwNFZ0,ajVChHpkQS72kcrtN9J03lwNFZ0,,,absent,absent,absent,absent,absent,absent,absent,absent,absent,claimed_present_elsewhere,false,claimed_present_elsewhere,claimed_present_elsewhere,absent,absent,absent,absent,absent,present_local,absent,claimed_present_elsewhere,,absent,absent,absent,absent,absent,absent,claimed_present_elsewhere,source_only,source_root=/Users/nuu/Downloads/DNA repair healing with Dr. Bill Andrews 4 28 2026; documents=2; screenshots=90; total_bytes=295529188; paths_on_this_machine=0; paths_elsewhere=2; example_path=/Users/nuu/Downloads/DNA repair healing with Dr. Bill Andrews 4 28 2026/DNA repair healing with Dr. Bill Andrews 4 28 2026.pdf
local-downloads-burton-hormones-2026-04,AOSRD_Clearfield,local_downloads,Dr Lindsay Burton — everything hormones lecture,dr lindsay burton everything hormones lecture,local-downloads-burton-hormones-2026-04|OlXuXl73V1RAQ4bVYXoakDZMRnU,OlXuXl73V1RAQ4bVYXoakDZMRnU,,,absent,absent,absent,absent,absent,absent,absent,absent,absent,claimed_present_elsewhere,false,claimed_present_elsewhere,absent,absent,absent,absent,absent,absent,present_local,absent,claimed_present_elsewhere,,absent,absent,absent,absent,absent,absent,claimed_present_elsewhere,source_only,source_root=/Users/nuu/Downloads/Dr Lindsay Burton everything hormones lecture 4 2026.txt; documents=1; screenshots=0; total_bytes=125604; paths_on_this_machine=0; paths_elsewhere=1; example_path=/Users/nuu/Downloads/Dr Lindsay Burton everything hormones lecture 4 2026.txt
local-downloads-hair-follicle-optimization,AOSRD_Clearfield,local_downloads,Hair Follicle Optimization Master Research v0.2,hair follicle optimization master research v0 2,local-downloads-hair-follicle-optimization,,,,absent,absent,absent,absent,absent,absent,absent,absent,absent,claimed_present_elsewhere,false,claimed_present_elsewhere,absent,absent,absent,absent,absent,absent,present_local,absent,claimed_present_elsewhere,,absent,absent,absent,absent,absent,absent,claimed_present_elsewhere,source_only,source_root=/Users/nuu/Downloads/Hair_Follicle_Optimization_Master_Research_v0.2.docx; documents=1; screenshots=0; total_bytes=44343; paths_on_this_machine=0; paths_elsewhere=1; example_path=/Users/nuu/Downloads/Hair_Follicle_Optimization_Master_Research_v0.2.docx
local-downloads-integrative-medicine-lecture-notes,AOSRD_Clearfield,local_downloads,Integrative medicine lecture notes,integrative medicine lecture notes,local-downloads-integrative-medicine-lecture-notes,,,,absent,absent,absent,absent,absent,absent,absent,absent,absent,claimed_present_elsewhere,false,claimed_present_elsewhere,absent,absent,absent,absent,absent,absent,present_local,absent,claimed_present_elsewhere,,absent,absent,absent,absent,absent,absent,claimed_present_elsewhere,source_only,source_root=/Users/nuu/Downloads/integrative_medicine_lecture_notes.docx; documents=1; screenshots=0; total_bytes=33830; paths_on_this_machine=0; paths_elsewhere=1; example_path=/Users/nuu/Downloads/integrative_medicine_lecture_notes.docx
local-downloads-ivermectin-ayurveda-2026-05,AOSRD_Clearfield,local_downloads,"Ivermectin for longevity, cancer, neurodegeneration & quantum Ayurveda",ivermectin for longevity cancer neurodegeneration quantum ayurveda,local-downloads-ivermectin-ayurveda-2026-05|SiB7Ifahh4_dfJVERQgP60auXjw,SiB7Ifahh4_dfJVERQgP60auXjw,,,absent,absent,absent,absent,absent,absent,absent,absent,absent,claimed_present_elsewhere,false,claimed_present_elsewhere,claimed_present_elsewhere,claimed_present_elsewhere,absent,absent,absent,absent,present_local,absent,claimed_present_elsewhere,,absent,absent,absent,absent,absent,absent,claimed_present_elsewhere,source_only,"source_root=/Users/nuu/Downloads/Ivermectin for longevity, cancer, neurodegenerative diseases, & potential of quantum Ayurveda technology 5 19 2026; documents=3; screenshots=99; total_bytes=293981958; paths_on_this_machine=0; paths_elsewhere=3; example_path=/Users/nuu/Downloads/Ivermectin for longevity, cancer, neurodegenerative diseases, & potential of quantum Ayurveda technology 5 19 2026/Ivermectin for longevity, cancer, neurodegenerative diseases, & potential of quantum Ayurveda technology 5 19 2026.zip"
local-downloads-colchicine-cv-prevention,AOSRD_Clearfield,local_downloads,Low-dose colchicine — CV prevention / anti-inflammatory,low dose colchicine cv prevention anti inflammatory,local-downloads-colchicine-cv-prevention,,,,absent,absent,absent,absent,absent,absent,absent,absent,absent,claimed_present_elsewhere,false,claimed_present_elsewhere,absent,claimed_present_elsewhere,absent,absent,absent,absent,present_local,absent,claimed_present_elsewhere,,absent,absent,absent,absent,absent,absent,claimed_present_elsewhere,source_only,source_root=/Users/nuu/Downloads/low-dose colchicine as a cost-effective anti-inflammatory therapy for cardiovascular prevention; documents=3; screenshots=0; total_bytes=33746836; paths_on_this_machine=0; paths_elsewhere=3; example_path=/Users/nuu/Downloads/low-dose colchicine as a cost-effective anti-inflammatory therapy for cardiovascular prevention/low-dose colchicine as a cost-effective anti-inflammatory therapy for cardiovascular prevention.zip
local-downloads-dpc-hartman-2026-05,AOSRD_Clearfield,local_downloads,Stefan Hartman — starting a DPC practice (LLC / S-corp),stefan hartman starting a dpc practice llc s corp,local-downloads-dpc-hartman-2026-05|7f1TOn8POnM4I7k7Kv04F-ZbcYA,7f1TOn8POnM4I7k7Kv04F-ZbcYA,,,absent,absent,absent,absent,absent,absent,absent,absent,absent,claimed_present_elsewhere,false,claimed_present_elsewhere,claimed_present_elsewhere,absent,absent,absent,absent,absent,present_local,absent,claimed_present_elsewhere,,absent,absent,absent,absent,absent,absent,claimed_present_elsewhere,source_only,"source_root=/Users/nuu/Downloads/Stefan Hartman presented on starting a DPC practice, emphasizing the benefits of an LLC, S corporation 512 2026; documents=1; screenshots=20; total_bytes=64977115; paths_on_this_machine=0; paths_elsewhere=1; example_path=/Users/nuu/Downloads/Stefan Hartman presented on starting a DPC practice, emphasizing the benefits of an LLC, S corporation 512 2026/Stefan Hartman presented on starting a DPC practice, emphasizing the benefits of an LLC S corporation 5 12 2026.txt"
local-downloads-peptides-bpc-kpv-2026-05,AOSRD_Clearfield,local_downloads,"Peptides BPC-157, KPV, and lorazotide — gut repair / barrier",peptides bpc 157 kpv and lorazotide gut repair barrier,local-downloads-peptides-bpc-kpv-2026-05,,,,absent,absent,absent,absent,absent,absent,absent,absent,absent,claimed_present_elsewhere,false,claimed_present_elsewhere,claimed_present_elsewhere,absent,absent,absent,absent,absent,present_local,absent,claimed_present_elsewhere,,absent,absent,absent,absent,absent,absent,claimed_present_elsewhere,source_only,"source_root=/Users/nuu/Downloads/ peptides BPC 157, KPV, and lorazotide for gut repair, inflammation, and barrier control slides 5 5 2026; documents=2; screenshots=44; total_bytes=145816692; paths_on_this_machine=0; paths_elsewhere=2; example_path=/Users/nuu/Downloads/ peptides BPC 157, KPV, and lorazotide for gut repair, inflammation, and barrier control slides 5 5 2026/Peptides BPC 157, KPV, and lorazotide for gut repair inflammation barrier control 5 5 2026.pdf"
