web_record_id,source,original_title,normalized_title,web_date,youtube_id,aosrd_url,pdf_url,candidate_otter_id,otter_date,otter_packet_dir,otter_original_title,otter_enriched_title,otter_processed,screenshot_count,match_class,match_reason,title_similarity,date_relationship,speaker_relationship,variant_flag,needs_human_review,web_speakers,topic_hits
aosrd-webinars-000-R0k2AM7bvcw,aosrd_webinars_youtube,We Can’t Keep Eating Like This with Dr. Paul Clayton​  – Video,we can t keep eating like this with dr paul clayton -,,R0k2AM7bvcw,https://aosrd.org/webinars/,,Se28ZvfBuNMYHNmwQG9ua7gbTWk,2026-03-10,Research/lectures/clearfield-webinar-2026-03-10,Tuesday Integrative Health Webinar,"Tuesday Integrative Health Webinar — March 10, 2026: Paul Clayton Pharmaco-Nutrition & GHK-Cu",True,83,possible,topic/title similarity; insufficient independent evidence,0.349,unknown,aligned,no,yes,Paul Clayton,"clayton,paul"
aosrd-webinars-001-1FvBmDULAM0,aosrd_webinars_youtube,Peter Zebot-The Second Law of Human Nature  – Video,peter zebot-the second law of human nature -,,1FvBmDULAM0,https://aosrd.org/webinars/,,,,,,,,,no_match,no reasonable otter candidate,,unknown,unknown,no,yes,,
aosrd-webinars-002-db3pbTDvVzk,aosrd_webinars_youtube,"The Collagen Network-Rebuild, Stregthen and Maintain Immune Regulation, Creatine and Mitochondrial Magnesium with Jill Beckman  – Video",the collagen network-rebuild stregthen and maintain immune regulation creatine and mitochondrial magnesium with jill beckman -,,db3pbTDvVzk,https://aosrd.org/webinars/,,lnZUNAyEcVNSN0i3JOEbuJcc15A,2025-02-19,Research/lectures/clearfield-webinar-2025-02-19,Tuesday Integrative Health Webinar,"Tuesday Integrative Health Webinar — February 19, 2025: Thymosin Alpha-1 & Thymogen Immune Peptides",True,49,possible,topic/title similarity; insufficient independent evidence,0.255,unknown,aligned,no,yes,Jill Beckman,"collagen,immune"
aosrd-webinars-003-no_8kTiBj6g,aosrd_webinars_youtube,Build Your Own Personalized Nutritional  Formula from the Ground Up With Michael Lomis – Video,build your own personalized nutritional formula from the ground up with michael lomis -,,no_8kTiBj6g,https://aosrd.org/webinars/,,,,,,,,,no_match,no reasonable otter candidate,,unknown,unknown,no,yes,,
aosrd-webinars-004-tIwwIf1egq0,aosrd_webinars_youtube,Why Vitamin C Therapy Works – Video,why vitamin c therapy works -,,tIwwIf1egq0,https://aosrd.org/webinars/,,,,,,,,,no_match,no reasonable otter candidate,,unknown,unknown,no,yes,,
aosrd-webinars-005--2J8nSF-a-g,aosrd_webinars_youtube,"When Syndromes Overlap-A Complex Case History of Hyperadrogenism, Multiple Autoimmune Maladies, and Evolving Metabolic Signals – Video",when syndromes overlap-a complex case history of hyperadrogenism multiple autoimmune maladies and evolving metabolic signals -,,-2J8nSF-a-g,https://aosrd.org/webinars/,,,,,,,,,no_match,no reasonable otter candidate,,unknown,unknown,no,yes,,
aosrd-webinars-006-GavfM5gafHU,aosrd_webinars_youtube,The Psychology of Success with Dr. Jim Naccarato – Video,the psychology of success with dr jim naccarato -,,GavfM5gafHU,https://aosrd.org/webinars/,,,,,,,,,no_match,no reasonable otter candidate,,unknown,unknown,no,yes,Jim Naccarato,
aosrd-webinars-007-TcgYciqCmbM,aosrd_webinars_youtube,From Chronic Illness to High Fit Patients with Jake Guidas – Video,from chronic illness to high fit patients with jake guidas -,,TcgYciqCmbM,https://aosrd.org/webinars/,,,,,,,,,no_match,no reasonable otter candidate,,unknown,unknown,no,yes,Jake Guidas,
aosrd-webinars-008-w5yTm2FVNFg,aosrd_webinars_youtube,Ancient Healing Traditions for Modern Times – Video,ancient healing traditions for modern times -,,w5yTm2FVNFg,https://aosrd.org/webinars/,https://aosrd.org/wp-content/uploads/2026/06/Ancient-Wisdom-Modern-Healing1.pdf,,,,,,,,no_match,no reasonable otter candidate,,unknown,unknown,no,yes,,
aosrd-webinars-009-2qegURyj8Yg,aosrd_webinars_youtube,Could Carbon 60 Be the Next Frontier in Longevity Medicine with Bob Greska – Video,could carbon 60 be the next frontier in longevity medicine with bob greska -,,2qegURyj8Yg,https://aosrd.org/webinars/,,hxlUjPAXSClySIs4HN1P0CWe_Qk,2026-06-16,Research/lectures/clearfield-webinar-2026-06-16,Tuesday Integrative Health Webinar,"Tuesday Integrative Health Webinar — June 16, 2026: Carbon 60 (Bob Greska) & Regenerative Cofactors",True,84,possible,topic/title similarity; insufficient independent evidence,0.338,unknown,aligned,no,yes,Bob Greska,"carbon,greska,next"
aosrd-webinars-010-_slDDht8T8c,aosrd_webinars_youtube,Integrative Medicine Meets Applied Physics w Dr Chris Meletis – Video,integrative medicine meets applied physics w dr chris meletis -,,_slDDht8T8c,https://aosrd.org/webinars/,,SiB7Ifahh4_dfJVERQgP60auXjw,2026-05-19,Research/lectures/clearfield-webinar-2026-05-19,Tuesday Integrative Health Webinar,"Tuesday Integrative Health Webinar — May 19, 2026: Quantum Ayurveda & Acoustic-Resonance Bioavailability (Meletis / Varanasi)",True,113,possible,topic/title similarity; insufficient independent evidence,0.309,unknown,aligned,no,yes,Chris Meletis,"chris,meletis"
aosrd-webinars-010-_slDDht8T8c,aosrd_webinars_youtube,Integrative Medicine Meets Applied Physics w Dr Chris Meletis – Video,integrative medicine meets applied physics w dr chris meletis -,,_slDDht8T8c,https://aosrd.org/webinars/,,sLBIeA_Jmb8LAaQrgfDavdK3onA,2025-10-28,Research/lectures/clearfield-webinar-2025-10-28,Tuesday Integrative Health Webinar,"Tuesday Integrative Health Webinar — October 28, 2025: Mitochondrial Fatigue, Oxaloacetate & Vaginal Hormones for UTI",True,106,possible,topic/title similarity; insufficient independent evidence,0.254,unknown,aligned,no,yes,Chris Meletis,"chris,meletis"
aosrd-webinars-011-4uO525HIEm0,aosrd_webinars_youtube,AI in Healthcare with Dr. Benoit Tano – Video – 17  June 2026,ai in healthcare with dr benoit tano - - 17 june 2026,2026-06-17,4uO525HIEm0,https://aosrd.org/webinars/,,81vgkJ55QnsvesXbnyxCMQPr6Rc,2026-06-09,Research/lectures/clearfield-webinar-2026-06-09,Tuesday Integrative Health Webinar,"Tuesday Integrative Health Webinar — June 9, 2026: Taya Pro Med AI (Benoit Tano)",True,465,possible,topic/title similarity; insufficient independent evidence,0.5,compatible_8d,aligned,no,yes,Benoit Tano,"2026,benoit,tano"
aosrd-webinars-012-EcAxOut2zBI,aosrd_webinars_youtube,"Everyone Knows Someone with Cancer, What Can We Do About it with – Video – 17 June 2026",everyone knows someone with cancer what can we do about it with - - 17 june 2026,2026-06-17,EcAxOut2zBI,https://aosrd.org/webinars/,,avbRWMav2fwgobz9r7HjwR4z44I,2026-06-02,Research/lectures/clearfield-webinar-2026-06-02,Tuesday Integrative Health Webinar,"Tuesday Integrative Health Webinar — June 2, 2026: Cancer Destruction Kits & Low-Dose Colchicine (Nicholas St. John)",True,72,possible,topic/title similarity; insufficient independent evidence,0.269,same_month,aligned,no,yes,Cancer,"2026,cancer"
aosrd-webinars-013-U2sLxeOYnFU,aosrd_webinars_youtube,The Histology of Morgellons Nobody’s Talking About – Video,the histology of morgellons nobody s talking about -,,U2sLxeOYnFU,https://aosrd.org/webinars/,,,,,,,,,no_match,no reasonable otter candidate,,unknown,unknown,no,yes,,
aosrd-webinars-014-OOyPAmbcz0U,aosrd_webinars_youtube,Video – 19 May 2026,- 19 may 2026,2026-05-19,OOyPAmbcz0U,https://aosrd.org/webinars/,,SiB7Ifahh4_dfJVERQgP60auXjw,2026-05-19,Research/lectures/clearfield-webinar-2026-05-19,Tuesday Integrative Health Webinar,"Tuesday Integrative Health Webinar — May 19, 2026: Quantum Ayurveda & Acoustic-Resonance Bioavailability (Meletis / Varanasi)",True,113,possible,date-aligned but web title too generic for identity claim,0.25,exact,unknown,no,yes,,2026
aosrd-webinars-014-OOyPAmbcz0U,aosrd_webinars_youtube,Video – 19 May 2026,- 19 may 2026,2026-05-19,OOyPAmbcz0U,https://aosrd.org/webinars/,,H1Iomsee4ZUONKKezPDcMBYCvQ0,2026-06-30,Research/lectures/clearfield-webinar-2026-06-30,Tuesday Integrative Health Webinar,"Tuesday Integrative Health Webinar — June 30, 2026",True,,possible,topic/title similarity; insufficient independent evidence,0.593,adjacent_month,unknown,no,yes,,2026
aosrd-webinars-014-OOyPAmbcz0U,aosrd_webinars_youtube,Video – 19 May 2026,- 19 may 2026,2026-05-19,OOyPAmbcz0U,https://aosrd.org/webinars/,,noIHLP-haQRngsIwy5mlPxVj6SM,2026-02-18,Research/lectures/clearfield-webinar-2026-02-18,Tuesday Integrative Health Webinar,"Tuesday Integrative Health Webinar — February 18, 2026",True,43,possible,topic/title similarity; insufficient independent evidence,0.516,divergent,unknown,no,yes,,2026
aosrd-webinars-015-vngXuAjbS-4,aosrd_webinars_youtube,The Direct Primary Care Practice Model-How to Do It with Stefan Hartmann – Video – 12 May 2026,the direct primary care practice model-how to do it with stefan hartmann - - 12 may 2026,2026-05-12,vngXuAjbS-4,https://aosrd.org/webinars/,,7f1TOn8POnM4I7k7Kv04F-ZbcYA,2026-05-12,Research/lectures/clearfield-webinar-2026-05-12,Tuesday Integrative Health Webinar,"Tuesday Integrative Health Webinar — May 12, 2026: Building a DPC Practice (Stefan Hartman)",True,38,strong,exact session date + substantive topic/title evidence,0.386,exact,aligned,no,no,Stefan Hartmann,"2026,care,direct,practice,primary,stefan"
aosrd-webinars-015-vngXuAjbS-4,aosrd_webinars_youtube,The Direct Primary Care Practice Model-How to Do It with Stefan Hartmann – Video – 12 May 2026,the direct primary care practice model-how to do it with stefan hartmann - - 12 may 2026,2026-05-12,vngXuAjbS-4,https://aosrd.org/webinars/,,P7cEH8dwjVWTUDcsolAayRGqqp4,2024-10-29,Research/lectures/clearfield-webinar-2024-10-29,Tuesday Integrative Health Webinar,Tuesday Integrative Health Webinar — Cash-Based Practice / Stairway System (Gallogly),True,110,possible,topic/title similarity; insufficient independent evidence,0.324,divergent,aligned,no,yes,Stefan Hartmann,"practice,stefan"
aosrd-webinars-016-VbIvp2bY8xs,aosrd_webinars_youtube,What If Aging is the Real Disease with Dr Bill Andrews and Sonny Ngyuen – Video – 6 May 2026,what if aging is the real disease with dr bill andrews and sonny ngyuen - - 6 may 2026,2026-05-06,VbIvp2bY8xs,https://aosrd.org/webinars/,,l416W8yP4i7dv3Jhd5H2F74zMnU,2026-01-21,Research/lectures/clearfield-webinar-2026-01-21,Tuesday Integrative Health Webinar,"Tuesday Integrative Health Webinar — January 21, 2026: Telomeres, Telomerase & How Not to Age (Bill Andrews)",True,122,possible,topic/title similarity; insufficient independent evidence,0.351,divergent,aligned,no,yes,Bill Andrews,"2026,aging,andrews,what"
aosrd-webinars-016-VbIvp2bY8xs,aosrd_webinars_youtube,What If Aging is the Real Disease with Dr Bill Andrews and Sonny Ngyuen – Video – 6 May 2026,what if aging is the real disease with dr bill andrews and sonny ngyuen - - 6 may 2026,2026-05-06,VbIvp2bY8xs,https://aosrd.org/webinars/,,ajVChHpkQS72kcrtN9J03lwNFZ0,2026-04-28,Research/lectures/clearfield-webinar-2026-04-28,Tuesday Integrative Health Webinar,"Tuesday Integrative Health Webinar — April 28, 2026: Telomeres & How Not to Age (Bill Andrews)",True,154,possible,topic/title similarity; insufficient independent evidence,0.284,compatible_8d,aligned,no,yes,Bill Andrews,"2026,aging,andrews,disease,sonny"
aosrd-webinars-017-1h0pTWQFHGQ,aosrd_webinars_youtube,The Coimbra Protocol-High Dose Vitamin D for Autoimmune Disease Relief – Video – 6 May 2026,the coimbra protocol-high dose vitamin d for autoimmune disease relief - - 6 may 2026,2026-05-06,1h0pTWQFHGQ,https://aosrd.org/webinars/,,dBggaNSwAGYqDBG1O_hdE5Zo1CY,2025-12-03,Research/lectures/clearfield-webinar-2025-12-03,Tuesday Integrative Health Webinar,"Tuesday Integrative Health Webinar — December 3, 2025: Coimbra Protocol (High-Dose Vitamin D for Autoimmunity)",True,124,possible,topic/title similarity; insufficient independent evidence,0.667,divergent,unknown,no,yes,,"autoimmune,coimbra,disease,vitamin"
aosrd-webinars-018-239fPv2g6VI,aosrd_webinars_youtube,Estrogen-Devil or Angel​ – Video – 8 Apr 2026,estrogen-devil or angel - - 8 apr 2026,2026-04-08,239fPv2g6VI,https://aosrd.org/webinars/,,,,,,,,,no_match,no reasonable otter candidate,,no_candidate,unknown,no,yes,,
aosrd-webinars-019-D_j_SYnDRBM,aosrd_webinars_youtube,The Multifocal Cardiogram-Artifical Intelligence Meets the EKG with Dr. Sam Fillingane​ – Video – March 2026,the multifocal cardiogram-artifical intelligence meets the ekg with dr sam fillingane - - march 2026,,D_j_SYnDRBM,https://aosrd.org/webinars/,,iFe-Jl__wpKT9UKu7NZMWLiMJ5w,2026-03-31,Research/lectures/clearfield-webinar-2026-03-31,Tuesday Integrative Health Webinar,"Tuesday Integrative Health Webinar — March 31, 2026: Vitamin K Metabolism & Multifunctional Cardiogram (MCG)",True,51,possible,topic/title similarity; insufficient independent evidence,0.308,unknown,aligned,no,yes,Sam Fillingane,"2026,fillingane"
aosrd-webinars-020-IHGfQHUyCaY,aosrd_webinars_youtube,Battlefield Acupuncture with Dr Bill Clearfield​ – Video – March 2026,battlefield acupuncture with dr bill clearfield - - march 2026,,IHGfQHUyCaY,https://aosrd.org/webinars/,,MgYpfjiYtlaKaW_z2gwloZSPQ5o,2026-01-28,Research/lectures/clearfield-webinar-2026-01-28,Tuesday Integrative Health Webinar,"Tuesday Integrative Health Webinar — January 28, 2026: LL-37 Tip & Battlefield Acupuncture",True,217,possible,topic/title similarity; insufficient independent evidence,0.4,unknown,aligned,no,yes,Bill Clearfield,"2026,acupuncture,battlefield"
aosrd-webinars-021-aGltKy2mBBo,aosrd_webinars_youtube,"Frequency, Sound and Autonomic Regulation with Margarita Xistris​ – Video – 3 March 2026",frequency sound and autonomic regulation with margarita xistris - - 3 march 2026,2026-03-03,aGltKy2mBBo,https://aosrd.org/webinars/,,RaBBFKZC2Aa5zl5VmBwF_n4Zwk8,2026-03-04,Research/lectures/clearfield-webinar-2026-03-04,Tuesday Integrative Health Webinar,"Tuesday Integrative Health Webinar — March 4, 2026: Frequency, Autonomic Regulation & PEMF (Cerna / Franz)",True,89,strong,near date + speaker + topic evidence,0.521,near_1d,aligned,no,no,Margarita Xistris,"2026,autonomic,frequency,margarita,regulation,sound"
aosrd-webinars-022-Qnnc8l-_VKI,aosrd_webinars_youtube,"Sunshine, Light and Why EMF Protection is More than Skin Deep with Dan Stachofsky​ – Video – 25 March 2026",sunshine light and why emf electromagnetic field protection is more than skin deep with dan stachofsky - - 25 march 2026,2026-03-25,Qnnc8l-_VKI,https://aosrd.org/webinars/,,,,,,,,,no_match,no reasonable otter candidate,,no_candidate,unknown,no,yes,Dan Stachofsky,
aosrd-webinars-023-Tirv1WnOCRY,aosrd_webinars_youtube,The End of Medicine with Dr. Paul Clayton – Video – 12 March 2026,the end of medicine with dr paul clayton - - 12 march 2026,2026-03-12,Tirv1WnOCRY,https://aosrd.org/webinars/,,Se28ZvfBuNMYHNmwQG9ua7gbTWk,2026-03-10,Research/lectures/clearfield-webinar-2026-03-10,Tuesday Integrative Health Webinar,"Tuesday Integrative Health Webinar — March 10, 2026: Paul Clayton Pharmaco-Nutrition & GHK-Cu",True,83,strong,near date + speaker + topic evidence,0.5,near_2d,aligned,no,no,Paul Clayton,"2026,clayton,medicine,paul"
aosrd-webinars-024-tG56hy020G8,aosrd_webinars_youtube,A Tale of Two Syndromes-PCOS and Hashimoto’s Thyroidits with Dr. Victor Klausner and Bill Clearfield – Video – 3 March 2026,a tale of two syndromes-pcos polycystic ovary syndrome and hashimoto s thyroidits with dr victor klausner and bill clearfield - - 3 march 2026,2026-03-03,tG56hy020G8,https://aosrd.org/webinars/,,eEDmdeOTNokKYKUadQuO_9gDjuo,2026-02-25,Research/lectures/clearfield-webinar-2026-02-25,Tuesday Integrative Health Webinar,"Tuesday Integrative Health Webinar — February 25, 2026: Psilocybin Tip, Lean PCOS & Hashimoto Phase 2 Case",True,108,possible,topic/title similarity; insufficient independent evidence,0.449,compatible_6d,aligned,no,yes,Victor Klausner,"2026,hashimoto,klausner,ovary,polycystic,syndrome,tale,victor"
aosrd-webinars-025-FFLoos87gRA,aosrd_webinars_youtube,Stress Dominance-Why Hormone Dysregulation Begins Before Labs Go Abnormal with Dr. Eldred Taylor – Video – 18-Feb-2026,stress dominance-why hormone dysregulation begins before labs go abnormal with dr eldred taylor - - 18-feb-2026,2026-02-18,FFLoos87gRA,https://aosrd.org/webinars/,,noIHLP-haQRngsIwy5mlPxVj6SM,2026-02-18,Research/lectures/clearfield-webinar-2026-02-18,Tuesday Integrative Health Webinar,"Tuesday Integrative Health Webinar — February 18, 2026",True,43,strong,exact session date + substantive topic/title evidence,0.14,exact,aligned,no,no,Eldred Taylor,"hormone,stress,taylor"
aosrd-webinars-026-v3cUiPMVJnw,aosrd_webinars_youtube,Ketamine for Treatment Resistant Depression with Dr. Erwin Boco – Video – 11-Feb-2026,ketamine for treatment resistant depression with dr erwin boco - - 11-feb-2026,2026-02-11,v3cUiPMVJnw,https://aosrd.org/webinars/,,Z9n_3HuDLHeLCNsCxD97Y679BQA,2026-02-11,Research/lectures/clearfield-webinar-2026-02-11,Tuesday Integrative Health Webinar,"Tuesday Integrative Health Webinar — February 11, 2026: Ibogaine Tip & Ketamine for TRD",True,86,strong,exact session date + substantive topic/title evidence,0.25,exact,aligned,no,no,Erwin Boco,"boco,depression,erwin,ketamine"
aosrd-webinars-027-ukSSwKzur48,aosrd_webinars_youtube,Mitochondrial Therapeutics for Enhancing Healthspan with Dr. Siobhan Mitchell – Video – 04-Feb-2026,mitochondrial therapeutics for enhancing healthspan with dr siobhan mitchell - - 04-feb-2026,2026-02-04,ukSSwKzur48,https://aosrd.org/webinars/,,GMgbZhdKVzi_Uu9bXvypJxkwwKM,2026-02-04,Research/lectures/clearfield-webinar-2026-02-04,Tuesday Integrative Health Webinar,"Tuesday Integrative Health Webinar — February 4, 2026: Kratom Gray Zone & Mitochondrial Therapeutics (MitoQ)",True,47,strong,exact session date + substantive topic/title evidence,0.373,exact,aligned,no,no,Siobhan Mitchell,"mitchell,mitochondrial,siobhan,therapeutics"
aosrd-webinars-028-IEiWWFt1dUg,aosrd_webinars_youtube,"The What, Why, How and How-Not of Aging with Dr. Bill Andrews – Video – 21-Jan-2026",the what why how and how-not of aging with dr bill andrews - - 21-jan-2026,2026-01-21,IEiWWFt1dUg,https://aosrd.org/webinars/,,l416W8yP4i7dv3Jhd5H2F74zMnU,2026-01-21,Research/lectures/clearfield-webinar-2026-01-21,Tuesday Integrative Health Webinar,"Tuesday Integrative Health Webinar — January 21, 2026: Telomeres, Telomerase & How Not to Age (Bill Andrews)",True,122,strong,exact session date + substantive topic/title evidence,0.408,exact,aligned,no,no,Bill Andrews,"aging,andrews,what"
aosrd-webinars-028-IEiWWFt1dUg,aosrd_webinars_youtube,"The What, Why, How and How-Not of Aging with Dr. Bill Andrews – Video – 21-Jan-2026",the what why how and how-not of aging with dr bill andrews - - 21-jan-2026,2026-01-21,IEiWWFt1dUg,https://aosrd.org/webinars/,,ajVChHpkQS72kcrtN9J03lwNFZ0,2026-04-28,Research/lectures/clearfield-webinar-2026-04-28,Tuesday Integrative Health Webinar,"Tuesday Integrative Health Webinar — April 28, 2026: Telomeres & How Not to Age (Bill Andrews)",True,154,possible,topic/title similarity; insufficient independent evidence,0.45,divergent,aligned,no,yes,Bill Andrews,"aging,andrews"
aosrd-webinars-029,aosrd_webinars_vimeo,Cannabis for Dementia with Dr Dustin Sulak – Video – 13-Jan-2026,cannabis for dementia with dr dustin sulak - - 13-jan-2026,2026-01-13,,https://aosrd.org/webinars/,,lBEx4QEhjOy2jlQIxmXZmxIj5BM,2026-01-14,Research/lectures/clearfield-webinar-2026-01-14,Tuesday Integrative Health Webinar,"Tuesday Integrative Health Webinar — January 14, 2026: Humanin Tip & Cannabis for Dementia (Sulak)",True,105,strong,near date + speaker + topic evidence,0.462,near_1d,aligned,no,no,Dustin Sulak,"cannabis,dementia,dustin,sulak"
aosrd-webinars-030-STzYdlwj7lI,aosrd_webinars_youtube,Osteoporosis Testing for Assessing Fracture Risk with Dr. John Neustadt – Video – 01-Jan-2026,osteoporosis testing for assessing fracture risk with dr john neustadt - - 01-jan-2026,2026-01-01,STzYdlwj7lI,https://aosrd.org/webinars/,,GH57wayNAp6iLAYz_3IRSsC5few,2026-01-07,Research/lectures/clearfield-webinar-2026-01-07,Tuesday Integrative Health Webinar,"Tuesday Integrative Health Webinar — January 7, 2026: Collagen Signaling & Osteoporosis Testing (Fracture Risk)",True,61,possible,topic/title similarity; insufficient independent evidence,0.43,compatible_6d,aligned,no,yes,John Neustadt,"fracture,john,neustadt,osteoporosis,risk,testing"
aosrd-webinars-030-STzYdlwj7lI,aosrd_webinars_youtube,Osteoporosis Testing for Assessing Fracture Risk with Dr. John Neustadt – Video – 01-Jan-2026,osteoporosis testing for assessing fracture risk with dr john neustadt - - 01-jan-2026,2026-01-01,STzYdlwj7lI,https://aosrd.org/webinars/,,y59a2fEx8UgOiThJHr1w-HcQc1U,2024-08-20,Research/lectures/clearfield-webinar-2024-08-20,Tuesday Integrative Health Webinar,"Tuesday Integrative Health Webinar — August 20, 2024: Cancer Treatment–Induced Osteoporosis & Fracture-First Bone Care (Dr. John Newstead)",True,0,possible,topic/title similarity; insufficient independent evidence,0.424,divergent,aligned,no,yes,John Neustadt,"fracture,john,osteoporosis,risk"
aosrd-webinars-031-jeZ1O-xDl9c,aosrd_webinars_youtube,A Better Cleaner You!! with Dr. Aunna Herbst – Video – 23-Dec-2025,a better cleaner you with dr aunna herbst - - 23-dec-2025,2025-12-23,jeZ1O-xDl9c,https://aosrd.org/webinars/,,,,,,,,,no_match,no reasonable otter candidate,,no_candidate,unknown,no,yes,Aunna Herbst,
aosrd-webinars-032-ujLADWyiIR8,aosrd_webinars_youtube,Menopause and Vasomotor Symptoms-Therapeutic Options with Dr. Felice Gersh – Video – 17-Dec-2025,menopause and vasomotor symptoms-therapeutic options with dr felice gersh - - 17-dec-2025,2025-12-17,ujLADWyiIR8,https://aosrd.org/webinars/,,OyOI3AvRLueyq57ys04VXI5U1WU,2025-12-17,Research/lectures/clearfield-webinar-2025-12-17,Tuesday Integrative Health Webinar,"Tuesday Integrative Health Webinar — December 17, 2025: Vasomotor Symptoms & Estradiol-First HRT (Gersh)",True,55,strong,exact session date + substantive topic/title evidence,0.385,exact,aligned,no,no,Felice Gersh,"gersh,menopause,vasomotor"
aosrd-webinars-032-ujLADWyiIR8,aosrd_webinars_youtube,Menopause and Vasomotor Symptoms-Therapeutic Options with Dr. Felice Gersh – Video – 17-Dec-2025,menopause and vasomotor symptoms-therapeutic options with dr felice gersh - - 17-dec-2025,2025-12-17,ujLADWyiIR8,https://aosrd.org/webinars/,,OL_Ukp1RYjVvnjsMHnF2eXCXDC8,2024-10-01,Research/lectures/clearfield-webinar-2024-10-01,Tuesday Integrative Health Webinar,"Tuesday Integrative Health Webinar — October 1, 2024: Physiologic Menopausal HRT with Felice Gersh",True,0,possible,topic/title similarity; insufficient independent evidence,0.416,divergent,aligned,no,yes,Felice Gersh,"felice,gersh,menopause"
aosrd-webinars-033-0MvEBIG53X4,aosrd_webinars_youtube,"Optimized Nutrient Absorption with Methylated, Nanoscale and Adaptohenic Formulas w Dr. Robert Celaya – Video – 10-Dec-2025",optimized nutrient absorption with methylated nanoscale and adaptohenic formulas w dr robert celaya - - 10-dec-2025,2025-12-10,0MvEBIG53X4,https://aosrd.org/webinars/,,3BvIJDrhEXHdWPee7Ztw2x6EmdE,2025-12-10,Research/lectures/clearfield-webinar-2025-12-10,Tuesday Integrative Health Webinar,"Tuesday Integrative Health Webinar — December 10, 2025: Nanotechnology, Adaptogens & Holiday Metabolic Botanicals (Saleya / Nario)",True,129,strong,exact session date + substantive topic/title evidence,0.302,exact,partial:Robert Celaya,no,no,Methylated; Robert Celaya,"formulas,robert"
aosrd-webinars-034,aosrd_webinars_vimeo,"HRT, Ice Plunges, Omega-3s and Dead Hangs Saved Me and Now we are Saving Doctors w Stefan Hartmann and his MOM! – Video – 26-Nov-2025",hrt hormone replacement therapy ice plunges omega-3s and dead hangs saved me and now we are saving doctors w stefan hartmann and his mom - - 26-nov-2025,2025-11-26,,https://aosrd.org/webinars/,,HY-sCmihzh3EJ69WWVwlTT0Ri6s,2025-11-26,Research/lectures/clearfield-webinar-2025-11-26,Tuesday Integrative Health Webinar,"Tuesday Integrative Health Webinar — November 26, 2025: Vitamin D CYP Induction, Omega-3 Longevity & HRT Lifestyle Protocol",True,56,strong,exact session date + substantive topic/title evidence,0.302,exact,aligned,no,no,Stefan Hartmann,"dead,hangs,hormone,replacement,stefan,therapy"
aosrd-webinars-034,aosrd_webinars_vimeo,"HRT, Ice Plunges, Omega-3s and Dead Hangs Saved Me and Now we are Saving Doctors w Stefan Hartmann and his MOM! – Video – 26-Nov-2025",hrt hormone replacement therapy ice plunges omega-3s and dead hangs saved me and now we are saving doctors w stefan hartmann and his mom - - 26-nov-2025,2025-11-26,,https://aosrd.org/webinars/,,zlsEo9I_-f-RI9YXiSfAueScYNM,2025-09-23,Research/lectures/clearfield-webinar-2025-09-23,Tuesday Integrative Health Webinar,"Tuesday Integrative Health Webinar — September 23, 2025: Brain Optimization (Hartman) & Glycocalyx Tip",True,72,possible,topic/title similarity; insufficient independent evidence,0.26,divergent,aligned,no,yes,Stefan Hartmann,"hormone,stefan"
aosrd-webinars-034,aosrd_webinars_vimeo,"HRT, Ice Plunges, Omega-3s and Dead Hangs Saved Me and Now we are Saving Doctors w Stefan Hartmann and his MOM! – Video – 26-Nov-2025",hrt hormone replacement therapy ice plunges omega-3s and dead hangs saved me and now we are saving doctors w stefan hartmann and his mom - - 26-nov-2025,2025-11-26,,https://aosrd.org/webinars/,,qwUT3cyV7gYvn34XQtrA84mAbiI,2024-11-20,Research/lectures/clearfield-webinar-2024-11-20,Tuesday Integrative Health Webinar,"Tuesday Integrative Health Webinar — November 20, 2024: Longevity Biomarkers (NAD, Klotho, Inflammation)",True,56,possible,topic/title similarity; insufficient independent evidence,0.251,divergent,aligned,no,yes,Stefan Hartmann,"hormone,stefan,therapy"
aosrd-webinars-034,aosrd_webinars_vimeo,"HRT, Ice Plunges, Omega-3s and Dead Hangs Saved Me and Now we are Saving Doctors w Stefan Hartmann and his MOM! – Video – 26-Nov-2025",hrt hormone replacement therapy ice plunges omega-3s and dead hangs saved me and now we are saving doctors w stefan hartmann and his mom - - 26-nov-2025,2025-11-26,,https://aosrd.org/webinars/,,vZKE66zexBS6KPliMMq0glRxefk,2024-12-04,Research/lectures/clearfield-webinar-2024-12-04,Tuesday Integrative Health Webinar,"Tuesday Integrative Health Webinar — December 4, 2024: 12 Medical Myths (Christmas Edition)",True,79,possible,topic/title similarity; insufficient independent evidence,0.245,divergent,aligned,no,yes,Stefan Hartmann,"hormone,stefan,therapy"
aosrd-webinars-035-uxreznI9JQA,aosrd_webinars_youtube,Mind-Mineral Connection with Kelli Hanson – Video – 19-Nov-2025,mind-mineral connection with kelli hanson - - 19-nov-2025,2025-11-19,uxreznI9JQA,https://aosrd.org/webinars/,,,,,,,,,no_match,no reasonable otter candidate,,no_candidate,unknown,no,yes,Kelli Hanson,
aosrd-webinars-036-2559brkP1fQ,aosrd_webinars_youtube,Neural Therapy with Dr John Burgess – Video – 13-Nov-2025,neural therapy with dr john burgess - - 13-nov-2025,2025-11-13,2559brkP1fQ,https://aosrd.org/webinars/,,VwrSvok1RCW2X3iJ_Kwbd8JK6k8,2025-11-12,Research/lectures/clearfield-webinar-2025-11-12,Tuesday Integrative Health Webinar,"Tuesday Integrative Health Webinar — November 12, 2025: Neural Therapy (Voltage, Scars & Segmental Regulation)",True,180,strong,near date + speaker + topic evidence,0.397,near_1d,aligned,no,no,John Burgess,"burgess,john,neural,therapy"
aosrd-webinars-037-I7FCw7ECM7I,aosrd_webinars_youtube,NCRPI Monthly AcupunctureIntegrative Medicine Webinar 1200-1300 ET – Video – 07-Nov-2025,ncrpi monthly acupunctureintegrative medicine 1200-1300 et - - 07-nov-2025,2025-11-07,I7FCw7ECM7I,https://aosrd.org/webinars/,,,,,,,,,no_match,no reasonable otter candidate,,no_candidate,unknown,no,yes,,
aosrd-webinars-038-SA9CiKNjN1E,aosrd_webinars_youtube,Platelet Rich Fibrin; Optimizing the Glycocalyx and a Protocol to  Enhance PRF Quality with Dr. Joni Collins – Video – 5-Nov-2025,platelet rich fibrin optimizing the glycocalyx and a protocol to enhance prf quality with dr joni collins - - 5-nov-2025,2025-11-05,SA9CiKNjN1E,https://aosrd.org/webinars/,,aKanCqrE_LN8_fUCcz8yCi5pTLg,2025-11-05,Research/lectures/clearfield-webinar-2025-11-05,Tuesday Integrative Health Webinar,"Tuesday Integrative Health Webinar — November 5, 2025: PRF Quality, Glycocalyx Optimization & Fertility Support",True,91,strong,exact session date + substantive topic/title evidence,0.218,exact,aligned,no,no,Joni Collins,"collins,fibrin,glycocalyx,joni,protocol,quality"
aosrd-webinars-039-FMRyzDsooVY,aosrd_webinars_youtube,"Adrenal Fatigue, Long Covid and the Role of Mitochondria, with Dr. Chris Meletis – Video – 29-Oct-2025",adrenal fatigue long covid coronavirus covid-19 and the role of mitochondria with dr chris meletis - - 29-oct-2025,2025-10-29,FMRyzDsooVY,https://aosrd.org/webinars/,,sLBIeA_Jmb8LAaQrgfDavdK3onA,2025-10-28,Research/lectures/clearfield-webinar-2025-10-28,Tuesday Integrative Health Webinar,"Tuesday Integrative Health Webinar — October 28, 2025: Mitochondrial Fatigue, Oxaloacetate & Vaginal Hormones for UTI",True,106,possible,topic/title similarity; insufficient independent evidence,0.259,near_1d,aligned,no,yes,Chris Meletis,"adrenal,chris,coronavirus,covid,covid-19,fatigue,long,meletis"
aosrd-webinars-039-FMRyzDsooVY,aosrd_webinars_youtube,"Adrenal Fatigue, Long Covid and the Role of Mitochondria, with Dr. Chris Meletis – Video – 29-Oct-2025",adrenal fatigue long covid coronavirus covid-19 and the role of mitochondria with dr chris meletis - - 29-oct-2025,2025-10-29,FMRyzDsooVY,https://aosrd.org/webinars/,,12d7QbwxGiZlK8kVCNzSowPUQXE,2025-04-22,Research/lectures/clearfield-webinar-2025-04-22,Tuesday Integrative Health Webinar,"Tuesday Integrative Health Webinar — April 22, 2025: Muscle-Centric Longevity, Myostatin & Fortetropin",True,119,possible,topic/title similarity; insufficient independent evidence,0.247,divergent,aligned,no,yes,Chris Meletis,"chris,meletis,mitochondria"
aosrd-webinars-039-FMRyzDsooVY,aosrd_webinars_youtube,"Adrenal Fatigue, Long Covid and the Role of Mitochondria, with Dr. Chris Meletis – Video – 29-Oct-2025",adrenal fatigue long covid coronavirus covid-19 and the role of mitochondria with dr chris meletis - - 29-oct-2025,2025-10-29,FMRyzDsooVY,https://aosrd.org/webinars/,,SiB7Ifahh4_dfJVERQgP60auXjw,2026-05-19,Research/lectures/clearfield-webinar-2026-05-19,Tuesday Integrative Health Webinar,"Tuesday Integrative Health Webinar — May 19, 2026: Quantum Ayurveda & Acoustic-Resonance Bioavailability (Meletis / Varanasi)",True,113,possible,topic/title similarity; insufficient independent evidence,0.24,divergent,aligned,no,yes,Chris Meletis,"chris,meletis"
aosrd-webinars-040-AoJb8OP2goc,aosrd_webinars_youtube,The Glycocalyx-The Hidden Secret of Cardiovascular Health with Dr. Kent Crowley (Video)  – 23-Oct-2025,the glycocalyx-the hidden secret of cardiovascular health with dr kent crowley - 23-oct-2025,2025-10-23,AoJb8OP2goc,https://aosrd.org/webinars/,,KPtFIYDuvg1p0CbfNkYIuOVkwIE,2025-10-21,Research/lectures/clearfield-webinar-2025-10-21,Tuesday Integrative Health Webinar,"Tuesday Integrative Health Webinar — October 21, 2025",True,86,possible,topic/title similarity; insufficient independent evidence,0.165,near_2d,aligned,no,yes,Kent Crowley,"crowley,kent"
aosrd-webinars-040-AoJb8OP2goc,aosrd_webinars_youtube,The Glycocalyx-The Hidden Secret of Cardiovascular Health with Dr. Kent Crowley (Video)  – 23-Oct-2025,the glycocalyx-the hidden secret of cardiovascular health with dr kent crowley - 23-oct-2025,2025-10-23,AoJb8OP2goc,https://aosrd.org/webinars/,,j3HjVUuBV5gnR4KrCUuXOZEnPm0,2025-10-14,Research/lectures/clearfield-webinar-2025-10-14,Tuesday Integrative Health Webinar,"Tuesday Integrative Health Webinar — October 14, 2025: Estrogen Timing, Progesterone After Hysterectomy & Hormone Testing",True,123,possible,topic/title similarity; insufficient independent evidence,0.103,compatible_9d,aligned,no,yes,Kent Crowley,"crowley,health"
aosrd-webinars-041-ol6SEGI0kyk,aosrd_webinars_youtube,"Conference Preview, Spirituality, Progesterone After Hysterectomy and Lab Tests, Oh My! with Dr. Bill Clearfield and Dr. Melvin Nario (Video)  – 14-Oct-2025",conference preview spirituality progesterone after hysterectomy and lab tests oh my with dr bill clearfield and dr melvin nario - 14-oct-2025,2025-10-14,ol6SEGI0kyk,https://aosrd.org/webinars/,,j3HjVUuBV5gnR4KrCUuXOZEnPm0,2025-10-14,Research/lectures/clearfield-webinar-2025-10-14,Tuesday Integrative Health Webinar,"Tuesday Integrative Health Webinar — October 14, 2025: Estrogen Timing, Progesterone After Hysterectomy & Hormone Testing",True,123,strong,exact session date + substantive topic/title evidence,0.446,exact,aligned,no,no,Bill Clearfield; Melvin Nario,"after,hysterectomy,melvin,nario,progesterone"
aosrd-webinars-042-fVs0ByQDS70,aosrd_webinars_youtube,The Business of Health-The Productivity Equation and the Money Equation with Dr. Benoit Tano (Video)  – 09-Oct-2025,the business of health-the productivity equation and the money equation with dr benoit tano - 09-oct-2025,2025-10-09,fVs0ByQDS70,https://aosrd.org/webinars/,,CQdkPoyCm_xx7nnZ2b80AClK8TM,2025-10-07,Research/lectures/clearfield-webinar-2025-10-07,Tuesday Integrative Health Webinar,"Tuesday Integrative Health Webinar — October 7, 2025: Business of Health & Preeminence (Dr. Tanno)",True,53,possible,moderate title + weak date support,0.442,near_2d,no_overlap,no,yes,Benoit Tano,"business,equation,productivity"
aosrd-webinars-043-Z9TIUrTjaVw,aosrd_webinars_youtube,Unsuspected Paratism and Infectious Diseases with Dr. Michael Gerber (Video),unsuspected paratism and infectious diseases with dr michael gerber,,Z9TIUrTjaVw,https://aosrd.org/webinars/,,R49fIj1w1e0cBaAXOmhNkQ5wdks,2025-08-19,Research/lectures/clearfield-webinar-2025-08-19,Tuesday Integrative Health Webinar,"Tuesday Integrative Health Webinar — August 19, 2025: Unsuspected Parasitism, EAV & Black Cohosh",True,25,possible,topic/title similarity; insufficient independent evidence,0.4,unknown,aligned,no,yes,Michael Gerber,"gerber,michael,unsuspected"
aosrd-webinars-044-MTrSvugiJpo,aosrd_webinars_youtube,Introduction to Peptides w Dr. Bill Clearfield (Video),introduction to peptides w dr bill clearfield,,MTrSvugiJpo,https://aosrd.org/webinars/,,pw9yXaKVUW0ETXgSRTRBaLEzqQc,2024-08-27,Research/lectures/clearfield-webinar-2024-08-27,Tuesday Integrative Health Webinar,"Tuesday Integrative Health Webinar — August 27, 2024: Lisa Tamati — Resilience, Advocacy & Mother’s Stroke/Cancer Recovery",True,0,possible,topic/title similarity; insufficient independent evidence,0.202,unknown,aligned,yes,yes,Bill Clearfield,"introduction,peptides"
aosrd-webinars-045-wPNq50DbJEY,aosrd_webinars_youtube,"Is There Bias in Medical A.I. with Drs. Benoit Tano, and Anthony James (Video) – 07-Oct-2025",is there bias in medical a i with drs benoit tano and anthony james - 07-oct-2025,2025-10-07,wPNq50DbJEY,https://aosrd.org/webinars/,,81vgkJ55QnsvesXbnyxCMQPr6Rc,2026-06-09,Research/lectures/clearfield-webinar-2026-06-09,Tuesday Integrative Health Webinar,"Tuesday Integrative Health Webinar — June 9, 2026: Taya Pro Med AI (Benoit Tano)",True,465,possible,topic/title similarity; insufficient independent evidence,0.361,divergent,aligned,no,yes,Drs. Benoit Tano,"benoit,tano"
aosrd-webinars-045-wPNq50DbJEY,aosrd_webinars_youtube,"Is There Bias in Medical A.I. with Drs. Benoit Tano, and Anthony James (Video) – 07-Oct-2025",is there bias in medical a i with drs benoit tano and anthony james - 07-oct-2025,2025-10-07,wPNq50DbJEY,https://aosrd.org/webinars/,,8zWbW6QDW1P91M_Tbf8iqD9f8TQ,2025-09-16,Research/lectures/clearfield-webinar-2025-09-16,Tuesday Integrative Health Webinar,"Tuesday Integrative Health Webinar — September 16, 2025: Oil Pulling, Indigenous Medicine & AI Bias",True,2,possible,topic/title similarity; insufficient independent evidence,0.296,adjacent_month,aligned,no,yes,Drs. Benoit Tano,"anthony,bias,james,tano"
aosrd-webinars-046-IzMk74AxJqA,aosrd_webinars_youtube,The Muscle-Microbiome Connecton-Reversing Age Related Muscle Decline with Dr. David Changaris (Video) – 28-Sept-2025,the muscle-microbiome connecton-reversing age related muscle decline with dr david changaris - 28-sept-2025,2025-09-28,IzMk74AxJqA,https://aosrd.org/webinars/,,zGyxgM4y1SX_IqTEeKxdJf4l5RM,2025-09-30,Research/lectures/clearfield-webinar-2025-09-30,Tuesday Integrative Health Webinar,"Tuesday Integrative Health Webinar — September 30, 2025: Muscle Spindles, Skin Microbiome & CLA Quorum Sensing (Dr. Chan Garrison)",True,83,possible,moderate title + weak date support,0.408,near_2d,no_overlap,no,yes,David Changaris,muscle
aosrd-webinars-047-oiF8bJEpK0M,aosrd_webinars_youtube,Spermadine’s Benefits for the Musculoskeletal System with Dr. Melissa Cano (Video) – 04-Sept-2025,spermadine s benefits for the musculoskeletal system with dr melissa cano - 04-sept-2025,2025-09-04,oiF8bJEpK0M,https://aosrd.org/webinars/,,YvYB4xEevY7Hh6A_aHUPcm8PMJ4,2025-09-02,Research/lectures/clearfield-webinar-2025-09-02,Tuesday Integrative Health Webinar,"Tuesday Integrative Health Webinar — September 2, 2025: Spermidine, Autophagy & Longevity",True,106,possible,topic/title similarity; insufficient independent evidence,0.216,near_2d,aligned,no,yes,Melissa Cano,"cano,melissa,musculoskeletal"
aosrd-webinars-048-dZ8JyvHAMjY,aosrd_webinars_youtube,Beyond Pharmogenomics-Addressing Root Causes of Anxiety and Depression with Dr. Sharon Hausman-Cohen (Video) – 05-Aug-2025,beyond pharmogenomics-addressing root causes of anxiety and depression with dr sharon hausman-cohen - 05-aug-2025,2025-08-05,dZ8JyvHAMjY,https://aosrd.org/webinars/,,LxOKeD9fWZEycb7WYyMiRLE90EU,2025-08-05,Research/lectures/clearfield-webinar-2025-08-05,Tuesday Integrative Health Webinar,"Tuesday Integrative Health Webinar — August 5, 2025: Beyond Pharmacogenomics for Depression & Anxiety",True,81,strong,exact session date + substantive topic/title evidence,0.429,exact,aligned,no,no,Sharon Hausman-Cohen,"anxiety,beyond,depression,sharon"
aosrd-webinars-049-vnJmoRxdV2g,aosrd_webinars_youtube,The Gut-Bone Connection with Dr. John Neustadt (Video) – 13-Aug-2025,the gut-bone connection with dr john neustadt - 13-aug-2025,2025-08-13,vnJmoRxdV2g,https://aosrd.org/webinars/,,O2HiQSKr_hQgWkE4iY8ItSEYg4Y,2025-08-12,Research/lectures/clearfield-webinar-2025-08-12,Tuesday Integrative Health Webinar,"Tuesday Integrative Health Webinar — August 12, 2025: Gut–Bone Axis, MK-4 & Enteropathic Osteoporosis",True,83,possible,topic/title similarity; insufficient independent evidence,0.295,near_1d,aligned,no,yes,John Neustadt,"gut-bone,john,neustadt"
aosrd-webinars-050-XJAq-AZ411U,aosrd_webinars_youtube,"Mojo, Meet Medicine, Hormones, Libido, and Loving Well with Jaquelyn Sammons (Video) – 30-July-2025",mojo meet medicine hormones libido and loving well with jaquelyn sammons - 30-july-2025,2025-07-30,XJAq-AZ411U,https://aosrd.org/webinars/,,ZdpkFb1zUrwSD134tv35ZcrcaI8,2025-07-29,Research/lectures/clearfield-webinar-2025-07-29,Tuesday Integrative Health Webinar,"Tuesday Integrative Health Webinar — July 29, 2025: Sexual Health as Whole-Health Indicator (Jacqueline Sammons)",True,30,possible,topic/title similarity; insufficient independent evidence,0.287,near_1d,aligned,no,yes,Jaquelyn Sammons,"hormones,sammons"
aosrd-webinars-051-ChjlUoj0HK4,aosrd_webinars_youtube,"Utilizing Membrane Lipid Replacement to Repair, Replace and Renew Mtochondrial Membranes and Increase ATP Production with Ross Pelton RPh (Video) – 29-July-2025",utilizing membrane lipid replacement to repair replace and renew mtochondrial membranes and increase atp production with ross pelton rph - 29-july-2025,2025-07-29,ChjlUoj0HK4,https://aosrd.org/webinars/,,N9yVVPBjdwE0_VQF5vNgb-MVTSQ,2025-07-22,Research/lectures/clearfield-webinar-2025-07-22,Tuesday Integrative Health Webinar,"Tuesday Integrative Health Webinar — July 22, 2025: Membrane Lipid Replacement (Ross Pelton)",True,245,possible,topic/title similarity; insufficient independent evidence,0.402,compatible_7d,aligned,no,yes,Mtochondrial Membranes; Ross Pelton RPh,"lipid,membrane,membranes,pelton,repair,replacement,ross"
aosrd-webinars-052-k7huYi1803c,aosrd_webinars_youtube,Traumatic Brain Injuries Among Service Members and Veterans with Michael Hartford LFACH (Video) – 17-July-2025,traumatic brain injuries among service members and veterans with michael hartford lfach - 17-july-2025,2025-07-17,k7huYi1803c,https://aosrd.org/webinars/,,ykfPBSHSL3meBk4yGojbTxMVIpA,2024-10-22,Research/lectures/clearfield-webinar-2024-10-22,Tuesday Integrative Health Webinar,"Tuesday Integrative Health Webinar — October 22, 2024: DHA, Lutein & Zeaxanthin for Brain Health",True,68,possible,topic/title similarity; insufficient independent evidence,0.225,divergent,aligned,no,yes,Michael Hartford LFACH,"brain,michael"
aosrd-webinars-052-k7huYi1803c,aosrd_webinars_youtube,Traumatic Brain Injuries Among Service Members and Veterans with Michael Hartford LFACH (Video) – 17-July-2025,traumatic brain injuries among service members and veterans with michael hartford lfach - 17-july-2025,2025-07-17,k7huYi1803c,https://aosrd.org/webinars/,,FHVn8qFG7pov0fVMLuuVpKan1hA,2025-07-15,Research/lectures/clearfield-webinar-2025-07-15,Tuesday Integrative Health Webinar,"Tuesday Integrative Health Webinar — July 15, 2025: TBI Care Models & Post-Injury Hormones",True,77,possible,topic/title similarity; insufficient independent evidence,0.181,near_2d,aligned,no,yes,Michael Hartford LFACH,"hartford,michael,veterans"
aosrd-webinars-052-k7huYi1803c,aosrd_webinars_youtube,Traumatic Brain Injuries Among Service Members and Veterans with Michael Hartford LFACH (Video) – 17-July-2025,traumatic brain injuries among service members and veterans with michael hartford lfach - 17-july-2025,2025-07-17,k7huYi1803c,https://aosrd.org/webinars/,,hQzjA4-OBAL6Qn7OOOywEISWs3I,2025-07-08,Research/lectures/clearfield-webinar-2025-07-08,Tuesday Integrative Health Webinar,"Tuesday Integrative Health Webinar — July 8, 2025: Photobiomodulation & PCOS Tribulus Tip",True,79,possible,topic/title similarity; insufficient independent evidence,0.156,compatible_9d,aligned,no,yes,Michael Hartford LFACH,"hartford,michael"
aosrd-webinars-053-Y-_p7jNbZaY,aosrd_webinars_youtube,Clinical Applications of Testosterone for Women Dr William Clearfield (Video),clinical applications of testosterone for women dr william clearfield,,Y-_p7jNbZaY,https://aosrd.org/webinars/,,teTBikykKpBtvemVFqClxhmIVaQ,2024-12-18,Research/lectures/clearfield-webinar-2024-12-18,Tuesday Integrative Health Webinar,"Tuesday Integrative Health Webinar — December 18, 2024: Urinary Hormone Monitors & Women's Care (McKenzie / Mira)",True,138,possible,topic/title similarity; insufficient independent evidence,0.364,unknown,aligned,no,yes,William Clearfield,"clinical,women"
aosrd-webinars-053-Y-_p7jNbZaY,aosrd_webinars_youtube,Clinical Applications of Testosterone for Women Dr William Clearfield (Video),clinical applications of testosterone for women dr william clearfield,,Y-_p7jNbZaY,https://aosrd.org/webinars/,,OyOI3AvRLueyq57ys04VXI5U1WU,2025-12-17,Research/lectures/clearfield-webinar-2025-12-17,Tuesday Integrative Health Webinar,"Tuesday Integrative Health Webinar — December 17, 2025: Vasomotor Symptoms & Estradiol-First HRT (Gersh)",True,55,possible,topic/title similarity; insufficient independent evidence,0.358,unknown,aligned,no,yes,William Clearfield,"testosterone,women"
aosrd-webinars-053-Y-_p7jNbZaY,aosrd_webinars_youtube,Clinical Applications of Testosterone for Women Dr William Clearfield (Video),clinical applications of testosterone for women dr william clearfield,,Y-_p7jNbZaY,https://aosrd.org/webinars/,,ClN5CZe78b8lp6a0nf44-DzCDCo,2025-03-11,Research/lectures/clearfield-webinar-2025-03-11,Tuesday Integrative Health Webinar,"Tuesday Integrative Health Webinar — March 11, 2025: SIBO Relapse Prevention & Three-Phase Care",True,73,possible,topic/title similarity; insufficient independent evidence,0.329,unknown,aligned,no,yes,William Clearfield,"clinical,testosterone"
aosrd-webinars-053-Y-_p7jNbZaY,aosrd_webinars_youtube,Clinical Applications of Testosterone for Women Dr William Clearfield (Video),clinical applications of testosterone for women dr william clearfield,,Y-_p7jNbZaY,https://aosrd.org/webinars/,,hQzjA4-OBAL6Qn7OOOywEISWs3I,2025-07-08,Research/lectures/clearfield-webinar-2025-07-08,Tuesday Integrative Health Webinar,"Tuesday Integrative Health Webinar — July 8, 2025: Photobiomodulation & PCOS Tribulus Tip",True,79,possible,topic/title similarity; insufficient independent evidence,0.313,unknown,aligned,no,yes,William Clearfield,"applications,clinical"
aosrd-webinars-053-Y-_p7jNbZaY,aosrd_webinars_youtube,Clinical Applications of Testosterone for Women Dr William Clearfield (Video),clinical applications of testosterone for women dr william clearfield,,Y-_p7jNbZaY,https://aosrd.org/webinars/,,GMgbZhdKVzi_Uu9bXvypJxkwwKM,2026-02-04,Research/lectures/clearfield-webinar-2026-02-04,Tuesday Integrative Health Webinar,"Tuesday Integrative Health Webinar — February 4, 2026: Kratom Gray Zone & Mitochondrial Therapeutics (MitoQ)",True,47,possible,topic/title similarity; insufficient independent evidence,0.29,unknown,aligned,no,yes,William Clearfield,"clinical,women"
aosrd-webinars-054-vCO3HaVDAOM,aosrd_webinars_youtube,Photobiomodulation-Harnessing the Power of Light for Wellbeing with Jordan Hamlin 08-July-2025 (Video),photobiomodulation-harnessing the power of light for wellbeing with jordan hamlin 08-july-2025,2025-07-08,vCO3HaVDAOM,https://aosrd.org/webinars/,,hQzjA4-OBAL6Qn7OOOywEISWs3I,2025-07-08,Research/lectures/clearfield-webinar-2025-07-08,Tuesday Integrative Health Webinar,"Tuesday Integrative Health Webinar — July 8, 2025: Photobiomodulation & PCOS Tribulus Tip",True,79,strong,exact session date + substantive topic/title evidence,0.337,exact,aligned,no,no,Jordan Hamlin,"hamlin,jordan"
aosrd-webinars-055-11puCMGl13g,aosrd_webinars_youtube,Mechanisms and Therapeutic Use of Ivermectin and Mebendazole vs. Cancer Stem Cells 02-July-2025 (Video),mechanisms and therapeutic use of ivermectin and mebendazole vs cancer stem cells 02-july-2025,2025-07-02,11puCMGl13g,https://aosrd.org/webinars/,,b2H7gyjRNmbN0l62XtCzeLPovDE,2025-06-24,Research/lectures/clearfield-webinar-2025-06-24,Tuesday Integrative Health Webinar,"Tuesday Integrative Health Webinar — June 24, 2025: Ivermectin & Mebendazole for Cancer Stem Cells & Fibrosis",True,80,possible,topic/title similarity; insufficient independent evidence,0.566,compatible_8d,unknown,no,yes,,"cancer,cells,ivermectin,mebendazole,mechanisms,stem"
aosrd-webinars-056-X9owMRSxKU8,aosrd_webinars_youtube,"Ascorbate Intelligence-The Catalyst Behind Hormones, Mitochondria and Metabolism with Lior Sher 02-July-2025 (Video)",ascorbate intelligence-the catalyst behind hormones mitochondria and metabolism with lior sher 02-july-2025,2025-07-02,X9owMRSxKU8,https://aosrd.org/webinars/,,DoY_YVmmJsZyWDMnmIlwfTtYV7k,2025-07-01,Research/lectures/clearfield-webinar-2025-07-01,Tuesday Integrative Health Webinar,"Tuesday Integrative Health Webinar — July 1, 2025: Sodium Ascorbate as Biological Catalyst",True,49,possible,topic/title similarity; insufficient independent evidence,0.275,near_1d,aligned,no,yes,Lior Sher,"ascorbate,catalyst,lior,metabolism,mitochondria"
aosrd-webinars-057-2Wyq9xwKxNo,aosrd_webinars_youtube,"Cholesterol Decoded The Good, the Bad, and the Misunderstood by Dr. Benoit Tano 18-June-2025 (Video)",cholesterol decoded the good the bad and the misunderstood by dr benoit tano 18-june-2025,2025-06-18,2Wyq9xwKxNo,https://aosrd.org/webinars/,,81vgkJ55QnsvesXbnyxCMQPr6Rc,2026-06-09,Research/lectures/clearfield-webinar-2026-06-09,Tuesday Integrative Health Webinar,"Tuesday Integrative Health Webinar — June 9, 2026: Taya Pro Med AI (Benoit Tano)",True,465,possible,topic/title similarity; insufficient independent evidence,0.338,divergent,aligned,no,yes,Benoit Tano,"benoit,tano"
aosrd-webinars-057-2Wyq9xwKxNo,aosrd_webinars_youtube,"Cholesterol Decoded The Good, the Bad, and the Misunderstood by Dr. Benoit Tano 18-June-2025 (Video)",cholesterol decoded the good the bad and the misunderstood by dr benoit tano 18-june-2025,2025-06-18,2Wyq9xwKxNo,https://aosrd.org/webinars/,,glV8jJH0PlVmEafpjvon_ZOlt6g,2025-06-03,Research/lectures/clearfield-webinar-2025-06-03,Tuesday Integrative Health Webinar,"Tuesday Integrative Health Webinar — June 3, 2025: Cholesterol Decoded",True,150,possible,topic/title similarity; insufficient independent evidence,0.311,same_month,aligned,no,yes,Benoit Tano,"cholesterol,decoded,tano"
aosrd-webinars-058-Kr52d-glwNw,aosrd_webinars_youtube,Seven Mushrooms for Longevity with Dr. Xochitl Palomino 18-June-2025 (Video),seven mushrooms for longevity with dr xochitl palomino 18-june-2025,2025-06-18,Kr52d-glwNw,https://aosrd.org/webinars/,,hnYI5BcQQLHjFGK0Vv7Jdr3Okdg,2025-06-10,Research/lectures/clearfield-webinar-2025-06-10,Tuesday Integrative Health Webinar,"Tuesday Integrative Health Webinar — June 10, 2025: Seven Synergistic Mushrooms for Longevity",True,452,possible,topic/title similarity; insufficient independent evidence,0.472,compatible_8d,aligned,no,yes,Xochitl Palomino,"longevity,mushrooms,palomino,seven"
aosrd-webinars-059-2g96fVoSALE,aosrd_webinars_youtube,Mitochondrial Dysfunction in Aging 18-June-2025 (Video),mitochondrial dysfunction in aging 18-june-2025,2025-06-18,2g96fVoSALE,https://aosrd.org/webinars/,,GoRuWgRFUBHzZE--rF7qmxgBIOc,2025-06-17,Research/lectures/clearfield-webinar-2025-06-17,Tuesday Integrative Health Webinar,"Tuesday Integrative Health Webinar — June 17, 2025: Mitochondrial Health, CoQ10 Depletion & Cellular Energy",True,65,possible,moderate title + weak date support,0.431,near_1d,unknown,no,yes,,"aging,dysfunction,mitochondrial"
aosrd-webinars-060-NNAnnAJAIQk,aosrd_webinars_youtube,"Cholesterol Decoded The Good, the Bad, and the Misunderstood by Dr. Benoit Tano 11-June-2025 (Video)",cholesterol decoded the good the bad and the misunderstood by dr benoit tano 11-june-2025,2025-06-11,NNAnnAJAIQk,https://aosrd.org/webinars/,,81vgkJ55QnsvesXbnyxCMQPr6Rc,2026-06-09,Research/lectures/clearfield-webinar-2026-06-09,Tuesday Integrative Health Webinar,"Tuesday Integrative Health Webinar — June 9, 2026: Taya Pro Med AI (Benoit Tano)",True,465,possible,topic/title similarity; insufficient independent evidence,0.338,divergent,aligned,no,yes,Benoit Tano,"benoit,tano"
aosrd-webinars-060-NNAnnAJAIQk,aosrd_webinars_youtube,"Cholesterol Decoded The Good, the Bad, and the Misunderstood by Dr. Benoit Tano 11-June-2025 (Video)",cholesterol decoded the good the bad and the misunderstood by dr benoit tano 11-june-2025,2025-06-11,NNAnnAJAIQk,https://aosrd.org/webinars/,,glV8jJH0PlVmEafpjvon_ZOlt6g,2025-06-03,Research/lectures/clearfield-webinar-2025-06-03,Tuesday Integrative Health Webinar,"Tuesday Integrative Health Webinar — June 3, 2025: Cholesterol Decoded",True,150,possible,topic/title similarity; insufficient independent evidence,0.311,compatible_8d,aligned,no,yes,Benoit Tano,"cholesterol,decoded,tano"
aosrd-webinars-061-nrjK17pBbBk,aosrd_webinars_youtube,Seven Mushrooms for Longevity with Dr. Xochitl Palomino 11-June-2025 (Video),seven mushrooms for longevity with dr xochitl palomino 11-june-2025,2025-06-11,nrjK17pBbBk,https://aosrd.org/webinars/,,hnYI5BcQQLHjFGK0Vv7Jdr3Okdg,2025-06-10,Research/lectures/clearfield-webinar-2025-06-10,Tuesday Integrative Health Webinar,"Tuesday Integrative Health Webinar — June 10, 2025: Seven Synergistic Mushrooms for Longevity",True,452,strong,near date + speaker + topic evidence,0.472,near_1d,aligned,no,no,Xochitl Palomino,"longevity,mushrooms,palomino,seven"
aosrd-webinars-062-KwIprK6R0yA,aosrd_webinars_youtube,Muscle Centric Health (Video),muscle centric health,,KwIprK6R0yA,https://aosrd.org/webinars/,,,,,,,,,no_match,no reasonable otter candidate,,unknown,unknown,no,yes,,
aosrd-webinars-063-4Nhoej8KtNE,aosrd_webinars_youtube,"To Aromatize or Not Aromatize , That is Question. Optimizing HRT in Men, with Dr. Jacquelyn Sammons (Video)",to aromatize or not aromatize that is question optimizing hrt hormone replacement therapy in men with dr jacquelyn sammons,,4Nhoej8KtNE,https://aosrd.org/webinars/,,OyOI3AvRLueyq57ys04VXI5U1WU,2025-12-17,Research/lectures/clearfield-webinar-2025-12-17,Tuesday Integrative Health Webinar,"Tuesday Integrative Health Webinar — December 17, 2025: Vasomotor Symptoms & Estradiol-First HRT (Gersh)",True,55,possible,topic/title similarity; insufficient independent evidence,0.502,unknown,no_overlap,no,yes,Jacquelyn Sammons,"hormone,replacement,therapy"
aosrd-webinars-063-4Nhoej8KtNE,aosrd_webinars_youtube,"To Aromatize or Not Aromatize , That is Question. Optimizing HRT in Men, with Dr. Jacquelyn Sammons (Video)",to aromatize or not aromatize that is question optimizing hrt hormone replacement therapy in men with dr jacquelyn sammons,,4Nhoej8KtNE,https://aosrd.org/webinars/,,OlXuXl73V1RAQ4bVYXoakDZMRnU,2026-04-07,Research/lectures/clearfield-webinar-2026-04-07,Tuesday Integrative Health Webinar,"Tuesday Integrative Health Webinar — April 7, 2026: Estrogen Sisters, PT-141 & Xenoestrogen HRT Debate",True,59,possible,topic/title similarity; insufficient independent evidence,0.495,unknown,no_overlap,no,yes,Jacquelyn Sammons,"hormone,replacement,therapy"
aosrd-webinars-063-4Nhoej8KtNE,aosrd_webinars_youtube,"To Aromatize or Not Aromatize , That is Question. Optimizing HRT in Men, with Dr. Jacquelyn Sammons (Video)",to aromatize or not aromatize that is question optimizing hrt hormone replacement therapy in men with dr jacquelyn sammons,,4Nhoej8KtNE,https://aosrd.org/webinars/,,OL_Ukp1RYjVvnjsMHnF2eXCXDC8,2024-10-01,Research/lectures/clearfield-webinar-2024-10-01,Tuesday Integrative Health Webinar,"Tuesday Integrative Health Webinar — October 1, 2024: Physiologic Menopausal HRT with Felice Gersh",True,0,possible,topic/title similarity; insufficient independent evidence,0.483,unknown,no_overlap,no,yes,Jacquelyn Sammons,"hormone,replacement,therapy"
aosrd-webinars-064-JRwekVs321Y,aosrd_webinars_youtube,Novel Scientific Considerations for Optimized Lean Muscle Mass with Dr. Chris Melitis 22-Apr-2025 (Video),novel scientific considerations for optimized lean muscle mass with dr chris melitis 22-apr-2025,2025-04-22,JRwekVs321Y,https://aosrd.org/webinars/,,12d7QbwxGiZlK8kVCNzSowPUQXE,2025-04-22,Research/lectures/clearfield-webinar-2025-04-22,Tuesday Integrative Health Webinar,"Tuesday Integrative Health Webinar — April 22, 2025: Muscle-Centric Longevity, Myostatin & Fortetropin",True,119,strong,exact session date + substantive topic/title evidence,0.212,exact,aligned,no,no,Chris Melitis,"chris,muscle"
aosrd-webinars-064-JRwekVs321Y,aosrd_webinars_youtube,Novel Scientific Considerations for Optimized Lean Muscle Mass with Dr. Chris Melitis 22-Apr-2025 (Video),novel scientific considerations for optimized lean muscle mass with dr chris melitis 22-apr-2025,2025-04-22,JRwekVs321Y,https://aosrd.org/webinars/,,5HPCyqwQxi9QD1of8g-CPHrnFcc,2025-01-08,Research/lectures/clearfield-webinar-2025-01-08,Tuesday Integrative Health Webinar,"Tuesday Integrative Health Webinar — January 8, 2025: Rapid Weight Loss, Muscle Preservation, NAD & Fortetropin",True,122,possible,topic/title similarity; insufficient independent evidence,0.274,divergent,aligned,no,yes,Chris Melitis,"chris,muscle"
aosrd-webinars-064-JRwekVs321Y,aosrd_webinars_youtube,Novel Scientific Considerations for Optimized Lean Muscle Mass with Dr. Chris Melitis 22-Apr-2025 (Video),novel scientific considerations for optimized lean muscle mass with dr chris melitis 22-apr-2025,2025-04-22,JRwekVs321Y,https://aosrd.org/webinars/,,TNvBcRwwSnrkWGe2_L3i3lGvYYk,2024-12-11,Research/lectures/clearfield-webinar-2024-12-11,Tuesday Integrative Health Webinar,"Tuesday Integrative Health Webinar — December 11, 2024: Soy Foods, Isoflavones & Controversies",True,160,possible,topic/title similarity; insufficient independent evidence,0.171,divergent,aligned,no,yes,Chris Melitis,"mass,muscle"
aosrd-webinars-065-l0Rjq3pwOR8,aosrd_webinars_youtube,Aging and Anti-Aging through the Lens of the Immune System with Lisa Tamati 15-Apr-2025 (Video),aging and anti-aging through the lens of the immune system with lisa tamati 15-apr-2025,2025-04-15,l0Rjq3pwOR8,https://aosrd.org/webinars/,,4qg44PRw27Y2Jbzl7MXMYCX0HuI,2025-04-15,Research/lectures/clearfield-webinar-2025-04-15,Tuesday Integrative Health Webinar,"Tuesday Integrative Health Webinar — April 15, 2025: Immunosenescence & Four-Pillar Immune Formula",True,67,strong,exact session date + substantive topic/title evidence,0.257,exact,aligned,no,no,Lisa Tamati,"aging,immune,lisa,tamati"
aosrd-webinars-065-l0Rjq3pwOR8,aosrd_webinars_youtube,Aging and Anti-Aging through the Lens of the Immune System with Lisa Tamati 15-Apr-2025 (Video),aging and anti-aging through the lens of the immune system with lisa tamati 15-apr-2025,2025-04-15,l0Rjq3pwOR8,https://aosrd.org/webinars/,,pw9yXaKVUW0ETXgSRTRBaLEzqQc,2024-08-27,Research/lectures/clearfield-webinar-2024-08-27,Tuesday Integrative Health Webinar,"Tuesday Integrative Health Webinar — August 27, 2024: Lisa Tamati — Resilience, Advocacy & Mother’s Stroke/Cancer Recovery",True,0,possible,topic/title similarity; insufficient independent evidence,0.281,divergent,aligned,no,yes,Lisa Tamati,"lisa,tamati"
aosrd-webinars-065-l0Rjq3pwOR8,aosrd_webinars_youtube,Aging and Anti-Aging through the Lens of the Immune System with Lisa Tamati 15-Apr-2025 (Video),aging and anti-aging through the lens of the immune system with lisa tamati 15-apr-2025,2025-04-15,l0Rjq3pwOR8,https://aosrd.org/webinars/,,y59a2fEx8UgOiThJHr1w-HcQc1U,2024-08-20,Research/lectures/clearfield-webinar-2024-08-20,Tuesday Integrative Health Webinar,"Tuesday Integrative Health Webinar — August 20, 2024: Cancer Treatment–Induced Osteoporosis & Fracture-First Bone Care (Dr. John Newstead)",True,0,possible,topic/title similarity; insufficient independent evidence,0.205,divergent,aligned,no,yes,Lisa Tamati,"immune,lisa,tamati"
aosrd-webinars-066-DhiMsRLaERI,aosrd_webinars_youtube,Understanding Medical Issues Through a Constitutional Homeopathic Lens with Dr. Payam Hakimi 8-Apr-2025 (Video),understanding medical issues through a constitutional homeopathic lens with dr payam hakimi 8-apr-2025,2025-04-08,DhiMsRLaERI,https://aosrd.org/webinars/,,6Jsw7QNZfMK82hH28Fgc1lAC87k,2025-04-08,Research/lectures/clearfield-webinar-2025-04-08,Tuesday Integrative Health Webinar,Tuesday Integrative Health Webinar — Clinical Homeopathy Constitutions (Hakimi),True,98,strong,exact session date + substantive topic/title evidence,0.431,exact,aligned,no,no,Payam Hakimi,"hakimi,homeopathic,payam"
aosrd-webinars-067-vZ0ervyVVU0,aosrd_webinars_youtube,Train Your Brain! Learn the Joys of Neurofeedback with Dr. Marly Jones 1-Apr-2025 (Video),train your brain learn the joys of neurofeedback with dr marly jones 1-apr-2025,2025-04-01,vZ0ervyVVU0,https://aosrd.org/webinars/,,jZM7WB_BG5YwNdBn2EQBHQM-aNc,2025-04-01,Research/lectures/clearfield-webinar-2025-04-01,Tuesday Integrative Health Webinar,"Tuesday Integrative Health Webinar — April 1, 2025: Neurofeedback & Neuro Optimal for Integrative Practice",True,79,strong,exact session date + substantive topic/title evidence,0.365,exact,aligned,no,no,Marly Jones,"brain,jones,neurofeedback"
aosrd-webinars-068-vS6aw3GkcRI,aosrd_webinars_youtube,The Laboratory Functional Medicine with Dr. Bill Clearfield 25-Mar-2025 (Video),the laboratory functional medicine with dr bill clearfield 25-mar-2025,2025-03-25,vS6aw3GkcRI,https://aosrd.org/webinars/,https://aosrd.org/wp-content/uploads/2025/03/Copy-of-8.-The-Laboratory-of-Functional-Medicine.pdf,Zxy20R1uant_QctiZutXLSt-Q-E,2025-03-25,Research/lectures/clearfield-webinar-2025-03-25,Tuesday Integrative Health Webinar,"Tuesday Integrative Health Webinar — March 25, 2025: Laboratory of Functional Medicine",True,159,strong,exact session date + substantive topic/title evidence,0.538,exact,aligned,no,no,Bill Clearfield,"functional,laboratory,medicine"
aosrd-webinars-069-kSvKhj5JSv0,aosrd_webinars_youtube,The Microbiome in Health and Disease with Dr Bill Clearfield 18-Mar-2025 (Video),the microbiome in health and disease with dr bill clearfield 18-mar-2025,2025-03-18,kSvKhj5JSv0,https://aosrd.org/webinars/,,pfNO6khumfRfVoCync03aVBxZ70,2025-03-18,Research/lectures/clearfield-webinar-2025-03-18,Tuesday Integrative Health Webinar,"Tuesday Integrative Health Webinar — March 18, 2025: Gut Microbiome, Barrier Integrity & Four R Protocol",True,183,strong,exact session date + substantive topic/title evidence,0.319,exact,aligned,no,no,Bill Clearfield,"health,microbiome"
aosrd-webinars-069-kSvKhj5JSv0,aosrd_webinars_youtube,The Microbiome in Health and Disease with Dr Bill Clearfield 18-Mar-2025 (Video),the microbiome in health and disease with dr bill clearfield 18-mar-2025,2025-03-18,kSvKhj5JSv0,https://aosrd.org/webinars/,,P1FgRy3FvTrrNYsXISdsJKJeiEg,2024-11-06,Research/lectures/clearfield-webinar-2024-11-06,Tuesday Integrative Health Webinar,"Tuesday Integrative Health Webinar — November 6, 2024: Microbiome Diversity & Fecal Microbiota Transplant",True,53,possible,topic/title similarity; insufficient independent evidence,0.357,divergent,aligned,no,yes,Bill Clearfield,"disease,microbiome"
aosrd-webinars-069-kSvKhj5JSv0,aosrd_webinars_youtube,The Microbiome in Health and Disease with Dr Bill Clearfield 18-Mar-2025 (Video),the microbiome in health and disease with dr bill clearfield 18-mar-2025,2025-03-18,kSvKhj5JSv0,https://aosrd.org/webinars/,,ZdpkFb1zUrwSD134tv35ZcrcaI8,2025-07-29,Research/lectures/clearfield-webinar-2025-07-29,Tuesday Integrative Health Webinar,"Tuesday Integrative Health Webinar — July 29, 2025: Sexual Health as Whole-Health Indicator (Jacqueline Sammons)",True,30,possible,topic/title similarity; insufficient independent evidence,0.331,divergent,aligned,no,yes,Bill Clearfield,"disease,health"
aosrd-webinars-069-kSvKhj5JSv0,aosrd_webinars_youtube,The Microbiome in Health and Disease with Dr Bill Clearfield 18-Mar-2025 (Video),the microbiome in health and disease with dr bill clearfield 18-mar-2025,2025-03-18,kSvKhj5JSv0,https://aosrd.org/webinars/,,0pIRZSR5hLU8vZNbqCJ9pLpRE9M,2025-03-05,Research/lectures/clearfield-webinar-2025-03-05,Tuesday Integrative Health Webinar,"Tuesday Integrative Health Webinar — March 5, 2025: Culinary Translation & Health-Supportive Eating in Cancer Care",True,111,possible,topic/title similarity; insufficient independent evidence,0.322,compatible_13d,aligned,no,yes,Bill Clearfield,"health,microbiome"
aosrd-webinars-070-inmmno5OVKk,aosrd_webinars_youtube,Small Intestine Bacterial Overgrowth with Dr. Arland Hill 11-Mar-2025 (Video),small intestine bacterial overgrowth with dr arland hill 11-mar-2025,2025-03-11,inmmno5OVKk,https://aosrd.org/webinars/,,ClN5CZe78b8lp6a0nf44-DzCDCo,2025-03-11,Research/lectures/clearfield-webinar-2025-03-11,Tuesday Integrative Health Webinar,"Tuesday Integrative Health Webinar — March 11, 2025: SIBO Relapse Prevention & Three-Phase Care",True,73,strong,exact session date + substantive topic/title evidence,0.528,exact,aligned,no,no,Arland Hill,"bacterial,hill,intestine,overgrowth,small"
aosrd-webinars-071-zKxcCQelKT4,aosrd_webinars_youtube,Culinary Oncology with Chef Laura Pole 04-Mar-2025 (Video),culinary oncology with chef laura pole 04-mar-2025,2025-03-04,zKxcCQelKT4,https://aosrd.org/webinars/,https://aosrd.org/wp-content/uploads/2025/03/Culinary-Translation_slide-handout_2.pdf,0pIRZSR5hLU8vZNbqCJ9pLpRE9M,2025-03-05,Research/lectures/clearfield-webinar-2025-03-05,Tuesday Integrative Health Webinar,"Tuesday Integrative Health Webinar — March 5, 2025: Culinary Translation & Health-Supportive Eating in Cancer Care",True,111,possible,topic/title similarity; insufficient independent evidence,0.315,near_1d,aligned,no,yes,Chef Laura Pole,"culinary,laura"
aosrd-webinars-072-JEF5w29s04Y,aosrd_webinars_youtube,Peptide Deep DiveThymosin Alpha 1 and Thymogen with Stefan Hartmann 19-Feb-2025 (Video),peptide deep divethymosin alpha 1 and thymogen with stefan hartmann 19-feb-2025,2025-02-19,JEF5w29s04Y,https://aosrd.org/webinars/,,lnZUNAyEcVNSN0i3JOEbuJcc15A,2025-02-19,Research/lectures/clearfield-webinar-2025-02-19,Tuesday Integrative Health Webinar,"Tuesday Integrative Health Webinar — February 19, 2025: Thymosin Alpha-1 & Thymogen Immune Peptides",True,49,strong,exact session date + substantive topic/title evidence,0.454,exact,aligned,no,no,Stefan Hartmann,"peptide,stefan,thymogen"
aosrd-webinars-073-F3lfAz2jf0M,aosrd_webinars_youtube,Uveal Melanoma Research Project with Dr. Evangelica Papasotiriou 05-Feb-2025 (Video),uveal melanoma research project with dr evangelica papasotiriou 05-feb-2025,2025-02-05,F3lfAz2jf0M,https://aosrd.org/webinars/,,JAhRYbDDwDsC4em3dazDKyDw4gM,2025-02-05,Research/lectures/clearfield-webinar-2025-02-05,Tuesday Integrative Health Webinar,"Tuesday Integrative Health Webinar — February 5, 2025: Uveal Melanoma Molecular Vulnerabilities",True,75,strong,exact session date + substantive topic/title evidence,0.271,exact,aligned,no,no,Evangelica Papasotiriou,"evangelica,melanoma,uveal"
aosrd-webinars-074-0DKMSGQ2wAY,aosrd_webinars_youtube,Poly MVA with Dr. Al Sanchez (Video),poly mva with dr al sanchez,,0DKMSGQ2wAY,https://aosrd.org/webinars/,,Ts2MMXvFk3VIGcyQs8K33dvV7lk,2025-01-29,Research/lectures/clearfield-webinar-2025-01-29,Tuesday Integrative Health Webinar,Tuesday Integrative Health Webinar — Poly-MVA / LAMC Mitochondrial Medicine,True,105,possible,topic/title similarity; insufficient independent evidence,0.537,unknown,aligned,no,yes,Al Sanchez,"poly,sanchez"
aosrd-webinars-075-044uvhXbKng,aosrd_webinars_youtube,Chronic Sinusitis and Sinus Inflammation Due to Mold Toxicity with Dr. Donald Dennis (Video),chronic sinusitis and sinus inflammation due to mold toxicity with dr donald dennis,,044uvhXbKng,https://aosrd.org/webinars/,,hFcw5MS7FSAuXJGFcnPHqL6j1gM,2025-01-22,Research/lectures/clearfield-webinar-2025-01-22,Tuesday Integrative Health Webinar,"Tuesday Integrative Health Webinar — January 22, 2025: Mold, Mycotoxins & the Sinus–Brain Axis (Dr. Dennis)",True,177,possible,topic/title similarity; insufficient independent evidence,0.282,unknown,aligned,no,yes,Donald Dennis,"dennis,inflammation,mold,sinus"
aosrd-webinars-076-DOa9N5ODRuU,aosrd_webinars_youtube,Mitochondrial Function in Metabolic Disease w Dr. Greg Nacarelli Jan-14-2025 (Video),mitochondrial function in metabolic disease w dr greg nacarelli jan-14-2025,,DOa9N5ODRuU,https://aosrd.org/webinars/,,uRqtR3sy0qaYlUcYL4_tPVC7Tps,2025-01-15,Research/lectures/clearfield-webinar-2025-01-15,Tuesday Integrative Health Webinar,"Tuesday Integrative Health Webinar — January 15, 2025: Metabolomics Pathways & Metabolic Syndrome",True,180,possible,topic/title similarity; insufficient independent evidence,0.311,unknown,aligned,no,yes,Greg Nacarelli Jan; Greg Nacarelli Jan-,"greg,metabolic,mitochondrial"
aosrd-webinars-077-Y4xe9xz-84s,aosrd_webinars_youtube,Mitochondrial Function and Weight Dontrol with Dr. Chris Meletis Jan-7-2025 (Video),mitochondrial function and weight dontrol with dr chris meletis jan-7-2025,,Y4xe9xz-84s,https://aosrd.org/webinars/,,sLBIeA_Jmb8LAaQrgfDavdK3onA,2025-10-28,Research/lectures/clearfield-webinar-2025-10-28,Tuesday Integrative Health Webinar,"Tuesday Integrative Health Webinar — October 28, 2025: Mitochondrial Fatigue, Oxaloacetate & Vaginal Hormones for UTI",True,106,possible,topic/title similarity; insufficient independent evidence,0.327,unknown,aligned,no,yes,Chris Meletis Jan; Chris Meletis Jan-,"chris,meletis,mitochondrial"
aosrd-webinars-077-Y4xe9xz-84s,aosrd_webinars_youtube,Mitochondrial Function and Weight Dontrol with Dr. Chris Meletis Jan-7-2025 (Video),mitochondrial function and weight dontrol with dr chris meletis jan-7-2025,,Y4xe9xz-84s,https://aosrd.org/webinars/,,5HPCyqwQxi9QD1of8g-CPHrnFcc,2025-01-08,Research/lectures/clearfield-webinar-2025-01-08,Tuesday Integrative Health Webinar,"Tuesday Integrative Health Webinar — January 8, 2025: Rapid Weight Loss, Muscle Preservation, NAD & Fortetropin",True,122,possible,topic/title similarity; insufficient independent evidence,0.26,unknown,aligned,no,yes,Chris Meletis Jan; Chris Meletis Jan-,"chris,meletis,weight"
aosrd-webinars-078-UPU3Iy5rir0,aosrd_webinars_youtube,The Nuts and Bolts of Hormone Optimization-Putting It All Together-Part 3 Growth Hormone Thyroid a(Video),the nuts and bolts of hormone optimization-putting it all together-part 3 growth hormone thyroid a,,UPU3Iy5rir0,https://aosrd.org/webinars/,,,,,,,,,no_match,no reasonable otter candidate,,unknown,unknown,no,yes,,
aosrd-webinars-079-IcjS_wKZ5bI,aosrd_webinars_youtube,How Hormone Montors are Changing the Way Providers Care for Women with Rosemary Mackenzie – 18-Dec-2024(Video),how hormone montors are changing the way providers care for women with rosemary mackenzie - 18-dec-2024,2024-12-18,IcjS_wKZ5bI,https://aosrd.org/webinars/,,teTBikykKpBtvemVFqClxhmIVaQ,2024-12-18,Research/lectures/clearfield-webinar-2024-12-18,Tuesday Integrative Health Webinar,"Tuesday Integrative Health Webinar — December 18, 2024: Urinary Hormone Monitors & Women's Care (McKenzie / Mira)",True,138,strong,exact session date + substantive topic/title evidence,0.418,exact,aligned,no,no,Hormone Montors; Rosemary Mackenzie,"care,hormone,rosemary,women"
aosrd-webinars-080-zNlsUByAduM,aosrd_webinars_youtube,"Nearly Everything We Know About Soy is Wrong, Myths vs. Facts on Breast Cancer, Thyroid Function, Skin Aging, and CV Health with Dr. Mark Messina – 10-Dec-2024(Video)",nearly everything we know about soy is wrong myths vs facts on breast cancer thyroid function skin aging and cv health with dr mark messina - 10-dec-2024,2024-12-10,zNlsUByAduM,https://aosrd.org/webinars/,,Zxy20R1uant_QctiZutXLSt-Q-E,2025-03-25,Research/lectures/clearfield-webinar-2025-03-25,Tuesday Integrative Health Webinar,"Tuesday Integrative Health Webinar — March 25, 2025: Laboratory of Functional Medicine",True,159,possible,topic/title similarity; insufficient independent evidence,0.287,divergent,partial:Mark Messina,no,yes,About Soy; Mark Messina,"function,health"
aosrd-webinars-080-zNlsUByAduM,aosrd_webinars_youtube,"Nearly Everything We Know About Soy is Wrong, Myths vs. Facts on Breast Cancer, Thyroid Function, Skin Aging, and CV Health with Dr. Mark Messina – 10-Dec-2024(Video)",nearly everything we know about soy is wrong myths vs facts on breast cancer thyroid function skin aging and cv health with dr mark messina - 10-dec-2024,2024-12-10,zNlsUByAduM,https://aosrd.org/webinars/,,y59a2fEx8UgOiThJHr1w-HcQc1U,2024-08-20,Research/lectures/clearfield-webinar-2024-08-20,Tuesday Integrative Health Webinar,"Tuesday Integrative Health Webinar — August 20, 2024: Cancer Treatment–Induced Osteoporosis & Fracture-First Bone Care (Dr. John Newstead)",True,0,possible,topic/title similarity; insufficient independent evidence,0.271,divergent,partial:Mark Messina,no,yes,About Soy; Mark Messina,"cancer,health"
aosrd-webinars-080-zNlsUByAduM,aosrd_webinars_youtube,"Nearly Everything We Know About Soy is Wrong, Myths vs. Facts on Breast Cancer, Thyroid Function, Skin Aging, and CV Health with Dr. Mark Messina – 10-Dec-2024(Video)",nearly everything we know about soy is wrong myths vs facts on breast cancer thyroid function skin aging and cv health with dr mark messina - 10-dec-2024,2024-12-10,zNlsUByAduM,https://aosrd.org/webinars/,,l416W8yP4i7dv3Jhd5H2F74zMnU,2026-01-21,Research/lectures/clearfield-webinar-2026-01-21,Tuesday Integrative Health Webinar,"Tuesday Integrative Health Webinar — January 21, 2026: Telomeres, Telomerase & How Not to Age (Bill Andrews)",True,122,possible,topic/title similarity; insufficient independent evidence,0.262,divergent,partial:Mark Messina,no,yes,About Soy; Mark Messina,"aging,cancer,health"
aosrd-webinars-080-zNlsUByAduM,aosrd_webinars_youtube,"Nearly Everything We Know About Soy is Wrong, Myths vs. Facts on Breast Cancer, Thyroid Function, Skin Aging, and CV Health with Dr. Mark Messina – 10-Dec-2024(Video)",nearly everything we know about soy is wrong myths vs facts on breast cancer thyroid function skin aging and cv health with dr mark messina - 10-dec-2024,2024-12-10,zNlsUByAduM,https://aosrd.org/webinars/,,FbRyr7EkkewAoPTmXbK9DtUiA_Y,2024-09-24,Research/lectures/clearfield-webinar-2024-09-24,Tuesday Integrative Health Webinar,"Tuesday Integrative Health Webinar — September 24, 2024: Drug-Induced Nutrient Depletion & Nitric Oxide",True,0,possible,topic/title similarity; insufficient independent evidence,0.228,divergent,partial:Mark Messina,no,yes,About Soy; Mark Messina,"breast,cancer,thyroid"
aosrd-webinars-080-zNlsUByAduM,aosrd_webinars_youtube,"Nearly Everything We Know About Soy is Wrong, Myths vs. Facts on Breast Cancer, Thyroid Function, Skin Aging, and CV Health with Dr. Mark Messina – 10-Dec-2024(Video)",nearly everything we know about soy is wrong myths vs facts on breast cancer thyroid function skin aging and cv health with dr mark messina - 10-dec-2024,2024-12-10,zNlsUByAduM,https://aosrd.org/webinars/,,TNvBcRwwSnrkWGe2_L3i3lGvYYk,2024-12-11,Research/lectures/clearfield-webinar-2024-12-11,Tuesday Integrative Health Webinar,"Tuesday Integrative Health Webinar — December 11, 2024: Soy Foods, Isoflavones & Controversies",True,160,possible,topic/title similarity; insufficient independent evidence,0.211,near_1d,aligned,no,yes,About Soy; Mark Messina,"breast,cancer,mark,messina,myths,skin,thyroid"
aosrd-webinars-081-HkJyig2OR_E,aosrd_webinars_youtube,The Nuts and Bolts of Bioidentical Hormone Optimization-Part 1 (Video),the nuts and bolts of bioidentical hormone optimization-part 1,,HkJyig2OR_E,https://aosrd.org/webinars/,,,,,,,,,no_match,no reasonable otter candidate,,unknown,unknown,yes,yes,,
aosrd-webinars-082-UrxfDXzmVuw,aosrd_webinars_youtube,The Nuts and Bolts of Bioidentical Hormone Optimization-Part 2 Hormones-Testoste (Video),the nuts and bolts of bioidentical hormone optimization-part 2 hormones-testoste,,UrxfDXzmVuw,https://aosrd.org/webinars/,,,,,,,,,no_match,no reasonable otter candidate,,unknown,unknown,yes,yes,,
aosrd-webinars-083-NNfo5k3x2JE,aosrd_webinars_youtube,Twelve Days of Christmas-Twelve Medical Myths We Believed from Pediatrics to Adulthood 3-Dec-2024 (Video),twelve days of christmas-twelve medical myths we believed from pediatrics to adulthood 3-dec-2024,2024-12-03,NNfo5k3x2JE,https://aosrd.org/webinars/,,,,,,,,,no_match,no reasonable otter candidate,,no_candidate,unknown,no,yes,,
aosrd-webinars-084-LCKfDsIgPEw,aosrd_webinars_youtube,Enhancing Cognitive Health-Integrative Approaches for Brain Longevity w Dr. Debbie Smrz 26-Nov-2024 (Video),enhancing cognitive health-integrative approaches for brain longevity w dr debbie smrz 26-nov-2024,2024-11-26,LCKfDsIgPEw,https://aosrd.org/webinars/,,vjcply7K-rJtWMYGKgD39abIq9E,2024-11-27,Research/lectures/clearfield-webinar-2024-11-27,Tuesday Integrative Health Webinar,"Tuesday Integrative Health Webinar — November 27, 2024: Brain Health Crisis, Women’s Hormones & Cognitive Prevention (Dr. Debbie Smurz)",True,117,strong,near date + speaker + topic evidence,0.375,near_1d,aligned,no,no,Debbie Smrz,"brain,cognitive,debbie"
aosrd-webinars-085-VvqxDr3PUwQ,aosrd_webinars_youtube,Hormone Optimization for Men with Dr. William Clearfield 26-Nov-2024 (Video),hormone optimization for men with dr william clearfield 26-nov-2024,2024-11-26,VvqxDr3PUwQ,https://aosrd.org/webinars/,,zlsEo9I_-f-RI9YXiSfAueScYNM,2025-09-23,Research/lectures/clearfield-webinar-2025-09-23,Tuesday Integrative Health Webinar,"Tuesday Integrative Health Webinar — September 23, 2025: Brain Optimization (Hartman) & Glycocalyx Tip",True,72,possible,topic/title similarity; insufficient independent evidence,0.323,divergent,aligned,no,yes,William Clearfield,"hormone,optimization"
aosrd-webinars-085-VvqxDr3PUwQ,aosrd_webinars_youtube,Hormone Optimization for Men with Dr. William Clearfield 26-Nov-2024 (Video),hormone optimization for men with dr william clearfield 26-nov-2024,2024-11-26,VvqxDr3PUwQ,https://aosrd.org/webinars/,,aKanCqrE_LN8_fUCcz8yCi5pTLg,2025-11-05,Research/lectures/clearfield-webinar-2025-11-05,Tuesday Integrative Health Webinar,"Tuesday Integrative Health Webinar — November 5, 2025: PRF Quality, Glycocalyx Optimization & Fertility Support",True,91,possible,topic/title similarity; insufficient independent evidence,0.3,divergent,aligned,no,yes,William Clearfield,"hormone,optimization"
aosrd-webinars-086-3F5eDzS7HqI,aosrd_webinars_youtube,Personalized Age Management Using Longevity Biomarkers with Dr. Jin-Xiong 19-Nov-2024 (Video),personalized age management using longevity biomarkers with dr jin-xiong 19-nov-2024,2024-11-19,3F5eDzS7HqI,https://aosrd.org/webinars/,,qwUT3cyV7gYvn34XQtrA84mAbiI,2024-11-20,Research/lectures/clearfield-webinar-2024-11-20,Tuesday Integrative Health Webinar,"Tuesday Integrative Health Webinar — November 20, 2024: Longevity Biomarkers (NAD, Klotho, Inflammation)",True,56,possible,moderate title + weak date support,0.463,near_1d,no_overlap,no,yes,Jin-Xiong,"biomarkers,longevity"
aosrd-webinars-087-5ItUoUUJvsg,aosrd_webinars_youtube,"Longevity Project-mTOR, Autophagy, and the Promise of Rapamycin with Dr. Bill Clearfield 5-Nov-2024 (Video)",longevity project-mtor autophagy and the promise of rapamycin with dr bill clearfield 5-nov-2024,2024-11-05,5ItUoUUJvsg,https://aosrd.org/webinars/,,qwUT3cyV7gYvn34XQtrA84mAbiI,2024-11-20,Research/lectures/clearfield-webinar-2024-11-20,Tuesday Integrative Health Webinar,"Tuesday Integrative Health Webinar — November 20, 2024: Longevity Biomarkers (NAD, Klotho, Inflammation)",True,56,possible,topic/title similarity; insufficient independent evidence,0.327,same_month,aligned,no,yes,Bill Clearfield,"longevity,rapamycin"
aosrd-webinars-088-dMzAToPWgfw,aosrd_webinars_youtube,Diversity in the Microbiome with Dr. Piper Dobner Oct-2024 (Video),diversity in the microbiome with dr piper dobner oct-2024,,dMzAToPWgfw,https://aosrd.org/webinars/,,zXf2JR4NKM7KxvOGrUxYJnH-ld8,2025-12-31,Research/lectures/clearfield-webinar-2025-12-31,Tuesday Integrative Health Webinar,"Tuesday Integrative Health Webinar — December 31, 2025: Vitamin C & Hormones + Microbiome/FMT Q&A (Piper Dobner)",True,54,possible,topic/title similarity; insufficient independent evidence,0.538,unknown,aligned,no,yes,Piper Dobner Oct; Piper Dobner Oct-,"diversity,dobner,microbiome,piper"
aosrd-webinars-088-dMzAToPWgfw,aosrd_webinars_youtube,Diversity in the Microbiome with Dr. Piper Dobner Oct-2024 (Video),diversity in the microbiome with dr piper dobner oct-2024,,dMzAToPWgfw,https://aosrd.org/webinars/,,W7XqKXZ-lIxJJAd2BNF0czu408k,2026-04-21,Research/lectures/clearfield-webinar-2026-04-21,Tuesday Integrative Health Webinar,"Tuesday Integrative Health Webinar — April 21, 2026: Microbiome Restoration (Piper Dobner)",True,0,possible,topic/title similarity; insufficient independent evidence,0.537,unknown,aligned,no,yes,Piper Dobner Oct; Piper Dobner Oct-,"diversity,dobner,microbiome,piper"
aosrd-webinars-089-YGd1siNfdVc,aosrd_webinars_youtube,EMF and Depletion of Nitric Oxide with Beth Shirley 8-Oct-2024 (Video),emf electromagnetic field and depletion of nitric oxide with beth shirley 8-oct-2024,2024-10-08,YGd1siNfdVc,https://aosrd.org/webinars/,https://aosrd.org/wp-content/uploads/2024/10/EMF-2024.pdf,EqC6yd4bQDKMl2mpzPURPZu-_Pc,2024-10-08,Research/lectures/clearfield-webinar-2024-10-08,Tuesday Integrative Health Webinar,"Tuesday Integrative Health Webinar — Nitric Oxide, EMF & Compounding Adjuncts",True,0,strong,exact session date + substantive topic/title evidence,0.455,exact,aligned,no,no,Beth Shirley,"beth,electromagnetic,field,nitric,oxide,shirley"
aosrd-webinars-089-YGd1siNfdVc,aosrd_webinars_youtube,EMF and Depletion of Nitric Oxide with Beth Shirley 8-Oct-2024 (Video),emf electromagnetic field and depletion of nitric oxide with beth shirley 8-oct-2024,2024-10-08,YGd1siNfdVc,https://aosrd.org/webinars/,https://aosrd.org/wp-content/uploads/2024/10/EMF-2024.pdf,FbRyr7EkkewAoPTmXbK9DtUiA_Y,2024-09-24,Research/lectures/clearfield-webinar-2024-09-24,Tuesday Integrative Health Webinar,"Tuesday Integrative Health Webinar — September 24, 2024: Drug-Induced Nutrient Depletion & Nitric Oxide",True,0,possible,topic/title similarity; insufficient independent evidence,0.44,compatible_14d,aligned,no,yes,Beth Shirley,"depletion,nitric,oxide,shirley"
aosrd-webinars-090-upIlResYnYM,aosrd_webinars_youtube,Optimal Hormones for Optimal Metabolism Function with Dr. Felice Gersh 1-Oct-2024 (Video),optimal hormones for optimal metabolism function with dr felice gersh 1-oct-2024,2024-10-01,upIlResYnYM,https://aosrd.org/webinars/,,OL_Ukp1RYjVvnjsMHnF2eXCXDC8,2024-10-01,Research/lectures/clearfield-webinar-2024-10-01,Tuesday Integrative Health Webinar,"Tuesday Integrative Health Webinar — October 1, 2024: Physiologic Menopausal HRT with Felice Gersh",True,0,strong,exact session date + substantive topic/title evidence,0.45,exact,aligned,no,no,Felice Gersh,"felice,gersh"
aosrd-webinars-091-EC0ajS7U0yQ,aosrd_webinars_youtube,Drug Induced Nutrient Depletion with Dr. Harlan Bieley 24-Sep-2024 (Video),drug induced nutrient depletion with dr harlan bieley 24-sep-2024,2024-09-24,EC0ajS7U0yQ,https://aosrd.org/webinars/,https://aosrd.org/wp-content/uploads/2024/09/Powerpoint-Drug-induced-Nutrient-Depletion-3-11-23.pptx.pdf,FbRyr7EkkewAoPTmXbK9DtUiA_Y,2024-09-24,Research/lectures/clearfield-webinar-2024-09-24,Tuesday Integrative Health Webinar,"Tuesday Integrative Health Webinar — September 24, 2024: Drug-Induced Nutrient Depletion & Nitric Oxide",True,0,strong,exact session date + substantive topic/title evidence,0.55,exact,aligned,no,no,Harlan Bieley,"depletion,drug,harlan,nutrient"
aosrd-webinars-092,aosrd_webinars_vimeo,The Evolving Cannabis Space: From Medical Research and Education to Decriminalization and Regulations with Dr. Jeffrey Block Sep-2024 (Video),the evolving cannabis space from medical research and education to decriminalization and regulations with dr jeffrey block sep-2024,,,https://aosrd.org/webinars/,,XFeeYcx6xIW9i1HcL0VfsCVvAjY,2024-09-17,Research/lectures/clearfield-webinar-2024-09-17,Tuesday Integrative Health Webinar,"Tuesday Integrative Health Webinar — September 17, 2024: Evolving Cannabis Space, ECS & Evidence (Jeffrey Block)",True,0,possible,topic/title similarity; insufficient independent evidence,0.483,unknown,aligned,no,yes,Jeffrey Block Sep; Jeffrey Block Sep-,"block,cannabis,education,evolving,jeffrey,medical,research,space"
aosrd-webinars-093-asNZdMRFj4k,aosrd_webinars_youtube,"Case Histories-Stroke Recovery and Ulcerative Colitis-Treating the Person, Not the Disease 10-Sep-2024 (Video)",case histories-stroke recovery and ulcerative colitis-treating the person not the disease 10-sep-2024,2024-09-10,asNZdMRFj4k,https://aosrd.org/webinars/,,dliX4LcIPRKy-7vE3xcjJ4TlkiI,2024-09-10,Research/lectures/clearfield-webinar-2024-09-10,Tuesday Integrative Health Webinar,"Tuesday Integrative Health Webinar — September 10, 2024: Classical Homeopathy Cases (Stroke & Crohn’s)",True,0,strong,exact session date + substantive topic/title evidence,0.232,exact,unknown,no,no,,"case,disease,person,recovery"
aosrd-webinars-094-vryHjbho0Os,aosrd_webinars_youtube,Homeopathic Weight Loss Secrets with Heather Hallis 3-Sep-2024 (Video),homeopathic weight loss secrets with heather hallis 3-sep-2024,2024-09-03,vryHjbho0Os,https://aosrd.org/webinars/,,lad4QB8n10SgLwRq48hmZvwDQ2U,2024-09-03,Research/lectures/clearfield-webinar-2024-09-03,Tuesday Integrative Health Webinar,"Tuesday Integrative Health Webinar — September 3, 2024: Hormone-Balancing Drops, Insulin Resistance & Poly Homeopathy",True,0,strong,exact session date + substantive topic/title evidence,0.128,exact,aligned,no,no,Heather Hallis,"heather,homeopathic"
aosrd-webinars-094-vryHjbho0Os,aosrd_webinars_youtube,Homeopathic Weight Loss Secrets with Heather Hallis 3-Sep-2024 (Video),homeopathic weight loss secrets with heather hallis 3-sep-2024,2024-09-03,vryHjbho0Os,https://aosrd.org/webinars/,,y59a2fEx8UgOiThJHr1w-HcQc1U,2024-08-20,Research/lectures/clearfield-webinar-2024-08-20,Tuesday Integrative Health Webinar,"Tuesday Integrative Health Webinar — August 20, 2024: Cancer Treatment–Induced Osteoporosis & Fracture-First Bone Care (Dr. John Newstead)",True,0,possible,topic/title similarity; insufficient independent evidence,0.113,compatible_14d,aligned,no,yes,Heather Hallis,"heather,loss"
aosrd-webinars-095-DiZKcMJiLs8,aosrd_webinars_youtube,Pushing the Limits-From Ultra-Endurance to Revolutionary Patient Care with Lisa Tamati 27-Aug-2024 (Video),pushing the limits-from ultra-endurance to revolutionary patient care with lisa tamati 27-aug-2024,2024-08-27,DiZKcMJiLs8,https://aosrd.org/webinars/,https://aosrd.org/wp-content/uploads/2024/08/Speaking-Engagement-Osteopathic-Conference.pdf,pw9yXaKVUW0ETXgSRTRBaLEzqQc,2024-08-27,Research/lectures/clearfield-webinar-2024-08-27,Tuesday Integrative Health Webinar,"Tuesday Integrative Health Webinar — August 27, 2024: Lisa Tamati — Resilience, Advocacy & Mother’s Stroke/Cancer Recovery",True,0,strong,exact session date + substantive topic/title evidence,0.22,exact,aligned,no,no,Lisa Tamati,"lisa,tamati"
aosrd-webinars-095-DiZKcMJiLs8,aosrd_webinars_youtube,Pushing the Limits-From Ultra-Endurance to Revolutionary Patient Care with Lisa Tamati 27-Aug-2024 (Video),pushing the limits-from ultra-endurance to revolutionary patient care with lisa tamati 27-aug-2024,2024-08-27,DiZKcMJiLs8,https://aosrd.org/webinars/,https://aosrd.org/wp-content/uploads/2024/08/Speaking-Engagement-Osteopathic-Conference.pdf,4qg44PRw27Y2Jbzl7MXMYCX0HuI,2025-04-15,Research/lectures/clearfield-webinar-2025-04-15,Tuesday Integrative Health Webinar,"Tuesday Integrative Health Webinar — April 15, 2025: Immunosenescence & Four-Pillar Immune Formula",True,67,possible,topic/title similarity; insufficient independent evidence,0.314,divergent,aligned,no,yes,Lisa Tamati,"lisa,tamati"
aosrd-webinars-095-DiZKcMJiLs8,aosrd_webinars_youtube,Pushing the Limits-From Ultra-Endurance to Revolutionary Patient Care with Lisa Tamati 27-Aug-2024 (Video),pushing the limits-from ultra-endurance to revolutionary patient care with lisa tamati 27-aug-2024,2024-08-27,DiZKcMJiLs8,https://aosrd.org/webinars/,https://aosrd.org/wp-content/uploads/2024/08/Speaking-Engagement-Osteopathic-Conference.pdf,y59a2fEx8UgOiThJHr1w-HcQc1U,2024-08-20,Research/lectures/clearfield-webinar-2024-08-20,Tuesday Integrative Health Webinar,"Tuesday Integrative Health Webinar — August 20, 2024: Cancer Treatment–Induced Osteoporosis & Fracture-First Bone Care (Dr. John Newstead)",True,0,possible,topic/title similarity; insufficient independent evidence,0.276,compatible_7d,aligned,no,yes,Lisa Tamati,"care,lisa,tamati"
aosrd-webinars-095-DiZKcMJiLs8,aosrd_webinars_youtube,Pushing the Limits-From Ultra-Endurance to Revolutionary Patient Care with Lisa Tamati 27-Aug-2024 (Video),pushing the limits-from ultra-endurance to revolutionary patient care with lisa tamati 27-aug-2024,2024-08-27,DiZKcMJiLs8,https://aosrd.org/webinars/,https://aosrd.org/wp-content/uploads/2024/08/Speaking-Engagement-Osteopathic-Conference.pdf,wcHy9pPXoWy5S62-GJbpasQtw2o,2025-02-12,Research/lectures/clearfield-webinar-2025-02-12,Tuesday Integrative Health Webinar,"Tuesday Integrative Health Webinar — February 12, 2025: Red Light Method & Photobiomodulation",True,17,possible,topic/title similarity; insufficient independent evidence,0.221,divergent,aligned,no,yes,Lisa Tamati,"lisa,tamati"
aosrd-webinars-096-3m1kSqjO3yI,aosrd_webinars_youtube,Cancer Treatment Induced Bone Loss with Dr. John Neustadt 21-Aug-2024 (Video),cancer treatment induced bone loss with dr john neustadt 21-aug-2024,2024-08-21,3m1kSqjO3yI,https://aosrd.org/webinars/,,y59a2fEx8UgOiThJHr1w-HcQc1U,2024-08-20,Research/lectures/clearfield-webinar-2024-08-20,Tuesday Integrative Health Webinar,"Tuesday Integrative Health Webinar — August 20, 2024: Cancer Treatment–Induced Osteoporosis & Fracture-First Bone Care (Dr. John Newstead)",True,0,strong,near date + speaker + topic evidence,0.53,near_1d,aligned,no,no,John Neustadt,"bone,cancer,john,loss"
aosrd-webinars-097-qCHRKOIOdyo,aosrd_webinars_youtube,Diagnostic Assessment of Chronic Disease with Dr. Salaheldin Halasa and Dr James Joseph 13-Aug-2024 (Video),diagnostic assessment of chronic disease with dr salaheldin halasa and dr james joseph 13-aug-2024,2024-08-13,qCHRKOIOdyo,https://aosrd.org/webinars/,,xg4V_A-L8_Ob1jKGBewDTtKzOWg,2024-08-13,Research/lectures/clearfield-webinar-2024-08-13,Tuesday Integrative Health Webinar,Tuesday Integrative Health Webinar — CDPM Four Pillars / Redox & Immune Modulation,True,0,strong,exact session date + substantive topic/title evidence,0.124,exact,aligned,no,no,Salaheldin Halasa; James Joseph,"assessment,halasa,james,joseph"
aosrd-webinars-097-qCHRKOIOdyo,aosrd_webinars_youtube,Diagnostic Assessment of Chronic Disease with Dr. Salaheldin Halasa and Dr James Joseph 13-Aug-2024 (Video),diagnostic assessment of chronic disease with dr salaheldin halasa and dr james joseph 13-aug-2024,2024-08-13,qCHRKOIOdyo,https://aosrd.org/webinars/,,b2H7gyjRNmbN0l62XtCzeLPovDE,2025-06-24,Research/lectures/clearfield-webinar-2025-06-24,Tuesday Integrative Health Webinar,"Tuesday Integrative Health Webinar — June 24, 2025: Ivermectin & Mebendazole for Cancer Stem Cells & Fibrosis",True,80,possible,topic/title similarity; insufficient independent evidence,0.282,divergent,partial:Salaheldin Halasa,no,yes,Salaheldin Halasa; James Joseph,"halasa,salaheldin"
aosrd-webinars-097-qCHRKOIOdyo,aosrd_webinars_youtube,Diagnostic Assessment of Chronic Disease with Dr. Salaheldin Halasa and Dr James Joseph 13-Aug-2024 (Video),diagnostic assessment of chronic disease with dr salaheldin halasa and dr james joseph 13-aug-2024,2024-08-13,qCHRKOIOdyo,https://aosrd.org/webinars/,,hQzjA4-OBAL6Qn7OOOywEISWs3I,2025-07-08,Research/lectures/clearfield-webinar-2025-07-08,Tuesday Integrative Health Webinar,"Tuesday Integrative Health Webinar — July 8, 2025: Photobiomodulation & PCOS Tribulus Tip",True,79,possible,topic/title similarity; insufficient independent evidence,0.227,divergent,partial:James Joseph,no,yes,Salaheldin Halasa; James Joseph,"disease,james"
aosrd-webinars-097-qCHRKOIOdyo,aosrd_webinars_youtube,Diagnostic Assessment of Chronic Disease with Dr. Salaheldin Halasa and Dr James Joseph 13-Aug-2024 (Video),diagnostic assessment of chronic disease with dr salaheldin halasa and dr james joseph 13-aug-2024,2024-08-13,qCHRKOIOdyo,https://aosrd.org/webinars/,,Zxy20R1uant_QctiZutXLSt-Q-E,2025-03-25,Research/lectures/clearfield-webinar-2025-03-25,Tuesday Integrative Health Webinar,"Tuesday Integrative Health Webinar — March 25, 2025: Laboratory of Functional Medicine",True,159,possible,topic/title similarity; insufficient independent evidence,0.204,divergent,partial:Salaheldin Halasa,no,yes,Salaheldin Halasa; James Joseph,"chronic,halasa"
aosrd-webinars-097-qCHRKOIOdyo,aosrd_webinars_youtube,Diagnostic Assessment of Chronic Disease with Dr. Salaheldin Halasa and Dr James Joseph 13-Aug-2024 (Video),diagnostic assessment of chronic disease with dr salaheldin halasa and dr james joseph 13-aug-2024,2024-08-13,qCHRKOIOdyo,https://aosrd.org/webinars/,,ajVChHpkQS72kcrtN9J03lwNFZ0,2026-04-28,Research/lectures/clearfield-webinar-2026-04-28,Tuesday Integrative Health Webinar,"Tuesday Integrative Health Webinar — April 28, 2026: Telomeres & How Not to Age (Bill Andrews)",True,154,possible,topic/title similarity; insufficient independent evidence,0.196,divergent,partial:James Joseph,no,yes,Salaheldin Halasa; James Joseph,"disease,joseph"
aosrd-webinars-098-33LzcsSXUns,aosrd_webinars_youtube,"Human Gut Microbiome, Postbiotic Metabolites and the Microbiome Theory of Aging with Dr. Ross Pelton 06-Aug-2024 (Video)",human gut microbiome postbiotic metabolites and the microbiome theory of aging with dr ross pelton 06-aug-2024,2024-08-06,33LzcsSXUns,https://aosrd.org/webinars/,,CMNjlQbT2xu4NqL-9gu4VQSt0mo,2024-08-06,Research/lectures/clearfield-webinar-2024-08-06,Tuesday Integrative Health Webinar,"Tuesday Integrative Health Webinar — August 6, 2024: Gut Microbiome, Postbiotic Metabolites & Oral Probiotic Dilemma",True,0,strong,exact session date + substantive topic/title evidence,0.564,exact,aligned,no,no,Ross Pelton,"aging,metabolites,microbiome,pelton,postbiotic,ross,theory"
aosrd-webinars-099-vhO2wI9HZPs,aosrd_webinars_youtube,Novel Peptide Innovations to Enhance Healthspan with Michael Antonelli 30-Jul-2024 (Video),novel peptide innovations to enhance healthspan with michael antonelli 30-jul-2024,2024-07-30,vhO2wI9HZPs,https://aosrd.org/webinars/,,ykfPBSHSL3meBk4yGojbTxMVIpA,2024-10-22,Research/lectures/clearfield-webinar-2024-10-22,Tuesday Integrative Health Webinar,"Tuesday Integrative Health Webinar — October 22, 2024: DHA, Lutein & Zeaxanthin for Brain Health",True,68,possible,topic/title similarity; insufficient independent evidence,0.229,divergent,aligned,no,yes,Michael Antonelli,"michael,peptide"
aosrd-webinars-100-TH3WSRAjN-c,aosrd_webinars_youtube,Iron Metabolism and Sucrosomial Iron with Sam Sparhawk 23-Jul-2024 (Video),iron metabolism and sucrosomial iron with sam sparhawk 23-jul-2024,2024-07-23,TH3WSRAjN-c,https://aosrd.org/webinars/,,,,,,,,,no_match,no reasonable otter candidate,,no_candidate,unknown,no,yes,Sam Sparhawk,
aosrd-webinars-101-OIYNcWX7NAw,aosrd_webinars_youtube,Introducing C15 The First New Essential Fayy Acid Discovered in 90 Years with Dr. Stephanie Venn-Watson 16-Jul-2024 (Video),introducing c15 the first new essential fayy acid discovered in 90 years with dr stephanie venn-watson 16-jul-2024,2024-07-16,OIYNcWX7NAw,https://aosrd.org/webinars/,,SdzXWjorAW2NkmSfJoC1PdOzwAE,2025-05-20,Research/lectures/clearfield-webinar-2025-05-20,Tuesday Integrative Health Webinar,"Tuesday Integrative Health Webinar — May 20, 2025: Outperforming Oncologists (CDPM Delivery, TME & NK Exosomes)",True,56,possible,topic/title similarity; insufficient independent evidence,0.292,divergent,partial:Essential Fayy Acid Discovered,no,yes,Essential Fayy Acid Discovered; Stephanie Venn-Watson,"essential,first"
aosrd-webinars-102-kBGgYtTAhyo,aosrd_webinars_youtube,Perplexing Neuromuscular and GI Symptoms in a 27 Year Old Male with Dr. Kilee Smith 9-Jul-2024 (Video),perplexing neuromuscular and gi symptoms in a 27 year old male with dr kilee smith 9-jul-2024,2024-07-09,kBGgYtTAhyo,https://aosrd.org/webinars/,,,,,,,,,no_match,no reasonable otter candidate,,no_candidate,unknown,no,yes,Kilee Smith,
aosrd-webinars-103-_5CkbM3QO2A,aosrd_webinars_youtube,Homeopathic Case Studies with Dr Parvin Zarrin 2-Jul-2024 (Video),homeopathic case studies with dr parvin zarrin 2-jul-2024,2024-07-02,_5CkbM3QO2A,https://aosrd.org/webinars/,,,,,,,,,no_match,no reasonable otter candidate,,no_candidate,unknown,no,yes,Parvin Zarrin,
aosrd-webinars-104-i-_y_4834r0,aosrd_webinars_youtube,GLP-1 Masterclass with Jay Campbell and Hunter Williams 25-Jun-2024 (Video),glp-1 masterclass with jay campbell and hunter williams 25-jun-2024,2024-06-25,i-_y_4834r0,https://aosrd.org/webinars/,,t9O9J5vUpWGkKXi-5TqxgKudSvY,2025-04-29,Research/lectures/clearfield-webinar-2025-04-29,Tuesday Integrative Health Webinar,"Tuesday Integrative Health Webinar — Peptide Stacking Master Class (April 29, 2025)",True,149,possible,topic/title similarity; insufficient independent evidence,0.375,divergent,aligned,no,yes,Jay Campbell,"campbell,hunter"
aosrd-webinars-105-Zed_tVgD-KI,aosrd_webinars_youtube,Brown adipose tissue is associated with cardiometabolic health 18-Jun-2024 (Video),brown adipose tissue is associated with cardiometabolic health 18-jun-2024,2024-06-18,Zed_tVgD-KI,https://aosrd.org/webinars/,,,,,,,,,no_match,no reasonable otter candidate,,no_candidate,unknown,no,yes,,
aosrd-webinars-106-4DV6p0vAX7M,aosrd_webinars_youtube,"Rapamycin, mTOR, Autophagy and Treating mTOR Syndrome with Dr. Ross Pelton 11-Jun-2024 (Video)",rapamycin mtor autophagy and treating mtor syndrome with dr ross pelton 11-jun-2024,2024-06-11,4DV6p0vAX7M,https://aosrd.org/webinars/,,N9yVVPBjdwE0_VQF5vNgb-MVTSQ,2025-07-22,Research/lectures/clearfield-webinar-2025-07-22,Tuesday Integrative Health Webinar,"Tuesday Integrative Health Webinar — July 22, 2025: Membrane Lipid Replacement (Ross Pelton)",True,245,possible,topic/title similarity; insufficient independent evidence,0.353,divergent,aligned,no,yes,Ross Pelton,"pelton,rapamycin,ross"
aosrd-webinars-107-EedeUbkVxWw,aosrd_webinars_youtube,Prostatitis and Prostate Cancer and IFM Iternational Conference Summary w Dr benoit Tano and Melvin Nario 4-Jun-2024 (Video),prostatitis and prostate cancer and ifm iternational conference summary w dr benoit tano and melvin nario 4-jun-2024,2024-06-04,EedeUbkVxWw,https://aosrd.org/webinars/,,,,,,,,,no_match,no reasonable otter candidate,,no_candidate,unknown,no,yes,,
aosrd-webinars-108-AZ-yDffpNJY,aosrd_webinars_youtube,Clinical Applications of Cytisine with Dr. James Joseph 21-May-2024 (Video),clinical applications of cytisine with dr james joseph 21-may-2024,2024-05-21,AZ-yDffpNJY,https://aosrd.org/webinars/,,hQzjA4-OBAL6Qn7OOOywEISWs3I,2025-07-08,Research/lectures/clearfield-webinar-2025-07-08,Tuesday Integrative Health Webinar,"Tuesday Integrative Health Webinar — July 8, 2025: Photobiomodulation & PCOS Tribulus Tip",True,79,possible,topic/title similarity; insufficient independent evidence,0.319,divergent,aligned,no,yes,James Joseph,"applications,clinical,james"
aosrd-webinars-109-rE4aeyVQ2Ho,aosrd_webinars_youtube,Cognition and Immune Function with Dr. John Lewis 14-May-2024 (Video),cognition and immune function with dr john lewis 14-may-2024,2024-05-14,rE4aeyVQ2Ho,https://aosrd.org/webinars/,,avbRWMav2fwgobz9r7HjwR4z44I,2026-06-02,Research/lectures/clearfield-webinar-2026-06-02,Tuesday Integrative Health Webinar,"Tuesday Integrative Health Webinar — June 2, 2026: Cancer Destruction Kits & Low-Dose Colchicine (Nicholas St. John)",True,72,possible,topic/title similarity; insufficient independent evidence,0.309,divergent,aligned,no,yes,John Lewis,"immune,john"
aosrd-webinars-109-rE4aeyVQ2Ho,aosrd_webinars_youtube,Cognition and Immune Function with Dr. John Lewis 14-May-2024 (Video),cognition and immune function with dr john lewis 14-may-2024,2024-05-14,rE4aeyVQ2Ho,https://aosrd.org/webinars/,,y59a2fEx8UgOiThJHr1w-HcQc1U,2024-08-20,Research/lectures/clearfield-webinar-2024-08-20,Tuesday Integrative Health Webinar,"Tuesday Integrative Health Webinar — August 20, 2024: Cancer Treatment–Induced Osteoporosis & Fracture-First Bone Care (Dr. John Newstead)",True,0,possible,topic/title similarity; insufficient independent evidence,0.304,divergent,aligned,no,yes,John Lewis,"immune,john"
aosrd-webinars-110-VlkJVQdCgik,aosrd_webinars_youtube,Endocrinology of Pain Management with Dr. William Clearfield (Video),endocrinology of pain management with dr william clearfield,,VlkJVQdCgik,https://aosrd.org/webinars/,,wcHy9pPXoWy5S62-GJbpasQtw2o,2025-02-12,Research/lectures/clearfield-webinar-2025-02-12,Tuesday Integrative Health Webinar,"Tuesday Integrative Health Webinar — February 12, 2025: Red Light Method & Photobiomodulation",True,17,possible,topic/title similarity; insufficient independent evidence,0.174,unknown,aligned,no,yes,William Clearfield,"management,pain"
aosrd-webinars-111-6Ydzs4z54kg,aosrd_webinars_youtube,"Harnessing Nature’s Remedies for Chronic Diseases, Mold and Mycotoxins with Jane Santangelo and Dr. William Clearfield 30-Apr-2024 (Video)",harnessing nature s remedies for chronic diseases mold and mycotoxins with jane santangelo and dr william clearfield 30-apr-2024,2024-04-30,6Ydzs4z54kg,https://aosrd.org/webinars/,,hFcw5MS7FSAuXJGFcnPHqL6j1gM,2025-01-22,Research/lectures/clearfield-webinar-2025-01-22,Tuesday Integrative Health Webinar,"Tuesday Integrative Health Webinar — January 22, 2025: Mold, Mycotoxins & the Sinus–Brain Axis (Dr. Dennis)",True,177,possible,topic/title similarity; insufficient independent evidence,0.361,divergent,partial:William Clearfield,no,yes,Jane Santangelo; William Clearfield,"mold,mycotoxins"
aosrd-webinars-111-6Ydzs4z54kg,aosrd_webinars_youtube,"Harnessing Nature’s Remedies for Chronic Diseases, Mold and Mycotoxins with Jane Santangelo and Dr. William Clearfield 30-Apr-2024 (Video)",harnessing nature s remedies for chronic diseases mold and mycotoxins with jane santangelo and dr william clearfield 30-apr-2024,2024-04-30,6Ydzs4z54kg,https://aosrd.org/webinars/,,v3Md09l1C_mz3hrDPWngln5SYQw,2025-09-09,Research/lectures/clearfield-webinar-2025-09-09,Tuesday Integrative Health Webinar,"Tuesday Integrative Health Webinar — Mold, Mycotoxins & Vitamin C Safety",True,115,possible,topic/title similarity; insufficient independent evidence,0.293,divergent,partial:William Clearfield,no,yes,Jane Santangelo; William Clearfield,"chronic,mold,mycotoxins"
aosrd-webinars-111-6Ydzs4z54kg,aosrd_webinars_youtube,"Harnessing Nature’s Remedies for Chronic Diseases, Mold and Mycotoxins with Jane Santangelo and Dr. William Clearfield 30-Apr-2024 (Video)",harnessing nature s remedies for chronic diseases mold and mycotoxins with jane santangelo and dr william clearfield 30-apr-2024,2024-04-30,6Ydzs4z54kg,https://aosrd.org/webinars/,,CQjlfnZLZ-CY25UUEq35pSQ0lug,2025-12-24,Research/lectures/clearfield-webinar-2025-12-24,Tuesday Integrative Health Webinar,"Tuesday Integrative Health Webinar — December 24, 2025: Biotransformation, Detoxification & Creatine Pearls",True,52,possible,topic/title similarity; insufficient independent evidence,0.284,divergent,partial:William Clearfield,no,yes,Jane Santangelo; William Clearfield,"mold,mycotoxins"
aosrd-webinars-112-nzj-iOQyroc,aosrd_webinars_youtube,"Introduction to Hormone Optimization-Part 5 Laboratory Calculations, Hormone History Summary, Hormne Therapy Summary Chart Dr. Bill Clearfield with JR (Video)",introduction to hormone optimization-part 5 laboratory calculations hormone history summary hormne therapy summary chart dr bill clearfield with jr,,nzj-iOQyroc,https://aosrd.org/webinars/,,OL_Ukp1RYjVvnjsMHnF2eXCXDC8,2024-10-01,Research/lectures/clearfield-webinar-2024-10-01,Tuesday Integrative Health Webinar,"Tuesday Integrative Health Webinar — October 1, 2024: Physiologic Menopausal HRT with Felice Gersh",True,0,possible,topic/title similarity; insufficient independent evidence,0.305,unknown,aligned,yes,yes,Bill Clearfield,"hormone,therapy"
aosrd-webinars-112-nzj-iOQyroc,aosrd_webinars_youtube,"Introduction to Hormone Optimization-Part 5 Laboratory Calculations, Hormone History Summary, Hormne Therapy Summary Chart Dr. Bill Clearfield with JR (Video)",introduction to hormone optimization-part 5 laboratory calculations hormone history summary hormne therapy summary chart dr bill clearfield with jr,,nzj-iOQyroc,https://aosrd.org/webinars/,,lad4QB8n10SgLwRq48hmZvwDQ2U,2024-09-03,Research/lectures/clearfield-webinar-2024-09-03,Tuesday Integrative Health Webinar,"Tuesday Integrative Health Webinar — September 3, 2024: Hormone-Balancing Drops, Insulin Resistance & Poly Homeopathy",True,0,possible,topic/title similarity; insufficient independent evidence,0.301,unknown,aligned,yes,yes,Bill Clearfield,"history,hormone"
aosrd-webinars-112-nzj-iOQyroc,aosrd_webinars_youtube,"Introduction to Hormone Optimization-Part 5 Laboratory Calculations, Hormone History Summary, Hormne Therapy Summary Chart Dr. Bill Clearfield with JR (Video)",introduction to hormone optimization-part 5 laboratory calculations hormone history summary hormne therapy summary chart dr bill clearfield with jr,,nzj-iOQyroc,https://aosrd.org/webinars/,,HY-sCmihzh3EJ69WWVwlTT0Ri6s,2025-11-26,Research/lectures/clearfield-webinar-2025-11-26,Tuesday Integrative Health Webinar,"Tuesday Integrative Health Webinar — November 26, 2025: Vitamin D CYP Induction, Omega-3 Longevity & HRT Lifestyle Protocol",True,56,possible,topic/title similarity; insufficient independent evidence,0.3,unknown,aligned,yes,yes,Bill Clearfield,"hormone,therapy"
aosrd-webinars-112-nzj-iOQyroc,aosrd_webinars_youtube,"Introduction to Hormone Optimization-Part 5 Laboratory Calculations, Hormone History Summary, Hormne Therapy Summary Chart Dr. Bill Clearfield with JR (Video)",introduction to hormone optimization-part 5 laboratory calculations hormone history summary hormne therapy summary chart dr bill clearfield with jr,,nzj-iOQyroc,https://aosrd.org/webinars/,,LvCEhutJR34KphFeXcFdbBQ3PZE,2025-08-26,Research/lectures/clearfield-webinar-2025-08-26,Tuesday Integrative Health Webinar,"Tuesday Integrative Health Webinar — August 26, 2025: Ozone Therapy Foundations (Frank Shallenberger)",True,15,possible,topic/title similarity; insufficient independent evidence,0.278,unknown,aligned,yes,yes,Bill Clearfield,"history,therapy"
aosrd-webinars-112-nzj-iOQyroc,aosrd_webinars_youtube,"Introduction to Hormone Optimization-Part 5 Laboratory Calculations, Hormone History Summary, Hormne Therapy Summary Chart Dr. Bill Clearfield with JR (Video)",introduction to hormone optimization-part 5 laboratory calculations hormone history summary hormne therapy summary chart dr bill clearfield with jr,,nzj-iOQyroc,https://aosrd.org/webinars/,,OlXuXl73V1RAQ4bVYXoakDZMRnU,2026-04-07,Research/lectures/clearfield-webinar-2026-04-07,Tuesday Integrative Health Webinar,"Tuesday Integrative Health Webinar — April 7, 2026: Estrogen Sisters, PT-141 & Xenoestrogen HRT Debate",True,59,possible,topic/title similarity; insufficient independent evidence,0.276,unknown,aligned,yes,yes,Bill Clearfield,"hormone,therapy"
aosrd-webinars-113-17THfuKKWg4,aosrd_webinars_youtube,Let’s Talk Progesterone with Carol Peterson RPh 23-Apr-2024 (Video),let s talk progesterone with carol peterson rph 23-apr-2024,2024-04-23,17THfuKKWg4,https://aosrd.org/webinars/,,j3HjVUuBV5gnR4KrCUuXOZEnPm0,2025-10-14,Research/lectures/clearfield-webinar-2025-10-14,Tuesday Integrative Health Webinar,"Tuesday Integrative Health Webinar — October 14, 2025: Estrogen Timing, Progesterone After Hysterectomy & Hormone Testing",True,123,possible,topic/title similarity; insufficient independent evidence,0.366,divergent,aligned,no,yes,Carol Peterson RPh,"carol,progesterone"
aosrd-webinars-113-17THfuKKWg4,aosrd_webinars_youtube,Let’s Talk Progesterone with Carol Peterson RPh 23-Apr-2024 (Video),let s talk progesterone with carol peterson rph 23-apr-2024,2024-04-23,17THfuKKWg4,https://aosrd.org/webinars/,,W7XqKXZ-lIxJJAd2BNF0czu408k,2026-04-21,Research/lectures/clearfield-webinar-2026-04-21,Tuesday Integrative Health Webinar,"Tuesday Integrative Health Webinar — April 21, 2026: Microbiome Restoration (Piper Dobner)",True,0,possible,topic/title similarity; insufficient independent evidence,0.291,divergent,aligned,no,yes,Carol Peterson RPh,"carol,progesterone"
aosrd-webinars-114-2m-O4yYr604,aosrd_webinars_youtube,Introduction to Hormone Optimization-Part 4-Laboratory Evaluation JR Student Session (Video),introduction to hormone optimization-part 4-laboratory evaluation jr student session,,2m-O4yYr604,https://aosrd.org/webinars/,,,,,,,,,no_match,no reasonable otter candidate,,unknown,unknown,yes,yes,,
aosrd-webinars-115-o1e-EuQVa0o,aosrd_webinars_youtube,"Introduction to Hormone Optimization-DHEA, Pregnenolone, Prolactin and Beginning Lab Evaluation – JR Student Session (Video)",introduction to hormone optimization-dhea pregnenolone prolactin and beginning lab evaluation - jr student session,,o1e-EuQVa0o,https://aosrd.org/webinars/,,,,,,,,,no_match,no reasonable otter candidate,,unknown,unknown,yes,yes,,
aosrd-webinars-116-V8t-J5WqURk,aosrd_webinars_youtube,From Assessment to Action-Comprehensive Strategies for Conquering High Cholesterol – 16-Apr-2024 (Video),from assessment to action-comprehensive strategies for conquering high cholesterol - 16-apr-2024,2024-04-16,V8t-J5WqURk,https://aosrd.org/webinars/,,,,,,,,,no_match,no reasonable otter candidate,,no_candidate,unknown,no,yes,,
aosrd-webinars-117-d5kmBOFcSbE,aosrd_webinars_youtube,"Cardio Metabolic Assessment Testing with Ron Riewold, Joe Torres and Jane Santangelo – 9-Apr-2024 (Video)",cardio metabolic assessment testing with ron riewold joe torres and jane santangelo - 9-apr-2024,2024-04-09,d5kmBOFcSbE,https://aosrd.org/webinars/,,,,,,,,,no_match,no reasonable otter candidate,,no_candidate,unknown,no,yes,Ron Riewold,
aosrd-webinars-118-MVPoDdFWft4,aosrd_webinars_youtube,"Introduction to Hormone Optimization-Part 3 Thyroid, Cortisol, Insulin, DHEA, Pregnenolone and Prolactin – 9-Apr-2024 (Video)",introduction to hormone optimization-part 3 thyroid cortisol insulin dhea pregnenolone and prolactin - 9-apr-2024,2024-04-09,MVPoDdFWft4,https://aosrd.org/webinars/,,,,,,,,,no_match,no reasonable otter candidate,,no_candidate,unknown,yes,yes,,
aosrd-webinars-119-o8RnGeIcMCU,aosrd_webinars_youtube,Introduction to Hormone Optimization-Par 1-Homeopathic Edition (Video),introduction to hormone optimization-par 1-homeopathic edition,,o8RnGeIcMCU,https://aosrd.org/webinars/,,,,,,,,,no_match,no reasonable otter candidate,,unknown,unknown,yes,yes,,
aosrd-webinars-120-AQ-D2UUC9yk,aosrd_webinars_youtube,Calocurb-The World’s First GLP-1 Oral Agonist for Weight Loss with Sara Kennedy and Dr. Edward Walker – 2-Apr-2024 (Video),calocurb-the world s first glp-1 oral agonist for weight loss with sara kennedy and dr edward walker - 2-apr-2024,2024-04-02,AQ-D2UUC9yk,https://aosrd.org/webinars/,,lnZUNAyEcVNSN0i3JOEbuJcc15A,2025-02-19,Research/lectures/clearfield-webinar-2025-02-19,Tuesday Integrative Health Webinar,"Tuesday Integrative Health Webinar — February 19, 2025: Thymosin Alpha-1 & Thymogen Immune Peptides",True,49,possible,topic/title similarity; insufficient independent evidence,0.171,divergent,partial:Sara Kennedy,no,yes,Sara Kennedy; Edward Walker,"oral,weight"
aosrd-webinars-121-SOtnBGCgCUE,aosrd_webinars_youtube,Synergy of Nitrate Supplementation and Methylene Blue with Beth Shirley – 19-Mar-2024 (Video),synergy of nitrate supplementation and methylene blue with beth shirley - 19-mar-2024,2024-03-19,SOtnBGCgCUE,https://aosrd.org/webinars/,,EqC6yd4bQDKMl2mpzPURPZu-_Pc,2024-10-08,Research/lectures/clearfield-webinar-2024-10-08,Tuesday Integrative Health Webinar,"Tuesday Integrative Health Webinar — Nitric Oxide, EMF & Compounding Adjuncts",True,0,possible,topic/title similarity; insufficient independent evidence,0.27,divergent,aligned,no,yes,Beth Shirley,"beth,nitrate,shirley"
aosrd-webinars-122--2zRc1QbLiI,aosrd_webinars_youtube,"Long Term Micronutrient Depletion with Dr. Deedra Mason – March 12, 2024 (Video)",long term micronutrient depletion with dr deedra mason - march 12 2024,2024-03-12,-2zRc1QbLiI,https://aosrd.org/webinars/,,,,,,,,,no_match,no reasonable otter candidate,,no_candidate,unknown,no,yes,Deedra Mason,
aosrd-webinars-123-B1Z34WJYAN4,aosrd_webinars_youtube,"Breaking Free-Financial Solutions for Medical Professionals with Mr. David Silva – March 5, 2024 (Video)",breaking free-financial solutions for medical professionals with mr david silva - march 5 2024,2024-03-05,B1Z34WJYAN4,https://aosrd.org/webinars/,,,,,,,,,no_match,no reasonable otter candidate,,no_candidate,unknown,no,yes,Mr. David Silva,
aosrd-webinars-124-e8_bNLZcAtg,aosrd_webinars_youtube,"Testosterone-Estrogen-Glp Agonists-and Hormone Optimization with Jay Campbell – Feb 27, 2024 (Video)",testosterone-estrogen-glp agonists-and hormone optimization with jay campbell - feb 27 2024,2024-02-27,e8_bNLZcAtg,https://aosrd.org/webinars/,,j3HjVUuBV5gnR4KrCUuXOZEnPm0,2025-10-14,Research/lectures/clearfield-webinar-2025-10-14,Tuesday Integrative Health Webinar,"Tuesday Integrative Health Webinar — October 14, 2025: Estrogen Timing, Progesterone After Hysterectomy & Hormone Testing",True,123,possible,topic/title similarity; insufficient independent evidence,0.345,divergent,aligned,no,yes,Jay Campbell,"campbell,hormone"
aosrd-webinars-124-e8_bNLZcAtg,aosrd_webinars_youtube,"Testosterone-Estrogen-Glp Agonists-and Hormone Optimization with Jay Campbell – Feb 27, 2024 (Video)",testosterone-estrogen-glp agonists-and hormone optimization with jay campbell - feb 27 2024,2024-02-27,e8_bNLZcAtg,https://aosrd.org/webinars/,,t9O9J5vUpWGkKXi-5TqxgKudSvY,2025-04-29,Research/lectures/clearfield-webinar-2025-04-29,Tuesday Integrative Health Webinar,"Tuesday Integrative Health Webinar — Peptide Stacking Master Class (April 29, 2025)",True,149,possible,topic/title similarity; insufficient independent evidence,0.279,divergent,aligned,no,yes,Jay Campbell,"campbell,hormone"
aosrd-webinars-125-ZgjFBmrC2Fc,aosrd_webinars_youtube,"Testosterone – Aeromatase Inhibitors-and Cortisol, Oh My! with Dr. Salaheldin Halasa – Feb 20, 2024 (Video)",testosterone - aeromatase inhibitors-and cortisol oh my with dr salaheldin halasa - feb 20 2024,2024-02-20,ZgjFBmrC2Fc,https://aosrd.org/webinars/,,GUt4yZgCp4lNVboAnJBHNMsHO7A,2025-05-06,Research/lectures/clearfield-webinar-2025-05-06,Tuesday Integrative Health Webinar,"Tuesday Integrative Health Webinar — May 6, 2025: Male Aromatization & Aromatase Blockade on TRT",True,44,possible,topic/title similarity; insufficient independent evidence,0.26,divergent,aligned,no,yes,Salaheldin Halasa,"halasa,testosterone"
aosrd-webinars-125-ZgjFBmrC2Fc,aosrd_webinars_youtube,"Testosterone – Aeromatase Inhibitors-and Cortisol, Oh My! with Dr. Salaheldin Halasa – Feb 20, 2024 (Video)",testosterone - aeromatase inhibitors-and cortisol oh my with dr salaheldin halasa - feb 20 2024,2024-02-20,ZgjFBmrC2Fc,https://aosrd.org/webinars/,,Zxy20R1uant_QctiZutXLSt-Q-E,2025-03-25,Research/lectures/clearfield-webinar-2025-03-25,Tuesday Integrative Health Webinar,"Tuesday Integrative Health Webinar — March 25, 2025: Laboratory of Functional Medicine",True,159,possible,topic/title similarity; insufficient independent evidence,0.181,divergent,aligned,no,yes,Salaheldin Halasa,"cortisol,halasa,testosterone"
aosrd-webinars-126-G9uQCF-71w4,aosrd_webinars_youtube,"Safe Use of Ketamin at Home-A Powerful and Versatile Tool for Mental Health and Pain with Dr. Dustin Sulak – Feb 6, 2024 (Video)",safe use of ketamin at home-a powerful and versatile tool for mental health and pain with dr dustin sulak - feb 6 2024,2024-02-06,G9uQCF-71w4,https://aosrd.org/webinars/,,lBEx4QEhjOy2jlQIxmXZmxIj5BM,2026-01-14,Research/lectures/clearfield-webinar-2026-01-14,Tuesday Integrative Health Webinar,"Tuesday Integrative Health Webinar — January 14, 2026: Humanin Tip & Cannabis for Dementia (Sulak)",True,105,possible,topic/title similarity; insufficient independent evidence,0.328,divergent,aligned,no,yes,Dustin Sulak,"dustin,sulak"
aosrd-webinars-127-kNW89FhAh-o,aosrd_webinars_youtube,"Using Precision Psychiatry to Improve Mental Health with Dr. Mizyl Damayo – Jan 30, 2024 (Video)",using precision psychiatry to improve mental health with dr mizyl damayo - jan 30 2024,2024-01-30,kNW89FhAh-o,https://aosrd.org/webinars/,,,,,,,,,no_match,no reasonable otter candidate,,no_candidate,unknown,no,yes,Mizyl Damayo,
aosrd-webinars-128-wX8K3E8-OFk,aosrd_webinars_youtube,"William Clearfield, DO – American Osteopathic Society of Integrative Medicine Lectures – Jan, 2024 (Video)",william clearfield do - american osteopathic society of integrative medicine lectures - jan 2024,,wX8K3E8-OFk,https://aosrd.org/webinars/,,,,,,,,,no_match,no reasonable otter candidate,,unknown,unknown,no,yes,,
aosrd-webinars-129-lGnaMPTB8H4,aosrd_webinars_youtube,"William Clearfield, DO – Endocrinology of Psychiatric Illnesses – Jan, 2024 (Video)",william clearfield do - endocrinology of psychiatric illnesses - jan 2024,,lGnaMPTB8H4,https://aosrd.org/webinars/,,,,,,,,,no_match,no reasonable otter candidate,,unknown,unknown,no,yes,,
aosrd-webinars-130-Zg1SS0BMLIE,aosrd_webinars_youtube,"A Brief Recap on Low Dose Naltrexone with Dr. Bill Clearfield and Miklos Major – Jan, 2024 (Video)",a brief recap on low dose naltrexone with dr bill clearfield and miklos major - jan 2024,,Zg1SS0BMLIE,https://aosrd.org/webinars/,,NGmGloKNP2XqOUJP7jB7qBC5eRM,2024-11-13,Research/lectures/clearfield-webinar-2024-11-13,Tuesday Integrative Health Webinar,"Tuesday Integrative Health Webinar — November 13, 2024",True,47,variant_derivative,topic/title similarity; insufficient independent evidence; shorter/segment/brief-style representation,0.208,unknown,partial:Bill Clearfield,yes,yes,Dose Naltrexone; Bill Clearfield,"2024,recap"
aosrd-webinars-130-Zg1SS0BMLIE,aosrd_webinars_youtube,"A Brief Recap on Low Dose Naltrexone with Dr. Bill Clearfield and Miklos Major – Jan, 2024 (Video)",a brief recap on low dose naltrexone with dr bill clearfield and miklos major - jan 2024,,Zg1SS0BMLIE,https://aosrd.org/webinars/,,dliX4LcIPRKy-7vE3xcjJ4TlkiI,2024-09-10,Research/lectures/clearfield-webinar-2024-09-10,Tuesday Integrative Health Webinar,"Tuesday Integrative Health Webinar — September 10, 2024: Classical Homeopathy Cases (Stroke & Crohn’s)",True,0,variant_derivative,topic/title similarity; insufficient independent evidence; shorter/segment/brief-style representation,0.172,unknown,partial:Bill Clearfield,yes,yes,Dose Naltrexone; Bill Clearfield,"2024,recap"
aosrd-webinars-130-Zg1SS0BMLIE,aosrd_webinars_youtube,"A Brief Recap on Low Dose Naltrexone with Dr. Bill Clearfield and Miklos Major – Jan, 2024 (Video)",a brief recap on low dose naltrexone with dr bill clearfield and miklos major - jan 2024,,Zg1SS0BMLIE,https://aosrd.org/webinars/,,FbRyr7EkkewAoPTmXbK9DtUiA_Y,2024-09-24,Research/lectures/clearfield-webinar-2024-09-24,Tuesday Integrative Health Webinar,"Tuesday Integrative Health Webinar — September 24, 2024: Drug-Induced Nutrient Depletion & Nitric Oxide",True,0,variant_derivative,topic/title similarity; insufficient independent evidence; shorter/segment/brief-style representation,0.169,unknown,aligned,yes,yes,Dose Naltrexone; Bill Clearfield,"2024,dose"
aosrd-webinars-130-Zg1SS0BMLIE,aosrd_webinars_youtube,"A Brief Recap on Low Dose Naltrexone with Dr. Bill Clearfield and Miklos Major – Jan, 2024 (Video)",a brief recap on low dose naltrexone with dr bill clearfield and miklos major - jan 2024,,Zg1SS0BMLIE,https://aosrd.org/webinars/,,teTBikykKpBtvemVFqClxhmIVaQ,2024-12-18,Research/lectures/clearfield-webinar-2024-12-18,Tuesday Integrative Health Webinar,"Tuesday Integrative Health Webinar — December 18, 2024: Urinary Hormone Monitors & Women's Care (McKenzie / Mira)",True,138,variant_derivative,topic/title similarity; insufficient independent evidence; shorter/segment/brief-style representation,0.148,unknown,partial:Bill Clearfield,yes,yes,Dose Naltrexone; Bill Clearfield,"2024,recap"
aosrd-webinars-130-Zg1SS0BMLIE,aosrd_webinars_youtube,"A Brief Recap on Low Dose Naltrexone with Dr. Bill Clearfield and Miklos Major – Jan, 2024 (Video)",a brief recap on low dose naltrexone with dr bill clearfield and miklos major - jan 2024,,Zg1SS0BMLIE,https://aosrd.org/webinars/,,P1FgRy3FvTrrNYsXISdsJKJeiEg,2024-11-06,Research/lectures/clearfield-webinar-2024-11-06,Tuesday Integrative Health Webinar,"Tuesday Integrative Health Webinar — November 6, 2024: Microbiome Diversity & Fecal Microbiota Transplant",True,53,variant_derivative,topic/title similarity; insufficient independent evidence; shorter/segment/brief-style representation,0.141,unknown,partial:Bill Clearfield,yes,yes,Dose Naltrexone; Bill Clearfield,"2024,recap"
aosrd-webinars-131-VFyRiKGUpX4,aosrd_webinars_youtube,"What We Physicians Can Learn from n Integrative Veterinarian with Dr. Marlene Siegel – Jan 23, 2024 (Video)",what we physicians can learn from n integrative veterinarian with dr marlene siegel - jan 23 2024,2024-01-23,VFyRiKGUpX4,https://aosrd.org/webinars/,,XFeeYcx6xIW9i1HcL0VfsCVvAjY,2024-09-17,Research/lectures/clearfield-webinar-2024-09-17,Tuesday Integrative Health Webinar,"Tuesday Integrative Health Webinar — September 17, 2024: Evolving Cannabis Space, ECS & Evidence (Jeffrey Block)",True,0,possible,topic/title similarity; insufficient independent evidence,0.154,divergent,aligned,no,yes,Marlene Siegel,"2024,siegel"
aosrd-webinars-132-lMv3tfv7nN8,aosrd_webinars_youtube,"Iodine for Chronic Disease Management and Prevention with Stefan Hartmann PA-C – Jan 9, 2024 (Video)",iodine for chronic disease management and prevention with stefan hartmann pa-c - jan 9 2024,2024-01-09,lMv3tfv7nN8,https://aosrd.org/webinars/,,ykfPBSHSL3meBk4yGojbTxMVIpA,2024-10-22,Research/lectures/clearfield-webinar-2024-10-22,Tuesday Integrative Health Webinar,"Tuesday Integrative Health Webinar — October 22, 2024: DHA, Lutein & Zeaxanthin for Brain Health",True,68,possible,topic/title similarity; insufficient independent evidence,0.228,divergent,aligned,no,yes,Stefan Hartmann PA-C,"2024,stefan"
aosrd-webinars-132-lMv3tfv7nN8,aosrd_webinars_youtube,"Iodine for Chronic Disease Management and Prevention with Stefan Hartmann PA-C – Jan 9, 2024 (Video)",iodine for chronic disease management and prevention with stefan hartmann pa-c - jan 9 2024,2024-01-09,lMv3tfv7nN8,https://aosrd.org/webinars/,,GpGzOhGTH4-q6bror7uHVEIk1Jk,2026-04-14,Research/lectures/clearfield-webinar-2026-04-14,Tuesday Integrative Health Webinar,"Tuesday Integrative Health Webinar — April 14, 2026: Emily Case (EDS / Migraines / Autoimmunity) + Endocrine CE Critique",True,162,possible,topic/title similarity; insufficient independent evidence,0.163,divergent,aligned,no,yes,Stefan Hartmann PA-C,"iodine,stefan"
aosrd-webinars-133-DdsK-SLxdqY,aosrd_webinars_youtube,Introduction to Hormone Optimization-A Manual for Practitioners by Dr. Bill Clearfield with Miklos Major – Jan 2024 (Video),introduction to hormone optimization-a manual for practitioners by dr bill clearfield with miklos major - jan 2024,,DdsK-SLxdqY,https://aosrd.org/webinars/,,teTBikykKpBtvemVFqClxhmIVaQ,2024-12-18,Research/lectures/clearfield-webinar-2024-12-18,Tuesday Integrative Health Webinar,"Tuesday Integrative Health Webinar — December 18, 2024: Urinary Hormone Monitors & Women's Care (McKenzie / Mira)",True,138,possible,topic/title similarity; insufficient independent evidence,0.362,unknown,partial:Bill Clearfield,yes,yes,Bill Clearfield; Miklos Major,"2024,hormone"
aosrd-webinars-133-DdsK-SLxdqY,aosrd_webinars_youtube,Introduction to Hormone Optimization-A Manual for Practitioners by Dr. Bill Clearfield with Miklos Major – Jan 2024 (Video),introduction to hormone optimization-a manual for practitioners by dr bill clearfield with miklos major - jan 2024,,DdsK-SLxdqY,https://aosrd.org/webinars/,,OL_Ukp1RYjVvnjsMHnF2eXCXDC8,2024-10-01,Research/lectures/clearfield-webinar-2024-10-01,Tuesday Integrative Health Webinar,"Tuesday Integrative Health Webinar — October 1, 2024: Physiologic Menopausal HRT with Felice Gersh",True,0,possible,topic/title similarity; insufficient independent evidence,0.305,unknown,partial:Bill Clearfield,yes,yes,Bill Clearfield; Miklos Major,"2024,hormone"
aosrd-webinars-133-DdsK-SLxdqY,aosrd_webinars_youtube,Introduction to Hormone Optimization-A Manual for Practitioners by Dr. Bill Clearfield with Miklos Major – Jan 2024 (Video),introduction to hormone optimization-a manual for practitioners by dr bill clearfield with miklos major - jan 2024,,DdsK-SLxdqY,https://aosrd.org/webinars/,,lad4QB8n10SgLwRq48hmZvwDQ2U,2024-09-03,Research/lectures/clearfield-webinar-2024-09-03,Tuesday Integrative Health Webinar,"Tuesday Integrative Health Webinar — September 3, 2024: Hormone-Balancing Drops, Insulin Resistance & Poly Homeopathy",True,0,possible,topic/title similarity; insufficient independent evidence,0.301,unknown,partial:Bill Clearfield,yes,yes,Bill Clearfield; Miklos Major,"2024,hormone"
aosrd-webinars-133-DdsK-SLxdqY,aosrd_webinars_youtube,Introduction to Hormone Optimization-A Manual for Practitioners by Dr. Bill Clearfield with Miklos Major – Jan 2024 (Video),introduction to hormone optimization-a manual for practitioners by dr bill clearfield with miklos major - jan 2024,,DdsK-SLxdqY,https://aosrd.org/webinars/,,vjcply7K-rJtWMYGKgD39abIq9E,2024-11-27,Research/lectures/clearfield-webinar-2024-11-27,Tuesday Integrative Health Webinar,"Tuesday Integrative Health Webinar — November 27, 2024: Brain Health Crisis, Women’s Hormones & Cognitive Prevention (Dr. Debbie Smurz)",True,117,possible,topic/title similarity; insufficient independent evidence,0.298,unknown,partial:Bill Clearfield,yes,yes,Bill Clearfield; Miklos Major,"2024,hormone"
aosrd-webinars-134-LdAfVo2iTT0,aosrd_webinars_youtube,"Discussing the Chronic Disease Prevention Management Core Curriculum with Salaheldin Halasa – Jan 2, 2024 (Video)",discussing the chronic disease prevention management core curriculum with salaheldin halasa - jan 2 2024,2024-01-02,LdAfVo2iTT0,https://aosrd.org/webinars/,,5HPCyqwQxi9QD1of8g-CPHrnFcc,2025-01-08,Research/lectures/clearfield-webinar-2025-01-08,Tuesday Integrative Health Webinar,"Tuesday Integrative Health Webinar — January 8, 2025: Rapid Weight Loss, Muscle Preservation, NAD & Fortetropin",True,122,possible,topic/title similarity; insufficient independent evidence,0.273,divergent,aligned,no,yes,Salaheldin Halasa,"curriculum,halasa"
aosrd-webinars-134-LdAfVo2iTT0,aosrd_webinars_youtube,"Discussing the Chronic Disease Prevention Management Core Curriculum with Salaheldin Halasa – Jan 2, 2024 (Video)",discussing the chronic disease prevention management core curriculum with salaheldin halasa - jan 2 2024,2024-01-02,LdAfVo2iTT0,https://aosrd.org/webinars/,,GUt4yZgCp4lNVboAnJBHNMsHO7A,2025-05-06,Research/lectures/clearfield-webinar-2025-05-06,Tuesday Integrative Health Webinar,"Tuesday Integrative Health Webinar — May 6, 2025: Male Aromatization & Aromatase Blockade on TRT",True,44,possible,topic/title similarity; insufficient independent evidence,0.258,divergent,aligned,no,yes,Salaheldin Halasa,"halasa,management"
aosrd-webinars-134-LdAfVo2iTT0,aosrd_webinars_youtube,"Discussing the Chronic Disease Prevention Management Core Curriculum with Salaheldin Halasa – Jan 2, 2024 (Video)",discussing the chronic disease prevention management core curriculum with salaheldin halasa - jan 2 2024,2024-01-02,LdAfVo2iTT0,https://aosrd.org/webinars/,,Zxy20R1uant_QctiZutXLSt-Q-E,2025-03-25,Research/lectures/clearfield-webinar-2025-03-25,Tuesday Integrative Health Webinar,"Tuesday Integrative Health Webinar — March 25, 2025: Laboratory of Functional Medicine",True,159,possible,topic/title similarity; insufficient independent evidence,0.235,divergent,aligned,no,yes,Salaheldin Halasa,"chronic,halasa"
aosrd-webinars-135-urUVaRF96r8,aosrd_webinars_youtube,"Clearfield – Non-Hormonal Remedies to Relieve Hormonal Symptoms – December, 2023 (Video)",clearfield - non-hormonal remedies to relieve hormonal symptoms - december 2023,,urUVaRF96r8,https://aosrd.org/webinars/,,,,,,,,,no_match,no reasonable otter candidate,,unknown,unknown,no,yes,,
aosrd-webinars-136-HfjLBsKBxKM,aosrd_webinars_youtube,"Controlling Glycemic Variability with Stefan Hartmann, PA-C – Tuesday December 26, 2023 (Video)",controlling glycemic variability with stefan hartmann pa-c - tuesday december 26 2023,2023-12-26,HfjLBsKBxKM,https://aosrd.org/webinars/,,vZKE66zexBS6KPliMMq0glRxefk,2024-12-04,Research/lectures/clearfield-webinar-2024-12-04,Tuesday Integrative Health Webinar,"Tuesday Integrative Health Webinar — December 4, 2024: 12 Medical Myths (Christmas Edition)",True,79,possible,topic/title similarity; insufficient independent evidence,0.219,divergent,aligned,no,yes,Stefan Hartmann,"december,stefan"
aosrd-webinars-136-HfjLBsKBxKM,aosrd_webinars_youtube,"Controlling Glycemic Variability with Stefan Hartmann, PA-C – Tuesday December 26, 2023 (Video)",controlling glycemic variability with stefan hartmann pa-c - tuesday december 26 2023,2023-12-26,HfjLBsKBxKM,https://aosrd.org/webinars/,,TNvBcRwwSnrkWGe2_L3i3lGvYYk,2024-12-11,Research/lectures/clearfield-webinar-2024-12-11,Tuesday Integrative Health Webinar,"Tuesday Integrative Health Webinar — December 11, 2024: Soy Foods, Isoflavones & Controversies",True,160,possible,topic/title similarity; insufficient independent evidence,0.213,divergent,aligned,no,yes,Stefan Hartmann,"december,stefan"
aosrd-webinars-136-HfjLBsKBxKM,aosrd_webinars_youtube,"Controlling Glycemic Variability with Stefan Hartmann, PA-C – Tuesday December 26, 2023 (Video)",controlling glycemic variability with stefan hartmann pa-c - tuesday december 26 2023,2023-12-26,HfjLBsKBxKM,https://aosrd.org/webinars/,,CQjlfnZLZ-CY25UUEq35pSQ0lug,2025-12-24,Research/lectures/clearfield-webinar-2025-12-24,Tuesday Integrative Health Webinar,"Tuesday Integrative Health Webinar — December 24, 2025: Biotransformation, Detoxification & Creatine Pearls",True,52,possible,topic/title similarity; insufficient independent evidence,0.208,divergent,aligned,no,yes,Stefan Hartmann,"december,stefan"
aosrd-webinars-137-D1Gh9jMYRo0,aosrd_webinars_youtube,Female Hormone Primer-Part 3 Polycystic Ovaries and Female Pattern Hair Loss (Video),female hormone primer-part 3 polycystic ovaries and female pattern hair loss,,D1Gh9jMYRo0,https://aosrd.org/webinars/,,,,,,,,,no_match,no reasonable otter candidate,,unknown,unknown,no,yes,,
aosrd-webinars-138-vgRIJLFLR_c,aosrd_webinars_youtube,The Specter of Estrogen Dominance with Carol Peterson Rh P (Video),the specter of estrogen dominance with carol peterson rh p,,vgRIJLFLR_c,https://aosrd.org/webinars/,,j3HjVUuBV5gnR4KrCUuXOZEnPm0,2025-10-14,Research/lectures/clearfield-webinar-2025-10-14,Tuesday Integrative Health Webinar,"Tuesday Integrative Health Webinar — October 14, 2025: Estrogen Timing, Progesterone After Hysterectomy & Hormone Testing",True,123,possible,topic/title similarity; insufficient independent evidence,0.454,unknown,aligned,no,yes,Carol Peterson Rh,"carol,estrogen"
aosrd-webinars-138-vgRIJLFLR_c,aosrd_webinars_youtube,The Specter of Estrogen Dominance with Carol Peterson Rh P (Video),the specter of estrogen dominance with carol peterson rh p,,vgRIJLFLR_c,https://aosrd.org/webinars/,,FbRyr7EkkewAoPTmXbK9DtUiA_Y,2024-09-24,Research/lectures/clearfield-webinar-2024-09-24,Tuesday Integrative Health Webinar,"Tuesday Integrative Health Webinar — September 24, 2024: Drug-Induced Nutrient Depletion & Nitric Oxide",True,0,possible,topic/title similarity; insufficient independent evidence,0.387,unknown,aligned,no,yes,Carol Peterson Rh,"carol,estrogen,peterson"
aosrd-webinars-139-44Q2wgr0Q2o,aosrd_webinars_youtube,Female Hormone Primer Part 2 Student Session with MM (Video),female hormone primer part 2 student session with mm,,44Q2wgr0Q2o,https://aosrd.org/webinars/,,,,,,,,,no_match,no reasonable otter candidate,,unknown,unknown,yes,yes,,
aosrd-webinars-140-Hng9twQ7Amg,aosrd_webinars_youtube,"BiomeFx GI Testing with Katherine Sumner, Microbiome Labs Nov 28, 2023 (Video)",biomefx gi testing with katherine sumner microbiome labs nov 28 2023,2023-11-28,Hng9twQ7Amg,https://aosrd.org/webinars/,,,,,,,,,no_match,no reasonable otter candidate,,no_candidate,unknown,no,yes,Katherine Sumner,
aosrd-webinars-141-sqvJDTzrtDc,aosrd_webinars_youtube,"Neuroinflammation-The Road to Neuropsychiatric Illness with Dr. Mark Gordon Nov 21, 2023 (Video)",neuroinflammation-the road to neuropsychiatric illness with dr mark gordon nov 21 2023,2023-11-21,sqvJDTzrtDc,https://aosrd.org/webinars/,https://aosrd.org/wp-content/uploads/2023/11/Neuroinflammation-the-road-to-Neuropsychiatric-Illnesses-with-Dr.-Mark-Gordon.pdf,,,,,,,,no_match,no reasonable otter candidate,,no_candidate,unknown,no,yes,Mark Gordon Nov,
aosrd-webinars-142-iLik_iDuz3Q,aosrd_webinars_youtube,Estrogen-Devil or Angel with Dr. Bill Clearfield (Video),estrogen-devil or angel with dr bill clearfield,,iLik_iDuz3Q,https://aosrd.org/webinars/,,,,,,,,,no_match,no reasonable otter candidate,,unknown,unknown,no,yes,Bill Clearfield,
aosrd-webinars-143-x_F597yF0Z4,aosrd_webinars_youtube,Female Hormone Primer-Part 1 Student Session w MM (Video),female hormone primer-part 1 student session w mm,,x_F597yF0Z4,https://aosrd.org/webinars/,,,,,,,,,no_match,no reasonable otter candidate,,unknown,unknown,yes,yes,,
aosrd-webinars-144-8ueZMDPM6_U,aosrd_webinars_youtube,"The Role of Oxalates in – Nov 14, 2023 (Video)",the role of oxalates in - nov 14 2023,2023-11-14,8ueZMDPM6_U,https://aosrd.org/webinars/,,,,,,,,,no_match,no reasonable otter candidate,,no_candidate,unknown,no,yes,,
aosrd-webinars-145-l-_Gf5qt0l0,aosrd_webinars_youtube,How to Perform an Intramuscular Injection (Video),how to perform an intramuscular injection,,l-_Gf5qt0l0,https://aosrd.org/webinars/,,,,,,,,,no_match,no reasonable otter candidate,,unknown,unknown,no,yes,,
aosrd-webinars-146-cptytkOQXD8,aosrd_webinars_youtube,How to Perform a Subcutaneous Injection (Video),how to perform a subcutaneous injection,,cptytkOQXD8,https://aosrd.org/webinars/,,,,,,,,,no_match,no reasonable otter candidate,,unknown,unknown,no,yes,,
aosrd-webinars-147-l-_Gf5qt0l0,aosrd_webinars_youtube,"Peptides, Where Do We Go from Here-with Jay Campbell – Nov 7, 2023 (Video)",peptides where do we go from here-with jay campbell - nov 7 2023,2023-11-07,l-_Gf5qt0l0,https://aosrd.org/webinars/,,t9O9J5vUpWGkKXi-5TqxgKudSvY,2025-04-29,Research/lectures/clearfield-webinar-2025-04-29,Tuesday Integrative Health Webinar,"Tuesday Integrative Health Webinar — Peptide Stacking Master Class (April 29, 2025)",True,149,possible,topic/title similarity; insufficient independent evidence,0.312,divergent,aligned,no,yes,Jay Campbell,"campbell,peptides"
aosrd-webinars-148-FcjGN44DJf4,aosrd_webinars_youtube,Basic Hormone Replacement Replenishment for Men Part 4 Student Session with Dr Bill and MM (Video),basic hormone replacement replenishment for men part 4 student session with dr bill and mm,,FcjGN44DJf4,https://aosrd.org/webinars/,,Td9Prx_y7BG6tFzXN3Yl-Iy-NJ8,2026-03-17,Research/lectures/clearfield-webinar-2026-03-17,Tuesday Integrative Health Webinar,"Tuesday Integrative Health Webinar — March 17, 2026: MHT Black-Box Update, HRT Debate Seed & TayaproMed AI",True,320,possible,topic/title similarity; insufficient independent evidence,0.398,unknown,aligned,no,yes,Bill,"hormone,replacement"
aosrd-webinars-148-FcjGN44DJf4,aosrd_webinars_youtube,Basic Hormone Replacement Replenishment for Men Part 4 Student Session with Dr Bill and MM (Video),basic hormone replacement replenishment for men part 4 student session with dr bill and mm,,FcjGN44DJf4,https://aosrd.org/webinars/,,OL_Ukp1RYjVvnjsMHnF2eXCXDC8,2024-10-01,Research/lectures/clearfield-webinar-2024-10-01,Tuesday Integrative Health Webinar,"Tuesday Integrative Health Webinar — October 1, 2024: Physiologic Menopausal HRT with Felice Gersh",True,0,possible,topic/title similarity; insufficient independent evidence,0.38,unknown,aligned,no,yes,Bill,"hormone,replacement"
aosrd-webinars-148-FcjGN44DJf4,aosrd_webinars_youtube,Basic Hormone Replacement Replenishment for Men Part 4 Student Session with Dr Bill and MM (Video),basic hormone replacement replenishment for men part 4 student session with dr bill and mm,,FcjGN44DJf4,https://aosrd.org/webinars/,,teTBikykKpBtvemVFqClxhmIVaQ,2024-12-18,Research/lectures/clearfield-webinar-2024-12-18,Tuesday Integrative Health Webinar,"Tuesday Integrative Health Webinar — December 18, 2024: Urinary Hormone Monitors & Women's Care (McKenzie / Mira)",True,138,possible,topic/title similarity; insufficient independent evidence,0.366,unknown,aligned,no,yes,Bill,"hormone,replacement"
aosrd-webinars-148-FcjGN44DJf4,aosrd_webinars_youtube,Basic Hormone Replacement Replenishment for Men Part 4 Student Session with Dr Bill and MM (Video),basic hormone replacement replenishment for men part 4 student session with dr bill and mm,,FcjGN44DJf4,https://aosrd.org/webinars/,,HY-sCmihzh3EJ69WWVwlTT0Ri6s,2025-11-26,Research/lectures/clearfield-webinar-2025-11-26,Tuesday Integrative Health Webinar,"Tuesday Integrative Health Webinar — November 26, 2025: Vitamin D CYP Induction, Omega-3 Longevity & HRT Lifestyle Protocol",True,56,possible,topic/title similarity; insufficient independent evidence,0.345,unknown,aligned,no,yes,Bill,"hormone,replacement"
aosrd-webinars-148-FcjGN44DJf4,aosrd_webinars_youtube,Basic Hormone Replacement Replenishment for Men Part 4 Student Session with Dr Bill and MM (Video),basic hormone replacement replenishment for men part 4 student session with dr bill and mm,,FcjGN44DJf4,https://aosrd.org/webinars/,,OlXuXl73V1RAQ4bVYXoakDZMRnU,2026-04-07,Research/lectures/clearfield-webinar-2026-04-07,Tuesday Integrative Health Webinar,"Tuesday Integrative Health Webinar — April 7, 2026: Estrogen Sisters, PT-141 & Xenoestrogen HRT Debate",True,59,possible,topic/title similarity; insufficient independent evidence,0.341,unknown,aligned,no,yes,Bill,"hormone,replacement"
aosrd-webinars-149-kuT4ASTALbo,aosrd_webinars_youtube,"Basic Hormone Replacement for Men Part 3 Finasteride, Lab Studies and Testosterone Replacement Dosin (Video)",basic hormone replacement for men part 3 finasteride lab studies and testosterone replacement dosin,,kuT4ASTALbo,https://aosrd.org/webinars/,,,,,,,,,no_match,no reasonable otter candidate,,unknown,unknown,no,yes,,
aosrd-webinars-150-5R21mCnXIPo,aosrd_webinars_youtube,Basic Hormone Replacement for Men Part 2 + Dr C’s Tips for Weight Loss (Video),basic hormone replacement for men part 2 + dr c s tips for weight loss,,5R21mCnXIPo,https://aosrd.org/webinars/,,,,,,,,,no_match,no reasonable otter candidate,,unknown,unknown,yes,yes,,
aosrd-webinars-151-r62cJY5LmU8,aosrd_webinars_youtube,Basic Hormone Replacement for Men Part 1 Student Session w MM (Video),basic hormone replacement for men part 1 student session w mm,,r62cJY5LmU8,https://aosrd.org/webinars/,,,,,,,,,no_match,no reasonable otter candidate,,unknown,unknown,yes,yes,,
aosrd-webinars-152-rAUra-Qha5M,aosrd_webinars_youtube,"Dementia’s Dirty Dozen with Dr David Ajibade – Oct 31, 2023 (Video)",dementia s dirty dozen with dr david ajibade - oct 31 2023,2023-10-31,rAUra-Qha5M,https://aosrd.org/webinars/,https://aosrd.org/dementias-dirty-dozen-with-dr-david-ajibade/,,,,,,,,no_match,no reasonable otter candidate,,no_candidate,unknown,no,yes,David Ajibade,
aosrd-webinars-153-xF0qI-tdmWo,aosrd_webinars_youtube,"Another View of the Endocannabinoid System with Dr. Robert Quinn – Oct 24, 2023 (Video)",another view of the endocannabinoid system with dr robert quinn - oct 24 2023,2023-10-24,xF0qI-tdmWo,https://aosrd.org/webinars/,https://aosrd.org/another-view-of-the-endocannabinoid-system-with-dr-robert-quinn/,tAtmhIMa7fmRXEWqsjZP4Gl7vkM,2025-02-26,Research/lectures/clearfield-webinar-2025-02-26,Tuesday Integrative Health Webinar,"Tuesday Integrative Health Webinar — February 26, 2025: Cannabis Therapeutics, ECS & Product Literacy (Robert Quinn)",True,78,possible,topic/title similarity; insufficient independent evidence,0.392,divergent,aligned,no,yes,Robert Quinn,"endocannabinoid,quinn,robert"
aosrd-webinars-154-S62qYOwRkRs,aosrd_webinars_youtube,"From Marijuana to Mushroom-Are Plants and Fungi ‘Natural’ with Dr. Jeffrey Bock – Oct 17, 2023 (Video)",from marijuana to mushroom-are plants and fungi natural with dr jeffrey bock - oct 17 2023,2023-10-17,S62qYOwRkRs,https://aosrd.org/webinars/,https://aosrd.org/from-marijuana-to-mushroom-are-plants-and-fungi-natural-with-dr-jeffrey-bock/,,,,,,,,no_match,no reasonable otter candidate,,no_candidate,unknown,no,yes,Jeffrey Bock,
aosrd-webinars-155-acTTjJWf9rk,aosrd_webinars_youtube,"Intermittent Fasting, Stimulating Brown Fat, and Weight Management with Dr Franco Calaveri – Oct 10, 2023 (Video)",intermittent fasting stimulating brown fat and weight management with dr franco calaveri - oct 10 2023,2023-10-10,acTTjJWf9rk,https://aosrd.org/webinars/,https://aosrd.org/intermittent-fasting-stimulating-brown-fat-and-weight-management-with-dr-francisco-calaveri/,,,,,,,,no_match,no reasonable otter candidate,,no_candidate,unknown,no,yes,Franco Calaveri,
aosrd-webinars-156-rNvF48yMEag,aosrd_webinars_youtube,"How to Choose the Best Stem Cell Sources for Your Practice with Dr. Joy Kong – Oct 3, 2023 (Video)",how to choose the best stem cell sources for your practice with dr joy kong - oct 3 2023,2023-10-03,rNvF48yMEag,https://aosrd.org/webinars/,https://aosrd.org/how-to-choose-the-best-stem-cell-sources-for-your-practice-with-dr-joy-kong/,,,,,,,,no_match,no reasonable otter candidate,,no_candidate,unknown,no,yes,Joy Kong,
aosrd-webinars-157-LEyWVCGO5D4,aosrd_webinars_youtube,"Endocrinology of TBI-Part 2 with Dr. Willliam Clearfield – Sept 26, 2023 (Video)",endocrinology of tbi-part 2 with dr willliam clearfield - sept 26 2023,2023-09-26,LEyWVCGO5D4,https://aosrd.org/webinars/,,,,,,,,,no_match,no reasonable otter candidate,,no_candidate,unknown,yes,yes,Willliam Clearfield,
aosrd-webinars-158-BcMb7ZimIEo,aosrd_webinars_youtube,"Ivermectin Feeds Bifidobacterium to Boost Immumity with Dr. Salaheldin Halasa – Sept 19, 2023 (Video)",ivermectin feeds bifidobacterium to boost immumity with dr salaheldin halasa - sept 19 2023,2023-09-19,BcMb7ZimIEo,https://aosrd.org/webinars/,https://aosrd.org/ivermectin-feeds-bifidobactedium-to-boost-immunity/,b2H7gyjRNmbN0l62XtCzeLPovDE,2025-06-24,Research/lectures/clearfield-webinar-2025-06-24,Tuesday Integrative Health Webinar,"Tuesday Integrative Health Webinar — June 24, 2025: Ivermectin & Mebendazole for Cancer Stem Cells & Fibrosis",True,80,possible,topic/title similarity; insufficient independent evidence,0.258,divergent,aligned,no,yes,Salaheldin Halasa,"halasa,ivermectin,salaheldin"
aosrd-webinars-158-BcMb7ZimIEo,aosrd_webinars_youtube,"Ivermectin Feeds Bifidobacterium to Boost Immumity with Dr. Salaheldin Halasa – Sept 19, 2023 (Video)",ivermectin feeds bifidobacterium to boost immumity with dr salaheldin halasa - sept 19 2023,2023-09-19,BcMb7ZimIEo,https://aosrd.org/webinars/,https://aosrd.org/ivermectin-feeds-bifidobactedium-to-boost-immunity/,xg4V_A-L8_Ob1jKGBewDTtKzOWg,2024-08-13,Research/lectures/clearfield-webinar-2024-08-13,Tuesday Integrative Health Webinar,Tuesday Integrative Health Webinar — CDPM Four Pillars / Redox & Immune Modulation,True,0,possible,topic/title similarity; insufficient independent evidence,0.246,divergent,aligned,no,yes,Salaheldin Halasa,"halasa,ivermectin"
aosrd-webinars-159-5DmzZRupogw,aosrd_webinars_youtube,"Unlocking the Power of the Mind-Body Connection with Dr. Emmett Miller – Sept 12, 2023 (Video)",unlocking the power of the mind-body connection with dr emmett miller - sept 12 2023,2023-09-12,5DmzZRupogw,https://aosrd.org/webinars/,https://aosrd.org/unlocking-the-power-of-the-mind-body-connection-with-dr-emmett-miller/,,,,,,,,no_match,no reasonable otter candidate,,no_candidate,unknown,no,yes,Emmett Miller,
aosrd-webinars-160-gtoydOZzvx4,aosrd_webinars_youtube,"Introduction to Intravenous Therapy with Dr. Melvin Nario – Sept 5, 2023 (Video)",introduction to intravenous therapy with dr melvin nario - sept 5 2023,2023-09-05,gtoydOZzvx4,https://aosrd.org/webinars/,,OL_Ukp1RYjVvnjsMHnF2eXCXDC8,2024-10-01,Research/lectures/clearfield-webinar-2024-10-01,Tuesday Integrative Health Webinar,"Tuesday Integrative Health Webinar — October 1, 2024: Physiologic Menopausal HRT with Felice Gersh",True,0,possible,topic/title similarity; insufficient independent evidence,0.39,divergent,aligned,yes,yes,Melvin Nario,"melvin,nario,therapy"
aosrd-webinars-160-gtoydOZzvx4,aosrd_webinars_youtube,"Introduction to Intravenous Therapy with Dr. Melvin Nario – Sept 5, 2023 (Video)",introduction to intravenous therapy with dr melvin nario - sept 5 2023,2023-09-05,gtoydOZzvx4,https://aosrd.org/webinars/,,VwrSvok1RCW2X3iJ_Kwbd8JK6k8,2025-11-12,Research/lectures/clearfield-webinar-2025-11-12,Tuesday Integrative Health Webinar,"Tuesday Integrative Health Webinar — November 12, 2025: Neural Therapy (Voltage, Scars & Segmental Regulation)",True,180,possible,topic/title similarity; insufficient independent evidence,0.343,divergent,aligned,yes,yes,Melvin Nario,"melvin,nario,therapy"
aosrd-webinars-160-gtoydOZzvx4,aosrd_webinars_youtube,"Introduction to Intravenous Therapy with Dr. Melvin Nario – Sept 5, 2023 (Video)",introduction to intravenous therapy with dr melvin nario - sept 5 2023,2023-09-05,gtoydOZzvx4,https://aosrd.org/webinars/,,LvCEhutJR34KphFeXcFdbBQ3PZE,2025-08-26,Research/lectures/clearfield-webinar-2025-08-26,Tuesday Integrative Health Webinar,"Tuesday Integrative Health Webinar — August 26, 2025: Ozone Therapy Foundations (Frank Shallenberger)",True,15,possible,topic/title similarity; insufficient independent evidence,0.318,divergent,aligned,yes,yes,Melvin Nario,"nario,therapy"
aosrd-webinars-160-gtoydOZzvx4,aosrd_webinars_youtube,"Introduction to Intravenous Therapy with Dr. Melvin Nario – Sept 5, 2023 (Video)",introduction to intravenous therapy with dr melvin nario - sept 5 2023,2023-09-05,gtoydOZzvx4,https://aosrd.org/webinars/,,HY-sCmihzh3EJ69WWVwlTT0Ri6s,2025-11-26,Research/lectures/clearfield-webinar-2025-11-26,Tuesday Integrative Health Webinar,"Tuesday Integrative Health Webinar — November 26, 2025: Vitamin D CYP Induction, Omega-3 Longevity & HRT Lifestyle Protocol",True,56,possible,topic/title similarity; insufficient independent evidence,0.317,divergent,aligned,yes,yes,Melvin Nario,"melvin,nario,therapy"
aosrd-webinars-160-gtoydOZzvx4,aosrd_webinars_youtube,"Introduction to Intravenous Therapy with Dr. Melvin Nario – Sept 5, 2023 (Video)",introduction to intravenous therapy with dr melvin nario - sept 5 2023,2023-09-05,gtoydOZzvx4,https://aosrd.org/webinars/,,jZM7WB_BG5YwNdBn2EQBHQM-aNc,2025-04-01,Research/lectures/clearfield-webinar-2025-04-01,Tuesday Integrative Health Webinar,"Tuesday Integrative Health Webinar — April 1, 2025: Neurofeedback & Neuro Optimal for Integrative Practice",True,79,possible,topic/title similarity; insufficient independent evidence,0.317,divergent,aligned,yes,yes,Melvin Nario,"melvin,nario"
aosrd-webinars-161-AIJueOlg1II,aosrd_webinars_youtube,"Fundamentals of Functional Medical Testing-Cell Science Systems with Amy Pieczarka RD – Aug 29, 2023 (Video)",fundamentals of functional medical testing-cell science systems with amy pieczarka rd - aug 29 2023,2023-08-29,AIJueOlg1II,https://aosrd.org/webinars/,,,,,,,,,no_match,no reasonable otter candidate,,no_candidate,unknown,no,yes,Amy Pieczarka RD,
aosrd-webinars-162-gS3mWVj_if4,aosrd_webinars_youtube,"Prostate Community Trial Part 2 w Dr. KAthleen T. Ruddy and Stefan Hartmann PA-C – Aug 22, 2023 (Video)",prostate community trial part 2 w dr kathleen t ruddy and stefan hartmann pa-c - aug 22 2023,2023-08-22,gS3mWVj_if4,https://aosrd.org/webinars/,,,,,,,,,no_match,no reasonable otter candidate,,no_candidate,unknown,yes,yes,KAthleen T. Ruddy; KAthleen,
aosrd-webinars-163--JGUhnhLGrQ,aosrd_webinars_youtube,"Nutritional Excellence-The Kohana Approach to Optimal Health with Dr Rober Quinn – Aug 15, 2023 (Video)",nutritional excellence-the kohana approach to optimal health with dr rober quinn - aug 15 2023,2023-08-15,-JGUhnhLGrQ,https://aosrd.org/webinars/,https://aosrd.org/nutritional-excellence-the-kohana-approach-to-optimal-health-with-dr-rober-quinn/,CQdkPoyCm_xx7nnZ2b80AClK8TM,2025-10-07,Research/lectures/clearfield-webinar-2025-10-07,Tuesday Integrative Health Webinar,"Tuesday Integrative Health Webinar — October 7, 2025: Business of Health & Preeminence (Dr. Tanno)",True,53,possible,topic/title similarity; insufficient independent evidence,0.276,divergent,aligned,no,yes,Rober Quinn,"health,quinn"
aosrd-webinars-164-33dvEh94Xcc,aosrd_webinars_youtube,"Fascia Decompression for You, Your Patients and Your Fur Family – Aug 8, 2023 (Video)",fascia decompression for you your patients and your fur family - aug 8 2023,2023-08-08,33dvEh94Xcc,https://aosrd.org/webinars/,,,,,,,,,no_match,no reasonable otter candidate,,no_candidate,unknown,no,yes,,
aosrd-webinars-165-bZZJFrrvTcg,aosrd_webinars_youtube,"Estrogen Metabolism and Detoxification with Dr. MElvin Nario – Aug 1, 2023 (Video)",estrogen metabolism and detoxification with dr melvin nario - aug 1 2023,2023-08-01,bZZJFrrvTcg,https://aosrd.org/webinars/,,iFe-Jl__wpKT9UKu7NZMWLiMJ5w,2026-03-31,Research/lectures/clearfield-webinar-2026-03-31,Tuesday Integrative Health Webinar,"Tuesday Integrative Health Webinar — March 31, 2026: Vitamin K Metabolism & Multifunctional Cardiogram (MCG)",True,51,possible,topic/title similarity; insufficient independent evidence,0.411,divergent,aligned,no,yes,MElvin Nario,"estrogen,melvin,metabolism,nario"
aosrd-webinars-165-bZZJFrrvTcg,aosrd_webinars_youtube,"Estrogen Metabolism and Detoxification with Dr. MElvin Nario – Aug 1, 2023 (Video)",estrogen metabolism and detoxification with dr melvin nario - aug 1 2023,2023-08-01,bZZJFrrvTcg,https://aosrd.org/webinars/,,CQjlfnZLZ-CY25UUEq35pSQ0lug,2025-12-24,Research/lectures/clearfield-webinar-2025-12-24,Tuesday Integrative Health Webinar,"Tuesday Integrative Health Webinar — December 24, 2025: Biotransformation, Detoxification & Creatine Pearls",True,52,possible,topic/title similarity; insufficient independent evidence,0.383,divergent,aligned,no,yes,MElvin Nario,"detoxification,melvin,nario"
aosrd-webinars-165-bZZJFrrvTcg,aosrd_webinars_youtube,"Estrogen Metabolism and Detoxification with Dr. MElvin Nario – Aug 1, 2023 (Video)",estrogen metabolism and detoxification with dr melvin nario - aug 1 2023,2023-08-01,bZZJFrrvTcg,https://aosrd.org/webinars/,,v3Md09l1C_mz3hrDPWngln5SYQw,2025-09-09,Research/lectures/clearfield-webinar-2025-09-09,Tuesday Integrative Health Webinar,"Tuesday Integrative Health Webinar — Mold, Mycotoxins & Vitamin C Safety",True,115,possible,topic/title similarity; insufficient independent evidence,0.352,divergent,aligned,no,yes,MElvin Nario,"melvin,nario"
aosrd-webinars-166-RM39JRpthTg,aosrd_webinars_youtube,"Pharmacology of Key Emerging Therapies in Chronic DIseases with Dr Mike Boehmer – July 25, 2023 (Video)",pharmacology of key emerging therapies in chronic diseases with dr mike boehmer - july 25 2023,2023-07-25,RM39JRpthTg,https://aosrd.org/webinars/,https://aosrd.org/wp-content/uploads/2023/07/Pharmacology-of-Emerging-Therapies-in-Chronic-Disease-Management-2023.pdf,,,,,,,,no_match,no reasonable otter candidate,,no_candidate,unknown,no,yes,Mike Boehmer,
aosrd-webinars-167-hsbW2KUdJkI,aosrd_webinars_youtube,Early Viral Treatment Post Pandemic Clinical Applications Roundtable (Video),early viral treatment post pandemic clinical applications roundtable,,hsbW2KUdJkI,https://aosrd.org/webinars/,,,,,,,,,no_match,no reasonable otter candidate,,unknown,unknown,no,yes,,
aosrd-webinars-168-TmuGhf_1r3s,aosrd_webinars_youtube,"Chronic Fatigue, Homeostasis and Mitochondrial Dysfunction with Dr. K. Patel (Video)",chronic fatigue homeostasis and mitochondrial dysfunction with dr k patel,,TmuGhf_1r3s,https://aosrd.org/webinars/,,JAhRYbDDwDsC4em3dazDKyDw4gM,2025-02-05,Research/lectures/clearfield-webinar-2025-02-05,Tuesday Integrative Health Webinar,"Tuesday Integrative Health Webinar — February 5, 2025: Uveal Melanoma Molecular Vulnerabilities",True,75,possible,topic/title similarity; insufficient independent evidence,0.198,unknown,aligned,no,yes,K. Patel,"mitochondrial,patel"
aosrd-webinars-169-xIY-4j04zh0,aosrd_webinars_youtube,"Live Healthier, Better and Longer with Hydrogen by Bob Settineri – July 11, 2023 (Video)",live healthier better and longer with hydrogen by bob settineri - july 11 2023,2023-07-11,xIY-4j04zh0,https://aosrd.org/webinars/,https://aosrd.org/live-healthier-better-and-longer-with-hydrogen-by-bob-settineri/,,,,,,,,no_match,no reasonable otter candidate,,no_candidate,unknown,no,yes,Hydrogen; Bob Settineri,
aosrd-webinars-170-hj4CXKqCtkg,aosrd_webinars_youtube,"The Incretin Hormones and the New Face of Weight Loss with Dr. William Clearfield – June 28, 2023 (Video)",the incretin hormones and the new face of weight loss with dr william clearfield - june 28 2023,2023-06-28,hj4CXKqCtkg,https://aosrd.org/webinars/,https://aosrd.org/the-incretin-hormones-and-the-new-face-of-weight-loss-with-dr-william-clearfield/,5HPCyqwQxi9QD1of8g-CPHrnFcc,2025-01-08,Research/lectures/clearfield-webinar-2025-01-08,Tuesday Integrative Health Webinar,"Tuesday Integrative Health Webinar — January 8, 2025: Rapid Weight Loss, Muscle Preservation, NAD & Fortetropin",True,122,possible,topic/title similarity; insufficient independent evidence,0.323,divergent,partial:William Clearfield,no,yes,Face; William Clearfield,"loss,weight"
aosrd-webinars-171-wSFbd7D8Lpw,aosrd_webinars_youtube,"Integrative Imunity-Part 2 Dr. Benoit Tano – June 27, 2023 (Video)",integrative imunity-part 2 dr benoit tano - june 27 2023,2023-06-27,wSFbd7D8Lpw,https://aosrd.org/webinars/,https://aosrd.org/integrative-imunity-part-2-dr-benoit-tano/,81vgkJ55QnsvesXbnyxCMQPr6Rc,2026-06-09,Research/lectures/clearfield-webinar-2026-06-09,Tuesday Integrative Health Webinar,"Tuesday Integrative Health Webinar — June 9, 2026: Taya Pro Med AI (Benoit Tano)",True,465,variant_derivative,topic/title similarity; insufficient independent evidence; shorter/segment/brief-style representation,0.392,divergent,aligned,yes,yes,Benoit Tano,"benoit,tano"
aosrd-webinars-171-wSFbd7D8Lpw,aosrd_webinars_youtube,"Integrative Imunity-Part 2 Dr. Benoit Tano – June 27, 2023 (Video)",integrative imunity-part 2 dr benoit tano - june 27 2023,2023-06-27,wSFbd7D8Lpw,https://aosrd.org/webinars/,https://aosrd.org/integrative-imunity-part-2-dr-benoit-tano/,wcHy9pPXoWy5S62-GJbpasQtw2o,2025-02-12,Research/lectures/clearfield-webinar-2025-02-12,Tuesday Integrative Health Webinar,"Tuesday Integrative Health Webinar — February 12, 2025: Red Light Method & Photobiomodulation",True,17,variant_derivative,topic/title similarity; insufficient independent evidence; shorter/segment/brief-style representation,0.196,divergent,aligned,yes,yes,Benoit Tano,"benoit,tano"
aosrd-webinars-171-wSFbd7D8Lpw,aosrd_webinars_youtube,"Integrative Imunity-Part 2 Dr. Benoit Tano – June 27, 2023 (Video)",integrative imunity-part 2 dr benoit tano - june 27 2023,2023-06-27,wSFbd7D8Lpw,https://aosrd.org/webinars/,https://aosrd.org/integrative-imunity-part-2-dr-benoit-tano/,vn-MouyIRCM7VjShKYhDQr6Mc3U,2025-05-27,Research/lectures/clearfield-webinar-2025-05-27,Tuesday Integrative Health Webinar,"Tuesday Integrative Health Webinar — May 27, 2025: Muscle as Organ of Longevity",True,70,variant_derivative,topic/title similarity; insufficient independent evidence; shorter/segment/brief-style representation,0.184,divergent,aligned,yes,yes,Benoit Tano,"integrative,tano"
aosrd-webinars-171-wSFbd7D8Lpw,aosrd_webinars_youtube,"Integrative Imunity-Part 2 Dr. Benoit Tano – June 27, 2023 (Video)",integrative imunity-part 2 dr benoit tano - june 27 2023,2023-06-27,wSFbd7D8Lpw,https://aosrd.org/webinars/,https://aosrd.org/integrative-imunity-part-2-dr-benoit-tano/,JAhRYbDDwDsC4em3dazDKyDw4gM,2025-02-05,Research/lectures/clearfield-webinar-2025-02-05,Tuesday Integrative Health Webinar,"Tuesday Integrative Health Webinar — February 5, 2025: Uveal Melanoma Molecular Vulnerabilities",True,75,variant_derivative,topic/title similarity; insufficient independent evidence; shorter/segment/brief-style representation,0.175,divergent,aligned,yes,yes,Benoit Tano,"2023,integrative,tano"
aosrd-webinars-171-wSFbd7D8Lpw,aosrd_webinars_youtube,"Integrative Imunity-Part 2 Dr. Benoit Tano – June 27, 2023 (Video)",integrative imunity-part 2 dr benoit tano - june 27 2023,2023-06-27,wSFbd7D8Lpw,https://aosrd.org/webinars/,https://aosrd.org/integrative-imunity-part-2-dr-benoit-tano/,TNvBcRwwSnrkWGe2_L3i3lGvYYk,2024-12-11,Research/lectures/clearfield-webinar-2024-12-11,Tuesday Integrative Health Webinar,"Tuesday Integrative Health Webinar — December 11, 2024: Soy Foods, Isoflavones & Controversies",True,160,variant_derivative,topic/title similarity; insufficient independent evidence; shorter/segment/brief-style representation,0.161,divergent,aligned,yes,yes,Benoit Tano,"benoit,tano"
aosrd-webinars-172-aPPCKg2l-eQ,aosrd_webinars_youtube,"Introduction to Peptides with Dr. Jay Campbell – June 20, 2023 (Video)",introduction to peptides with dr jay campbell - june 20 2023,2023-06-20,aPPCKg2l-eQ,https://aosrd.org/webinars/,https://aosrd.org/everything-you-ever-wanted-to-peptides-with-dr-jay-campbell/,t9O9J5vUpWGkKXi-5TqxgKudSvY,2025-04-29,Research/lectures/clearfield-webinar-2025-04-29,Tuesday Integrative Health Webinar,"Tuesday Integrative Health Webinar — Peptide Stacking Master Class (April 29, 2025)",True,149,possible,topic/title similarity; insufficient independent evidence,0.343,divergent,aligned,yes,yes,Jay Campbell,"campbell,peptides"
aosrd-webinars-173-yAA5qJFYPgg,aosrd_webinars_youtube,"The Importance of Polysaccharides for Brain Health and Immune Function with Dr. John E. Lewis – June 13, 2023 (Video)",the importance of polysaccharides for brain health and immune function with dr john e lewis - june 13 2023,2023-06-13,yAA5qJFYPgg,https://aosrd.org/webinars/,https://aosrd.org/the-importance-of-polysacchari-unction-with-dr-john-e-lewis/,y59a2fEx8UgOiThJHr1w-HcQc1U,2024-08-20,Research/lectures/clearfield-webinar-2024-08-20,Tuesday Integrative Health Webinar,"Tuesday Integrative Health Webinar — August 20, 2024: Cancer Treatment–Induced Osteoporosis & Fracture-First Bone Care (Dr. John Newstead)",True,0,possible,topic/title similarity; insufficient independent evidence,0.343,divergent,aligned,no,yes,John E. Lewis; John,"health,immune,john"
aosrd-webinars-174-LcK7emnFeVk,aosrd_webinars_youtube,"Clinical applications of Amlexonax – June 6, 2023 (Video)",clinical applications of amlexonax - june 6 2023,2023-06-06,LcK7emnFeVk,https://aosrd.org/webinars/,https://aosrd.org/clinical-applications-of-amlexonax/,,,,,,,,no_match,no reasonable otter candidate,,no_candidate,unknown,no,yes,,
aosrd-webinars-175-wTPrdOyALx0,aosrd_webinars_youtube,"Ehlers Danlos Syndrome Treated with Frequency Specific Microcurrant by Dr. Carol McMakin – May 30, 2023 (Video)",ehlers danlos syndrome treated with frequency specific microcurrant by dr carol mcmakin - may 30 2023,2023-05-30,wTPrdOyALx0,https://aosrd.org/webinars/,https://aosrd.org/ehlers-danlos-syndrome-treated-with-frequency-specific-microcurrant-by-dr-carol-mcmakin/,vZKE66zexBS6KPliMMq0glRxefk,2024-12-04,Research/lectures/clearfield-webinar-2024-12-04,Tuesday Integrative Health Webinar,"Tuesday Integrative Health Webinar — December 4, 2024: 12 Medical Myths (Christmas Edition)",True,79,possible,topic/title similarity; insufficient independent evidence,0.105,divergent,partial:Carol McMakin,no,yes,Frequency Specific Microcurrant; Carol McMakin,"carol,syndrome"
aosrd-webinars-176-5TjogxSEJXY,aosrd_webinars_youtube,"Membrane Lipid Replacement to Improve Mitochondrial Dysfunction with John Casey – May 23, 2023 (Video)",membrane lipid replacement to improve mitochondrial dysfunction with john casey - may 23 2023,2023-05-23,5TjogxSEJXY,https://aosrd.org/webinars/,,VwrSvok1RCW2X3iJ_Kwbd8JK6k8,2025-11-12,Research/lectures/clearfield-webinar-2025-11-12,Tuesday Integrative Health Webinar,"Tuesday Integrative Health Webinar — November 12, 2025: Neural Therapy (Voltage, Scars & Segmental Regulation)",True,180,possible,topic/title similarity; insufficient independent evidence,0.258,divergent,aligned,no,yes,John Casey,"john,membrane"
aosrd-webinars-176-5TjogxSEJXY,aosrd_webinars_youtube,"Membrane Lipid Replacement to Improve Mitochondrial Dysfunction with John Casey – May 23, 2023 (Video)",membrane lipid replacement to improve mitochondrial dysfunction with john casey - may 23 2023,2023-05-23,5TjogxSEJXY,https://aosrd.org/webinars/,,wcHy9pPXoWy5S62-GJbpasQtw2o,2025-02-12,Research/lectures/clearfield-webinar-2025-02-12,Tuesday Integrative Health Webinar,"Tuesday Integrative Health Webinar — February 12, 2025: Red Light Method & Photobiomodulation",True,17,possible,topic/title similarity; insufficient independent evidence,0.228,divergent,aligned,no,yes,John Casey,"john,replacement"
aosrd-webinars-177-cVzkS-n0zS4,aosrd_webinars_youtube,"Quantum Cellular Medicine with David Konn – May 16, 2023 (Video)",quantum cellular medicine with david konn - may 16 2023,2023-05-16,cVzkS-n0zS4,https://aosrd.org/webinars/,,,,,,,,,no_match,no reasonable otter candidate,,no_candidate,unknown,no,yes,David Konn,
aosrd-webinars-178-D7o1Fdgy42o,aosrd_webinars_youtube,"Cannabis 101 with Dr. Kent Crowley – May 9, 2023 (Video)",cannabis 101 with dr kent crowley - may 9 2023,2023-05-09,D7o1Fdgy42o,https://aosrd.org/webinars/,https://aosrd.org/cannabis-101-with-dr-kent-crowley/,KPtFIYDuvg1p0CbfNkYIuOVkwIE,2025-10-21,Research/lectures/clearfield-webinar-2025-10-21,Tuesday Integrative Health Webinar,"Tuesday Integrative Health Webinar — October 21, 2025",True,86,possible,topic/title similarity; insufficient independent evidence,0.254,divergent,aligned,no,yes,Kent Crowley,"crowley,kent"
aosrd-webinars-179-9suZ_6zVHEM,aosrd_webinars_youtube,"Methylene Blue with Dr. Bill Clearfield – May 8, 2023 (Video)",methylene blue with dr bill clearfield - may 8 2023,2023-05-08,9suZ_6zVHEM,https://aosrd.org/webinars/,https://aosrd.org/methylene-blue-with-dr-bill-clearfield/,wcHy9pPXoWy5S62-GJbpasQtw2o,2025-02-12,Research/lectures/clearfield-webinar-2025-02-12,Tuesday Integrative Health Webinar,"Tuesday Integrative Health Webinar — February 12, 2025: Red Light Method & Photobiomodulation",True,17,possible,topic/title similarity; insufficient independent evidence,0.224,divergent,aligned,no,yes,Bill Clearfield,"blue,methylene"
aosrd-webinars-179-9suZ_6zVHEM,aosrd_webinars_youtube,"Methylene Blue with Dr. Bill Clearfield – May 8, 2023 (Video)",methylene blue with dr bill clearfield - may 8 2023,2023-05-08,9suZ_6zVHEM,https://aosrd.org/webinars/,https://aosrd.org/methylene-blue-with-dr-bill-clearfield/,JAhRYbDDwDsC4em3dazDKyDw4gM,2025-02-05,Research/lectures/clearfield-webinar-2025-02-05,Tuesday Integrative Health Webinar,"Tuesday Integrative Health Webinar — February 5, 2025: Uveal Melanoma Molecular Vulnerabilities",True,75,possible,topic/title similarity; insufficient independent evidence,0.202,divergent,aligned,no,yes,Bill Clearfield,"2023,blue,methylene"
aosrd-webinars-180-XS22Ub34U-o,aosrd_webinars_youtube,"Autism with Dr. Jenny Blanchard Stone – April 25, 2023 (Video)",autism with dr jenny blanchard stone - april 25 2023,2023-04-25,XS22Ub34U-o,https://aosrd.org/webinars/,https://aosrd.org/autism-with-dr-jenny-blanchard-stone/,,,,,,,,no_match,no reasonable otter candidate,,no_candidate,unknown,no,yes,Jenny Blanchard Stone,
aosrd-webinars-181-0u1-ve92hd0,aosrd_webinars_youtube,"RESToration-Fueling Optimal Sleep with Nitric Oxide with Dr. Chris Melitus – April 18, 2023 (Video)",restoration-fueling optimal sleep with nitric oxide with dr chris melitus - april 18 2023,2023-04-18,0u1-ve92hd0,https://aosrd.org/webinars/,,EqC6yd4bQDKMl2mpzPURPZu-_Pc,2024-10-08,Research/lectures/clearfield-webinar-2024-10-08,Tuesday Integrative Health Webinar,"Tuesday Integrative Health Webinar — Nitric Oxide, EMF & Compounding Adjuncts",True,0,possible,topic/title similarity; insufficient independent evidence,0.303,divergent,partial:Nitric Oxide,no,yes,Nitric Oxide; Chris Melitus,"nitric,oxide,sleep"
aosrd-webinars-181-0u1-ve92hd0,aosrd_webinars_youtube,"RESToration-Fueling Optimal Sleep with Nitric Oxide with Dr. Chris Melitus – April 18, 2023 (Video)",restoration-fueling optimal sleep with nitric oxide with dr chris melitus - april 18 2023,2023-04-18,0u1-ve92hd0,https://aosrd.org/webinars/,,FbRyr7EkkewAoPTmXbK9DtUiA_Y,2024-09-24,Research/lectures/clearfield-webinar-2024-09-24,Tuesday Integrative Health Webinar,"Tuesday Integrative Health Webinar — September 24, 2024: Drug-Induced Nutrient Depletion & Nitric Oxide",True,0,possible,topic/title similarity; insufficient independent evidence,0.284,divergent,partial:Nitric Oxide,no,yes,Nitric Oxide; Chris Melitus,"nitric,oxide"
aosrd-webinars-182-FsuYMzPyjWE,aosrd_webinars_youtube,"The New Face of Weight Loss with Dr. Bill Clearfield – April 11, 2023 (Video)",the new face of weight loss with dr bill clearfield - april 11 2023,2023-04-11,FsuYMzPyjWE,https://aosrd.org/webinars/,https://aosrd.org/the-new-face-of-weight-loss-with-dr-bill-clearfield/,5HPCyqwQxi9QD1of8g-CPHrnFcc,2025-01-08,Research/lectures/clearfield-webinar-2025-01-08,Tuesday Integrative Health Webinar,"Tuesday Integrative Health Webinar — January 8, 2025: Rapid Weight Loss, Muscle Preservation, NAD & Fortetropin",True,122,possible,topic/title similarity; insufficient independent evidence,0.388,divergent,partial:Bill Clearfield,no,yes,Face; Bill Clearfield,"loss,weight"
aosrd-webinars-183-CW3op9BkNI8,aosrd_webinars_youtube,"Behind the Scenes Thyroid Mechanisms with Dr. Brad Watts – April 4, 2023 (Video)",behind the scenes thyroid mechanisms with dr brad watts - april 4 2023,2023-04-04,CW3op9BkNI8,https://aosrd.org/webinars/,https://aosrd.org/behind-the-scenes-thyroid-mechanisms-with-dr-brad-watts/,,,,,,,,no_match,no reasonable otter candidate,,no_candidate,unknown,no,yes,Brad Watts,
aosrd-webinars-184-4nZN4zvp_Uk,aosrd_webinars_youtube,"Bioregulatory Medicine Applied to Fur Babies with Dr. Marlene Siegel – March 21, 2023 (Video)",bioregulatory medicine applied to fur babies with dr marlene siegel - march 21 2023,2023-03-21,4nZN4zvp_Uk,https://aosrd.org/webinars/,https://aosrd.org/bioregulatory-medicine-applied-to-fur-babies-with-dr-marlene-siegel/,,,,,,,,no_match,no reasonable otter candidate,,no_candidate,unknown,no,yes,Marlene Siegel,
aosrd-webinars-185-AZvxTJWqeBA,aosrd_webinars_youtube,"Glutathione Update with Dr. Nayan Patel – March 14, 2023 (Video)",glutathione update with dr nayan patel - march 14 2023,2023-03-14,AZvxTJWqeBA,https://aosrd.org/webinars/,https://aosrd.org/glutathione-update-with-dr-nayan-patel/,JAhRYbDDwDsC4em3dazDKyDw4gM,2025-02-05,Research/lectures/clearfield-webinar-2025-02-05,Tuesday Integrative Health Webinar,"Tuesday Integrative Health Webinar — February 5, 2025: Uveal Melanoma Molecular Vulnerabilities",True,75,possible,topic/title similarity; insufficient independent evidence,0.161,divergent,aligned,yes,yes,Nayan Patel,"2023,patel,update"
aosrd-webinars-186-hUswEBL-LBc,aosrd_webinars_youtube,"Muscle Centric Medicine -Principles of Exercise Science with Stefan Hartmann PA – March 7, 2023 (Video)",muscle centric medicine -principles of exercise science with stefan hartmann pa - march 7 2023,2023-03-07,hUswEBL-LBc,https://aosrd.org/webinars/,https://aosrd.org/update-on-glutathione-therapy-with-dr-nayan-patel/,CQjlfnZLZ-CY25UUEq35pSQ0lug,2025-12-24,Research/lectures/clearfield-webinar-2025-12-24,Tuesday Integrative Health Webinar,"Tuesday Integrative Health Webinar — December 24, 2025: Biotransformation, Detoxification & Creatine Pearls",True,52,possible,topic/title similarity; insufficient independent evidence,0.184,divergent,aligned,no,yes,Stefan Hartmann PA,"muscle,stefan"
aosrd-webinars-186-hUswEBL-LBc,aosrd_webinars_youtube,"Muscle Centric Medicine -Principles of Exercise Science with Stefan Hartmann PA – March 7, 2023 (Video)",muscle centric medicine -principles of exercise science with stefan hartmann pa - march 7 2023,2023-03-07,hUswEBL-LBc,https://aosrd.org/webinars/,https://aosrd.org/update-on-glutathione-therapy-with-dr-nayan-patel/,H1Iomsee4ZUONKKezPDcMBYCvQ0,2026-06-30,Research/lectures/clearfield-webinar-2026-06-30,Tuesday Integrative Health Webinar,"Tuesday Integrative Health Webinar — June 30, 2026",True,,possible,topic/title similarity; insufficient independent evidence,0.148,divergent,aligned,no,yes,Stefan Hartmann PA,"muscle,stefan"
aosrd-webinars-186-hUswEBL-LBc,aosrd_webinars_youtube,"Muscle Centric Medicine -Principles of Exercise Science with Stefan Hartmann PA – March 7, 2023 (Video)",muscle centric medicine -principles of exercise science with stefan hartmann pa - march 7 2023,2023-03-07,hUswEBL-LBc,https://aosrd.org/webinars/,https://aosrd.org/update-on-glutathione-therapy-with-dr-nayan-patel/,TNvBcRwwSnrkWGe2_L3i3lGvYYk,2024-12-11,Research/lectures/clearfield-webinar-2024-12-11,Tuesday Integrative Health Webinar,"Tuesday Integrative Health Webinar — December 11, 2024: Soy Foods, Isoflavones & Controversies",True,160,possible,topic/title similarity; insufficient independent evidence,0.147,divergent,aligned,no,yes,Stefan Hartmann PA,"exercise,muscle,stefan"
aosrd-webinars-186-hUswEBL-LBc,aosrd_webinars_youtube,"Muscle Centric Medicine -Principles of Exercise Science with Stefan Hartmann PA – March 7, 2023 (Video)",muscle centric medicine -principles of exercise science with stefan hartmann pa - march 7 2023,2023-03-07,hUswEBL-LBc,https://aosrd.org/webinars/,https://aosrd.org/update-on-glutathione-therapy-with-dr-nayan-patel/,ykfPBSHSL3meBk4yGojbTxMVIpA,2024-10-22,Research/lectures/clearfield-webinar-2024-10-22,Tuesday Integrative Health Webinar,"Tuesday Integrative Health Webinar — October 22, 2024: DHA, Lutein & Zeaxanthin for Brain Health",True,68,possible,topic/title similarity; insufficient independent evidence,0.132,divergent,aligned,no,yes,Stefan Hartmann PA,"medicine,stefan"
aosrd-webinars-187,aosrd_webinars_vimeo,"Functional Medicine Approach to ADHD with Dr. John Neustadt – February 28, 2023 (Video)",functional medicine approach to adhd with dr john neustadt - february 28 2023,2023-02-28,,https://aosrd.org/webinars/,https://aosrd.org/functional-medicine-approach-to-adhd-with-dr-john-neustadt/,y59a2fEx8UgOiThJHr1w-HcQc1U,2024-08-20,Research/lectures/clearfield-webinar-2024-08-20,Tuesday Integrative Health Webinar,"Tuesday Integrative Health Webinar — August 20, 2024: Cancer Treatment–Induced Osteoporosis & Fracture-First Bone Care (Dr. John Newstead)",True,0,possible,topic/title similarity; insufficient independent evidence,0.354,divergent,aligned,no,yes,John Neustadt,"john,medicine"
aosrd-webinars-188,aosrd_webinars_vimeo,"The Courage to Face Covid with Dr Peter McCullough – February 21, 2023 (Video)",the courage to face covid coronavirus covid-19 with dr peter mccullough - february 21 2023,2023-02-21,,https://aosrd.org/webinars/,https://aosrd.org/the-courage-to-face-covid-with-dr-peter-mccullough-2/,,,,,,,,no_match,no reasonable otter candidate,,no_candidate,unknown,no,yes,Peter McCullough,
aosrd-webinars-189-bMobTwHmWhM,aosrd_webinars_youtube,"Integrative Immunology with Dr. Benoit Tano – February 14, 2023 (Video)",integrative immunology with dr benoit tano - february 14 2023,2023-02-14,bMobTwHmWhM,https://aosrd.org/webinars/,https://aosrd.org/integrative-immunology-with-dr-benoit-tano/,81vgkJ55QnsvesXbnyxCMQPr6Rc,2026-06-09,Research/lectures/clearfield-webinar-2026-06-09,Tuesday Integrative Health Webinar,"Tuesday Integrative Health Webinar — June 9, 2026: Taya Pro Med AI (Benoit Tano)",True,465,possible,topic/title similarity; insufficient independent evidence,0.314,divergent,aligned,no,yes,Benoit Tano,"benoit,tano"
aosrd-webinars-189-bMobTwHmWhM,aosrd_webinars_youtube,"Integrative Immunology with Dr. Benoit Tano – February 14, 2023 (Video)",integrative immunology with dr benoit tano - february 14 2023,2023-02-14,bMobTwHmWhM,https://aosrd.org/webinars/,https://aosrd.org/integrative-immunology-with-dr-benoit-tano/,wcHy9pPXoWy5S62-GJbpasQtw2o,2025-02-12,Research/lectures/clearfield-webinar-2025-02-12,Tuesday Integrative Health Webinar,"Tuesday Integrative Health Webinar — February 12, 2025: Red Light Method & Photobiomodulation",True,17,possible,topic/title similarity; insufficient independent evidence,0.274,divergent,aligned,no,yes,Benoit Tano,"benoit,february,tano"
aosrd-webinars-189-bMobTwHmWhM,aosrd_webinars_youtube,"Integrative Immunology with Dr. Benoit Tano – February 14, 2023 (Video)",integrative immunology with dr benoit tano - february 14 2023,2023-02-14,bMobTwHmWhM,https://aosrd.org/webinars/,https://aosrd.org/integrative-immunology-with-dr-benoit-tano/,JAhRYbDDwDsC4em3dazDKyDw4gM,2025-02-05,Research/lectures/clearfield-webinar-2025-02-05,Tuesday Integrative Health Webinar,"Tuesday Integrative Health Webinar — February 5, 2025: Uveal Melanoma Molecular Vulnerabilities",True,75,possible,topic/title similarity; insufficient independent evidence,0.252,divergent,aligned,no,yes,Benoit Tano,"2023,february,integrative,tano"
aosrd-webinars-190-5hQ-anaFGIU,aosrd_webinars_youtube,"The Ancestral Diet as Treatment for Chronic Disease with Stefan Hartmann, PA – February 8, 2023 (Video)",the ancestral diet as treatment for chronic disease with stefan hartmann pa - february 8 2023,2023-02-08,5hQ-anaFGIU,https://aosrd.org/webinars/,https://aosrd.org/the-ancestral-diet-as-treatment-for-chronic-disease-with-stefan-hartmann-pa/,CQjlfnZLZ-CY25UUEq35pSQ0lug,2025-12-24,Research/lectures/clearfield-webinar-2025-12-24,Tuesday Integrative Health Webinar,"Tuesday Integrative Health Webinar — December 24, 2025: Biotransformation, Detoxification & Creatine Pearls",True,52,possible,topic/title similarity; insufficient independent evidence,0.259,divergent,aligned,no,yes,Stefan Hartmann,"stefan,treatment"
aosrd-webinars-190-5hQ-anaFGIU,aosrd_webinars_youtube,"The Ancestral Diet as Treatment for Chronic Disease with Stefan Hartmann, PA – February 8, 2023 (Video)",the ancestral diet as treatment for chronic disease with stefan hartmann pa - february 8 2023,2023-02-08,5hQ-anaFGIU,https://aosrd.org/webinars/,https://aosrd.org/the-ancestral-diet-as-treatment-for-chronic-disease-with-stefan-hartmann-pa/,lnZUNAyEcVNSN0i3JOEbuJcc15A,2025-02-19,Research/lectures/clearfield-webinar-2025-02-19,Tuesday Integrative Health Webinar,"Tuesday Integrative Health Webinar — February 19, 2025: Thymosin Alpha-1 & Thymogen Immune Peptides",True,49,possible,topic/title similarity; insufficient independent evidence,0.194,divergent,aligned,no,yes,Stefan Hartmann,"february,stefan"
aosrd-webinars-191-ZrOMyfW29og,aosrd_webinars_youtube,"Interpreting Test Results with Dr. Andrew Campbell – January 31, 2023 (Video)",interpreting test results with dr andrew campbell - january 31 2023,2023-01-31,ZrOMyfW29og,https://aosrd.org/webinars/,https://aosrd.org/wp-content/uploads/2023/01/Interpretation-of-test-results-.pdf,uRqtR3sy0qaYlUcYL4_tPVC7Tps,2025-01-15,Research/lectures/clearfield-webinar-2025-01-15,Tuesday Integrative Health Webinar,"Tuesday Integrative Health Webinar — January 15, 2025: Metabolomics Pathways & Metabolic Syndrome",True,180,possible,topic/title similarity; insufficient independent evidence,0.236,divergent,aligned,no,yes,Andrew Campbell,"andrew,january"
aosrd-webinars-191-ZrOMyfW29og,aosrd_webinars_youtube,"Interpreting Test Results with Dr. Andrew Campbell – January 31, 2023 (Video)",interpreting test results with dr andrew campbell - january 31 2023,2023-01-31,ZrOMyfW29og,https://aosrd.org/webinars/,https://aosrd.org/wp-content/uploads/2023/01/Interpretation-of-test-results-.pdf,l416W8yP4i7dv3Jhd5H2F74zMnU,2026-01-21,Research/lectures/clearfield-webinar-2026-01-21,Tuesday Integrative Health Webinar,"Tuesday Integrative Health Webinar — January 21, 2026: Telomeres, Telomerase & How Not to Age (Bill Andrews)",True,122,possible,topic/title similarity; insufficient independent evidence,0.222,divergent,aligned,no,yes,Andrew Campbell,"january,test"
aosrd-webinars-191-ZrOMyfW29og,aosrd_webinars_youtube,"Interpreting Test Results with Dr. Andrew Campbell – January 31, 2023 (Video)",interpreting test results with dr andrew campbell - january 31 2023,2023-01-31,ZrOMyfW29og,https://aosrd.org/webinars/,https://aosrd.org/wp-content/uploads/2023/01/Interpretation-of-test-results-.pdf,j3HjVUuBV5gnR4KrCUuXOZEnPm0,2025-10-14,Research/lectures/clearfield-webinar-2025-10-14,Tuesday Integrative Health Webinar,"Tuesday Integrative Health Webinar — October 14, 2025: Estrogen Timing, Progesterone After Hysterectomy & Hormone Testing",True,123,possible,topic/title similarity; insufficient independent evidence,0.213,divergent,aligned,no,yes,Andrew Campbell,"andrew,campbell"
aosrd-webinars-191-ZrOMyfW29og,aosrd_webinars_youtube,"Interpreting Test Results with Dr. Andrew Campbell – January 31, 2023 (Video)",interpreting test results with dr andrew campbell - january 31 2023,2023-01-31,ZrOMyfW29og,https://aosrd.org/webinars/,https://aosrd.org/wp-content/uploads/2023/01/Interpretation-of-test-results-.pdf,hFcw5MS7FSAuXJGFcnPHqL6j1gM,2025-01-22,Research/lectures/clearfield-webinar-2025-01-22,Tuesday Integrative Health Webinar,"Tuesday Integrative Health Webinar — January 22, 2025: Mold, Mycotoxins & the Sinus–Brain Axis (Dr. Dennis)",True,177,possible,topic/title similarity; insufficient independent evidence,0.211,divergent,aligned,no,yes,Andrew Campbell,"campbell,january"
aosrd-webinars-191-ZrOMyfW29og,aosrd_webinars_youtube,"Interpreting Test Results with Dr. Andrew Campbell – January 31, 2023 (Video)",interpreting test results with dr andrew campbell - january 31 2023,2023-01-31,ZrOMyfW29og,https://aosrd.org/webinars/,https://aosrd.org/wp-content/uploads/2023/01/Interpretation-of-test-results-.pdf,5HPCyqwQxi9QD1of8g-CPHrnFcc,2025-01-08,Research/lectures/clearfield-webinar-2025-01-08,Tuesday Integrative Health Webinar,"Tuesday Integrative Health Webinar — January 8, 2025: Rapid Weight Loss, Muscle Preservation, NAD & Fortetropin",True,122,possible,topic/title similarity; insufficient independent evidence,0.201,divergent,aligned,no,yes,Andrew Campbell,"andrew,january"
aosrd-webinars-192-E6pwg1bmNJk,aosrd_webinars_youtube,"Surgical and Medical Management of Mycotoxin Neurotoxicity with Dr. Donald Dennis – January 24, 2023 (Video)",surgical and medical management of mycotoxin neurotoxicity with dr donald dennis - january 24 2023,2023-01-24,E6pwg1bmNJk,https://aosrd.org/webinars/,,hFcw5MS7FSAuXJGFcnPHqL6j1gM,2025-01-22,Research/lectures/clearfield-webinar-2025-01-22,Tuesday Integrative Health Webinar,"Tuesday Integrative Health Webinar — January 22, 2025: Mold, Mycotoxins & the Sinus–Brain Axis (Dr. Dennis)",True,177,possible,topic/title similarity; insufficient independent evidence,0.183,divergent,aligned,no,yes,Donald Dennis,"dennis,january,mycotoxin"
aosrd-webinars-192-E6pwg1bmNJk,aosrd_webinars_youtube,"Surgical and Medical Management of Mycotoxin Neurotoxicity with Dr. Donald Dennis – January 24, 2023 (Video)",surgical and medical management of mycotoxin neurotoxicity with dr donald dennis - january 24 2023,2023-01-24,E6pwg1bmNJk,https://aosrd.org/webinars/,,uRqtR3sy0qaYlUcYL4_tPVC7Tps,2025-01-15,Research/lectures/clearfield-webinar-2025-01-15,Tuesday Integrative Health Webinar,"Tuesday Integrative Health Webinar — January 15, 2025: Metabolomics Pathways & Metabolic Syndrome",True,180,possible,topic/title similarity; insufficient independent evidence,0.177,divergent,aligned,no,yes,Donald Dennis,"dennis,donald,january"
aosrd-webinars-193-3HKa-GZK_Qw,aosrd_webinars_youtube,"Menopause-The Impact on Skin and HAir by Dr. Felice Gersh – January 17, 2023 (Video)",menopause-the impact on skin and hair by dr felice gersh - january 17 2023,2023-01-17,3HKa-GZK_Qw,https://aosrd.org/webinars/,https://aosrd.org/menopause-the-impact-on-skin-and-hair-by-dr-felice-gersh/,OL_Ukp1RYjVvnjsMHnF2eXCXDC8,2024-10-01,Research/lectures/clearfield-webinar-2024-10-01,Tuesday Integrative Health Webinar,"Tuesday Integrative Health Webinar — October 1, 2024: Physiologic Menopausal HRT with Felice Gersh",True,0,possible,topic/title similarity; insufficient independent evidence,0.344,divergent,aligned,no,yes,Felice Gersh,"felice,gersh,hair"
aosrd-webinars-194,aosrd_webinars_rumble,"Medical Freedom: Stefan Hartmann, PA’s Presentation to the Florida Delegates of State Legislature(Video)",medical freedom stefan hartmann pa s presentation to the florida delegates of state legislature,,,https://aosrd.org/webinars/,,,,,,,,,no_match,no reasonable otter candidate,,unknown,unknown,no,yes,,
aosrd-webinars-195-i-q4BtUNVuI,aosrd_webinars_youtube,"The 14-3-3n Biomarker for Rheumatoid Arthritis Diagnosis, Prognosis, and Monitoring with Dr. Nima Mazinani – January 10, 2023(Video)",the 14-3-3n biomarker for rheumatoid arthritis diagnosis prognosis and monitoring with dr nima mazinani - january 10 2023,2023-01-10,i-q4BtUNVuI,https://aosrd.org/webinars/,https://aosrd.org/wp-content/uploads/2023/01/14-3-3eta_AOSIM_Final_2023.pdf,,,,,,,,no_match,no reasonable otter candidate,,no_candidate,unknown,no,yes,Nima Mazinani,
aosrd-webinars-196-Td9ybE_W-wU,aosrd_webinars_youtube,"The Role of the Renin-Angiotensin Components in Atherosclerosis with Dr. James Joseph – January 3, 2023(Video)",the role of the renin-angiotensin components in atherosclerosis with dr james joseph - january 3 2023,2023-01-03,Td9ybE_W-wU,https://aosrd.org/webinars/,https://aosrd.org/the-role-of-the-renin-angiotensin-components-in-atherosclerosis-with-dr-james-joseph/,xg4V_A-L8_Ob1jKGBewDTtKzOWg,2024-08-13,Research/lectures/clearfield-webinar-2024-08-13,Tuesday Integrative Health Webinar,Tuesday Integrative Health Webinar — CDPM Four Pillars / Redox & Immune Modulation,True,0,possible,topic/title similarity; insufficient independent evidence,0.162,divergent,aligned,no,yes,James Joseph,"james,joseph"
aosrd-webinars-196-Td9ybE_W-wU,aosrd_webinars_youtube,"The Role of the Renin-Angiotensin Components in Atherosclerosis with Dr. James Joseph – January 3, 2023(Video)",the role of the renin-angiotensin components in atherosclerosis with dr james joseph - january 3 2023,2023-01-03,Td9ybE_W-wU,https://aosrd.org/webinars/,https://aosrd.org/the-role-of-the-renin-angiotensin-components-in-atherosclerosis-with-dr-james-joseph/,JAhRYbDDwDsC4em3dazDKyDw4gM,2025-02-05,Research/lectures/clearfield-webinar-2025-02-05,Tuesday Integrative Health Webinar,"Tuesday Integrative Health Webinar — February 5, 2025: Uveal Melanoma Molecular Vulnerabilities",True,75,possible,topic/title similarity; insufficient independent evidence,0.138,divergent,aligned,no,yes,James Joseph,"2023,james,joseph"
aosrd-webinars-197-92sBrfKcyfE,aosrd_webinars_youtube,"Oxytocin to Treat Chronic Disease-Part 2 with Dr. Salaheldin Halasa – December 27, 2022(Video)",oxytocin to treat chronic disease-part 2 with dr salaheldin halasa - december 27 2022,2022-12-27,92sBrfKcyfE,https://aosrd.org/webinars/,https://aosrd.org/oxytocin-utilization-in-chronic-disease-management-with-dr-salaheldin-halasa/,EqC6yd4bQDKMl2mpzPURPZu-_Pc,2024-10-08,Research/lectures/clearfield-webinar-2024-10-08,Tuesday Integrative Health Webinar,"Tuesday Integrative Health Webinar — Nitric Oxide, EMF & Compounding Adjuncts",True,0,variant_derivative,topic/title similarity; insufficient independent evidence; shorter/segment/brief-style representation,0.243,divergent,aligned,yes,yes,Salaheldin Halasa,"halasa,oxytocin"
aosrd-webinars-197-92sBrfKcyfE,aosrd_webinars_youtube,"Oxytocin to Treat Chronic Disease-Part 2 with Dr. Salaheldin Halasa – December 27, 2022(Video)",oxytocin to treat chronic disease-part 2 with dr salaheldin halasa - december 27 2022,2022-12-27,92sBrfKcyfE,https://aosrd.org/webinars/,https://aosrd.org/oxytocin-utilization-in-chronic-disease-management-with-dr-salaheldin-halasa/,3BvIJDrhEXHdWPee7Ztw2x6EmdE,2025-12-10,Research/lectures/clearfield-webinar-2025-12-10,Tuesday Integrative Health Webinar,"Tuesday Integrative Health Webinar — December 10, 2025: Nanotechnology, Adaptogens & Holiday Metabolic Botanicals (Saleya / Nario)",True,129,variant_derivative,topic/title similarity; insufficient independent evidence; shorter/segment/brief-style representation,0.171,divergent,aligned,yes,yes,Salaheldin Halasa,"december,halasa"
aosrd-webinars-197-92sBrfKcyfE,aosrd_webinars_youtube,"Oxytocin to Treat Chronic Disease-Part 2 with Dr. Salaheldin Halasa – December 27, 2022(Video)",oxytocin to treat chronic disease-part 2 with dr salaheldin halasa - december 27 2022,2022-12-27,92sBrfKcyfE,https://aosrd.org/webinars/,https://aosrd.org/oxytocin-utilization-in-chronic-disease-management-with-dr-salaheldin-halasa/,Zxy20R1uant_QctiZutXLSt-Q-E,2025-03-25,Research/lectures/clearfield-webinar-2025-03-25,Tuesday Integrative Health Webinar,"Tuesday Integrative Health Webinar — March 25, 2025: Laboratory of Functional Medicine",True,159,variant_derivative,topic/title similarity; insufficient independent evidence; shorter/segment/brief-style representation,0.149,divergent,aligned,yes,yes,Salaheldin Halasa,"chronic,halasa"
aosrd-webinars-197-92sBrfKcyfE,aosrd_webinars_youtube,"Oxytocin to Treat Chronic Disease-Part 2 with Dr. Salaheldin Halasa – December 27, 2022(Video)",oxytocin to treat chronic disease-part 2 with dr salaheldin halasa - december 27 2022,2022-12-27,92sBrfKcyfE,https://aosrd.org/webinars/,https://aosrd.org/oxytocin-utilization-in-chronic-disease-management-with-dr-salaheldin-halasa/,b2H7gyjRNmbN0l62XtCzeLPovDE,2025-06-24,Research/lectures/clearfield-webinar-2025-06-24,Tuesday Integrative Health Webinar,"Tuesday Integrative Health Webinar — June 24, 2025: Ivermectin & Mebendazole for Cancer Stem Cells & Fibrosis",True,80,variant_derivative,topic/title similarity; insufficient independent evidence; shorter/segment/brief-style representation,0.102,divergent,aligned,yes,yes,Salaheldin Halasa,"halasa,salaheldin"
aosrd-webinars-197-92sBrfKcyfE,aosrd_webinars_youtube,"Oxytocin to Treat Chronic Disease-Part 2 with Dr. Salaheldin Halasa – December 27, 2022(Video)",oxytocin to treat chronic disease-part 2 with dr salaheldin halasa - december 27 2022,2022-12-27,92sBrfKcyfE,https://aosrd.org/webinars/,https://aosrd.org/oxytocin-utilization-in-chronic-disease-management-with-dr-salaheldin-halasa/,SdzXWjorAW2NkmSfJoC1PdOzwAE,2025-05-20,Research/lectures/clearfield-webinar-2025-05-20,Tuesday Integrative Health Webinar,"Tuesday Integrative Health Webinar — May 20, 2025: Outperforming Oncologists (CDPM Delivery, TME & NK Exosomes)",True,56,variant_derivative,topic/title similarity; insufficient independent evidence; shorter/segment/brief-style representation,0.09,divergent,aligned,yes,yes,Salaheldin Halasa,"halasa,salaheldin"
aosrd-webinars-198-fwLHIoDOipY,aosrd_webinars_youtube,"The Role of Nutrition and Prevention – December 20, 2022(Video)",the role of nutrition and prevention - december 20 2022,2022-12-20,fwLHIoDOipY,https://aosrd.org/webinars/,https://aosrd.org/wp-content/uploads/2022/12/The-Role-of-Nutrition-and-Prevention-1.pdf,,,,,,,,no_match,no reasonable otter candidate,,no_candidate,unknown,no,yes,,
aosrd-webinars-199-GpYX1_vmLFI,aosrd_webinars_youtube,"Fracture Proof Your Bones-A Comprehensive Guide to Osteoporosis with Dr. John Neustadt – December 14, 2022(Video)",fracture proof your bones-a comprehensive guide to osteoporosis with dr john neustadt - december 14 2022,2022-12-14,GpYX1_vmLFI,https://aosrd.org/webinars/,https://aosrd.org/fracture-proof-your-bones-a-comprehensive-guide-to-osteoporosis-with-dr-john-neustadt/,y59a2fEx8UgOiThJHr1w-HcQc1U,2024-08-20,Research/lectures/clearfield-webinar-2024-08-20,Tuesday Integrative Health Webinar,"Tuesday Integrative Health Webinar — August 20, 2024: Cancer Treatment–Induced Osteoporosis & Fracture-First Bone Care (Dr. John Newstead)",True,0,possible,topic/title similarity; insufficient independent evidence,0.416,divergent,aligned,no,yes,John Neustadt,"fracture,john,osteoporosis"
aosrd-webinars-199-GpYX1_vmLFI,aosrd_webinars_youtube,"Fracture Proof Your Bones-A Comprehensive Guide to Osteoporosis with Dr. John Neustadt – December 14, 2022(Video)",fracture proof your bones-a comprehensive guide to osteoporosis with dr john neustadt - december 14 2022,2022-12-14,GpYX1_vmLFI,https://aosrd.org/webinars/,https://aosrd.org/fracture-proof-your-bones-a-comprehensive-guide-to-osteoporosis-with-dr-john-neustadt/,GH57wayNAp6iLAYz_3IRSsC5few,2026-01-07,Research/lectures/clearfield-webinar-2026-01-07,Tuesday Integrative Health Webinar,"Tuesday Integrative Health Webinar — January 7, 2026: Collagen Signaling & Osteoporosis Testing (Fracture Risk)",True,61,possible,topic/title similarity; insufficient independent evidence,0.375,divergent,aligned,no,yes,John Neustadt,"fracture,john,neustadt,osteoporosis"
aosrd-webinars-200-8vtxAVALprY,aosrd_webinars_youtube,"Integrative Psychiatry, Neurofeedback, and the Treatment Resistant Patient with Dr. John Finnick – December 6, 2022(Video)",integrative psychiatry neurofeedback and the treatment resistant patient with dr john finnick - december 6 2022,2022-12-06,8vtxAVALprY,https://aosrd.org/webinars/,https://aosrd.org/integrative-psychiatry-neurofeedback-and-the-treatment-resistant-patient-with-dr-john-finnick/,,,,,,,,no_match,no reasonable otter candidate,,no_candidate,unknown,no,yes,John Finnick,
aosrd-webinars-201-8blzjFv9r8I,aosrd_webinars_youtube,"Osteopathic Manipulation in Treating Pain, and Substance Abuse – November 29, 2022(Video)",osteopathic manipulation in treating pain and substance abuse - november 29 2022,2022-11-29,8blzjFv9r8I,https://aosrd.org/webinars/,https://aosrd.org/osteopathic-manipulation-in-pain-and-substance-abuse/,,,,,,,,no_match,no reasonable otter candidate,,no_candidate,unknown,no,yes,,
aosrd-webinars-202-x6BIrL8qmzk,aosrd_webinars_youtube,"Oxytocin Utilization in Chronic Disease Management with Dr. Salaheldin Halasa – November 23, 2022(Video)",oxytocin utilization in chronic disease management with dr salaheldin halasa - november 23 2022,2022-11-23,x6BIrL8qmzk,https://aosrd.org/webinars/,https://aosrd.org/oxytocin-utilization-in-chronic-disease-management-with-dr-salaheldin-halasa/,GUt4yZgCp4lNVboAnJBHNMsHO7A,2025-05-06,Research/lectures/clearfield-webinar-2025-05-06,Tuesday Integrative Health Webinar,"Tuesday Integrative Health Webinar — May 6, 2025: Male Aromatization & Aromatase Blockade on TRT",True,44,possible,topic/title similarity; insufficient independent evidence,0.299,divergent,aligned,no,yes,Salaheldin Halasa,"halasa,management"
aosrd-webinars-202-x6BIrL8qmzk,aosrd_webinars_youtube,"Oxytocin Utilization in Chronic Disease Management with Dr. Salaheldin Halasa – November 23, 2022(Video)",oxytocin utilization in chronic disease management with dr salaheldin halasa - november 23 2022,2022-11-23,x6BIrL8qmzk,https://aosrd.org/webinars/,https://aosrd.org/oxytocin-utilization-in-chronic-disease-management-with-dr-salaheldin-halasa/,EqC6yd4bQDKMl2mpzPURPZu-_Pc,2024-10-08,Research/lectures/clearfield-webinar-2024-10-08,Tuesday Integrative Health Webinar,"Tuesday Integrative Health Webinar — Nitric Oxide, EMF & Compounding Adjuncts",True,0,possible,topic/title similarity; insufficient independent evidence,0.291,divergent,aligned,no,yes,Salaheldin Halasa,"halasa,oxytocin"
aosrd-webinars-203-4u_3c_lFUzs,aosrd_webinars_youtube,"Type-1 Diabetes Outcomes, Therapies, and Future Innovations with Dr. Andrew Koutnik – November 8, 2022(Video)",type-1 diabetes outcomes therapies and future innovations with dr andrew koutnik - november 8 2022,2022-11-08,4u_3c_lFUzs,https://aosrd.org/webinars/,https://aosrd.org/type-1-diabetes-outcomes-therapies-and-future-innovations-with-dr-andrew-koutnik/,j3HjVUuBV5gnR4KrCUuXOZEnPm0,2025-10-14,Research/lectures/clearfield-webinar-2025-10-14,Tuesday Integrative Health Webinar,"Tuesday Integrative Health Webinar — October 14, 2025: Estrogen Timing, Progesterone After Hysterectomy & Hormone Testing",True,123,possible,topic/title similarity; insufficient independent evidence,0.144,divergent,aligned,no,yes,Andrew Koutnik,"andrew,outcomes"
aosrd-webinars-204-Qy2mrgSpVNg,aosrd_webinars_youtube,"The Positive Side of the Plummeting Health Index in America with Dr. Mark Lafferty – November 1, 2022(Video)",the positive side of the plummeting health index in america with dr mark lafferty - november 1 2022,2022-11-01,Qy2mrgSpVNg,https://aosrd.org/webinars/,https://aosrd.org/the-positive-side-of-the-plummeting-health-index-in-america/,qwUT3cyV7gYvn34XQtrA84mAbiI,2024-11-20,Research/lectures/clearfield-webinar-2024-11-20,Tuesday Integrative Health Webinar,"Tuesday Integrative Health Webinar — November 20, 2024: Longevity Biomarkers (NAD, Klotho, Inflammation)",True,56,possible,topic/title similarity; insufficient independent evidence,0.185,divergent,aligned,no,yes,Mark Lafferty,"health,november"
aosrd-webinars-204-Qy2mrgSpVNg,aosrd_webinars_youtube,"The Positive Side of the Plummeting Health Index in America with Dr. Mark Lafferty – November 1, 2022(Video)",the positive side of the plummeting health index in america with dr mark lafferty - november 1 2022,2022-11-01,Qy2mrgSpVNg,https://aosrd.org/webinars/,https://aosrd.org/the-positive-side-of-the-plummeting-health-index-in-america/,P1FgRy3FvTrrNYsXISdsJKJeiEg,2024-11-06,Research/lectures/clearfield-webinar-2024-11-06,Tuesday Integrative Health Webinar,"Tuesday Integrative Health Webinar — November 6, 2024: Microbiome Diversity & Fecal Microbiota Transplant",True,53,possible,topic/title similarity; insufficient independent evidence,0.18,divergent,aligned,no,yes,Mark Lafferty,"2022,mark,november"
aosrd-webinars-204-Qy2mrgSpVNg,aosrd_webinars_youtube,"The Positive Side of the Plummeting Health Index in America with Dr. Mark Lafferty – November 1, 2022(Video)",the positive side of the plummeting health index in america with dr mark lafferty - november 1 2022,2022-11-01,Qy2mrgSpVNg,https://aosrd.org/webinars/,https://aosrd.org/the-positive-side-of-the-plummeting-health-index-in-america/,Zxy20R1uant_QctiZutXLSt-Q-E,2025-03-25,Research/lectures/clearfield-webinar-2025-03-25,Tuesday Integrative Health Webinar,"Tuesday Integrative Health Webinar — March 25, 2025: Laboratory of Functional Medicine",True,159,possible,topic/title similarity; insufficient independent evidence,0.176,divergent,aligned,no,yes,Mark Lafferty,"health,index"
aosrd-webinars-205,aosrd_webinars_vimeo,"Prostate Community Trial A Global Community Trial for the Treatment of Prostate Enlargement and Prostate Cancer with Stefan Hartmann PA-C and Manual – October 25, 2022(Video)",prostate community trial a global community trial for the treatment of prostate enlargement and prostate cancer with stefan hartmann pa-c and manual - october 25 2022,2022-10-25,,https://aosrd.org/webinars/,https://aosrd.org/prostate-community-trial-a-global-community-trial-for-the-treatment-of-prostate-enlargement-and-prostate-cancer-with-stefan-hartmann-pa-c-and-manual/,LvCEhutJR34KphFeXcFdbBQ3PZE,2025-08-26,Research/lectures/clearfield-webinar-2025-08-26,Tuesday Integrative Health Webinar,"Tuesday Integrative Health Webinar — August 26, 2025: Ozone Therapy Foundations (Frank Shallenberger)",True,15,possible,topic/title similarity; insufficient independent evidence,0.149,divergent,aligned,no,yes,Stefan Hartmann PA-C,"cancer,prostate,stefan"
aosrd-webinars-205,aosrd_webinars_vimeo,"Prostate Community Trial A Global Community Trial for the Treatment of Prostate Enlargement and Prostate Cancer with Stefan Hartmann PA-C and Manual – October 25, 2022(Video)",prostate community trial a global community trial for the treatment of prostate enlargement and prostate cancer with stefan hartmann pa-c and manual - october 25 2022,2022-10-25,,https://aosrd.org/webinars/,https://aosrd.org/prostate-community-trial-a-global-community-trial-for-the-treatment-of-prostate-enlargement-and-prostate-cancer-with-stefan-hartmann-pa-c-and-manual/,hFcw5MS7FSAuXJGFcnPHqL6j1gM,2025-01-22,Research/lectures/clearfield-webinar-2025-01-22,Tuesday Integrative Health Webinar,"Tuesday Integrative Health Webinar — January 22, 2025: Mold, Mycotoxins & the Sinus–Brain Axis (Dr. Dennis)",True,177,possible,topic/title similarity; insufficient independent evidence,0.147,divergent,aligned,no,yes,Stefan Hartmann PA-C,"stefan,treatment"
aosrd-webinars-205,aosrd_webinars_vimeo,"Prostate Community Trial A Global Community Trial for the Treatment of Prostate Enlargement and Prostate Cancer with Stefan Hartmann PA-C and Manual – October 25, 2022(Video)",prostate community trial a global community trial for the treatment of prostate enlargement and prostate cancer with stefan hartmann pa-c and manual - october 25 2022,2022-10-25,,https://aosrd.org/webinars/,https://aosrd.org/prostate-community-trial-a-global-community-trial-for-the-treatment-of-prostate-enlargement-and-prostate-cancer-with-stefan-hartmann-pa-c-and-manual/,ykfPBSHSL3meBk4yGojbTxMVIpA,2024-10-22,Research/lectures/clearfield-webinar-2024-10-22,Tuesday Integrative Health Webinar,"Tuesday Integrative Health Webinar — October 22, 2024: DHA, Lutein & Zeaxanthin for Brain Health",True,68,possible,topic/title similarity; insufficient independent evidence,0.134,divergent,aligned,no,yes,Stefan Hartmann PA-C,"october,stefan"
aosrd-webinars-205,aosrd_webinars_vimeo,"Prostate Community Trial A Global Community Trial for the Treatment of Prostate Enlargement and Prostate Cancer with Stefan Hartmann PA-C and Manual – October 25, 2022(Video)",prostate community trial a global community trial for the treatment of prostate enlargement and prostate cancer with stefan hartmann pa-c and manual - october 25 2022,2022-10-25,,https://aosrd.org/webinars/,https://aosrd.org/prostate-community-trial-a-global-community-trial-for-the-treatment-of-prostate-enlargement-and-prostate-cancer-with-stefan-hartmann-pa-c-and-manual/,lnZUNAyEcVNSN0i3JOEbuJcc15A,2025-02-19,Research/lectures/clearfield-webinar-2025-02-19,Tuesday Integrative Health Webinar,"Tuesday Integrative Health Webinar — February 19, 2025: Thymosin Alpha-1 & Thymogen Immune Peptides",True,49,possible,topic/title similarity; insufficient independent evidence,0.132,divergent,aligned,no,yes,Stefan Hartmann PA-C,"cancer,stefan"
aosrd-webinars-205,aosrd_webinars_vimeo,"Prostate Community Trial A Global Community Trial for the Treatment of Prostate Enlargement and Prostate Cancer with Stefan Hartmann PA-C and Manual – October 25, 2022(Video)",prostate community trial a global community trial for the treatment of prostate enlargement and prostate cancer with stefan hartmann pa-c and manual - october 25 2022,2022-10-25,,https://aosrd.org/webinars/,https://aosrd.org/prostate-community-trial-a-global-community-trial-for-the-treatment-of-prostate-enlargement-and-prostate-cancer-with-stefan-hartmann-pa-c-and-manual/,vZKE66zexBS6KPliMMq0glRxefk,2024-12-04,Research/lectures/clearfield-webinar-2024-12-04,Tuesday Integrative Health Webinar,"Tuesday Integrative Health Webinar — December 4, 2024: 12 Medical Myths (Christmas Edition)",True,79,possible,topic/title similarity; insufficient independent evidence,0.119,divergent,aligned,no,yes,Stefan Hartmann PA-C,"cancer,prostate,stefan"
aosrd-webinars-206-Inw1HrqQfaQ,aosrd_webinars_youtube,Intervegrated Interventional Radiology by Dr. Brian Evans (Video),intervegrated interventional radiology by dr brian evans,,Inw1HrqQfaQ,https://aosrd.org/webinars/,,,,,,,,,no_match,no reasonable otter candidate,,unknown,unknown,no,yes,Brian Evans,
aosrd-webinars-207-0cBElywMkUY,aosrd_webinars_youtube,"Plasmalogens, Brain Health, and Longevity-What Every Integrative and Osteopathic Physician Needs to Know by Dr. Dayan Goodenowe Tuesday October 11, 2022 (Video)",plasmalogens brain health and longevity-what every integrative and osteopathic physician needs to know by dr dayan goodenowe tuesday october 11 2022,2022-10-11,0cBElywMkUY,https://aosrd.org/webinars/,https://aosrd.org/plasmalogens-brain-health-and-longevity-what-every-integrative-and-osteopathic-physician-needs-to-know-by-dr-dayan-goodenowe/,vjcply7K-rJtWMYGKgD39abIq9E,2024-11-27,Research/lectures/clearfield-webinar-2024-11-27,Tuesday Integrative Health Webinar,"Tuesday Integrative Health Webinar — November 27, 2024: Brain Health Crisis, Women’s Hormones & Cognitive Prevention (Dr. Debbie Smurz)",True,117,possible,topic/title similarity; insufficient independent evidence,0.331,divergent,aligned,no,yes,Dayan Goodenowe Tuesday October; Dayan Goodenowe Tuesday,"brain,health"
aosrd-webinars-207-0cBElywMkUY,aosrd_webinars_youtube,"Plasmalogens, Brain Health, and Longevity-What Every Integrative and Osteopathic Physician Needs to Know by Dr. Dayan Goodenowe Tuesday October 11, 2022 (Video)",plasmalogens brain health and longevity-what every integrative and osteopathic physician needs to know by dr dayan goodenowe tuesday october 11 2022,2022-10-11,0cBElywMkUY,https://aosrd.org/webinars/,https://aosrd.org/plasmalogens-brain-health-and-longevity-what-every-integrative-and-osteopathic-physician-needs-to-know-by-dr-dayan-goodenowe/,ZdpkFb1zUrwSD134tv35ZcrcaI8,2025-07-29,Research/lectures/clearfield-webinar-2025-07-29,Tuesday Integrative Health Webinar,"Tuesday Integrative Health Webinar — July 29, 2025: Sexual Health as Whole-Health Indicator (Jacqueline Sammons)",True,30,possible,topic/title similarity; insufficient independent evidence,0.262,divergent,aligned,no,yes,Dayan Goodenowe Tuesday October; Dayan Goodenowe Tuesday,"health,integrative"
aosrd-webinars-207-0cBElywMkUY,aosrd_webinars_youtube,"Plasmalogens, Brain Health, and Longevity-What Every Integrative and Osteopathic Physician Needs to Know by Dr. Dayan Goodenowe Tuesday October 11, 2022 (Video)",plasmalogens brain health and longevity-what every integrative and osteopathic physician needs to know by dr dayan goodenowe tuesday october 11 2022,2022-10-11,0cBElywMkUY,https://aosrd.org/webinars/,https://aosrd.org/plasmalogens-brain-health-and-longevity-what-every-integrative-and-osteopathic-physician-needs-to-know-by-dr-dayan-goodenowe/,HY-sCmihzh3EJ69WWVwlTT0Ri6s,2025-11-26,Research/lectures/clearfield-webinar-2025-11-26,Tuesday Integrative Health Webinar,"Tuesday Integrative Health Webinar — November 26, 2025: Vitamin D CYP Induction, Omega-3 Longevity & HRT Lifestyle Protocol",True,56,possible,topic/title similarity; insufficient independent evidence,0.261,divergent,aligned,no,yes,Dayan Goodenowe Tuesday October; Dayan Goodenowe Tuesday,"brain,health"
aosrd-webinars-208-6jbaJncCJOY,aosrd_webinars_youtube,"Teaching Physician About Radon with Chris Kelly, Radon Program Officer, Universit of Nevada, Reno September 27, 2022 (Video)",teaching physician about radon with chris kelly radon program officer universit of nevada reno september 27 2022,2022-09-27,6jbaJncCJOY,https://aosrd.org/webinars/,,sLBIeA_Jmb8LAaQrgfDavdK3onA,2025-10-28,Research/lectures/clearfield-webinar-2025-10-28,Tuesday Integrative Health Webinar,"Tuesday Integrative Health Webinar — October 28, 2025: Mitochondrial Fatigue, Oxaloacetate & Vaginal Hormones for UTI",True,106,possible,topic/title similarity; insufficient independent evidence,0.147,divergent,aligned,no,yes,Chris Kelly,"chris,reno"
aosrd-webinars-209-728P3vA7hsU,aosrd_webinars_youtube,"Molds, Mycotoxins and the Brain-An Evidenced Based Presentation by Dr. Andrew Campbell (Video)",molds mycotoxins and the brain-an evidenced based presentation by dr andrew campbell,,728P3vA7hsU,https://aosrd.org/webinars/,https://aosrd.org/molds-mycotoxins-and-the-brain-an-evidenced-based-presentation-by-dr-andrew-campbell/,hFcw5MS7FSAuXJGFcnPHqL6j1gM,2025-01-22,Research/lectures/clearfield-webinar-2025-01-22,Tuesday Integrative Health Webinar,"Tuesday Integrative Health Webinar — January 22, 2025: Mold, Mycotoxins & the Sinus–Brain Axis (Dr. Dennis)",True,177,possible,topic/title similarity; insufficient independent evidence,0.453,unknown,aligned,no,yes,Andrew Campbell,"campbell,mycotoxins"
aosrd-webinars-209-728P3vA7hsU,aosrd_webinars_youtube,"Molds, Mycotoxins and the Brain-An Evidenced Based Presentation by Dr. Andrew Campbell (Video)",molds mycotoxins and the brain-an evidenced based presentation by dr andrew campbell,,728P3vA7hsU,https://aosrd.org/webinars/,https://aosrd.org/molds-mycotoxins-and-the-brain-an-evidenced-based-presentation-by-dr-andrew-campbell/,v3Md09l1C_mz3hrDPWngln5SYQw,2025-09-09,Research/lectures/clearfield-webinar-2025-09-09,Tuesday Integrative Health Webinar,"Tuesday Integrative Health Webinar — Mold, Mycotoxins & Vitamin C Safety",True,115,possible,topic/title similarity; insufficient independent evidence,0.383,unknown,aligned,no,yes,Andrew Campbell,"andrew,campbell,mycotoxins"
aosrd-webinars-210-cTMj6l8otsA,aosrd_webinars_youtube,Muscle Testing with Dr. Clyde Porter (Video),muscle testing with dr clyde porter,,cTMj6l8otsA,https://aosrd.org/webinars/,,,,,,,,,no_match,no reasonable otter candidate,,unknown,unknown,no,yes,Clyde Porter,
aosrd-webinars-211-xXkcEzAgITI,aosrd_webinars_youtube,Brain Omega-The Connection Between Vision and Cognition by Dr. Michael Nelson (Video),brain omega-the connection between vision and cognition by dr michael nelson,,xXkcEzAgITI,https://aosrd.org/webinars/,,ykfPBSHSL3meBk4yGojbTxMVIpA,2024-10-22,Research/lectures/clearfield-webinar-2024-10-22,Tuesday Integrative Health Webinar,"Tuesday Integrative Health Webinar — October 22, 2024: DHA, Lutein & Zeaxanthin for Brain Health",True,68,possible,topic/title similarity; insufficient independent evidence,0.149,unknown,aligned,no,yes,Michael Nelson,"brain,cognition,michael,nelson"
aosrd-webinars-212-11lqZNd_70Q,aosrd_webinars_youtube,"Menopause, Hormones, and Brain Health wih Dr Felice Gersh (Video)",menopause hormones and brain health wih dr felice gersh,,11lqZNd_70Q,https://aosrd.org/webinars/,,OL_Ukp1RYjVvnjsMHnF2eXCXDC8,2024-10-01,Research/lectures/clearfield-webinar-2024-10-01,Tuesday Integrative Health Webinar,"Tuesday Integrative Health Webinar — October 1, 2024: Physiologic Menopausal HRT with Felice Gersh",True,0,possible,topic/title similarity; insufficient independent evidence,0.542,unknown,aligned,no,yes,Felice Gersh,"felice,gersh,menopause"
aosrd-webinars-213-npC7R8AeoV8,aosrd_webinars_youtube,Depression by Dr. Ron Centric (Video),depression by dr ron centric,,npC7R8AeoV8,https://aosrd.org/webinars/,,,,,,,,,no_match,no reasonable otter candidate,,unknown,unknown,no,yes,Ron Centric,
aosrd-webinars-214-Zf7hlrZ7Ljo,aosrd_webinars_youtube,Gut-Brain Connection by Dr. Brad Watts (Video),gut-brain connection by dr brad watts,,Zf7hlrZ7Ljo,https://aosrd.org/webinars/,https://aosrd.org/wp-content/uploads/2022/08/Clinical-Manifestations-on-Gut-Brain-Connections.pdf,,,,,,,,no_match,no reasonable otter candidate,,unknown,unknown,no,yes,Brad Watts,
aosrd-webinars-215-P0N8GWKt-VM,aosrd_webinars_youtube,Medical Cannibis for Chronic Pain-Hype or Reality by Dr. Mikhail Kogan (Video),medical cannibis for chronic pain-hype or reality by dr mikhail kogan,,P0N8GWKt-VM,https://aosrd.org/webinars/,,,,,,,,,no_match,no reasonable otter candidate,,unknown,unknown,no,yes,Mikhail Kogan,
aosrd-webinars-216-aCTMwsJz6ZY,aosrd_webinars_youtube,Stress Devil or Angel by Dr Mikhail Berman (Video),stress devil or angel by dr mikhail berman,,aCTMwsJz6ZY,https://aosrd.org/webinars/,,,,,,,,,no_match,no reasonable otter candidate,,unknown,unknown,no,yes,Mikhail Berman,
aosrd-webinars-217-vNgGCNkgzTA,aosrd_webinars_youtube,Whole Body Detox by Bob Greska and Erica Kahn (Video),whole body detox by bob greska and erica kahn,,vNgGCNkgzTA,https://aosrd.org/webinars/,,hxlUjPAXSClySIs4HN1P0CWe_Qk,2026-06-16,Research/lectures/clearfield-webinar-2026-06-16,Tuesday Integrative Health Webinar,"Tuesday Integrative Health Webinar — June 16, 2026: Carbon 60 (Bob Greska) & Regenerative Cofactors",True,84,possible,topic/title similarity; insufficient independent evidence,0.438,unknown,aligned,no,yes,Bob Greska,"detox,greska"
aosrd-webinars-218-fCe8O3iWFJI,aosrd_webinars_youtube,Hashimoto’s Thyroiditis by Dr. Pam Smith. Date: 7/19/2022 (Video),hashimoto s thyroiditis by dr pam smith date 7/19/2022,2022-07-19,fCe8O3iWFJI,https://aosrd.org/webinars/,,,,,,,,,no_match,no reasonable otter candidate,,no_candidate,unknown,no,yes,Pam Smith. Date; Pam Smith,
aosrd-webinars-219-4w6nt-jqz4s,aosrd_webinars_youtube,The Importance of the Upper Cervical Spine The Atlas Orthogonal Perspective by Dr. Dennis Harding (Video),the importance of the upper cervical spine the atlas orthogonal perspective by dr dennis harding,,4w6nt-jqz4s,https://aosrd.org/webinars/,,,,,,,,,no_match,no reasonable otter candidate,,unknown,unknown,no,yes,Dennis Harding,
aosrd-webinars-220-SDvhsZzb6dk,aosrd_webinars_youtube,Micronutrients in Chronic Disease States by Dr. Kedar Prasad (Video),micronutrients in chronic disease states by dr kedar prasad,,SDvhsZzb6dk,https://aosrd.org/webinars/,,,,,,,,,no_match,no reasonable otter candidate,,unknown,unknown,no,yes,Kedar Prasad,
aosrd-webinars-221-MmQQQCArvdc,aosrd_webinars_youtube,"Hashimoto’s Thyroiditis by Salaheldin Halasa, MD (Video)",hashimoto s thyroiditis by salaheldin halasa md,,MmQQQCArvdc,https://aosrd.org/webinars/,,xg4V_A-L8_Ob1jKGBewDTtKzOWg,2024-08-13,Research/lectures/clearfield-webinar-2024-08-13,Tuesday Integrative Health Webinar,Tuesday Integrative Health Webinar — CDPM Four Pillars / Redox & Immune Modulation,True,0,possible,topic/title similarity; insufficient independent evidence,0.191,unknown,aligned,no,yes,Salaheldin Halasa,"halasa,hashimoto"
aosrd-webinars-221-MmQQQCArvdc,aosrd_webinars_youtube,"Hashimoto’s Thyroiditis by Salaheldin Halasa, MD (Video)",hashimoto s thyroiditis by salaheldin halasa md,,MmQQQCArvdc,https://aosrd.org/webinars/,,SdzXWjorAW2NkmSfJoC1PdOzwAE,2025-05-20,Research/lectures/clearfield-webinar-2025-05-20,Tuesday Integrative Health Webinar,"Tuesday Integrative Health Webinar — May 20, 2025: Outperforming Oncologists (CDPM Delivery, TME & NK Exosomes)",True,56,possible,topic/title similarity; insufficient independent evidence,0.186,unknown,aligned,no,yes,Salaheldin Halasa,"halasa,salaheldin"
aosrd-webinars-221-MmQQQCArvdc,aosrd_webinars_youtube,"Hashimoto’s Thyroiditis by Salaheldin Halasa, MD (Video)",hashimoto s thyroiditis by salaheldin halasa md,,MmQQQCArvdc,https://aosrd.org/webinars/,,b2H7gyjRNmbN0l62XtCzeLPovDE,2025-06-24,Research/lectures/clearfield-webinar-2025-06-24,Tuesday Integrative Health Webinar,"Tuesday Integrative Health Webinar — June 24, 2025: Ivermectin & Mebendazole for Cancer Stem Cells & Fibrosis",True,80,possible,topic/title similarity; insufficient independent evidence,0.151,unknown,aligned,no,yes,Salaheldin Halasa,"halasa,salaheldin"
aosrd-webinars-222-7VK4bSpD9t8,aosrd_webinars_youtube,Introduction to Bioidentical Hormones by Dr. William Clearfield (Video),introduction to bioidentical hormones by dr william clearfield,,7VK4bSpD9t8,https://aosrd.org/webinars/,,OlXuXl73V1RAQ4bVYXoakDZMRnU,2026-04-07,Research/lectures/clearfield-webinar-2026-04-07,Tuesday Integrative Health Webinar,"Tuesday Integrative Health Webinar — April 7, 2026: Estrogen Sisters, PT-141 & Xenoestrogen HRT Debate",True,59,possible,topic/title similarity; insufficient independent evidence,0.325,unknown,aligned,yes,yes,William Clearfield,"bioidentical,hormones"
aosrd-webinars-223-YUkfwX92wGw,aosrd_webinars_youtube,Interleukin-6 The Key to Inflammation by Dr. James Joseph (Video),interleukin-6 the key to inflammation by dr james joseph,,YUkfwX92wGw,https://aosrd.org/webinars/,,xg4V_A-L8_Ob1jKGBewDTtKzOWg,2024-08-13,Research/lectures/clearfield-webinar-2024-08-13,Tuesday Integrative Health Webinar,Tuesday Integrative Health Webinar — CDPM Four Pillars / Redox & Immune Modulation,True,0,possible,topic/title similarity; insufficient independent evidence,0.214,unknown,aligned,no,yes,James Joseph,"james,joseph"
aosrd-webinars-223-YUkfwX92wGw,aosrd_webinars_youtube,Interleukin-6 The Key to Inflammation by Dr. James Joseph (Video),interleukin-6 the key to inflammation by dr james joseph,,YUkfwX92wGw,https://aosrd.org/webinars/,,JAhRYbDDwDsC4em3dazDKyDw4gM,2025-02-05,Research/lectures/clearfield-webinar-2025-02-05,Tuesday Integrative Health Webinar,"Tuesday Integrative Health Webinar — February 5, 2025: Uveal Melanoma Molecular Vulnerabilities",True,75,possible,topic/title similarity; insufficient independent evidence,0.158,unknown,aligned,no,yes,James Joseph,"james,joseph"
aosrd-webinars-224-qORv5ARtglk,aosrd_webinars_youtube,The Future of Biological Dentistry: Where Do We Go from Here? with Dr. Scott Chandler (Video),the future of biological dentistry where do we go from here with dr scott chandler,,qORv5ARtglk,https://aosrd.org/webinars/,https://aosrd.org/wp-content/uploads/2022/06/The-Future-of-Biological-Dentistry-by-Dr-Scott-Chandler.pdf,,,,,,,,no_match,no reasonable otter candidate,,unknown,unknown,no,yes,Scott Chandler,
aosrd-webinars-225-UU98xo0Fl_s,aosrd_webinars_youtube,"Substance Abuse in OMT, PMR, and Pain Management Medicine with Dr. David Leszkovitz (Video)",substance abuse in omt pmr and pain management medicine with dr david leszkovitz,,UU98xo0Fl_s,https://aosrd.org/webinars/,,,,,,,,,no_match,no reasonable otter candidate,,unknown,unknown,no,yes,David Leszkovitz,
aosrd-webinars-226,aosrd_webinars_vimeo,The Courage to Face Covid-19 By Dr. Peter Mccullough (Video),the courage to face covid coronavirus covid-19-19 by dr peter mccullough,,,https://aosrd.org/webinars/,https://aosrd.org/the-courage-to-face-covid-with-dr-peter-mccullough-2/,,,,,,,,no_match,no reasonable otter candidate,,unknown,unknown,no,yes,Peter Mccullough,
aosrd-webinars-227-FNuUgbmOf44,aosrd_webinars_youtube,Discovering the Path to Health by Dr. Mark Lafferty (Video),discovering the path to health by dr mark lafferty,,FNuUgbmOf44,https://aosrd.org/webinars/,,,,,,,,,no_match,no reasonable otter candidate,,unknown,unknown,no,yes,Mark Lafferty,
aosrd-webinars-228-YApM3jxDJuc,aosrd_webinars_youtube,The Role of Angiotensin-Converting Enzyme 2 in Sars-CoV 2 by Dr. Halasa,the role of angiotensin-converting enzyme 2 in sars-cov 2 by dr halasa,,YApM3jxDJuc,https://aosrd.org/webinars/,,,,,,,,,no_match,no reasonable otter candidate,,unknown,unknown,no,yes,Halasa,
aosrd-webinars-229,aosrd_webinars_vimeo,Pathophysiologic Rationale for Early Treatment of COVID-19 with Dr. Peter McCoullough,pathophysiologic rationale for early treatment of covid coronavirus covid-19-19 with dr peter mccoullough,,,https://aosrd.org/webinars/,,,,,,,,,no_match,no reasonable otter candidate,,unknown,unknown,no,yes,Peter McCoullough,
aosrd-webinars-230-P7DyhMvm0SA,aosrd_webinars_youtube,Anti-Aging Medicine with Dr. Mikhail Berman (Video),anti-aging medicine with dr mikhail berman,,P7DyhMvm0SA,https://aosrd.org/webinars/,https://aosrd.org/anti-aging-medicine-with-dr-mikhail-berman/,,,,,,,,no_match,no reasonable otter candidate,,unknown,unknown,no,yes,Mikhail Berman,
aosrd-webinars-231-HNjzfx3w6U4,aosrd_webinars_youtube,US Canada Hormone Conference Progesterone (Video),us canada hormone conference progesterone,,HNjzfx3w6U4,https://aosrd.org/webinars/,,,,,,,,,no_match,no reasonable otter candidate,,unknown,unknown,no,yes,,
aosrd-webinars-232-rqFCphSMW1o,aosrd_webinars_youtube,Integrative Medicine and the Law by Judge Egan Walker (Video),integrative medicine and the law by judge egan walker,,rqFCphSMW1o,https://aosrd.org/webinars/,https://aosrd.org/integrative-medicine-and-the-law-by-judge-egan-walker/,,,,,,,,no_match,no reasonable otter candidate,,unknown,unknown,no,yes,Judge Egan Walker,
aosrd-webinars-233-GFCg9tySvGI,aosrd_webinars_youtube,"New Horizons in Cancer Treatment by Kalapana Patel, MD (Video)",new horizons in cancer treatment by kalapana patel md,,GFCg9tySvGI,https://aosrd.org/webinars/,https://aosrd.org/new-horizons-in-cancer-treatment-kalapana-patel-md/,,,,,,,,no_match,no reasonable otter candidate,,unknown,unknown,no,yes,Horizons; Kalapana Patel,
aosrd-webinars-234-5xpAcQ8J7hE,aosrd_webinars_youtube,"Frequency Specific Microcurrent by Carol McMakin, MA,DC (Video)",frequency specific microcurrent by carol mcmakin ma dc,,5xpAcQ8J7hE,https://aosrd.org/webinars/,https://aosrd.org/frequency-specific-microcurrent-by-carol-mcmakin-madc/,,,,,,,,no_match,no reasonable otter candidate,,unknown,unknown,no,yes,Carol McMakin,
aosrd-webinars-235-4ErgdNqYbRc,aosrd_webinars_youtube,Integrative Immuno Oncology Part 2 by Dr. Salaheldin Halasa (Video),integrative immuno oncology part 2 by dr salaheldin halasa,,4ErgdNqYbRc,https://aosrd.org/webinars/,https://aosrd.org/integrative-immuno-oncology-salaheldin-halasa-md/,SdzXWjorAW2NkmSfJoC1PdOzwAE,2025-05-20,Research/lectures/clearfield-webinar-2025-05-20,Tuesday Integrative Health Webinar,"Tuesday Integrative Health Webinar — May 20, 2025: Outperforming Oncologists (CDPM Delivery, TME & NK Exosomes)",True,56,variant_derivative,topic/title similarity; insufficient independent evidence; shorter/segment/brief-style representation,0.31,unknown,aligned,yes,yes,Salaheldin Halasa,"halasa,oncology,salaheldin"
aosrd-webinars-235-4ErgdNqYbRc,aosrd_webinars_youtube,Integrative Immuno Oncology Part 2 by Dr. Salaheldin Halasa (Video),integrative immuno oncology part 2 by dr salaheldin halasa,,4ErgdNqYbRc,https://aosrd.org/webinars/,https://aosrd.org/integrative-immuno-oncology-salaheldin-halasa-md/,b2H7gyjRNmbN0l62XtCzeLPovDE,2025-06-24,Research/lectures/clearfield-webinar-2025-06-24,Tuesday Integrative Health Webinar,"Tuesday Integrative Health Webinar — June 24, 2025: Ivermectin & Mebendazole for Cancer Stem Cells & Fibrosis",True,80,variant_derivative,topic/title similarity; insufficient independent evidence; shorter/segment/brief-style representation,0.308,unknown,aligned,yes,yes,Salaheldin Halasa,"halasa,oncology,salaheldin"
aosrd-webinars-235-4ErgdNqYbRc,aosrd_webinars_youtube,Integrative Immuno Oncology Part 2 by Dr. Salaheldin Halasa (Video),integrative immuno oncology part 2 by dr salaheldin halasa,,4ErgdNqYbRc,https://aosrd.org/webinars/,https://aosrd.org/integrative-immuno-oncology-salaheldin-halasa-md/,JAhRYbDDwDsC4em3dazDKyDw4gM,2025-02-05,Research/lectures/clearfield-webinar-2025-02-05,Tuesday Integrative Health Webinar,"Tuesday Integrative Health Webinar — February 5, 2025: Uveal Melanoma Molecular Vulnerabilities",True,75,variant_derivative,topic/title similarity; insufficient independent evidence; shorter/segment/brief-style representation,0.138,unknown,aligned,yes,yes,Salaheldin Halasa,"halasa,integrative"
aosrd-webinars-236-JdOL-00shnA,aosrd_webinars_youtube,"Chronic Fatigue Syndrome by Dr. Jacob Teitelbaum March 15, 2022 (Video)",chronic fatigue syndrome by dr jacob teitelbaum march 15 2022,2022-03-15,JdOL-00shnA,https://aosrd.org/webinars/,https://aosrd.org/chronic-fatigue-syndrome/,eEDmdeOTNokKYKUadQuO_9gDjuo,2026-02-25,Research/lectures/clearfield-webinar-2026-02-25,Tuesday Integrative Health Webinar,"Tuesday Integrative Health Webinar — February 25, 2026: Psilocybin Tip, Lean PCOS & Hashimoto Phase 2 Case",True,108,possible,topic/title similarity; insufficient independent evidence,0.284,divergent,aligned,no,yes,Jacob Teitelbaum March,"syndrome,teitelbaum"
aosrd-webinars-237-p59K6kGBP-Y,aosrd_webinars_youtube,Integrative Immuno Oncology by Dr. Salaheldin Halasa (Video),integrative immuno oncology by dr salaheldin halasa,,p59K6kGBP-Y,https://aosrd.org/webinars/,https://aosrd.org/integrative-immuno-oncology-salaheldin-halasa-md/,b2H7gyjRNmbN0l62XtCzeLPovDE,2025-06-24,Research/lectures/clearfield-webinar-2025-06-24,Tuesday Integrative Health Webinar,"Tuesday Integrative Health Webinar — June 24, 2025: Ivermectin & Mebendazole for Cancer Stem Cells & Fibrosis",True,80,possible,topic/title similarity; insufficient independent evidence,0.325,unknown,aligned,no,yes,Salaheldin Halasa,"halasa,oncology,salaheldin"
aosrd-webinars-237-p59K6kGBP-Y,aosrd_webinars_youtube,Integrative Immuno Oncology by Dr. Salaheldin Halasa (Video),integrative immuno oncology by dr salaheldin halasa,,p59K6kGBP-Y,https://aosrd.org/webinars/,https://aosrd.org/integrative-immuno-oncology-salaheldin-halasa-md/,SdzXWjorAW2NkmSfJoC1PdOzwAE,2025-05-20,Research/lectures/clearfield-webinar-2025-05-20,Tuesday Integrative Health Webinar,"Tuesday Integrative Health Webinar — May 20, 2025: Outperforming Oncologists (CDPM Delivery, TME & NK Exosomes)",True,56,possible,topic/title similarity; insufficient independent evidence,0.295,unknown,aligned,no,yes,Salaheldin Halasa,"halasa,oncology,salaheldin"
aosrd-webinars-238-oMjTc20O6Ps,aosrd_webinars_youtube,What I Learned from the Osteopathic Masters-Dr. William Richwine (Video),what i learned from the osteopathic masters-dr william richwine,,oMjTc20O6Ps,https://aosrd.org/webinars/,https://aosrd.org/wp-content/uploads/2022/03/What-I-learned-from-the-Osteopathic-Masters-and....-Richwine-William-final-2022.0301-pdf.pdf,,,,,,,,no_match,no reasonable otter candidate,,unknown,unknown,no,yes,William Richwine,
aosrd-webinars-239-NsYPG3wCjiY,aosrd_webinars_youtube,Dermatology Review: Top Ten Chronic Conditions (Part 1) by Dr. Mike Boehmer (Video),dermatology review top ten chronic conditions part 1 by dr mike boehmer,,NsYPG3wCjiY,https://aosrd.org/webinars/,,,,,,,,,no_match,no reasonable otter candidate,,unknown,unknown,yes,yes,Mike Boehmer,
aosrd-webinars-240-HThPoDCqANk,aosrd_webinars_youtube,Physician Burnout-A Real Problem and a Way Forward by Dr. Yusuf Erskine (Video),physician burnout-a real problem and a way forward by dr yusuf erskine,,HThPoDCqANk,https://aosrd.org/webinars/,,,,,,,,,no_match,no reasonable otter candidate,,unknown,unknown,no,yes,Yusuf Erskine,
aosrd-webinars-241-nqr6cW4Gw_A,aosrd_webinars_youtube,Biological Dentistry by Dr. Scott Chandler (Video),biological dentistry by dr scott chandler,,nqr6cW4Gw_A,https://aosrd.org/webinars/,https://aosrd.org/wp-content/uploads/2022/06/The-Future-of-Biological-Dentistry-by-Dr-Scott-Chandler.pdf,,,,,,,,no_match,no reasonable otter candidate,,unknown,unknown,no,yes,Scott Chandler,
aosrd-webinars-242-tiIDS69FRkQ,aosrd_webinars_youtube,Pairing Nutrition with Regenerative Medicine by Dr. Brad Watts – Video,pairing nutrition with regenerative medicine by dr brad watts -,,tiIDS69FRkQ,https://aosrd.org/webinars/,https://aosrd.org/pairing-nutrition-with-regenerative-medicine-by-dr-brad-watts/,0pIRZSR5hLU8vZNbqCJ9pLpRE9M,2025-03-05,Research/lectures/clearfield-webinar-2025-03-05,Tuesday Integrative Health Webinar,"Tuesday Integrative Health Webinar — March 5, 2025: Culinary Translation & Health-Supportive Eating in Cancer Care",True,111,possible,topic/title similarity; insufficient independent evidence,0.386,unknown,partial:Regenerative Medicine,no,yes,Regenerative Medicine; Brad Watts,"medicine,nutrition"
aosrd-webinars-242-tiIDS69FRkQ,aosrd_webinars_youtube,Pairing Nutrition with Regenerative Medicine by Dr. Brad Watts – Video,pairing nutrition with regenerative medicine by dr brad watts -,,tiIDS69FRkQ,https://aosrd.org/webinars/,https://aosrd.org/pairing-nutrition-with-regenerative-medicine-by-dr-brad-watts/,hxlUjPAXSClySIs4HN1P0CWe_Qk,2026-06-16,Research/lectures/clearfield-webinar-2026-06-16,Tuesday Integrative Health Webinar,"Tuesday Integrative Health Webinar — June 16, 2026: Carbon 60 (Bob Greska) & Regenerative Cofactors",True,84,possible,topic/title similarity; insufficient independent evidence,0.358,unknown,partial:Regenerative Medicine,no,yes,Regenerative Medicine; Brad Watts,"pairing,regenerative"
aosrd-webinars-243-4b4B8KsuzqI,aosrd_webinars_youtube,"Homeostasis Hormesis and Chemical Sensitivity by Dr. Kalapala Patel January 25, 2022 -Video",homeostasis hormesis and chemical sensitivity by dr kalapala patel january 25 2022 -,2022-01-25,4b4B8KsuzqI,https://aosrd.org/webinars/,,,,,,,,,no_match,no reasonable otter candidate,,no_candidate,unknown,no,yes,Kalapala Patel January,
aosrd-webinars-244-DwiLCdt69H4,aosrd_webinars_youtube,"Solutions on Suicide January 18, 2022 by Joel Peterson -Video",solutions on suicide january 18 2022 by joel peterson -,2022-01-18,DwiLCdt69H4,https://aosrd.org/webinars/,https://aosrd.org/solutions-on-suicide-january-18-2022-by-joel-peterson/,FbRyr7EkkewAoPTmXbK9DtUiA_Y,2024-09-24,Research/lectures/clearfield-webinar-2024-09-24,Tuesday Integrative Health Webinar,"Tuesday Integrative Health Webinar — September 24, 2024: Drug-Induced Nutrient Depletion & Nitric Oxide",True,0,possible,topic/title similarity; insufficient independent evidence,0.182,divergent,aligned,no,yes,Joel Peterson,"joel,peterson"
aosrd-webinars-245-y3Fz32zWP10,aosrd_webinars_youtube,Hypo and Hyperthyroidismare One Internal Disease with Two Different Manifestations by Dr. Parvin Zarrin – Video,hypo and hyperthyroidismare one internal disease with two different manifestations by dr parvin zarrin -,,y3Fz32zWP10,https://aosrd.org/webinars/,https://aosrd.org/hypo-and-hyperthyroidism-are-one-internal-disease/,,,,,,,,no_match,no reasonable otter candidate,,unknown,unknown,no,yes,Two Different Manifestations; Parvin Zarrin,
aosrd-webinars-246-zBHk2MN9ql8,aosrd_webinars_youtube,AMPK to Manage Chronic Diseases by Dr. Michael Karlfeldt,ampk to manage chronic diseases by dr michael karlfeldt,,zBHk2MN9ql8,https://aosrd.org/webinars/,,FHVn8qFG7pov0fVMLuuVpKan1hA,2025-07-15,Research/lectures/clearfield-webinar-2025-07-15,Tuesday Integrative Health Webinar,"Tuesday Integrative Health Webinar — July 15, 2025: TBI Care Models & Post-Injury Hormones",True,77,possible,topic/title similarity; insufficient independent evidence,0.222,unknown,aligned,no,yes,Michael Karlfeldt,"chronic,michael"
aosrd-webinars-247-d0Eh9F8KA6M,aosrd_webinars_youtube,"Estrogen and Immune Function in Women by Dr. Felice Gersh, December 28, 2021",estrogen and immune function in women by dr felice gersh december 28 2021,2021-12-28,d0Eh9F8KA6M,https://aosrd.org/webinars/,,OL_Ukp1RYjVvnjsMHnF2eXCXDC8,2024-10-01,Research/lectures/clearfield-webinar-2024-10-01,Tuesday Integrative Health Webinar,"Tuesday Integrative Health Webinar — October 1, 2024: Physiologic Menopausal HRT with Felice Gersh",True,0,possible,topic/title similarity; insufficient independent evidence,0.395,divergent,aligned,no,yes,Felice Gersh,"estrogen,felice,gersh,immune"
aosrd-webinars-248-qOXpT2wIfTc,aosrd_webinars_youtube,"Quantum Anti-Aging by Dr. Parvin Zarrin, December 21, 2021",quantum anti-aging by dr parvin zarrin december 21 2021,2021-12-21,qOXpT2wIfTc,https://aosrd.org/webinars/,,,,,,,,,no_match,no reasonable otter candidate,,no_candidate,unknown,no,yes,Parvin Zarrin,
aosrd-webinars-249-3mTLksPwJyo,aosrd_webinars_youtube,"Mycotoxins and Autoimmunity by Andrew Campbell, MD, Dec 14, 2021",mycotoxins and autoimmunity by andrew campbell md dec 14 2021,2021-12-14,3mTLksPwJyo,https://aosrd.org/webinars/,https://aosrd.org/wp-content/uploads/2021/12/Mold-and-Mycotoxins-1021.pdf,v3Md09l1C_mz3hrDPWngln5SYQw,2025-09-09,Research/lectures/clearfield-webinar-2025-09-09,Tuesday Integrative Health Webinar,"Tuesday Integrative Health Webinar — Mold, Mycotoxins & Vitamin C Safety",True,115,possible,topic/title similarity; insufficient independent evidence,0.412,divergent,aligned,no,yes,Andrew Campbell,"andrew,campbell,mycotoxins"
aosrd-webinars-249-3mTLksPwJyo,aosrd_webinars_youtube,"Mycotoxins and Autoimmunity by Andrew Campbell, MD, Dec 14, 2021",mycotoxins and autoimmunity by andrew campbell md dec 14 2021,2021-12-14,3mTLksPwJyo,https://aosrd.org/webinars/,https://aosrd.org/wp-content/uploads/2021/12/Mold-and-Mycotoxins-1021.pdf,hFcw5MS7FSAuXJGFcnPHqL6j1gM,2025-01-22,Research/lectures/clearfield-webinar-2025-01-22,Tuesday Integrative Health Webinar,"Tuesday Integrative Health Webinar — January 22, 2025: Mold, Mycotoxins & the Sinus–Brain Axis (Dr. Dennis)",True,177,possible,topic/title similarity; insufficient independent evidence,0.346,divergent,aligned,no,yes,Andrew Campbell,"campbell,mycotoxins"
aosrd-webinars-250-gc0Dld2T9Eg,aosrd_webinars_youtube,"Fascia, Pain Modulation and Autoimmunity by Kathleen O’Neil Smith, MD, December 7, 2021",fascia pain modulation and autoimmunity by kathleen o neil smith md december 7 2021,2021-12-07,gc0Dld2T9Eg,https://aosrd.org/webinars/,,,,,,,,,no_match,no reasonable otter candidate,,no_candidate,unknown,no,yes,Kathleen,
aosrd-webinars-251-cb7usLlOMJQ,aosrd_webinars_youtube,Current Covid 19 Management with Dr.. Peter McCullough and Dr. Salaheldin Halasa,current covid coronavirus covid-19 19 management with dr peter mccullough and dr salaheldin halasa,,cb7usLlOMJQ,https://aosrd.org/webinars/,,SdzXWjorAW2NkmSfJoC1PdOzwAE,2025-05-20,Research/lectures/clearfield-webinar-2025-05-20,Tuesday Integrative Health Webinar,"Tuesday Integrative Health Webinar — May 20, 2025: Outperforming Oncologists (CDPM Delivery, TME & NK Exosomes)",True,56,possible,topic/title similarity; insufficient independent evidence,0.237,unknown,partial:Salaheldin Halasa,no,yes,Dr.. Peter McCullough; Salaheldin Halasa,"halasa,salaheldin"
aosrd-webinars-251-cb7usLlOMJQ,aosrd_webinars_youtube,Current Covid 19 Management with Dr.. Peter McCullough and Dr. Salaheldin Halasa,current covid coronavirus covid-19 19 management with dr peter mccullough and dr salaheldin halasa,,cb7usLlOMJQ,https://aosrd.org/webinars/,,b2H7gyjRNmbN0l62XtCzeLPovDE,2025-06-24,Research/lectures/clearfield-webinar-2025-06-24,Tuesday Integrative Health Webinar,"Tuesday Integrative Health Webinar — June 24, 2025: Ivermectin & Mebendazole for Cancer Stem Cells & Fibrosis",True,80,possible,topic/title similarity; insufficient independent evidence,0.212,unknown,partial:Salaheldin Halasa,no,yes,Dr.. Peter McCullough; Salaheldin Halasa,"halasa,salaheldin"
aosrd-webinars-251-cb7usLlOMJQ,aosrd_webinars_youtube,Current Covid 19 Management with Dr.. Peter McCullough and Dr. Salaheldin Halasa,current covid coronavirus covid-19 19 management with dr peter mccullough and dr salaheldin halasa,,cb7usLlOMJQ,https://aosrd.org/webinars/,,GUt4yZgCp4lNVboAnJBHNMsHO7A,2025-05-06,Research/lectures/clearfield-webinar-2025-05-06,Tuesday Integrative Health Webinar,"Tuesday Integrative Health Webinar — May 6, 2025: Male Aromatization & Aromatase Blockade on TRT",True,44,possible,topic/title similarity; insufficient independent evidence,0.178,unknown,partial:Salaheldin Halasa,no,yes,Dr.. Peter McCullough; Salaheldin Halasa,"halasa,management"
aosrd-webinars-252-n5NAl-lGTrA,aosrd_webinars_youtube,“Low Dose Naltrexone” by Dr William Clearfield,low dose naltrexone by dr william clearfield,,n5NAl-lGTrA,https://aosrd.org/webinars/,,,,,,,,,no_match,no reasonable otter candidate,,unknown,unknown,no,yes,Dose Naltrexone; William Clearfield,
aosrd-webinars-253-r_CPjBXzeNI,aosrd_webinars_youtube,"Good and Bad Electromagnetic Fields Jami and Dr Rugerrio, November 23, 2021",good and bad electromagnetic fields jami and dr rugerrio november 23 2021,2021-11-23,r_CPjBXzeNI,https://aosrd.org/webinars/,,,,,,,,,no_match,no reasonable otter candidate,,no_candidate,unknown,no,yes,Rugerrio,
aosrd-webinars-254-airYs7uvexw,aosrd_webinars_youtube,Targeting the Innate Repair Receptor to Treat Neuropathy Speakers Dr. James Joseph,targeting the innate repair receptor to treat neuropathy speakers dr james joseph,,airYs7uvexw,https://aosrd.org/webinars/,,xg4V_A-L8_Ob1jKGBewDTtKzOWg,2024-08-13,Research/lectures/clearfield-webinar-2024-08-13,Tuesday Integrative Health Webinar,Tuesday Integrative Health Webinar — CDPM Four Pillars / Redox & Immune Modulation,True,0,possible,topic/title similarity; insufficient independent evidence,0.188,unknown,aligned,no,yes,James Joseph,"james,joseph,neuropathy,speakers"
aosrd-webinars-255-R84GqIcx9VE,aosrd_webinars_youtube,"The Benefits of Adding Safe, Regular, and Effective Corrective Exercise Therapy to Supplement Pharmacological and Homeopathic Remedies. – Dr. David Neuman – Dr. David Neuman",the benefits of adding safe regular and effective corrective exercise therapy to supplement pharmacological and homeopathic remedies - dr david neuman - dr david neuman,,R84GqIcx9VE,https://aosrd.org/webinars/,,,,,,,,,no_match,no reasonable otter candidate,,unknown,unknown,no,yes,David Neuman,
aosrd-webinars-256-6autPt87jWw,aosrd_webinars_youtube,"Unlocking the Power of Nanotechnology to Prevent and Remedy Chronic Disease by Salaheldin Halasa, MD",unlocking the power of nanotechnology to prevent and remedy chronic disease by salaheldin halasa md,,6autPt87jWw,https://aosrd.org/webinars/,,3BvIJDrhEXHdWPee7Ztw2x6EmdE,2025-12-10,Research/lectures/clearfield-webinar-2025-12-10,Tuesday Integrative Health Webinar,"Tuesday Integrative Health Webinar — December 10, 2025: Nanotechnology, Adaptogens & Holiday Metabolic Botanicals (Saleya / Nario)",True,129,possible,topic/title similarity; insufficient independent evidence,0.455,unknown,aligned,no,yes,Salaheldin Halasa,"halasa,nanotechnology"
aosrd-webinars-257-qtvJw-wtpJs,aosrd_webinars_youtube,Chronic Fatigue-Chronic Infections by Dr. Kalapana Patel 19 Oct 2021,chronic fatigue-chronic infections by dr kalapana patel 19 oct 2021,2021-10-19,qtvJw-wtpJs,https://aosrd.org/webinars/,,,,,,,,,no_match,no reasonable otter candidate,,no_candidate,unknown,no,yes,Kalapana Patel,
aosrd-webinars-258-z-CQdM_XfG8,aosrd_webinars_youtube,The Glutathione Revolution The Future of Anti Aging Medicine by Dr. Nayan Patel and Dr. Ray Yutani,the glutathione revolution the future of anti aging medicine by dr nayan patel and dr ray yutani,,z-CQdM_XfG8,https://aosrd.org/webinars/,,JAhRYbDDwDsC4em3dazDKyDw4gM,2025-02-05,Research/lectures/clearfield-webinar-2025-02-05,Tuesday Integrative Health Webinar,"Tuesday Integrative Health Webinar — February 5, 2025: Uveal Melanoma Molecular Vulnerabilities",True,75,possible,topic/title similarity; insufficient independent evidence,0.208,unknown,partial:Nayan Patel,no,yes,Nayan Patel; Ray Yutani,"medicine,patel"
aosrd-webinars-259-UmYaeBbRYyw,aosrd_webinars_youtube,Covid 19 Management for the Vaccinated and Unvaccinated by Dr. Dan Stock,covid coronavirus covid-19 19 management for the vaccinated and unvaccinated by dr dan stock,,UmYaeBbRYyw,https://aosrd.org/webinars/,,,,,,,,,no_match,no reasonable otter candidate,,unknown,unknown,no,yes,Dan Stock,
aosrd-webinars-260-mk8ixh0kmig,aosrd_webinars_youtube,"The Role of Nutrition in Chronic Disease Management – Dr. John Swartz – Sep 7, 2021",the role of nutrition in chronic disease management - dr john swartz - sep 7 2021,2021-09-07,mk8ixh0kmig,https://aosrd.org/webinars/,,Se28ZvfBuNMYHNmwQG9ua7gbTWk,2026-03-10,Research/lectures/clearfield-webinar-2026-03-10,Tuesday Integrative Health Webinar,"Tuesday Integrative Health Webinar — March 10, 2026: Paul Clayton Pharmaco-Nutrition & GHK-Cu",True,83,possible,topic/title similarity; insufficient independent evidence,0.234,divergent,aligned,no,yes,John Swartz,"chronic,disease,john,nutrition"
aosrd-webinars-261-qVX_h6blAQw,aosrd_webinars_youtube,"Medical Intuition by Terri Jay  Aug 31, 2021 – Video",medical intuition by terri jay aug 31 2021 -,2021-08-31,qVX_h6blAQw,https://aosrd.org/webinars/,https://aosrd.org/wp-content/uploads/2021/09/PowerPoint-for-Doctors-Terri-Jay-2.pdf,,,,,,,,no_match,no reasonable otter candidate,,no_candidate,unknown,no,yes,Terri Jay  Aug,
aosrd-webinars-262-z21aTYjo4Us,aosrd_webinars_youtube,"Covid 19 Protocols By Dr. Mike Boehmer, Amex Pharmacy – 27 Aug 2021",covid coronavirus covid-19 19 protocols by dr mike boehmer amex pharmacy - 27 aug 2021,2021-08-27,z21aTYjo4Us,https://aosrd.org/webinars/,,hQzjA4-OBAL6Qn7OOOywEISWs3I,2025-07-08,Research/lectures/clearfield-webinar-2025-07-08,Tuesday Integrative Health Webinar,"Tuesday Integrative Health Webinar — July 8, 2025: Photobiomodulation & PCOS Tribulus Tip",True,79,possible,topic/title similarity; insufficient independent evidence,0.11,divergent,aligned,no,yes,Mike Boehmer,"coronavirus,covid,covid-19,mike,protocols"
aosrd-webinars-263-lCzuTx9LKnQ,aosrd_webinars_youtube,"Chronic Fatigue Syndrome: Road to Resolution: Dr. Todd Born Aug 17, 2021 – Video",chronic fatigue syndrome road to resolution dr todd born aug 17 2021 -,2021-08-17,lCzuTx9LKnQ,https://aosrd.org/webinars/,https://aosrd.org/wp-content/uploads/2021/08/Chronic-Fatigue-Syndrome-ASORD-1.pdf,CMNjlQbT2xu4NqL-9gu4VQSt0mo,2024-08-06,Research/lectures/clearfield-webinar-2024-08-06,Tuesday Integrative Health Webinar,"Tuesday Integrative Health Webinar — August 6, 2024: Gut Microbiome, Postbiotic Metabolites & Oral Probiotic Dilemma",True,0,possible,topic/title similarity; insufficient independent evidence,0.216,divergent,aligned,no,yes,Todd Born Aug,"chronic,fatigue"
aosrd-webinars-264-hGZgCspkuI8,aosrd_webinars_youtube,"Endocannabinoid Receptors and Medical Cannabis b Dr. Jeffrey Block, Aug 10, 2021 – Video",endocannabinoid receptors and medical cannabis b dr jeffrey block aug 10 2021 -,2021-08-10,hGZgCspkuI8,https://aosrd.org/webinars/,,XFeeYcx6xIW9i1HcL0VfsCVvAjY,2024-09-17,Research/lectures/clearfield-webinar-2024-09-17,Tuesday Integrative Health Webinar,"Tuesday Integrative Health Webinar — September 17, 2024: Evolving Cannabis Space, ECS & Evidence (Jeffrey Block)",True,0,possible,topic/title similarity; insufficient independent evidence,0.424,divergent,aligned,no,yes,Jeffrey Block,"block,cannabis,endocannabinoid,jeffrey,medical,receptors"
aosrd-webinars-265-iYwInlyFKnQ,aosrd_webinars_youtube,"Natural Immunity via Homeopathic Medicine vs Artificial Immunity via Vaccination by Dr Parvin Zarrin, Aug 3, 2021",natural immunity via homeopathic medicine vs artificial immunity via vaccination by dr parvin zarrin aug 3 2021,2021-08-03,iYwInlyFKnQ,https://aosrd.org/webinars/,,,,,,,,,no_match,no reasonable otter candidate,,no_candidate,unknown,no,yes,Parvin Zarrin,
aosrd-webinars-266-qviA4DV_pH4,aosrd_webinars_youtube,"Neural Therapy, Dr. John Burgess – July 27, 2021 – Video",neural therapy dr john burgess - july 27 2021 -,2021-07-27,qviA4DV_pH4,https://aosrd.org/webinars/,,VwrSvok1RCW2X3iJ_Kwbd8JK6k8,2025-11-12,Research/lectures/clearfield-webinar-2025-11-12,Tuesday Integrative Health Webinar,"Tuesday Integrative Health Webinar — November 12, 2025: Neural Therapy (Voltage, Scars & Segmental Regulation)",True,180,possible,topic/title similarity; insufficient independent evidence,0.41,divergent,aligned,no,yes,John Burgess,"burgess,john,neural,therapy"
aosrd-webinars-267-60tKHG3mlyg,aosrd_webinars_youtube,Histories in Antiaging Medicine Dr. Kanapala Patel – 23 Jul 2021,histories in antiaging medicine dr kanapala patel - 23 jul 2021,2021-07-23,60tKHG3mlyg,https://aosrd.org/webinars/,,JAhRYbDDwDsC4em3dazDKyDw4gM,2025-02-05,Research/lectures/clearfield-webinar-2025-02-05,Tuesday Integrative Health Webinar,"Tuesday Integrative Health Webinar — February 5, 2025: Uveal Melanoma Molecular Vulnerabilities",True,75,possible,topic/title similarity; insufficient independent evidence,0.116,divergent,aligned,no,yes,Kanapala Patel,"medicine,patel"
aosrd-webinars-268-2cecK4Jk2vw,aosrd_webinars_youtube,"Genetic Snips and COVID-19 Severity by Dr. Cheryl Ortel July 6, 2021 – Video",genetic snips and covid coronavirus covid-19-19 severity by dr cheryl ortel july 6 2021 -,2021-07-06,2cecK4Jk2vw,https://aosrd.org/webinars/,https://aosrd.org/wp-content/uploads/2021/07/Genetic-Snips-and-COVID-19-Severity-7.6.21.pdf,4qg44PRw27Y2Jbzl7MXMYCX0HuI,2025-04-15,Research/lectures/clearfield-webinar-2025-04-15,Tuesday Integrative Health Webinar,"Tuesday Integrative Health Webinar — April 15, 2025: Immunosenescence & Four-Pillar Immune Formula",True,67,possible,topic/title similarity; insufficient independent evidence,0.16,divergent,aligned,no,yes,Cheryl Ortel July,"coronavirus,covid"
aosrd-webinars-268-2cecK4Jk2vw,aosrd_webinars_youtube,"Genetic Snips and COVID-19 Severity by Dr. Cheryl Ortel July 6, 2021 – Video",genetic snips and covid coronavirus covid-19-19 severity by dr cheryl ortel july 6 2021 -,2021-07-06,2cecK4Jk2vw,https://aosrd.org/webinars/,https://aosrd.org/wp-content/uploads/2021/07/Genetic-Snips-and-COVID-19-Severity-7.6.21.pdf,hQzjA4-OBAL6Qn7OOOywEISWs3I,2025-07-08,Research/lectures/clearfield-webinar-2025-07-08,Tuesday Integrative Health Webinar,"Tuesday Integrative Health Webinar — July 8, 2025: Photobiomodulation & PCOS Tribulus Tip",True,79,possible,topic/title similarity; insufficient independent evidence,0.144,divergent,aligned,no,yes,Cheryl Ortel July,"coronavirus,covid"
aosrd-webinars-269-egztdM6XALY,aosrd_webinars_youtube,"COVID 19 Pathology and Treatment S Halasa Dec 22, 2020",covid coronavirus covid-19 19 pathology and treatment s halasa dec 22 2020,2020-12-22,egztdM6XALY,https://aosrd.org/webinars/,,,,,,,,,no_match,no reasonable otter candidate,,no_candidate,unknown,no,yes,,
aosrd-webinars-270-2WBm0BYOddM,aosrd_webinars_youtube,The Endocrinology of Autism-Condensed Version,the endocrinology of autism-condensed version,,2WBm0BYOddM,https://aosrd.org/webinars/,,,,,,,,,no_match,no reasonable otter candidate,,unknown,unknown,no,yes,,
aosrd-webinars-271-nh8HbHLxrR0,aosrd_webinars_youtube,Chronic DIsease Management Kathleen ONeil Smith,chronic disease management kathleen oneil smith,,nh8HbHLxrR0,https://aosrd.org/webinars/,,,,,,,,,no_match,no reasonable otter candidate,,unknown,unknown,no,yes,,
aosrd-webinars-272-JV1b52oVfdE,aosrd_webinars_youtube,Optimization of Nutrition by Dr John Swartz – Video,optimization of nutrition by dr john swartz -,,JV1b52oVfdE,https://aosrd.org/webinars/,,Se28ZvfBuNMYHNmwQG9ua7gbTWk,2026-03-10,Research/lectures/clearfield-webinar-2026-03-10,Tuesday Integrative Health Webinar,"Tuesday Integrative Health Webinar — March 10, 2026: Paul Clayton Pharmaco-Nutrition & GHK-Cu",True,83,possible,topic/title similarity; insufficient independent evidence,0.376,unknown,aligned,no,yes,John Swartz,"john,nutrition"
aosrd-webinars-273-U0qonhUyVEg,aosrd_webinars_youtube,Optimization of Nutrition by Dr John Swartz- VIdeo,optimization of nutrition by dr john swartz-,,U0qonhUyVEg,https://aosrd.org/webinars/,,Se28ZvfBuNMYHNmwQG9ua7gbTWk,2026-03-10,Research/lectures/clearfield-webinar-2026-03-10,Tuesday Integrative Health Webinar,"Tuesday Integrative Health Webinar — March 10, 2026: Paul Clayton Pharmaco-Nutrition & GHK-Cu",True,83,possible,topic/title similarity; insufficient independent evidence,0.38,unknown,aligned,no,yes,John Swartz- VIdeo,"john,nutrition"
aosrd-webinars-274-RlSklPXfamk,aosrd_webinars_youtube,Endothelial Dysfunction Dr Mary Babcock – Video,endothelial dysfunction dr mary babcock -,,RlSklPXfamk,https://aosrd.org/webinars/,,GoRuWgRFUBHzZE--rF7qmxgBIOc,2025-06-17,Research/lectures/clearfield-webinar-2025-06-17,Tuesday Integrative Health Webinar,"Tuesday Integrative Health Webinar — June 17, 2025: Mitochondrial Health, CoQ10 Depletion & Cellular Energy",True,65,possible,topic/title similarity; insufficient independent evidence,0.309,unknown,aligned,no,yes,Mary Babcock,"dysfunction,endothelial"
aosrd-webinars-274-RlSklPXfamk,aosrd_webinars_youtube,Endothelial Dysfunction Dr Mary Babcock – Video,endothelial dysfunction dr mary babcock -,,RlSklPXfamk,https://aosrd.org/webinars/,,KPtFIYDuvg1p0CbfNkYIuOVkwIE,2025-10-21,Research/lectures/clearfield-webinar-2025-10-21,Tuesday Integrative Health Webinar,"Tuesday Integrative Health Webinar — October 21, 2025",True,86,possible,topic/title similarity; insufficient independent evidence,0.241,unknown,aligned,no,yes,Mary Babcock,"dysfunction,endothelial"
aosrd-webinars-275-tWfHeTRpBHw,aosrd_webinars_youtube,Endothelial Dysfunction Dr Mary Babcock – Video,endothelial dysfunction dr mary babcock -,,tWfHeTRpBHw,https://aosrd.org/webinars/,,GoRuWgRFUBHzZE--rF7qmxgBIOc,2025-06-17,Research/lectures/clearfield-webinar-2025-06-17,Tuesday Integrative Health Webinar,"Tuesday Integrative Health Webinar — June 17, 2025: Mitochondrial Health, CoQ10 Depletion & Cellular Energy",True,65,possible,topic/title similarity; insufficient independent evidence,0.309,unknown,aligned,no,yes,Mary Babcock,"dysfunction,endothelial"
aosrd-webinars-275-tWfHeTRpBHw,aosrd_webinars_youtube,Endothelial Dysfunction Dr Mary Babcock – Video,endothelial dysfunction dr mary babcock -,,tWfHeTRpBHw,https://aosrd.org/webinars/,,KPtFIYDuvg1p0CbfNkYIuOVkwIE,2025-10-21,Research/lectures/clearfield-webinar-2025-10-21,Tuesday Integrative Health Webinar,"Tuesday Integrative Health Webinar — October 21, 2025",True,86,possible,topic/title similarity; insufficient independent evidence,0.241,unknown,aligned,no,yes,Mary Babcock,"dysfunction,endothelial"
aosrd-webinars-276-xf6_T9mUZKc,aosrd_webinars_youtube,Low Dose Naltrexone in Rheumtolgy by Dr. Pam Smith – Video,low dose naltrexone in rheumtolgy by dr pam smith -,,xf6_T9mUZKc,https://aosrd.org/webinars/,,FbRyr7EkkewAoPTmXbK9DtUiA_Y,2024-09-24,Research/lectures/clearfield-webinar-2024-09-24,Tuesday Integrative Health Webinar,"Tuesday Integrative Health Webinar — September 24, 2024: Drug-Induced Nutrient Depletion & Nitric Oxide",True,0,possible,topic/title similarity; insufficient independent evidence,0.239,unknown,aligned,no,yes,Dose Naltrexone; Pam Smith,"dose,smith"
aosrd-webinars-277-PAwuHkLjBxc,aosrd_webinars_youtube,146th OYG Session | Peptides for Wellness & Brain Function | Dr William Clearfield,146th oyg session peptides for wellness & brain function dr william clearfield,,PAwuHkLjBxc,https://aosrd.org/webinars/,,Zxy20R1uant_QctiZutXLSt-Q-E,2025-03-25,Research/lectures/clearfield-webinar-2025-03-25,Tuesday Integrative Health Webinar,"Tuesday Integrative Health Webinar — March 25, 2025: Laboratory of Functional Medicine",True,159,possible,topic/title similarity; insufficient independent evidence,0.331,unknown,aligned,no,yes,William Clearfield,"function,wellness"
aosrd-webinars-277-PAwuHkLjBxc,aosrd_webinars_youtube,146th OYG Session | Peptides for Wellness & Brain Function | Dr William Clearfield,146th oyg session peptides for wellness & brain function dr william clearfield,,PAwuHkLjBxc,https://aosrd.org/webinars/,,ykfPBSHSL3meBk4yGojbTxMVIpA,2024-10-22,Research/lectures/clearfield-webinar-2024-10-22,Tuesday Integrative Health Webinar,"Tuesday Integrative Health Webinar — October 22, 2024: DHA, Lutein & Zeaxanthin for Brain Health",True,68,possible,topic/title similarity; insufficient independent evidence,0.279,unknown,aligned,no,yes,William Clearfield,"brain,peptides"
aosrd-webinars-278-cFsYIDESXoE,aosrd_webinars_youtube,"Managing Post-Covid 19 Stroke, Heart Failure and Vascular Thrombosis by Dr. James Joseph",managing post-covid coronavirus covid-19 19 stroke heart failure and vascular thrombosis by dr james joseph,,cFsYIDESXoE,https://aosrd.org/webinars/,,8zWbW6QDW1P91M_Tbf8iqD9f8TQ,2025-09-16,Research/lectures/clearfield-webinar-2025-09-16,Tuesday Integrative Health Webinar,"Tuesday Integrative Health Webinar — September 16, 2025: Oil Pulling, Indigenous Medicine & AI Bias",True,2,possible,topic/title similarity; insufficient independent evidence,0.226,unknown,aligned,no,yes,James Joseph,"failure,james"
aosrd-webinars-278-cFsYIDESXoE,aosrd_webinars_youtube,"Managing Post-Covid 19 Stroke, Heart Failure and Vascular Thrombosis by Dr. James Joseph",managing post-covid coronavirus covid-19 19 stroke heart failure and vascular thrombosis by dr james joseph,,cFsYIDESXoE,https://aosrd.org/webinars/,,xg4V_A-L8_Ob1jKGBewDTtKzOWg,2024-08-13,Research/lectures/clearfield-webinar-2024-08-13,Tuesday Integrative Health Webinar,Tuesday Integrative Health Webinar — CDPM Four Pillars / Redox & Immune Modulation,True,0,possible,topic/title similarity; insufficient independent evidence,0.221,unknown,aligned,no,yes,James Joseph,"james,joseph"
aosrd-webinars-278-cFsYIDESXoE,aosrd_webinars_youtube,"Managing Post-Covid 19 Stroke, Heart Failure and Vascular Thrombosis by Dr. James Joseph",managing post-covid coronavirus covid-19 19 stroke heart failure and vascular thrombosis by dr james joseph,,cFsYIDESXoE,https://aosrd.org/webinars/,,hQzjA4-OBAL6Qn7OOOywEISWs3I,2025-07-08,Research/lectures/clearfield-webinar-2025-07-08,Tuesday Integrative Health Webinar,"Tuesday Integrative Health Webinar — July 8, 2025: Photobiomodulation & PCOS Tribulus Tip",True,79,possible,topic/title similarity; insufficient independent evidence,0.216,unknown,aligned,no,yes,James Joseph,"coronavirus,covid-19,james,stroke"
aosrd-webinars-278-cFsYIDESXoE,aosrd_webinars_youtube,"Managing Post-Covid 19 Stroke, Heart Failure and Vascular Thrombosis by Dr. James Joseph",managing post-covid coronavirus covid-19 19 stroke heart failure and vascular thrombosis by dr james joseph,,cFsYIDESXoE,https://aosrd.org/webinars/,,JAhRYbDDwDsC4em3dazDKyDw4gM,2025-02-05,Research/lectures/clearfield-webinar-2025-02-05,Tuesday Integrative Health Webinar,"Tuesday Integrative Health Webinar — February 5, 2025: Uveal Melanoma Molecular Vulnerabilities",True,75,possible,topic/title similarity; insufficient independent evidence,0.182,unknown,aligned,no,yes,James Joseph,"james,joseph"
aosrd-webinars-279-qzuWhT2F_R0,aosrd_webinars_youtube,Case Histories Show Casing the Power of Anti Aging Medicine,case histories show casing the power of anti aging medicine,,qzuWhT2F_R0,https://aosrd.org/webinars/,,,,,,,,,no_match,no reasonable otter candidate,,unknown,unknown,no,yes,Casing,
aosrd-webinars-280-gLzMZA_eM5g,aosrd_webinars_youtube,Immune Peptides by William Clearfield DO – Video,immune peptides by william clearfield do -,,gLzMZA_eM5g,https://aosrd.org/webinars/,https://aosrd.org/wp-content/uploads/2021/06/Immune-Peptides-w-Intro.pdf,avbRWMav2fwgobz9r7HjwR4z44I,2026-06-02,Research/lectures/clearfield-webinar-2026-06-02,Tuesday Integrative Health Webinar,"Tuesday Integrative Health Webinar — June 2, 2026: Cancer Destruction Kits & Low-Dose Colchicine (Nicholas St. John)",True,72,possible,topic/title similarity; insufficient independent evidence,0.305,unknown,aligned,no,yes,William Clearfield DO,"immune,peptides"
aosrd-webinars-280-gLzMZA_eM5g,aosrd_webinars_youtube,Immune Peptides by William Clearfield DO – Video,immune peptides by william clearfield do -,,gLzMZA_eM5g,https://aosrd.org/webinars/,https://aosrd.org/wp-content/uploads/2021/06/Immune-Peptides-w-Intro.pdf,lnZUNAyEcVNSN0i3JOEbuJcc15A,2025-02-19,Research/lectures/clearfield-webinar-2025-02-19,Tuesday Integrative Health Webinar,"Tuesday Integrative Health Webinar — February 19, 2025: Thymosin Alpha-1 & Thymogen Immune Peptides",True,49,possible,topic/title similarity; insufficient independent evidence,0.288,unknown,aligned,no,yes,William Clearfield DO,"immune,peptides"
aosrd-webinars-280-gLzMZA_eM5g,aosrd_webinars_youtube,Immune Peptides by William Clearfield DO – Video,immune peptides by william clearfield do -,,gLzMZA_eM5g,https://aosrd.org/webinars/,https://aosrd.org/wp-content/uploads/2021/06/Immune-Peptides-w-Intro.pdf,Se28ZvfBuNMYHNmwQG9ua7gbTWk,2026-03-10,Research/lectures/clearfield-webinar-2026-03-10,Tuesday Integrative Health Webinar,"Tuesday Integrative Health Webinar — March 10, 2026: Paul Clayton Pharmaco-Nutrition & GHK-Cu",True,83,possible,topic/title similarity; insufficient independent evidence,0.265,unknown,aligned,no,yes,William Clearfield DO,"immune,peptides"
aosrd-webinars-280-gLzMZA_eM5g,aosrd_webinars_youtube,Immune Peptides by William Clearfield DO – Video,immune peptides by william clearfield do -,,gLzMZA_eM5g,https://aosrd.org/webinars/,https://aosrd.org/wp-content/uploads/2021/06/Immune-Peptides-w-Intro.pdf,zXf2JR4NKM7KxvOGrUxYJnH-ld8,2025-12-31,Research/lectures/clearfield-webinar-2025-12-31,Tuesday Integrative Health Webinar,"Tuesday Integrative Health Webinar — December 31, 2025: Vitamin C & Hormones + Microbiome/FMT Q&A (Piper Dobner)",True,54,possible,topic/title similarity; insufficient independent evidence,0.261,unknown,aligned,no,yes,William Clearfield DO,"immune,peptides"
aosrd-webinars-280-gLzMZA_eM5g,aosrd_webinars_youtube,Immune Peptides by William Clearfield DO – Video,immune peptides by william clearfield do -,,gLzMZA_eM5g,https://aosrd.org/webinars/,https://aosrd.org/wp-content/uploads/2021/06/Immune-Peptides-w-Intro.pdf,CMNjlQbT2xu4NqL-9gu4VQSt0mo,2024-08-06,Research/lectures/clearfield-webinar-2024-08-06,Tuesday Integrative Health Webinar,"Tuesday Integrative Health Webinar — August 6, 2024: Gut Microbiome, Postbiotic Metabolites & Oral Probiotic Dilemma",True,0,possible,topic/title similarity; insufficient independent evidence,0.25,unknown,aligned,no,yes,William Clearfield DO,"immune,peptides"
aosrd-webinars-281-6-QJVGV_co4,aosrd_webinars_youtube,Integrative Immunoncology,integrative immunoncology,,6-QJVGV_co4,https://aosrd.org/webinars/,,,,,,,,,no_match,no reasonable otter candidate,,unknown,unknown,no,yes,,
aosrd-webinars-282-KR4KcpbYM9w,aosrd_webinars_youtube,Advanced Laboratory Testing for Rheumatic Diseases – Tyler O’Malley,advanced laboratory testing for rheumatic diseases - tyler o malley,,KR4KcpbYM9w,https://aosrd.org/webinars/,,,,,,,,,no_match,no reasonable otter candidate,,unknown,unknown,no,yes,,
aosrd-webinars-283-cxoIpMhdeJw,aosrd_webinars_youtube,Post Covid 19 Vaccination Syndrome,post covid coronavirus covid-19 19 vaccination syndrome,,cxoIpMhdeJw,https://aosrd.org/webinars/,https://aosrd.org/wp-content/uploads/2021/04/Post-Covid-19-Vaccine-Toxic-Syndrome.pdf,,,,,,,,no_match,no reasonable otter candidate,,unknown,unknown,no,yes,,
aosrd-2022-friday-1-anwar-ap-laser-ap-bio-ap-dr-anwar,aosrd_2022_conference,"AP, Laser AP & Bio AP-Dr Anwar — Anwar",ap laser ap & bio ap-dr anwar anwar,,,Research/integrative-medicine/aosrd-2022/,"Friday/1. Anwar/AP, Laser AP & Bio AP-Dr Anwar.pptx",,,,,,,,no_match,no reasonable otter candidate,,unknown,unknown,no,yes,Anwar,
aosrd-2022-friday-2-macheret-nad-injection-and-iv-therapy-2,aosrd_2022_conference,NAD Injection and IV Therapy-2 — Macheret,nad injection and iv therapy-2 macheret,,,Research/integrative-medicine/aosrd-2022/,Friday/2. Macheret/NAD Injection and IV Therapy-2.pptx,,,,,,,,no_match,no reasonable otter candidate,,unknown,unknown,no,yes,Macheret,
aosrd-2022-friday-3-lillio-lillo-coronary-artery-calcium-scoring-ppt-for-jll-of,aosrd_2022_conference,Lillo-Coronary Artery Calcium Scoring PPT for JLL of — Lillio,lillo-coronary artery calcium scoring ppt for jll of lillio,,,Research/integrative-medicine/aosrd-2022/,Friday/3. Lillio/3. Lillo-Coronary Artery Calcium Scoring PPT for JLL of.pptx,,,,,,,,no_match,no reasonable otter candidate,,unknown,unknown,no,yes,Lillio,
aosrd-2022-friday-4-sundermann-lifestyle-medicine-transforming-primary-care,aosrd_2022_conference,LIFESTYLE MEDICINE-Transforming Primary Care — Sundermann,lifestyle medicine-transforming primary care sundermann,,,Research/integrative-medicine/aosrd-2022/,Friday/4. Sundermann/4. Sundermann-LIFESTYLE MEDICINE-Transforming Primary Care.pptx,,,,,,,,no_match,no reasonable otter candidate,,unknown,unknown,no,yes,Sundermann,
aosrd-2022-friday-5-lezkowitz-opioid-use-disorder-d-leszkovitz,aosrd_2022_conference,Opioid Use Disorder-D. Leszkovitz — Lezkowitz,opioid use disorder-d leszkovitz lezkowitz,,,Research/integrative-medicine/aosrd-2022/,Friday/5. Lezkowitz/5. Opioid Use Disorder-D. Leszkovitz.pptx,,,,,,,,no_match,no reasonable otter candidate,,unknown,unknown,no,yes,Lezkowitz,
aosrd-2022-friday-6-speer-looking-at-rheumatic-diseases-1-speer,aosrd_2022_conference,looking at rheumatic diseases_1-Speer — Speer,looking at rheumatic diseases_1-speer speer,,,Research/integrative-medicine/aosrd-2022/,Friday/6. Speer/looking at rheumatic diseases_1-Speer.pptx,,,,,,,,no_match,no reasonable otter candidate,,unknown,unknown,no,yes,Speer,
aosrd-2022-friday-7-yutani-covid-19-pres-2-1,aosrd_2022_conference,COVID-19 pres 2-1 — Yutani,covid coronavirus covid-19-19 pres 2-1 yutani,,,Research/integrative-medicine/aosrd-2022/,Friday/7. Yutani/7. Yutani COVID-19 pres 2-1.pptx,,,,,,,,no_match,no reasonable otter candidate,,unknown,unknown,no,yes,Yutani,
aosrd-2022-friday-8-o-neil-smith-kos-slide-show,aosrd_2022_conference,KOS-Slide Show — O'Neil Smith,kos-slide show o neil smith,,,Research/integrative-medicine/aosrd-2022/,Friday/8. O'Neil Smith/KOS-Slide Show.pdf,,,,,,,,no_match,no reasonable otter candidate,,unknown,unknown,no,yes,O'Neil Smith,
aosrd-2022-friday-9-marsh-insulin-resistance-effects-on-fertility-aosrd-mar-25-2022,aosrd_2022_conference,Insulin Resistance & Effects on Fertility AOSRD Mar 25 2022 — Marsh,insulin resistance & effects on fertility mar 25 2022 marsh,2022-03-25,,Research/integrative-medicine/aosrd-2022/,Friday/9. Marsh/Insulin Resistance & Effects on Fertility AOSRD Mar 25 2022.pptx,,,,,,,,no_match,no reasonable otter candidate,,no_candidate,unknown,no,yes,Marsh,
aosrd-2022-saturday-1-bryan-nitric-oxide-for-the-prevention-and-treatment-of-cardiovascular-disease-with-a-splash-of-covid,aosrd_2022_conference,Nitric Oxide for the Prevention and Treatment of Cardiovascular DIsease with a Splash of Covid — Bryan,nitric oxide for the prevention and treatment of cardiovascular disease with a splash of covid coronavirus covid-19 bryan,,,Research/integrative-medicine/aosrd-2022/,Saturday/1. Bryan/Nitric Oxide for the Prevention and Treatment of Cardiovascular DIsease with a Splash of Covid.pptx,,,,,,,,no_match,no reasonable otter candidate,,unknown,unknown,no,yes,Bryan,
aosrd-2022-saturday-2-campbell-2022-congress-of-medical-excellence2,aosrd_2022_conference,2022 Congress of Medical Excellence2 — Campbell,2022 congress of medical excellence2 campbell,,,Research/integrative-medicine/aosrd-2022/,Saturday/2. Campbell/2022 Congress of Medical Excellence2.pptx,j3HjVUuBV5gnR4KrCUuXOZEnPm0,2025-10-14,Research/lectures/clearfield-webinar-2025-10-14,Tuesday Integrative Health Webinar,"Tuesday Integrative Health Webinar — October 14, 2025: Estrogen Timing, Progesterone After Hysterectomy & Hormone Testing",True,123,possible,topic/title similarity; insufficient independent evidence,0.172,unknown,aligned,no,yes,Campbell,"campbell,congress,medical"
aosrd-2022-saturday-3-harris-stellate-ganglion-harris-final,aosrd_2022_conference,Stellate Ganglion Harris Final — Harris,stellate ganglion harris final harris,,,Research/integrative-medicine/aosrd-2022/,Saturday/3. Harris/Stellate Ganglion Harris Final.pptx,,,,,,,,no_match,no reasonable otter candidate,,unknown,unknown,no,yes,Harris,
aosrd-2022-saturday-4-levy-lecture-hidden-epidemic-las-vegas-virtual-3-26-2022-levy,aosrd_2022_conference,"Lecture, Hidden Epidemic, Las Vegas virtual, 3.26.2022-Levy — Levy",lecture hidden epidemic las vegas virtual 3 26 2022-levy levy,,,Research/integrative-medicine/aosrd-2022/,"Saturday/4. Levy/Lecture, Hidden Epidemic, Las Vegas virtual, 3.26.2022-Levy.pptx",,,,,,,,no_match,no reasonable otter candidate,,unknown,unknown,no,yes,Levy,
aosrd-2022-saturday-5-lozano-american-osteopathic-society-congress-of-medical-excellence-3-25-22-lozano,aosrd_2022_conference,American Osteopathic Society Congress of Medical Excellence 3-25-22-Lozano — Lozano,american osteopathic society congress of medical excellence 3-25-22-lozano lozano,2022-03-25,,Research/integrative-medicine/aosrd-2022/,Saturday/5. Lozano/American Osteopathic Society Congress of Medical Excellence 3-25-22-Lozano.pptx,,,,,,,,no_match,no reasonable otter candidate,,no_candidate,unknown,no,yes,Lozano,
aosrd-2022-saturday-6-patel-chronic-fatigue-dyshomeostasis-dr-k-patel-march-2022-meeting,aosrd_2022_conference,CHRONIC FATIGUE –DYSHOMEOSTASIS--Dr. K. Patel March 2022 Meeting — Patel,chronic fatigue -dyshomeostasis--dr k patel march 2022 meeting patel,,,Research/integrative-medicine/aosrd-2022/,Saturday/6. Patel/6. CHRONIC FATIGUE –DYSHOMEOSTASIS--Dr. K. Patel March  2022 Meeting.pptx,,,,,,,,no_match,no reasonable otter candidate,,unknown,unknown,no,yes,Patel,
aosrd-2022-saturday-7-born-autoimmune-diseases-asord-1,aosrd_2022_conference,Autoimmune Diseases ASORD (1) — Born,autoimmune diseases asord 1 born,,,Research/integrative-medicine/aosrd-2022/,Saturday/7. Born/Autoimmune Diseases ASORD (1).pptx,,,,,,,,no_match,no reasonable otter candidate,,unknown,unknown,no,yes,Born,
aosrd-2022-saturday-8-peter-mccullough-mccullough-presentation-pathophysiologic-rationale-for-early-treatment-of-covid-19-nd-jan-30,aosrd_2022_conference,McCullough Presentation Pathophysiologic Rationale for Early Treatment of COVID-19 ND Jan 30 2022 — Peter McCullough,mccullough presentation pathophysiologic rationale for early treatment of covid coronavirus covid-19-19 nd jan 30 2022 peter mccullough,2022-01-30,,Research/integrative-medicine/aosrd-2022/,Saturday/8. Peter McCullough/McCullough Presentation Pathophysiologic Rationale for Early Treatment of COVID-19 ND Jan 30 2022.pptx,,,,,,,,no_match,no reasonable otter candidate,,no_candidate,unknown,no,yes,Peter McCullough,
aosrd-2022-saturday-9-james-forsythe-2022-forsythe-immune-protocol-update-march-2022,aosrd_2022_conference,2022 Forsythe Immune Protocol Update March 2022 — James Forsythe,2022 forsythe immune protocol update march 2022 james forsythe,,,Research/integrative-medicine/aosrd-2022/,Saturday/9. James Forsythe/2022 Forsythe Immune Protocol Update March 2022.pptx,xg4V_A-L8_Ob1jKGBewDTtKzOWg,2024-08-13,Research/lectures/clearfield-webinar-2024-08-13,Tuesday Integrative Health Webinar,Tuesday Integrative Health Webinar — CDPM Four Pillars / Redox & Immune Modulation,True,0,possible,topic/title similarity; insufficient independent evidence,0.349,unknown,aligned,yes,yes,James Forsythe,"immune,james"
aosrd-2022-saturday-9-james-forsythe-2022-forsythe-immune-protocol-update-march-2022,aosrd_2022_conference,2022 Forsythe Immune Protocol Update March 2022 — James Forsythe,2022 forsythe immune protocol update march 2022 james forsythe,,,Research/integrative-medicine/aosrd-2022/,Saturday/9. James Forsythe/2022 Forsythe Immune Protocol Update March 2022.pptx,hxlUjPAXSClySIs4HN1P0CWe_Qk,2026-06-16,Research/lectures/clearfield-webinar-2026-06-16,Tuesday Integrative Health Webinar,"Tuesday Integrative Health Webinar — June 16, 2026: Carbon 60 (Bob Greska) & Regenerative Cofactors",True,84,possible,topic/title similarity; insufficient independent evidence,0.295,unknown,aligned,yes,yes,James Forsythe,"immune,james,update"
aosrd-2022-sunday-1-halasa-integrative-immuno-oncology-halasa,aosrd_2022_conference,Integrative Immuno Oncology-Halasa — Halasa,integrative immuno oncology-halasa halasa,,,Research/integrative-medicine/aosrd-2022/,Sunday/1. Halasa/1. Integrative Immuno Oncology-Halasa.pptx,JAhRYbDDwDsC4em3dazDKyDw4gM,2025-02-05,Research/lectures/clearfield-webinar-2025-02-05,Tuesday Integrative Health Webinar,"Tuesday Integrative Health Webinar — February 5, 2025: Uveal Melanoma Molecular Vulnerabilities",True,75,possible,topic/title similarity; insufficient independent evidence,0.162,unknown,aligned,no,yes,Halasa,"halasa,integrative"
aosrd-2022-sunday-2-farshchian-dr-aj-farshchian-powerpoit,aosrd_2022_conference,Dr AJ. Farshchian Powerpoit — Farshchian,dr aj farshchian powerpoit farshchian,,,Research/integrative-medicine/aosrd-2022/,Sunday/2. Farshchian/Dr AJ. Farshchian Powerpoit.pptx,,,,,,,,no_match,no reasonable otter candidate,,unknown,unknown,no,yes,Farshchian,
aosrd-2022-sunday-3-pertain-brittany-partain-cb-caps-presentation-come-4-0,aosrd_2022_conference,Brittany Partain CB-CAPs Presentation COME 4.0 — Pertain,brittany partain cb-caps presentation come 4 0 pertain,,,Research/integrative-medicine/aosrd-2022/,Sunday/3. Pertain/Brittany Partain CB-CAPs Presentation COME 4.0.pptx,,,,,,,,no_match,no reasonable otter candidate,,unknown,unknown,no,yes,Pertain,
aosrd-2022-sunday-4-badal-ultrasound-in-integrative-medicine-dr-r-badal,aosrd_2022_conference,Ultrasound in Integrative Medicine-Dr. R. Badal — Badal,ultrasound in integrative medicine-dr r badal badal,,,Research/integrative-medicine/aosrd-2022/,Sunday/4. Badal/4. Ultrasound in Integrative Medicine-Dr. R. Badal.pptx,,,,,,,,no_match,no reasonable otter candidate,,unknown,unknown,no,yes,Badal,
aosrd-2022-sunday-5-teitelbaum-fibromyalgia-and-post-covid-cfs-rx-practitioners-osteopathy-group-jacob-teitelbaum,aosrd_2022_conference,Fibromyalgia and Post covid CFS Rx -Practitioners- Osteopathy group-Jacob Teitelbaum — Teitelbaum,fibromyalgia and post covid coronavirus covid-19 cfs rx -practitioners- osteopathy group-jacob teitelbaum teitelbaum,,,Research/integrative-medicine/aosrd-2022/,Sunday/5. Teitelbaum/5. Fibromyalgia and Post covid CFS Rx -Practitioners-  Osteopathy group-Jacob Teitelbaum.ppt,,,,,,,,no_match,no reasonable otter candidate,,unknown,unknown,no,yes,Teitelbaum,
aosrd-2022-sunday-6-gersh-pcos-march-2022-osteopathic-conference,aosrd_2022_conference,PCOS March 2022 Osteopathic Conference — Gersh,pcos polycystic ovary syndrome march 2022 osteopathic conference gersh,,,Research/integrative-medicine/aosrd-2022/,Sunday/6. Gersh/PCOS March 2022 Osteopathic Conference.pptx,OyOI3AvRLueyq57ys04VXI5U1WU,2025-12-17,Research/lectures/clearfield-webinar-2025-12-17,Tuesday Integrative Health Webinar,"Tuesday Integrative Health Webinar — December 17, 2025: Vasomotor Symptoms & Estradiol-First HRT (Gersh)",True,55,possible,topic/title similarity; insufficient independent evidence,0.282,unknown,aligned,no,yes,Gersh,"gersh,osteopathic"
aosrd-2022-sunday-7-cruz-march-2022-medical-ethics-presentation-1,aosrd_2022_conference,March 2022 Medical Ethics Presentation (1) — Cruz,march 2022 medical ethics presentation 1 cruz,,,Research/integrative-medicine/aosrd-2022/,Sunday/7. Cruz/March 2022 Medical Ethics Presentation (1).pptx,vZKE66zexBS6KPliMMq0glRxefk,2024-12-04,Research/lectures/clearfield-webinar-2024-12-04,Tuesday Integrative Health Webinar,"Tuesday Integrative Health Webinar — December 4, 2024: 12 Medical Myths (Christmas Edition)",True,79,possible,topic/title similarity; insufficient independent evidence,0.536,unknown,no_overlap,no,yes,Cruz,medical
aosrd-2022-sunday-7-cruz-march-2022-medical-ethics-presentation-1,aosrd_2022_conference,March 2022 Medical Ethics Presentation (1) — Cruz,march 2022 medical ethics presentation 1 cruz,,,Research/integrative-medicine/aosrd-2022/,Sunday/7. Cruz/March 2022 Medical Ethics Presentation (1).pptx,Se28ZvfBuNMYHNmwQG9ua7gbTWk,2026-03-10,Research/lectures/clearfield-webinar-2026-03-10,Tuesday Integrative Health Webinar,"Tuesday Integrative Health Webinar — March 10, 2026: Paul Clayton Pharmaco-Nutrition & GHK-Cu",True,83,possible,topic/title similarity; insufficient independent evidence,0.535,unknown,no_overlap,no,yes,Cruz,
aosrd-2022-sunday-7-cruz-march-2022-medical-ethics-presentation-1,aosrd_2022_conference,March 2022 Medical Ethics Presentation (1) — Cruz,march 2022 medical ethics presentation 1 cruz,,,Research/integrative-medicine/aosrd-2022/,Sunday/7. Cruz/March 2022 Medical Ethics Presentation (1).pptx,ClN5CZe78b8lp6a0nf44-DzCDCo,2025-03-11,Research/lectures/clearfield-webinar-2025-03-11,Tuesday Integrative Health Webinar,"Tuesday Integrative Health Webinar — March 11, 2025: SIBO Relapse Prevention & Three-Phase Care",True,73,possible,topic/title similarity; insufficient independent evidence,0.5,unknown,no_overlap,no,yes,Cruz,
aosrd-2022-sunday-8-burgess-suicide-prevention-john-burgess-do-aosrd-4-0,aosrd_2022_conference,Suicide Prevention John Burgess DO AOSRD 4.0 — Burgess,suicide prevention john burgess do 4 0 burgess,,,Research/integrative-medicine/aosrd-2022/,Sunday/8. Burgess/Suicide Prevention John Burgess DO AOSRD 4.0.pptx,pfNO6khumfRfVoCync03aVBxZ70,2025-03-18,Research/lectures/clearfield-webinar-2025-03-18,Tuesday Integrative Health Webinar,"Tuesday Integrative Health Webinar — March 18, 2025: Gut Microbiome, Barrier Integrity & Four R Protocol",True,183,possible,topic/title similarity; insufficient independent evidence,0.196,unknown,aligned,no,yes,Burgess,"burgess,john"
aosrd-2022-sunday-8-burgess-suicide-prevention-john-burgess-do-aosrd-4-0,aosrd_2022_conference,Suicide Prevention John Burgess DO AOSRD 4.0 — Burgess,suicide prevention john burgess do 4 0 burgess,,,Research/integrative-medicine/aosrd-2022/,Sunday/8. Burgess/Suicide Prevention John Burgess DO AOSRD 4.0.pptx,wcHy9pPXoWy5S62-GJbpasQtw2o,2025-02-12,Research/lectures/clearfield-webinar-2025-02-12,Tuesday Integrative Health Webinar,"Tuesday Integrative Health Webinar — February 12, 2025: Red Light Method & Photobiomodulation",True,17,possible,topic/title similarity; insufficient independent evidence,0.176,unknown,aligned,no,yes,Burgess,"burgess,john"
aosrd-2022-sunday-8-burgess-suicide-prevention-john-burgess-do-aosrd-4-0,aosrd_2022_conference,Suicide Prevention John Burgess DO AOSRD 4.0 — Burgess,suicide prevention john burgess do 4 0 burgess,,,Research/integrative-medicine/aosrd-2022/,Sunday/8. Burgess/Suicide Prevention John Burgess DO AOSRD 4.0.pptx,TNvBcRwwSnrkWGe2_L3i3lGvYYk,2024-12-11,Research/lectures/clearfield-webinar-2024-12-11,Tuesday Integrative Health Webinar,"Tuesday Integrative Health Webinar — December 11, 2024: Soy Foods, Isoflavones & Controversies",True,160,possible,topic/title similarity; insufficient independent evidence,0.176,unknown,aligned,no,yes,Burgess,"burgess,prevention"
aosrd-2022-sunday-8-burgess-suicide-prevention-john-burgess-do-aosrd-4-0,aosrd_2022_conference,Suicide Prevention John Burgess DO AOSRD 4.0 — Burgess,suicide prevention john burgess do 4 0 burgess,,,Research/integrative-medicine/aosrd-2022/,Sunday/8. Burgess/Suicide Prevention John Burgess DO AOSRD 4.0.pptx,VwrSvok1RCW2X3iJ_Kwbd8JK6k8,2025-11-12,Research/lectures/clearfield-webinar-2025-11-12,Tuesday Integrative Health Webinar,"Tuesday Integrative Health Webinar — November 12, 2025: Neural Therapy (Voltage, Scars & Segmental Regulation)",True,180,possible,topic/title similarity; insufficient independent evidence,0.155,unknown,aligned,no,yes,Burgess,"burgess,john"
aosrd-2022-sunday-9-stock-cme-federal-emergency-healthcare-response-daniel-stock-md,aosrd_2022_conference,CME Federal Emergency Healthcare Response-Daniel Stock MD — Stock,cme federal emergency healthcare response-daniel stock md stock,,,Research/integrative-medicine/aosrd-2022/,Sunday/9. Stock/CME Federal Emergency Healthcare Response-Daniel Stock MD.ppt,,,,,,,,no_match,no reasonable otter candidate,,unknown,unknown,no,yes,Stock,
aosrd-2022-interstitial-faculty-slide-show2,aosrd_2022_conference,slide show2 — Faculty,slide show2 faculty,,,Research/integrative-medicine/aosrd-2022/,AOSRD Between Lecture Slide Show/faculty slide show2.mp4,,,,,,,,no_match,no reasonable otter candidate,,unknown,unknown,no,yes,Faculty,
aosrd-2022-meta-conference-aosrd-2022-catalog-notes,aosrd_2022_conference,AOSRD 2022 catalog notes — Conference,2022 catalog notes conference,,,Research/integrative-medicine/aosrd-2022/,AOSRSD 2022 Cat notes.pdf,CQdkPoyCm_xx7nnZ2b80AClK8TM,2025-10-07,Research/lectures/clearfield-webinar-2025-10-07,Tuesday Integrative Health Webinar,"Tuesday Integrative Health Webinar — October 7, 2025: Business of Health & Preeminence (Dr. Tanno)",True,53,possible,topic/title similarity; insufficient independent evidence,0.276,unknown,aligned,no,yes,Conference,"conference,notes"
aosrd-2022-meta-conference-aosrd-2022-catalog-notes,aosrd_2022_conference,AOSRD 2022 catalog notes — Conference,2022 catalog notes conference,,,Research/integrative-medicine/aosrd-2022/,AOSRSD 2022 Cat notes.pdf,P1FgRy3FvTrrNYsXISdsJKJeiEg,2024-11-06,Research/lectures/clearfield-webinar-2024-11-06,Tuesday Integrative Health Webinar,"Tuesday Integrative Health Webinar — November 6, 2024: Microbiome Diversity & Fecal Microbiota Transplant",True,53,possible,topic/title similarity; insufficient independent evidence,0.227,unknown,aligned,no,yes,Conference,"2022,conference"
local-downloads-deadman-purple-cover,local_downloads,A Manual of Acupuncture (purple cover),a manual of acupuncture purple cover peter deadman,,,,a-manual-of-acupuncture-purple cover.pdf,,,,,,,,no_match,no reasonable otter candidate,,unknown,unknown,no,yes,Peter Deadman,
local-downloads-acu-resource,local_downloads,Acupuncture resource,acupuncture resource,2026-09-01,,,The_hidden_geography_of_acupuncture_channels.m4a,,,,,,,,no_match,no reasonable otter candidate,,no_candidate,unknown,no,yes,,
local-downloads-insomnia-reference-guide,local_downloads,Insomnia reference guide,insomnia reference guide,,,,insomnia_reference_guide.pdf,,,,,,,,no_match,no reasonable otter candidate,,unknown,unknown,no,yes,,
local-downloads-hidden-geography-channels-m4a,local_downloads,The hidden geography of acupuncture channels (audio),the hidden geography of acupuncture channels audio,,,,The_hidden_geography_of_acupuncture_channels.m4a,,,,,,,,no_match,no reasonable otter candidate,,unknown,unknown,no,yes,,
local-downloads-brain-and-mycotoxins,local_downloads,Brain and Mycotoxins,brain and mycotoxins,,,,BrainandMycotoxins.pdf,,,,,,,,no_match,no reasonable otter candidate,,unknown,unknown,no,yes,,
local-downloads-campbell-mold-aosrd-2021,local_downloads,Dr Andrew Campbell — Mold and Mycotoxins (AOSRD 2021),dr andrew campbell - mold and mycotoxins 2021 andrew campbell,,,,DR andrew Campbell Mold-and-Mycotoxins-AOSRD 2021.pdf,v3Md09l1C_mz3hrDPWngln5SYQw,2025-09-09,Research/lectures/clearfield-webinar-2025-09-09,Tuesday Integrative Health Webinar,"Tuesday Integrative Health Webinar — Mold, Mycotoxins & Vitamin C Safety",True,115,possible,topic/title similarity; insufficient independent evidence,0.515,unknown,aligned,no,yes,Campbell; Andrew Campbell,"andrew,campbell,mold,mycotoxins"
local-downloads-campbell-mold-aosrd-2021,local_downloads,Dr Andrew Campbell — Mold and Mycotoxins (AOSRD 2021),dr andrew campbell - mold and mycotoxins 2021 andrew campbell,,,,DR andrew Campbell Mold-and-Mycotoxins-AOSRD 2021.pdf,hFcw5MS7FSAuXJGFcnPHqL6j1gM,2025-01-22,Research/lectures/clearfield-webinar-2025-01-22,Tuesday Integrative Health Webinar,"Tuesday Integrative Health Webinar — January 22, 2025: Mold, Mycotoxins & the Sinus–Brain Axis (Dr. Dennis)",True,177,possible,topic/title similarity; insufficient independent evidence,0.441,unknown,aligned,no,yes,Campbell; Andrew Campbell,"campbell,mold,mycotoxins"
local-downloads-hashimoto-tano,local_downloads,Hashimoto thyroiditis with Dr Benoit Tano,hashimoto thyroiditis with dr benoit tano benoit tano,,,,Hashimoto thyroididtis with Dr Benoit Tano.zip,81vgkJ55QnsvesXbnyxCMQPr6Rc,2026-06-09,Research/lectures/clearfield-webinar-2026-06-09,Tuesday Integrative Health Webinar,"Tuesday Integrative Health Webinar — June 9, 2026: Taya Pro Med AI (Benoit Tano)",True,465,possible,topic/title similarity; insufficient independent evidence,0.34,unknown,aligned,no,yes,Benoit Tano Benoit Tano; Benoit Tano Benoit,"benoit,hashimoto,tano"
local-downloads-hashimoto-tano,local_downloads,Hashimoto thyroiditis with Dr Benoit Tano,hashimoto thyroiditis with dr benoit tano benoit tano,,,,Hashimoto thyroididtis with Dr Benoit Tano.zip,Td9Prx_y7BG6tFzXN3Yl-Iy-NJ8,2026-03-17,Research/lectures/clearfield-webinar-2026-03-17,Tuesday Integrative Health Webinar,"Tuesday Integrative Health Webinar — March 17, 2026: MHT Black-Box Update, HRT Debate Seed & TayaproMed AI",True,320,possible,topic/title similarity; insufficient independent evidence,0.268,unknown,aligned,no,yes,Benoit Tano Benoit Tano; Benoit Tano Benoit,"benoit,tano"
local-downloads-emily-autoimmune-2026-04,local_downloads,Insights On Emily — a case of Autoimmune Origin,insights on emily - a case of autoimmune origin,2026-04-01,,,Insights On Emily-a case of Autoimmune Origin 4 2026 copy.pdf,GpGzOhGTH4-q6bror7uHVEIk1Jk,2026-04-14,Research/lectures/clearfield-webinar-2026-04-14,Tuesday Integrative Health Webinar,"Tuesday Integrative Health Webinar — April 14, 2026: Emily Case (EDS / Migraines / Autoimmunity) + Endocrine CE Critique",True,162,possible,moderate title + weak date support,0.453,compatible_13d,unknown,no,yes,,"case,emily"
local-downloads-integrative-immuno-carbon60,local_downloads,Integrative Immunology — Nutritional Cofactors / Carbon60,integrative immunology - nutritional cofactors / carbon60,,,,Integrative Immunology Nutritional Cofactors in Tissue Using Repair Carbon60.zip,,,,,,,,no_match,no reasonable otter candidate,,unknown,unknown,no,yes,,
local-downloads-morgellons-lyme-syphilis,local_downloads,"Overlap between Morgellons, Lyme disease, and syphilis",overlap between morgellons lyme disease and syphilis,,,,overlap between Morgellons Lyme disease and syphilis.zip,,,,,,,,no_match,no reasonable otter candidate,,unknown,unknown,no,yes,,
local-downloads-colchicine-uses,local_downloads,Colchicine uses,colchicine uses,,,,Colchicine uses.pdf,,,,,,,,no_match,no reasonable otter candidate,,unknown,unknown,no,yes,,
local-downloads-dna-repair-andrews-2026-04,local_downloads,DNA repair healing with Dr. Bill Andrews,dna repair healing with dr bill andrews bill andrews,2026-04-28,,,DNA repair healing with Dr. Bill Andrews 4 28 2026.pdf,ajVChHpkQS72kcrtN9J03lwNFZ0,2026-04-28,Research/lectures/clearfield-webinar-2026-04-28,Tuesday Integrative Health Webinar,"Tuesday Integrative Health Webinar — April 28, 2026: Telomeres & How Not to Age (Bill Andrews)",True,154,likely,exact date + partial speaker/topic support,0.374,exact,aligned,no,no,Bill Andrews Bill Andrews; Bill Andrews Bill,andrews
local-downloads-burton-hormones-2026-04,local_downloads,Dr Lindsay Burton — everything hormones lecture,dr lindsay burton - everything hormones lecture lindsay burton,2026-04-01,,,Dr Lindsay Burton everything hormones lecture 4 2026.txt,OlXuXl73V1RAQ4bVYXoakDZMRnU,2026-04-07,Research/lectures/clearfield-webinar-2026-04-07,Tuesday Integrative Health Webinar,"Tuesday Integrative Health Webinar — April 7, 2026: Estrogen Sisters, PT-141 & Xenoestrogen HRT Debate",True,59,possible,topic/title similarity; insufficient independent evidence,0.325,compatible_6d,aligned,no,yes,Lindsay Burton,"everything,hormones,lindsay"
local-downloads-hair-follicle-optimization,local_downloads,Hair Follicle Optimization Master Research v0.2,hair follicle optimization master research v0 2,,,,Hair_Follicle_Optimization_Master_Research_v0.2.docx,,,,,,,,no_match,no reasonable otter candidate,,unknown,unknown,no,yes,,
local-downloads-integrative-medicine-lecture-notes,local_downloads,Integrative medicine lecture notes,integrative medicine lecture notes,,,,integrative_medicine_lecture_notes.docx,,,,,,,,no_match,no reasonable otter candidate,,unknown,unknown,no,yes,,
local-downloads-ivermectin-ayurveda-2026-05,local_downloads,"Ivermectin for longevity, cancer, neurodegeneration & quantum Ayurveda",ivermectin for longevity cancer neurodegeneration & quantum ayurveda,2026-05-19,,,"Ivermectin for longevity, cancer, neurodegenerative diseases, & potential of quantum Ayurveda technology 5 19 2026.zip",SiB7Ifahh4_dfJVERQgP60auXjw,2026-05-19,Research/lectures/clearfield-webinar-2026-05-19,Tuesday Integrative Health Webinar,"Tuesday Integrative Health Webinar — May 19, 2026: Quantum Ayurveda & Acoustic-Resonance Bioavailability (Meletis / Varanasi)",True,113,strong,exact session date + substantive topic/title evidence,0.273,exact,unknown,no,no,,"ayurveda,cancer,ivermectin,longevity,quantum"
local-downloads-colchicine-cv-prevention,local_downloads,Low-dose colchicine — CV prevention / anti-inflammatory,low-dose colchicine - cv prevention / anti-inflammatory,,,,low-dose colchicine as a cost-effective anti-inflammatory therapy for cardiovascular prevention.zip,,,,,,,,no_match,no reasonable otter candidate,,unknown,unknown,no,yes,,
local-downloads-dpc-hartman-2026-05,local_downloads,Stefan Hartman — starting a DPC practice (LLC / S-corp),stefan hartman - starting a dpc practice llc / s-corp stefan hartman,2026-05-12,,,"Stefan Hartman presented on starting a DPC practice, emphasizing the benefits of an LLC S corporation 5 12 2026.txt",7f1TOn8POnM4I7k7Kv04F-ZbcYA,2026-05-12,Research/lectures/clearfield-webinar-2026-05-12,Tuesday Integrative Health Webinar,"Tuesday Integrative Health Webinar — May 12, 2026: Building a DPC Practice (Stefan Hartman)",True,38,strong,exact session date + substantive topic/title evidence,0.633,exact,aligned,no,no,Stefan Hartman,"hartman,practice,s-corp,stefan"
local-downloads-peptides-bpc-kpv-2026-05,local_downloads,"Peptides BPC-157, KPV, and lorazotide — gut repair / barrier",peptides bpc-157 kpv and lorazotide - gut repair / barrier,2026-05-05,,,"Peptides BPC 157, KPV, and lorazotide for gut repair inflammation barrier control 5 5 2026.pdf",,,,,,,,no_match,no reasonable otter candidate,,no_candidate,unknown,no,yes,,
